cust_id,name,gender,city,state,tier,signup_date
CUST_00001,Aarav Singh,Male,Mumbai,Maharashtra,Tier 1,2023-09-13
CUST_00002,Varun Gupta,Male,Bengaluru,Karnataka,Tier 1,2024-01-10
CUST_00003,Amit Iyer,Male,Mumbai,Maharashtra,Tier 1,2024-08-03
CUST_00004,Kunal Iyer,Male,Bengaluru,Karnataka,Tier 1,2023-11-11
CUST_00005,Kavya Singh,Female,Delhi,Delhi,Tier 1,2023-09-13
CUST_00006,Arjun Verma,Male,Delhi,Delhi,Tier 1,2024-02-26
CUST_00007,Kunal Nair,Male,Hyderabad,Telangana,Tier 1,2023-08-20
CUST_00008,Divya Kumar,Female,Kochi,Kerala,Tier 2,2023-08-11
CUST_00009,Aditya Singh,Male,Bhopal,Madhya Pradesh,Tier 3,2023-09-12
CUST_00010,Riya Reddy,Female,Indore,Madhya Pradesh,Tier 2,2023-11-14
CUST_00011,Kavya Mehta,Female,Kochi,Kerala,Tier 2,2023-08-13
CUST_00012,Amit Mehta,Male,Hyderabad,Telangana,Tier 1,2024-03-03
CUST_00013,Kabir Sharma,Male,Bengaluru,Karnataka,Tier 1,2024-04-19
CUST_00014,Riya Verma,Female,Pune,Maharashtra,Tier 1,2024-04-18
CUST_00015,Kunal Gupta,Male,Dehradun,Uttarakhand,Tier 3,2024-09-12
CUST_00016,Vikram Patel,Male,Pune,Maharashtra,Tier 1,2024-02-25
CUST_00017,Divya Gupta,Female,Mumbai,Maharashtra,Tier 1,2024-11-03
CUST_00018,Priya Sharma,Female,Bhopal,Madhya Pradesh,Tier 3,2023-11-11
CUST_00019,Divya Verma,Female,Pune,Maharashtra,Tier 1,2024-09-22
CUST_00020,Ishita Sharma,Female,Jaipur,Rajasthan,Tier 2,2024-12-01
CUST_00021,Kavya Verma,Female,Mumbai,Maharashtra,Tier 1,2024-09-07
CUST_00022,Vikram Nair,Male,Ahmedabad,Gujarat,Tier 2,2023-09-17
CUST_00023,Ishita Iyer,Female,Delhi,Delhi,Tier 1,2023-11-13
CUST_00024,Varun Kumar,Male,Jaipur,Rajasthan,Tier 2,2024-06-06
CUST_00025,Pooja Sharma,Female,Pune,Maharashtra,Tier 1,2023-08-20
CUST_00026,Kunal Verma,Male,Guwahati,Assam,Tier 3,2023-10-07
CUST_00027,Kunal Nair,Male,Pune,Maharashtra,Tier 1,2024-08-07
CUST_00028,Amit Mehta,Male,Chandigarh,Punjab,Tier 2,2024-06-17
CUST_00029,Ishita Reddy,Female,Mumbai,Maharashtra,Tier 1,2023-08-05
CUST_00030,Ananya Iyer,Female,Ahmedabad,Gujarat,Tier 2,2024-01-12
CUST_00031,Rohan Sharma,Male,Bengaluru,Karnataka,Tier 1,2024-05-04
CUST_00032,Amit Mehta,Male,Hyderabad,Telangana,Tier 1,2024-01-06
CUST_00033,Varun Iyer,Male,Chandigarh,Punjab,Tier 2,2024-07-21
CUST_00034,Rohan Verma,Male,Indore,Madhya Pradesh,Tier 2,2024-08-07
CUST_00035,Neha Sharma,Female,Kochi,Kerala,Tier 2,2023-09-09
CUST_00036,Arjun Kumar,Male,Varanasi,Uttar Pradesh,Tier 3,2024-02-10
CUST_00037,Aditya Nair,Male,Hyderabad,Telangana,Tier 1,2023-12-05
CUST_00038,Neha Mehta,Female,Varanasi,Uttar Pradesh,Tier 3,2024-08-27
CUST_00039,Aarav Nair,Male,Varanasi,Uttar Pradesh,Tier 3,2024-01-29
CUST_00040,Arjun Reddy,Male,Chandigarh,Punjab,Tier 2,2023-07-31
CUST_00041,Arjun Sharma,Male,Patna,Bihar,Tier 3,2024-09-08
CUST_00042,Tanvi Nair,Female,Chandigarh,Punjab,Tier 2,2023-11-06
CUST_00043,Vikram Mehta,Male,Guwahati,Assam,Tier 3,2023-08-02
CUST_00044,Ananya Sharma,Female,Ahmedabad,Gujarat,Tier 2,2024-11-25
CUST_00045,Aarav Nair,Male,Mumbai,Maharashtra,Tier 1,2023-08-10
CUST_00046,Aditya Gupta,Male,Pune,Maharashtra,Tier 1,2024-02-08
CUST_00047,Varun Verma,Male,Pune,Maharashtra,Tier 1,2024-11-17
CUST_00048,Riya Mehta,Female,Indore,Madhya Pradesh,Tier 2,2024-01-31
CUST_00049,Tanvi Patel,Female,Indore,Madhya Pradesh,Tier 2,2024-09-11
CUST_00050,Priya Sharma,Female,Ahmedabad,Gujarat,Tier 2,2023-09-11
CUST_00051,Amit Mehta,Male,Lucknow,Uttar Pradesh,Tier 2,2024-05-23
CUST_00052,Aditya Kumar,Male,Hyderabad,Telangana,Tier 1,2024-04-05
CUST_00053,Amit Singh,Male,Varanasi,Uttar Pradesh,Tier 3,2023-10-16
CUST_00054,Priya Verma,Female,Lucknow,Uttar Pradesh,Tier 2,2024-03-05
CUST_00055,Divya Mehta,Female,Lucknow,Uttar Pradesh,Tier 2,2024-02-26
CUST_00056,Riya Sharma,Female,Hyderabad,Telangana,Tier 1,2024-03-10
CUST_00057,Aarav Kumar,Male,Kochi,Kerala,Tier 2,2024-02-24
CUST_00058,Kunal Nair,Male,Ahmedabad,Gujarat,Tier 2,2023-06-10
CUST_00059,Rohan Patel,Male,Indore,Madhya Pradesh,Tier 2,2023-10-30
CUST_00060,Sneha Sharma,Female,Bengaluru,Karnataka,Tier 1,2024-06-01
CUST_00061,Aditya Verma,Male,Pune,Maharashtra,Tier 1,2024-07-21
CUST_00062,Aditya Patel,Male,Bhopal,Madhya Pradesh,Tier 3,2024-07-27
CUST_00063,Rahul Kumar,Male,Chandigarh,Punjab,Tier 2,2024-02-10
CUST_00064,Sneha Verma,Female,Bengaluru,Karnataka,Tier 1,2024-09-24
CUST_00065,Aditya Reddy,Male,Mumbai,Maharashtra,Tier 1,2024-01-15
CUST_00066,Aditya Gupta,Male,Bengaluru,Karnataka,Tier 1,2024-03-12
CUST_00067,Ishita Gupta,Female,Ahmedabad,Gujarat,Tier 2,2024-05-05
CUST_00068,Rohan Singh,Male,Delhi,Delhi,Tier 1,2023-07-10
CUST_00069,Varun Gupta,Male,Delhi,Delhi,Tier 1,2024-08-20
CUST_00070,Arjun Iyer,Male,Bengaluru,Karnataka,Tier 1,2024-08-20
CUST_00071,Amit Nair,Male,Kochi,Kerala,Tier 2,2023-12-19
CUST_00072,Tanvi Verma,Female,Patna,Bihar,Tier 3,2024-04-17
CUST_00073,Vikram Nair,Male,Hyderabad,Telangana,Tier 1,2024-04-30
CUST_00074,Riya Nair,Female,Hyderabad,Telangana,Tier 1,2024-06-23
CUST_00075,Varun Iyer,Male,Pune,Maharashtra,Tier 1,2023-06-01
CUST_00076,Riya Mehta,Female,Pune,Maharashtra,Tier 1,2024-04-25
CUST_00077,Neha Reddy,Female,Ahmedabad,Gujarat,Tier 2,2024-09-27
CUST_00078,Rohan Singh,Male,Kochi,Kerala,Tier 2,2024-05-09
CUST_00079,Aditya Singh,Male,Mumbai,Maharashtra,Tier 1,2023-10-29
CUST_00080,Aarav Mehta,Male,Guwahati,Assam,Tier 3,2023-08-14
CUST_00081,Tanvi Iyer,Female,Chennai,Tamil Nadu,Tier 1,2024-06-28
CUST_00082,Tanvi Mehta,Female,Chennai,Tamil Nadu,Tier 1,2023-06-06
CUST_00083,Arjun Mehta,Male,Chennai,Tamil Nadu,Tier 1,2024-11-12
CUST_00084,Ananya Nair,Female,Bengaluru,Karnataka,Tier 1,2024-09-10
CUST_00085,Kunal Nair,Male,Guwahati,Assam,Tier 3,2024-04-20
CUST_00086,Divya Nair,Female,Pune,Maharashtra,Tier 1,2024-08-30
CUST_00087,Kunal Reddy,Male,Mumbai,Maharashtra,Tier 1,2024-03-10
CUST_00088,Pooja Singh,Female,Chennai,Tamil Nadu,Tier 1,2024-03-19
CUST_00089,Vikram Kumar,Male,Pune,Maharashtra,Tier 1,2023-08-22
CUST_00090,Rahul Mehta,Male,Mumbai,Maharashtra,Tier 1,2024-01-06
CUST_00091,Arjun Gupta,Male,Hyderabad,Telangana,Tier 1,2024-07-30
CUST_00092,Aditya Gupta,Male,Pune,Maharashtra,Tier 1,2023-06-21
CUST_00093,Neha Sharma,Female,Patna,Bihar,Tier 3,2024-07-04
CUST_00094,Ishita Nair,Female,Lucknow,Uttar Pradesh,Tier 2,2024-10-12
CUST_00095,Vikram Gupta,Male,Chandigarh,Punjab,Tier 2,2024-05-10
CUST_00096,Sneha Reddy,Female,Guwahati,Assam,Tier 3,2024-11-28
CUST_00097,Arjun Iyer,Male,Jaipur,Rajasthan,Tier 2,2023-08-25
CUST_00098,Sneha Reddy,Female,Delhi,Delhi,Tier 1,2024-06-23
CUST_00099,Pooja Reddy,Female,Hyderabad,Telangana,Tier 1,2024-03-11
CUST_00100,Riya Verma,Female,Kochi,Kerala,Tier 2,2023-07-24
CUST_00101,Pooja Verma,Female,Kochi,Kerala,Tier 2,2023-07-12
CUST_00102,Aditya Mehta,Male,Guwahati,Assam,Tier 3,2023-11-04
CUST_00103,Rahul Reddy,Male,Ahmedabad,Gujarat,Tier 2,2024-01-10
CUST_00104,Riya Kumar,Female,Pune,Maharashtra,Tier 1,2023-09-26
CUST_00105,Vikram Verma,Male,Indore,Madhya Pradesh,Tier 2,2024-06-19
CUST_00106,Pooja Verma,Female,Kochi,Kerala,Tier 2,2024-02-04
CUST_00107,Vikram Iyer,Male,Guwahati,Assam,Tier 3,2023-07-13
CUST_00108,Ishita Gupta,Female,Jaipur,Rajasthan,Tier 2,2024-10-31
CUST_00109,Ananya Gupta,Female,Varanasi,Uttar Pradesh,Tier 3,2024-08-17
CUST_00110,Neha Patel,Female,Chennai,Tamil Nadu,Tier 1,2024-11-16
CUST_00111,Divya Nair,Female,Chandigarh,Punjab,Tier 2,2024-08-20
CUST_00112,Kavya Mehta,Female,Varanasi,Uttar Pradesh,Tier 3,2024-03-12
CUST_00113,Pooja Reddy,Female,Kochi,Kerala,Tier 2,2024-06-23
CUST_00114,Ananya Reddy,Female,Bhopal,Madhya Pradesh,Tier 3,2024-10-12
CUST_00115,Kabir Singh,Male,Pune,Maharashtra,Tier 1,2024-03-09
CUST_00116,Amit Mehta,Male,Chennai,Tamil Nadu,Tier 1,2024-07-21
CUST_00117,Ishita Mehta,Female,Kochi,Kerala,Tier 2,2024-10-15
CUST_00118,Ananya Verma,Female,Hyderabad,Telangana,Tier 1,2024-02-05
CUST_00119,Divya Kumar,Female,Ahmedabad,Gujarat,Tier 2,2024-05-18
CUST_00120,Ishita Kumar,Female,Hyderabad,Telangana,Tier 1,2024-03-04
CUST_00121,Riya Mehta,Female,Mumbai,Maharashtra,Tier 1,2024-04-19
CUST_00122,Amit Patel,Male,Chennai,Tamil Nadu,Tier 1,2024-10-08
CUST_00123,Divya Nair,Female,Jaipur,Rajasthan,Tier 2,2023-12-16
CUST_00124,Pooja Kumar,Female,Bengaluru,Karnataka,Tier 1,2024-11-28
CUST_00125,Vikram Sharma,Male,Guwahati,Assam,Tier 3,2024-03-26
CUST_00126,Kunal Verma,Male,Guwahati,Assam,Tier 3,2024-03-18
CUST_00127,Neha Reddy,Female,Bengaluru,Karnataka,Tier 1,2024-02-14
CUST_00128,Priya Verma,Female,Bengaluru,Karnataka,Tier 1,2023-07-25
CUST_00129,Rahul Iyer,Male,Varanasi,Uttar Pradesh,Tier 3,2024-02-10
CUST_00130,Amit Gupta,Male,Ahmedabad,Gujarat,Tier 2,2024-01-18
CUST_00131,Neha Reddy,Female,Pune,Maharashtra,Tier 1,2024-08-13
CUST_00132,Divya Iyer,Female,Chennai,Tamil Nadu,Tier 1,2023-09-10
CUST_00133,Aditya Singh,Male,Lucknow,Uttar Pradesh,Tier 2,2024-02-01
CUST_00134,Amit Verma,Male,Hyderabad,Telangana,Tier 1,2024-09-04
CUST_00135,Riya Sharma,Female,Chennai,Tamil Nadu,Tier 1,2024-03-16
CUST_00136,Priya Mehta,Female,Dehradun,Uttarakhand,Tier 3,2023-12-20
CUST_00137,Priya Nair,Female,Mumbai,Maharashtra,Tier 1,2024-02-28
CUST_00138,Rohan Sharma,Male,Delhi,Delhi,Tier 1,2024-03-22
CUST_00139,Priya Reddy,Female,Kochi,Kerala,Tier 2,2024-07-17
CUST_00140,Ishita Nair,Female,Jaipur,Rajasthan,Tier 2,2023-07-11
CUST_00141,Kavya Iyer,Female,Bengaluru,Karnataka,Tier 1,2024-01-21
CUST_00142,Vikram Iyer,Male,Mumbai,Maharashtra,Tier 1,2024-09-24
CUST_00143,Riya Patel,Female,Ranchi,Jharkhand,Tier 3,2024-10-16
CUST_00144,Kunal Kumar,Male,Delhi,Delhi,Tier 1,2023-09-16
CUST_00145,Kabir Gupta,Male,Indore,Madhya Pradesh,Tier 2,2024-07-15
CUST_00146,Kunal Verma,Male,Delhi,Delhi,Tier 1,2023-09-27
CUST_00147,Ishita Sharma,Female,Ahmedabad,Gujarat,Tier 2,2024-09-16
CUST_00148,Ananya Mehta,Female,Ahmedabad,Gujarat,Tier 2,2024-10-23
CUST_00149,Ananya Mehta,Female,Mumbai,Maharashtra,Tier 1,2024-03-21
CUST_00150,Neha Verma,Female,Chennai,Tamil Nadu,Tier 1,2024-02-01
CUST_00151,Vikram Nair,Male,Hyderabad,Telangana,Tier 1,2023-09-04
CUST_00152,Rohan Reddy,Male,Dehradun,Uttarakhand,Tier 3,2023-11-05
CUST_00153,Riya Nair,Female,Chandigarh,Punjab,Tier 2,2024-10-07
CUST_00154,Pooja Reddy,Female,Chandigarh,Punjab,Tier 2,2023-12-13
CUST_00155,Rohan Singh,Male,Chandigarh,Punjab,Tier 2,2024-05-14
CUST_00156,Ananya Singh,Female,Ahmedabad,Gujarat,Tier 2,2024-10-14
CUST_00157,Kunal Nair,Male,Indore,Madhya Pradesh,Tier 2,2024-06-21
CUST_00158,Kavya Mehta,Female,Bhopal,Madhya Pradesh,Tier 3,2024-06-27
CUST_00159,Arjun Sharma,Male,Hyderabad,Telangana,Tier 1,2024-06-25
CUST_00160,Sneha Reddy,Female,Bhopal,Madhya Pradesh,Tier 3,2024-10-27
CUST_00161,Priya Reddy,Female,Hyderabad,Telangana,Tier 1,2023-06-16
CUST_00162,Arjun Patel,Male,Delhi,Delhi,Tier 1,2024-05-12
CUST_00163,Priya Kumar,Female,Guwahati,Assam,Tier 3,2024-06-24
CUST_00164,Neha Nair,Female,Bengaluru,Karnataka,Tier 1,2024-01-27
CUST_00165,Pooja Verma,Female,Bengaluru,Karnataka,Tier 1,2023-09-11
CUST_00166,Sneha Singh,Female,Varanasi,Uttar Pradesh,Tier 3,2024-04-28
CUST_00167,Vikram Kumar,Male,Mumbai,Maharashtra,Tier 1,2024-02-06
CUST_00168,Divya Patel,Female,Bengaluru,Karnataka,Tier 1,2024-06-26
CUST_00169,Kunal Iyer,Male,Hyderabad,Telangana,Tier 1,2024-02-16
CUST_00170,Riya Sharma,Female,Ranchi,Jharkhand,Tier 3,2024-03-21
CUST_00171,Rohan Reddy,Male,Guwahati,Assam,Tier 3,2024-04-02
CUST_00172,Riya Reddy,Female,Bhopal,Madhya Pradesh,Tier 3,2024-06-28
CUST_00173,Priya Mehta,Female,Delhi,Delhi,Tier 1,2024-03-29
CUST_00174,Ananya Gupta,Female,Pune,Maharashtra,Tier 1,2023-07-21
CUST_00175,Riya Mehta,Female,Indore,Madhya Pradesh,Tier 2,2024-01-11
CUST_00176,Varun Singh,Male,Kochi,Kerala,Tier 2,2023-10-19
CUST_00177,Aarav Singh,Male,Jaipur,Rajasthan,Tier 2,2024-06-08
CUST_00178,Rohan Singh,Male,Hyderabad,Telangana,Tier 1,2023-11-27
CUST_00179,Rahul Nair,Male,Patna,Bihar,Tier 3,2024-11-25
CUST_00180,Sneha Singh,Female,Ranchi,Jharkhand,Tier 3,2024-03-29
CUST_00181,Priya Reddy,Female,Bhopal,Madhya Pradesh,Tier 3,2024-01-18
CUST_00182,Ishita Kumar,Female,Hyderabad,Telangana,Tier 1,2023-06-15
CUST_00183,Ishita Verma,Female,Kochi,Kerala,Tier 2,2024-02-24
CUST_00184,Kavya Verma,Female,Chandigarh,Punjab,Tier 2,2023-06-26
CUST_00185,Divya Mehta,Female,Kochi,Kerala,Tier 2,2024-09-18
CUST_00186,Tanvi Verma,Female,Bengaluru,Karnataka,Tier 1,2024-04-07
CUST_00187,Priya Verma,Female,Pune,Maharashtra,Tier 1,2023-10-17
CUST_00188,Neha Kumar,Female,Kochi,Kerala,Tier 2,2024-08-03
CUST_00189,Arjun Verma,Male,Guwahati,Assam,Tier 3,2024-07-22
CUST_00190,Ananya Kumar,Female,Hyderabad,Telangana,Tier 1,2024-01-28
CUST_00191,Priya Kumar,Female,Kochi,Kerala,Tier 2,2024-06-02
CUST_00192,Arjun Singh,Male,Bengaluru,Karnataka,Tier 1,2024-09-08
CUST_00193,Aditya Iyer,Male,Varanasi,Uttar Pradesh,Tier 3,2024-05-07
CUST_00194,Rahul Iyer,Male,Pune,Maharashtra,Tier 1,2023-12-30
CUST_00195,Aditya Kumar,Male,Ahmedabad,Gujarat,Tier 2,2023-06-03
CUST_00196,Sneha Patel,Female,Lucknow,Uttar Pradesh,Tier 2,2023-09-21
CUST_00197,Rahul Sharma,Male,Mumbai,Maharashtra,Tier 1,2024-04-27
CUST_00198,Rahul Singh,Male,Chennai,Tamil Nadu,Tier 1,2024-08-05
CUST_00199,Rohan Reddy,Male,Delhi,Delhi,Tier 1,2024-11-07
CUST_00200,Kunal Nair,Male,Pune,Maharashtra,Tier 1,2023-07-15
CUST_00201,Neha Sharma,Female,Hyderabad,Telangana,Tier 1,2024-07-16
CUST_00202,Priya Reddy,Female,Chandigarh,Punjab,Tier 2,2023-08-15
CUST_00203,Kabir Iyer,Male,Mumbai,Maharashtra,Tier 1,2024-03-08
CUST_00204,Tanvi Iyer,Female,Chandigarh,Punjab,Tier 2,2024-10-30
CUST_00205,Priya Verma,Female,Dehradun,Uttarakhand,Tier 3,2024-01-07
CUST_00206,Neha Mehta,Female,Hyderabad,Telangana,Tier 1,2024-07-13
CUST_00207,Priya Kumar,Female,Chennai,Tamil Nadu,Tier 1,2024-02-17
CUST_00208,Sneha Reddy,Female,Bengaluru,Karnataka,Tier 1,2023-09-04
CUST_00209,Priya Kumar,Female,Guwahati,Assam,Tier 3,2023-08-01
CUST_00210,Priya Gupta,Female,Chennai,Tamil Nadu,Tier 1,2024-08-07
CUST_00211,Vikram Iyer,Male,Bengaluru,Karnataka,Tier 1,2024-11-01
CUST_00212,Rahul Reddy,Male,Bengaluru,Karnataka,Tier 1,2024-05-24
CUST_00213,Priya Singh,Female,Chandigarh,Punjab,Tier 2,2023-06-27
CUST_00214,Ananya Patel,Female,Delhi,Delhi,Tier 1,2024-05-13
CUST_00215,Ananya Patel,Female,Guwahati,Assam,Tier 3,2024-07-15
CUST_00216,Rahul Sharma,Male,Pune,Maharashtra,Tier 1,2024-01-07
CUST_00217,Tanvi Reddy,Female,Delhi,Delhi,Tier 1,2024-04-15
CUST_00218,Divya Iyer,Female,Bengaluru,Karnataka,Tier 1,2023-11-07
CUST_00219,Varun Sharma,Male,Indore,Madhya Pradesh,Tier 2,2024-08-27
CUST_00220,Neha Iyer,Female,Delhi,Delhi,Tier 1,2024-01-07
CUST_00221,Kabir Gupta,Male,Chennai,Tamil Nadu,Tier 1,2024-10-11
CUST_00222,Ananya Mehta,Female,Pune,Maharashtra,Tier 1,2023-07-27
CUST_00223,Aditya Singh,Male,Bhopal,Madhya Pradesh,Tier 3,2024-02-17
CUST_00224,Kavya Verma,Female,Chennai,Tamil Nadu,Tier 1,2024-08-14
CUST_00225,Rahul Gupta,Male,Lucknow,Uttar Pradesh,Tier 2,2024-10-25
CUST_00226,Priya Gupta,Female,Varanasi,Uttar Pradesh,Tier 3,2024-08-20
CUST_00227,Kunal Verma,Male,Guwahati,Assam,Tier 3,2024-08-13
CUST_00228,Tanvi Singh,Female,Bengaluru,Karnataka,Tier 1,2024-04-28
CUST_00229,Varun Reddy,Male,Patna,Bihar,Tier 3,2023-08-30
CUST_00230,Priya Mehta,Female,Hyderabad,Telangana,Tier 1,2024-11-18
CUST_00231,Arjun Singh,Male,Lucknow,Uttar Pradesh,Tier 2,2024-05-07
CUST_00232,Rohan Nair,Male,Ahmedabad,Gujarat,Tier 2,2024-11-04
CUST_00233,Kabir Kumar,Male,Kochi,Kerala,Tier 2,2023-10-30
CUST_00234,Rohan Patel,Male,Mumbai,Maharashtra,Tier 1,2023-11-04
CUST_00235,Rahul Reddy,Male,Ahmedabad,Gujarat,Tier 2,2024-09-02
CUST_00236,Kavya Patel,Female,Hyderabad,Telangana,Tier 1,2024-08-26
CUST_00237,Riya Iyer,Female,Pune,Maharashtra,Tier 1,2023-08-15
CUST_00238,Neha Reddy,Female,Delhi,Delhi,Tier 1,2024-03-20
CUST_00239,Rohan Iyer,Male,Chandigarh,Punjab,Tier 2,2024-09-16
CUST_00240,Kunal Iyer,Male,Indore,Madhya Pradesh,Tier 2,2024-09-30
CUST_00241,Aarav Reddy,Male,Delhi,Delhi,Tier 1,2023-08-26
CUST_00242,Aarav Mehta,Male,Chandigarh,Punjab,Tier 2,2024-11-18
CUST_00243,Kabir Kumar,Male,Ranchi,Jharkhand,Tier 3,2024-07-23
CUST_00244,Divya Sharma,Female,Kochi,Kerala,Tier 2,2024-05-08
CUST_00245,Kabir Verma,Male,Chandigarh,Punjab,Tier 2,2024-03-17
CUST_00246,Divya Patel,Female,Pune,Maharashtra,Tier 1,2023-10-23
CUST_00247,Riya Gupta,Female,Chennai,Tamil Nadu,Tier 1,2023-08-26
CUST_00248,Ishita Gupta,Female,Indore,Madhya Pradesh,Tier 2,2023-10-09
CUST_00249,Arjun Nair,Male,Delhi,Delhi,Tier 1,2024-04-12
CUST_00250,Aditya Kumar,Male,Ranchi,Jharkhand,Tier 3,2023-12-14
CUST_00251,Rahul Patel,Male,Bengaluru,Karnataka,Tier 1,2024-11-01
CUST_00252,Kabir Iyer,Male,Hyderabad,Telangana,Tier 1,2023-11-05
CUST_00253,Rahul Iyer,Male,Bhopal,Madhya Pradesh,Tier 3,2024-08-22
CUST_00254,Arjun Kumar,Male,Lucknow,Uttar Pradesh,Tier 2,2024-08-28
CUST_00255,Neha Mehta,Female,Indore,Madhya Pradesh,Tier 2,2024-09-23
CUST_00256,Kabir Iyer,Male,Ranchi,Jharkhand,Tier 3,2024-03-15
CUST_00257,Ishita Nair,Female,Mumbai,Maharashtra,Tier 1,2023-12-22
CUST_00258,Vikram Sharma,Male,Indore,Madhya Pradesh,Tier 2,2023-09-14
CUST_00259,Vikram Verma,Male,Indore,Madhya Pradesh,Tier 2,2024-09-03
CUST_00260,Arjun Verma,Male,Bhopal,Madhya Pradesh,Tier 3,2024-09-04
CUST_00261,Ananya Gupta,Female,Pune,Maharashtra,Tier 1,2024-06-17
CUST_00262,Arjun Verma,Male,Bengaluru,Karnataka,Tier 1,2024-04-22
CUST_00263,Kabir Patel,Male,Delhi,Delhi,Tier 1,2024-09-26
CUST_00264,Kunal Reddy,Male,Jaipur,Rajasthan,Tier 2,2023-06-20
CUST_00265,Pooja Patel,Female,Kochi,Kerala,Tier 2,2024-11-22
CUST_00266,Priya Singh,Female,Bengaluru,Karnataka,Tier 1,2023-07-19
CUST_00267,Arjun Iyer,Male,Jaipur,Rajasthan,Tier 2,2024-10-24
CUST_00268,Amit Iyer,Male,Mumbai,Maharashtra,Tier 1,2024-03-25
CUST_00269,Ananya Iyer,Female,Pune,Maharashtra,Tier 1,2024-07-31
CUST_00270,Rohan Nair,Male,Varanasi,Uttar Pradesh,Tier 3,2024-11-20
CUST_00271,Arjun Reddy,Male,Hyderabad,Telangana,Tier 1,2024-06-17
CUST_00272,Ananya Kumar,Female,Indore,Madhya Pradesh,Tier 2,2024-02-02
CUST_00273,Varun Kumar,Male,Delhi,Delhi,Tier 1,2024-05-12
CUST_00274,Kunal Reddy,Male,Lucknow,Uttar Pradesh,Tier 2,2023-08-04
CUST_00275,Ananya Singh,Female,Mumbai,Maharashtra,Tier 1,2023-07-13
CUST_00276,Riya Nair,Female,Pune,Maharashtra,Tier 1,2024-09-27
CUST_00277,Ananya Mehta,Female,Bengaluru,Karnataka,Tier 1,2024-05-05
CUST_00278,Priya Kumar,Female,Hyderabad,Telangana,Tier 1,2024-08-24
CUST_00279,Kavya Patel,Female,Chandigarh,Punjab,Tier 2,2024-06-11
CUST_00280,Priya Gupta,Female,Pune,Maharashtra,Tier 1,2023-12-02
CUST_00281,Kavya Verma,Female,Chennai,Tamil Nadu,Tier 1,2024-03-29
CUST_00282,Neha Iyer,Female,Lucknow,Uttar Pradesh,Tier 2,2024-08-28
CUST_00283,Neha Sharma,Female,Indore,Madhya Pradesh,Tier 2,2024-08-19
CUST_00284,Ananya Verma,Female,Chandigarh,Punjab,Tier 2,2024-06-07
CUST_00285,Aarav Patel,Male,Dehradun,Uttarakhand,Tier 3,2024-08-22
CUST_00286,Rahul Verma,Male,Chennai,Tamil Nadu,Tier 1,2024-06-10
CUST_00287,Tanvi Iyer,Female,Mumbai,Maharashtra,Tier 1,2024-09-03
CUST_00288,Kavya Reddy,Female,Ahmedabad,Gujarat,Tier 2,2023-10-19
CUST_00289,Tanvi Kumar,Female,Lucknow,Uttar Pradesh,Tier 2,2023-09-25
CUST_00290,Rahul Reddy,Male,Ahmedabad,Gujarat,Tier 2,2023-09-29
CUST_00291,Riya Reddy,Female,Pune,Maharashtra,Tier 1,2024-03-19
CUST_00292,Pooja Verma,Female,Bengaluru,Karnataka,Tier 1,2024-09-05
CUST_00293,Kunal Verma,Male,Patna,Bihar,Tier 3,2024-05-21
CUST_00294,Amit Nair,Male,Delhi,Delhi,Tier 1,2023-11-09
CUST_00295,Kabir Nair,Male,Mumbai,Maharashtra,Tier 1,2023-10-21
CUST_00296,Kunal Sharma,Male,Pune,Maharashtra,Tier 1,2024-06-12
CUST_00297,Ishita Patel,Female,Jaipur,Rajasthan,Tier 2,2023-08-07
CUST_00298,Tanvi Reddy,Female,Chandigarh,Punjab,Tier 2,2023-08-15
CUST_00299,Kabir Verma,Male,Chennai,Tamil Nadu,Tier 1,2024-11-11
CUST_00300,Sneha Nair,Female,Lucknow,Uttar Pradesh,Tier 2,2023-10-11
CUST_00301,Ishita Sharma,Female,Guwahati,Assam,Tier 3,2023-11-04
CUST_00302,Sneha Patel,Female,Chennai,Tamil Nadu,Tier 1,2024-01-17
CUST_00303,Ishita Singh,Female,Patna,Bihar,Tier 3,2023-12-19
CUST_00304,Sneha Singh,Female,Jaipur,Rajasthan,Tier 2,2024-10-27
CUST_00305,Varun Iyer,Male,Chennai,Tamil Nadu,Tier 1,2024-05-11
CUST_00306,Aarav Verma,Male,Chennai,Tamil Nadu,Tier 1,2024-02-27
CUST_00307,Varun Gupta,Male,Jaipur,Rajasthan,Tier 2,2024-10-22
CUST_00308,Riya Reddy,Female,Chennai,Tamil Nadu,Tier 1,2024-07-20
CUST_00309,Neha Verma,Female,Lucknow,Uttar Pradesh,Tier 2,2024-08-24
CUST_00310,Neha Reddy,Female,Pune,Maharashtra,Tier 1,2023-10-26
CUST_00311,Kavya Kumar,Female,Bhopal,Madhya Pradesh,Tier 3,2024-06-14
CUST_00312,Kabir Mehta,Male,Indore,Madhya Pradesh,Tier 2,2024-09-03
CUST_00313,Rahul Verma,Male,Hyderabad,Telangana,Tier 1,2024-08-02
CUST_00314,Rahul Kumar,Male,Dehradun,Uttarakhand,Tier 3,2024-04-16
CUST_00315,Rahul Reddy,Male,Ranchi,Jharkhand,Tier 3,2024-10-23
CUST_00316,Neha Sharma,Female,Hyderabad,Telangana,Tier 1,2024-10-30
CUST_00317,Pooja Mehta,Female,Jaipur,Rajasthan,Tier 2,2023-07-22
CUST_00318,Neha Iyer,Female,Dehradun,Uttarakhand,Tier 3,2024-09-24
CUST_00319,Ishita Sharma,Female,Ranchi,Jharkhand,Tier 3,2023-10-16
CUST_00320,Kavya Gupta,Female,Hyderabad,Telangana,Tier 1,2023-07-23
CUST_00321,Kabir Nair,Male,Hyderabad,Telangana,Tier 1,2024-10-29
CUST_00322,Ishita Singh,Female,Guwahati,Assam,Tier 3,2023-09-30
CUST_00323,Rohan Gupta,Male,Delhi,Delhi,Tier 1,2024-06-09
CUST_00324,Aditya Iyer,Male,Ahmedabad,Gujarat,Tier 2,2023-07-12
CUST_00325,Aarav Patel,Male,Chandigarh,Punjab,Tier 2,2024-11-13
CUST_00326,Sneha Iyer,Female,Bhopal,Madhya Pradesh,Tier 3,2024-05-01
CUST_00327,Sneha Gupta,Female,Dehradun,Uttarakhand,Tier 3,2024-04-02
CUST_00328,Ishita Nair,Female,Kochi,Kerala,Tier 2,2024-04-02
CUST_00329,Ananya Kumar,Female,Bengaluru,Karnataka,Tier 1,2024-07-31
CUST_00330,Ananya Iyer,Female,Kochi,Kerala,Tier 2,2024-01-20
CUST_00331,Varun Reddy,Male,Chennai,Tamil Nadu,Tier 1,2024-06-24
CUST_00332,Aditya Sharma,Male,Kochi,Kerala,Tier 2,2023-09-21
CUST_00333,Aarav Reddy,Male,Mumbai,Maharashtra,Tier 1,2024-07-27
CUST_00334,Arjun Nair,Male,Chandigarh,Punjab,Tier 2,2023-08-03
CUST_00335,Amit Mehta,Male,Kochi,Kerala,Tier 2,2024-10-02
CUST_00336,Kavya Patel,Female,Ahmedabad,Gujarat,Tier 2,2024-05-16
CUST_00337,Riya Iyer,Female,Lucknow,Uttar Pradesh,Tier 2,2024-03-12
CUST_00338,Pooja Singh,Female,Kochi,Kerala,Tier 2,2023-12-30
CUST_00339,Kavya Reddy,Female,Chennai,Tamil Nadu,Tier 1,2024-03-07
CUST_00340,Priya Iyer,Female,Chandigarh,Punjab,Tier 2,2024-07-09
CUST_00341,Sneha Singh,Female,Chennai,Tamil Nadu,Tier 1,2023-08-20
CUST_00342,Neha Singh,Female,Lucknow,Uttar Pradesh,Tier 2,2023-12-24
CUST_00343,Ishita Singh,Female,Pune,Maharashtra,Tier 1,2024-02-01
CUST_00344,Aarav Nair,Male,Mumbai,Maharashtra,Tier 1,2023-07-24
CUST_00345,Arjun Kumar,Male,Jaipur,Rajasthan,Tier 2,2023-10-19
CUST_00346,Amit Patel,Male,Hyderabad,Telangana,Tier 1,2024-10-01
CUST_00347,Vikram Kumar,Male,Bengaluru,Karnataka,Tier 1,2023-08-31
CUST_00348,Amit Sharma,Male,Bhopal,Madhya Pradesh,Tier 3,2024-08-01
CUST_00349,Aarav Gupta,Male,Lucknow,Uttar Pradesh,Tier 2,2024-03-23
CUST_00350,Aarav Singh,Male,Jaipur,Rajasthan,Tier 2,2024-05-09
CUST_00351,Neha Nair,Female,Lucknow,Uttar Pradesh,Tier 2,2024-10-29
CUST_00352,Riya Mehta,Female,Patna,Bihar,Tier 3,2023-11-14
CUST_00353,Riya Patel,Female,Delhi,Delhi,Tier 1,2024-03-29
CUST_00354,Rahul Iyer,Male,Ranchi,Jharkhand,Tier 3,2024-08-11
CUST_00355,Priya Gupta,Female,Lucknow,Uttar Pradesh,Tier 2,2023-10-22
CUST_00356,Kavya Mehta,Female,Hyderabad,Telangana,Tier 1,2024-01-28
CUST_00357,Riya Kumar,Female,Chennai,Tamil Nadu,Tier 1,2023-06-12
CUST_00358,Kavya Mehta,Female,Bengaluru,Karnataka,Tier 1,2024-09-19
CUST_00359,Sneha Gupta,Female,Kochi,Kerala,Tier 2,2024-04-14
CUST_00360,Vikram Kumar,Male,Lucknow,Uttar Pradesh,Tier 2,2023-10-15
CUST_00361,Sneha Reddy,Female,Ahmedabad,Gujarat,Tier 2,2024-06-17
CUST_00362,Ishita Reddy,Female,Kochi,Kerala,Tier 2,2024-01-10
CUST_00363,Varun Verma,Male,Ahmedabad,Gujarat,Tier 2,2024-06-05
CUST_00364,Varun Verma,Male,Pune,Maharashtra,Tier 1,2024-10-30
CUST_00365,Varun Nair,Male,Delhi,Delhi,Tier 1,2024-11-14
CUST_00366,Priya Mehta,Female,Chandigarh,Punjab,Tier 2,2023-09-02
CUST_00367,Ananya Reddy,Female,Hyderabad,Telangana,Tier 1,2024-09-10
CUST_00368,Amit Reddy,Male,Indore,Madhya Pradesh,Tier 2,2023-06-23
CUST_00369,Riya Sharma,Female,Ahmedabad,Gujarat,Tier 2,2023-08-14
CUST_00370,Arjun Kumar,Male,Ahmedabad,Gujarat,Tier 2,2023-08-01
CUST_00371,Kunal Sharma,Male,Mumbai,Maharashtra,Tier 1,2023-10-17
CUST_00372,Kavya Gupta,Female,Hyderabad,Telangana,Tier 1,2024-06-19
CUST_00373,Amit Patel,Male,Indore,Madhya Pradesh,Tier 2,2023-09-30
CUST_00374,Amit Gupta,Male,Kochi,Kerala,Tier 2,2024-01-15
CUST_00375,Aarav Singh,Male,Kochi,Kerala,Tier 2,2024-08-08
CUST_00376,Pooja Mehta,Female,Lucknow,Uttar Pradesh,Tier 2,2024-03-09
CUST_00377,Rohan Sharma,Male,Ranchi,Jharkhand,Tier 3,2023-06-17
CUST_00378,Aditya Verma,Male,Bengaluru,Karnataka,Tier 1,2024-08-31
CUST_00379,Aditya Sharma,Male,Mumbai,Maharashtra,Tier 1,2024-01-09
CUST_00380,Rahul Nair,Male,Bhopal,Madhya Pradesh,Tier 3,2024-04-22
CUST_00381,Pooja Singh,Female,Dehradun,Uttarakhand,Tier 3,2024-11-15
CUST_00382,Arjun Singh,Male,Pune,Maharashtra,Tier 1,2023-11-27
CUST_00383,Ishita Reddy,Female,Delhi,Delhi,Tier 1,2024-06-25
CUST_00384,Tanvi Gupta,Female,Hyderabad,Telangana,Tier 1,2023-12-06
CUST_00385,Pooja Mehta,Female,Chennai,Tamil Nadu,Tier 1,2023-10-26
CUST_00386,Ananya Nair,Female,Hyderabad,Telangana,Tier 1,2024-11-24
CUST_00387,Arjun Mehta,Male,Delhi,Delhi,Tier 1,2023-08-20
CUST_00388,Kavya Verma,Female,Lucknow,Uttar Pradesh,Tier 2,2023-07-23
CUST_00389,Tanvi Iyer,Female,Jaipur,Rajasthan,Tier 2,2023-12-10
CUST_00390,Kunal Mehta,Male,Patna,Bihar,Tier 3,2024-04-06
CUST_00391,Aditya Mehta,Male,Varanasi,Uttar Pradesh,Tier 3,2024-10-03
CUST_00392,Varun Mehta,Male,Mumbai,Maharashtra,Tier 1,2024-04-25
CUST_00393,Tanvi Reddy,Female,Indore,Madhya Pradesh,Tier 2,2024-04-11
CUST_00394,Kavya Nair,Female,Ranchi,Jharkhand,Tier 3,2023-09-09
CUST_00395,Kavya Mehta,Female,Hyderabad,Telangana,Tier 1,2023-07-17
CUST_00396,Rahul Sharma,Male,Pune,Maharashtra,Tier 1,2024-08-01
CUST_00397,Sneha Mehta,Female,Hyderabad,Telangana,Tier 1,2024-02-07
CUST_00398,Ishita Kumar,Female,Hyderabad,Telangana,Tier 1,2024-10-15
CUST_00399,Sneha Kumar,Female,Chennai,Tamil Nadu,Tier 1,2024-10-13
CUST_00400,Amit Sharma,Male,Jaipur,Rajasthan,Tier 2,2023-07-20
CUST_00401,Arjun Patel,Male,Bhopal,Madhya Pradesh,Tier 3,2023-08-09
CUST_00402,Aarav Mehta,Male,Indore,Madhya Pradesh,Tier 2,2023-08-01
CUST_00403,Neha Sharma,Female,Pune,Maharashtra,Tier 1,2024-07-26
CUST_00404,Aarav Nair,Male,Ahmedabad,Gujarat,Tier 2,2024-03-20
CUST_00405,Amit Gupta,Male,Bhopal,Madhya Pradesh,Tier 3,2023-09-18
CUST_00406,Amit Patel,Male,Pune,Maharashtra,Tier 1,2024-11-21
CUST_00407,Kavya Singh,Female,Jaipur,Rajasthan,Tier 2,2024-06-17
CUST_00408,Neha Iyer,Female,Chennai,Tamil Nadu,Tier 1,2024-01-18
CUST_00409,Priya Sharma,Female,Hyderabad,Telangana,Tier 1,2024-06-21
CUST_00410,Ananya Sharma,Female,Jaipur,Rajasthan,Tier 2,2024-10-24
CUST_00411,Kavya Iyer,Female,Varanasi,Uttar Pradesh,Tier 3,2024-11-22
CUST_00412,Aditya Mehta,Male,Dehradun,Uttarakhand,Tier 3,2024-09-29
CUST_00413,Ananya Verma,Female,Indore,Madhya Pradesh,Tier 2,2023-07-04
CUST_00414,Kabir Sharma,Male,Guwahati,Assam,Tier 3,2023-10-26
CUST_00415,Priya Singh,Female,Mumbai,Maharashtra,Tier 1,2024-07-03
CUST_00416,Tanvi Patel,Female,Kochi,Kerala,Tier 2,2023-08-20
CUST_00417,Ananya Verma,Female,Bengaluru,Karnataka,Tier 1,2024-05-14
CUST_00418,Kavya Sharma,Female,Chandigarh,Punjab,Tier 2,2024-10-15
CUST_00419,Kabir Nair,Male,Ranchi,Jharkhand,Tier 3,2023-12-08
CUST_00420,Priya Iyer,Female,Mumbai,Maharashtra,Tier 1,2023-08-15
CUST_00421,Vikram Patel,Male,Chennai,Tamil Nadu,Tier 1,2023-11-05
CUST_00422,Kavya Kumar,Female,Bengaluru,Karnataka,Tier 1,2024-04-11
CUST_00423,Kavya Singh,Female,Bengaluru,Karnataka,Tier 1,2023-12-09
CUST_00424,Neha Nair,Female,Chandigarh,Punjab,Tier 2,2023-09-14
CUST_00425,Rohan Kumar,Male,Ahmedabad,Gujarat,Tier 2,2024-04-28
CUST_00426,Ananya Singh,Female,Bengaluru,Karnataka,Tier 1,2024-02-04
CUST_00427,Arjun Patel,Male,Delhi,Delhi,Tier 1,2024-03-01
CUST_00428,Sneha Verma,Female,Delhi,Delhi,Tier 1,2024-08-05
CUST_00429,Neha Verma,Female,Mumbai,Maharashtra,Tier 1,2024-10-20
CUST_00430,Kunal Verma,Male,Bengaluru,Karnataka,Tier 1,2024-07-10
CUST_00431,Divya Gupta,Female,Patna,Bihar,Tier 3,2024-08-24
CUST_00432,Tanvi Iyer,Female,Delhi,Delhi,Tier 1,2023-12-23
CUST_00433,Kavya Patel,Female,Patna,Bihar,Tier 3,2024-03-25
CUST_00434,Divya Mehta,Female,Delhi,Delhi,Tier 1,2024-07-07
CUST_00435,Priya Iyer,Female,Pune,Maharashtra,Tier 1,2023-12-02
CUST_00436,Kunal Mehta,Male,Delhi,Delhi,Tier 1,2023-08-10
CUST_00437,Neha Patel,Female,Lucknow,Uttar Pradesh,Tier 2,2024-02-14
CUST_00438,Arjun Gupta,Male,Pune,Maharashtra,Tier 1,2024-10-03
CUST_00439,Ishita Nair,Female,Dehradun,Uttarakhand,Tier 3,2024-08-02
CUST_00440,Kabir Nair,Male,Jaipur,Rajasthan,Tier 2,2023-09-20
CUST_00441,Kabir Patel,Male,Jaipur,Rajasthan,Tier 2,2024-07-14
CUST_00442,Tanvi Verma,Female,Delhi,Delhi,Tier 1,2024-01-14
CUST_00443,Kunal Kumar,Male,Chennai,Tamil Nadu,Tier 1,2024-10-25
CUST_00444,Kabir Sharma,Male,Indore,Madhya Pradesh,Tier 2,2024-07-30
CUST_00445,Rohan Patel,Male,Delhi,Delhi,Tier 1,2024-09-09
CUST_00446,Amit Reddy,Male,Bengaluru,Karnataka,Tier 1,2024-08-22
CUST_00447,Kavya Verma,Female,Chennai,Tamil Nadu,Tier 1,2023-09-26
CUST_00448,Kabir Verma,Male,Lucknow,Uttar Pradesh,Tier 2,2024-02-05
CUST_00449,Amit Patel,Male,Hyderabad,Telangana,Tier 1,2024-09-16
CUST_00450,Arjun Patel,Male,Chennai,Tamil Nadu,Tier 1,2024-08-16
CUST_00451,Ananya Iyer,Female,Ranchi,Jharkhand,Tier 3,2024-08-13
CUST_00452,Ananya Mehta,Female,Chennai,Tamil Nadu,Tier 1,2023-08-04
CUST_00453,Amit Patel,Male,Mumbai,Maharashtra,Tier 1,2024-09-11
CUST_00454,Vikram Reddy,Male,Kochi,Kerala,Tier 2,2024-04-16
CUST_00455,Divya Gupta,Female,Indore,Madhya Pradesh,Tier 2,2024-05-26
CUST_00456,Divya Patel,Female,Dehradun,Uttarakhand,Tier 3,2024-03-31
CUST_00457,Rahul Kumar,Male,Delhi,Delhi,Tier 1,2023-09-28
CUST_00458,Kabir Patel,Male,Chandigarh,Punjab,Tier 2,2023-10-20
CUST_00459,Tanvi Patel,Female,Ahmedabad,Gujarat,Tier 2,2023-11-25
CUST_00460,Kunal Singh,Male,Delhi,Delhi,Tier 1,2024-09-04
CUST_00461,Kabir Sharma,Male,Lucknow,Uttar Pradesh,Tier 2,2024-06-28
CUST_00462,Tanvi Reddy,Female,Hyderabad,Telangana,Tier 1,2024-10-13
CUST_00463,Rohan Iyer,Male,Mumbai,Maharashtra,Tier 1,2024-03-26
CUST_00464,Vikram Mehta,Male,Lucknow,Uttar Pradesh,Tier 2,2024-09-11
CUST_00465,Ishita Nair,Female,Bengaluru,Karnataka,Tier 1,2024-03-01
CUST_00466,Ishita Sharma,Female,Chandigarh,Punjab,Tier 2,2024-01-10
CUST_00467,Priya Mehta,Female,Bengaluru,Karnataka,Tier 1,2024-09-03
CUST_00468,Kavya Verma,Female,Bengaluru,Karnataka,Tier 1,2024-01-29
CUST_00469,Varun Kumar,Male,Guwahati,Assam,Tier 3,2024-08-12
CUST_00470,Varun Patel,Male,Lucknow,Uttar Pradesh,Tier 2,2023-07-31
CUST_00471,Ishita Singh,Female,Lucknow,Uttar Pradesh,Tier 2,2024-04-27
CUST_00472,Riya Iyer,Female,Pune,Maharashtra,Tier 1,2023-09-06
CUST_00473,Arjun Sharma,Male,Dehradun,Uttarakhand,Tier 3,2023-10-08
CUST_00474,Aditya Patel,Male,Lucknow,Uttar Pradesh,Tier 2,2024-07-07
CUST_00475,Sneha Iyer,Female,Kochi,Kerala,Tier 2,2024-07-29
CUST_00476,Neha Verma,Female,Jaipur,Rajasthan,Tier 2,2024-07-17
CUST_00477,Kavya Reddy,Female,Patna,Bihar,Tier 3,2023-06-03
CUST_00478,Kunal Kumar,Male,Guwahati,Assam,Tier 3,2024-07-12
CUST_00479,Arjun Mehta,Male,Indore,Madhya Pradesh,Tier 2,2024-03-17
CUST_00480,Ishita Iyer,Female,Hyderabad,Telangana,Tier 1,2024-05-17
CUST_00481,Aarav Verma,Male,Chandigarh,Punjab,Tier 2,2023-06-17
CUST_00482,Rahul Reddy,Male,Chandigarh,Punjab,Tier 2,2023-12-25
CUST_00483,Vikram Patel,Male,Patna,Bihar,Tier 3,2023-09-04
CUST_00484,Riya Verma,Female,Chennai,Tamil Nadu,Tier 1,2023-11-17
CUST_00485,Arjun Singh,Male,Lucknow,Uttar Pradesh,Tier 2,2024-08-13
CUST_00486,Rohan Sharma,Male,Bengaluru,Karnataka,Tier 1,2023-10-14
CUST_00487,Amit Reddy,Male,Chennai,Tamil Nadu,Tier 1,2024-05-17
CUST_00488,Arjun Patel,Male,Lucknow,Uttar Pradesh,Tier 2,2024-06-27
CUST_00489,Rohan Verma,Male,Delhi,Delhi,Tier 1,2023-10-19
CUST_00490,Sneha Patel,Female,Pune,Maharashtra,Tier 1,2023-06-09
CUST_00491,Kunal Kumar,Male,Kochi,Kerala,Tier 2,2023-11-03
CUST_00492,Divya Reddy,Female,Varanasi,Uttar Pradesh,Tier 3,2023-09-11
CUST_00493,Rohan Iyer,Male,Indore,Madhya Pradesh,Tier 2,2024-08-13
CUST_00494,Sneha Mehta,Female,Bengaluru,Karnataka,Tier 1,2024-02-10
CUST_00495,Ananya Singh,Female,Pune,Maharashtra,Tier 1,2024-11-03
CUST_00496,Arjun Singh,Male,Lucknow,Uttar Pradesh,Tier 2,2024-10-19
CUST_00497,Priya Mehta,Female,Ahmedabad,Gujarat,Tier 2,2023-08-12
CUST_00498,Kabir Kumar,Male,Pune,Maharashtra,Tier 1,2024-08-04
CUST_00499,Ishita Patel,Female,Jaipur,Rajasthan,Tier 2,2023-06-18
CUST_00500,Aarav Singh,Male,Bengaluru,Karnataka,Tier 1,2024-07-12
CUST_00501,Ishita Gupta,Female,Hyderabad,Telangana,Tier 1,2023-08-24
CUST_00502,Vikram Verma,Male,Pune,Maharashtra,Tier 1,2023-12-26
CUST_00503,Amit Kumar,Male,Chennai,Tamil Nadu,Tier 1,2023-08-07
CUST_00504,Tanvi Mehta,Female,Bengaluru,Karnataka,Tier 1,2024-08-18
CUST_00505,Kunal Iyer,Male,Indore,Madhya Pradesh,Tier 2,2023-11-27
CUST_00506,Aarav Patel,Male,Lucknow,Uttar Pradesh,Tier 2,2024-10-21
CUST_00507,Ishita Nair,Female,Kochi,Kerala,Tier 2,2024-02-21
CUST_00508,Kabir Patel,Male,Indore,Madhya Pradesh,Tier 2,2023-09-29
CUST_00509,Kabir Gupta,Male,Bengaluru,Karnataka,Tier 1,2024-02-25
CUST_00510,Kunal Reddy,Male,Jaipur,Rajasthan,Tier 2,2024-10-24
CUST_00511,Kabir Patel,Male,Bengaluru,Karnataka,Tier 1,2023-09-27
CUST_00512,Amit Sharma,Male,Bengaluru,Karnataka,Tier 1,2024-02-06
CUST_00513,Kunal Kumar,Male,Mumbai,Maharashtra,Tier 1,2023-12-01
CUST_00514,Amit Gupta,Male,Mumbai,Maharashtra,Tier 1,2024-07-31
CUST_00515,Riya Verma,Female,Jaipur,Rajasthan,Tier 2,2024-10-27
CUST_00516,Rahul Mehta,Male,Varanasi,Uttar Pradesh,Tier 3,2024-07-15
CUST_00517,Kunal Singh,Male,Indore,Madhya Pradesh,Tier 2,2024-05-01
CUST_00518,Amit Reddy,Male,Mumbai,Maharashtra,Tier 1,2024-03-25
CUST_00519,Divya Mehta,Female,Ahmedabad,Gujarat,Tier 2,2024-10-18
CUST_00520,Amit Mehta,Male,Hyderabad,Telangana,Tier 1,2023-06-25
CUST_00521,Amit Kumar,Male,Kochi,Kerala,Tier 2,2023-06-10
CUST_00522,Ananya Gupta,Female,Dehradun,Uttarakhand,Tier 3,2024-04-10
CUST_00523,Aditya Nair,Male,Ranchi,Jharkhand,Tier 3,2024-10-16
CUST_00524,Rahul Singh,Male,Mumbai,Maharashtra,Tier 1,2024-11-14
CUST_00525,Kavya Reddy,Female,Varanasi,Uttar Pradesh,Tier 3,2023-09-06
CUST_00526,Arjun Verma,Male,Jaipur,Rajasthan,Tier 2,2024-08-19
CUST_00527,Aditya Singh,Male,Delhi,Delhi,Tier 1,2024-07-07
CUST_00528,Kavya Reddy,Female,Bengaluru,Karnataka,Tier 1,2023-12-25
CUST_00529,Varun Verma,Male,Mumbai,Maharashtra,Tier 1,2024-09-03
CUST_00530,Kavya Gupta,Female,Delhi,Delhi,Tier 1,2023-12-30
CUST_00531,Riya Reddy,Female,Bengaluru,Karnataka,Tier 1,2023-09-01
CUST_00532,Vikram Iyer,Male,Delhi,Delhi,Tier 1,2023-10-30
CUST_00533,Aditya Kumar,Male,Bengaluru,Karnataka,Tier 1,2024-04-02
CUST_00534,Sneha Sharma,Female,Ranchi,Jharkhand,Tier 3,2024-02-11
CUST_00535,Kunal Verma,Male,Bhopal,Madhya Pradesh,Tier 3,2023-10-03
CUST_00536,Aarav Mehta,Male,Hyderabad,Telangana,Tier 1,2024-06-16
CUST_00537,Varun Iyer,Male,Bengaluru,Karnataka,Tier 1,2023-06-23
CUST_00538,Aditya Reddy,Male,Varanasi,Uttar Pradesh,Tier 3,2024-05-05
CUST_00539,Aarav Reddy,Male,Pune,Maharashtra,Tier 1,2024-08-17
CUST_00540,Neha Sharma,Female,Hyderabad,Telangana,Tier 1,2023-11-24
CUST_00541,Pooja Patel,Female,Hyderabad,Telangana,Tier 1,2023-10-31
CUST_00542,Varun Iyer,Male,Kochi,Kerala,Tier 2,2024-03-29
CUST_00543,Tanvi Nair,Female,Jaipur,Rajasthan,Tier 2,2024-03-13
CUST_00544,Sneha Gupta,Female,Pune,Maharashtra,Tier 1,2024-02-11
CUST_00545,Arjun Kumar,Male,Chandigarh,Punjab,Tier 2,2024-05-18
CUST_00546,Tanvi Singh,Female,Delhi,Delhi,Tier 1,2024-01-11
CUST_00547,Vikram Sharma,Male,Ranchi,Jharkhand,Tier 3,2024-11-24
CUST_00548,Divya Mehta,Female,Varanasi,Uttar Pradesh,Tier 3,2024-02-09
CUST_00549,Vikram Nair,Male,Dehradun,Uttarakhand,Tier 3,2023-07-28
CUST_00550,Varun Gupta,Male,Mumbai,Maharashtra,Tier 1,2023-11-28
CUST_00551,Varun Kumar,Male,Dehradun,Uttarakhand,Tier 3,2024-06-02
CUST_00552,Kabir Iyer,Male,Ahmedabad,Gujarat,Tier 2,2023-12-10
CUST_00553,Ishita Singh,Female,Bengaluru,Karnataka,Tier 1,2023-09-01
CUST_00554,Aditya Iyer,Male,Pune,Maharashtra,Tier 1,2024-10-02
CUST_00555,Kabir Iyer,Male,Mumbai,Maharashtra,Tier 1,2024-05-14
CUST_00556,Kabir Sharma,Male,Pune,Maharashtra,Tier 1,2023-10-24
CUST_00557,Amit Kumar,Male,Patna,Bihar,Tier 3,2024-07-10
CUST_00558,Kabir Singh,Male,Mumbai,Maharashtra,Tier 1,2024-08-21
CUST_00559,Kavya Patel,Female,Ahmedabad,Gujarat,Tier 2,2024-05-31
CUST_00560,Varun Patel,Male,Chennai,Tamil Nadu,Tier 1,2024-03-28
CUST_00561,Rahul Sharma,Male,Guwahati,Assam,Tier 3,2024-07-05
CUST_00562,Rahul Iyer,Male,Pune,Maharashtra,Tier 1,2024-01-13
CUST_00563,Kunal Patel,Male,Bengaluru,Karnataka,Tier 1,2024-01-30
CUST_00564,Kavya Patel,Female,Jaipur,Rajasthan,Tier 2,2024-05-09
CUST_00565,Ananya Singh,Female,Chennai,Tamil Nadu,Tier 1,2023-08-09
CUST_00566,Riya Verma,Female,Jaipur,Rajasthan,Tier 2,2024-06-30
CUST_00567,Tanvi Patel,Female,Ranchi,Jharkhand,Tier 3,2024-06-22
CUST_00568,Ishita Gupta,Female,Hyderabad,Telangana,Tier 1,2024-01-17
CUST_00569,Kunal Verma,Male,Jaipur,Rajasthan,Tier 2,2024-03-28
CUST_00570,Kabir Singh,Male,Varanasi,Uttar Pradesh,Tier 3,2024-05-16
CUST_00571,Arjun Patel,Male,Ahmedabad,Gujarat,Tier 2,2023-09-04
CUST_00572,Divya Iyer,Female,Dehradun,Uttarakhand,Tier 3,2023-07-02
CUST_00573,Sneha Iyer,Female,Bhopal,Madhya Pradesh,Tier 3,2023-07-25
CUST_00574,Kabir Mehta,Male,Ranchi,Jharkhand,Tier 3,2024-02-27
CUST_00575,Riya Mehta,Female,Hyderabad,Telangana,Tier 1,2024-10-15
CUST_00576,Aarav Kumar,Male,Bengaluru,Karnataka,Tier 1,2024-03-28
CUST_00577,Pooja Verma,Female,Mumbai,Maharashtra,Tier 1,2024-03-25
CUST_00578,Kunal Verma,Male,Hyderabad,Telangana,Tier 1,2024-09-25
CUST_00579,Riya Verma,Female,Chandigarh,Punjab,Tier 2,2023-12-07
CUST_00580,Tanvi Kumar,Female,Bengaluru,Karnataka,Tier 1,2024-02-25
CUST_00581,Neha Singh,Female,Delhi,Delhi,Tier 1,2023-08-03
CUST_00582,Rohan Verma,Male,Ahmedabad,Gujarat,Tier 2,2024-07-28
CUST_00583,Amit Sharma,Male,Guwahati,Assam,Tier 3,2024-08-02
CUST_00584,Divya Mehta,Female,Jaipur,Rajasthan,Tier 2,2024-07-09
CUST_00585,Amit Iyer,Male,Guwahati,Assam,Tier 3,2023-10-29
CUST_00586,Kunal Patel,Male,Bhopal,Madhya Pradesh,Tier 3,2024-01-03
CUST_00587,Rahul Sharma,Male,Chennai,Tamil Nadu,Tier 1,2024-08-19
CUST_00588,Rahul Iyer,Male,Chennai,Tamil Nadu,Tier 1,2023-08-08
CUST_00589,Arjun Nair,Male,Delhi,Delhi,Tier 1,2024-03-09
CUST_00590,Ananya Iyer,Female,Chandigarh,Punjab,Tier 2,2023-09-24
CUST_00591,Sneha Patel,Female,Ahmedabad,Gujarat,Tier 2,2023-09-11
CUST_00592,Varun Verma,Male,Ahmedabad,Gujarat,Tier 2,2024-05-18
CUST_00593,Riya Gupta,Female,Ahmedabad,Gujarat,Tier 2,2024-09-27
CUST_00594,Rahul Singh,Male,Pune,Maharashtra,Tier 1,2024-07-16
CUST_00595,Arjun Kumar,Male,Jaipur,Rajasthan,Tier 2,2024-09-29
CUST_00596,Kavya Sharma,Female,Delhi,Delhi,Tier 1,2024-04-14
CUST_00597,Neha Verma,Female,Bhopal,Madhya Pradesh,Tier 3,2023-10-16
CUST_00598,Neha Kumar,Female,Hyderabad,Telangana,Tier 1,2023-08-31
CUST_00599,Kunal Mehta,Male,Ranchi,Jharkhand,Tier 3,2024-10-09
CUST_00600,Ananya Nair,Female,Jaipur,Rajasthan,Tier 2,2024-04-14
CUST_00601,Sneha Nair,Female,Varanasi,Uttar Pradesh,Tier 3,2023-11-25
CUST_00602,Aditya Sharma,Male,Hyderabad,Telangana,Tier 1,2023-07-22
CUST_00603,Pooja Singh,Female,Hyderabad,Telangana,Tier 1,2024-10-30
CUST_00604,Priya Sharma,Female,Hyderabad,Telangana,Tier 1,2024-08-30
CUST_00605,Kunal Iyer,Male,Indore,Madhya Pradesh,Tier 2,2023-11-15
CUST_00606,Priya Singh,Female,Bengaluru,Karnataka,Tier 1,2023-11-14
CUST_00607,Aditya Mehta,Male,Indore,Madhya Pradesh,Tier 2,2024-07-24
CUST_00608,Aarav Reddy,Male,Dehradun,Uttarakhand,Tier 3,2023-11-25
CUST_00609,Aditya Singh,Male,Indore,Madhya Pradesh,Tier 2,2024-03-08
CUST_00610,Tanvi Kumar,Female,Lucknow,Uttar Pradesh,Tier 2,2024-09-20
CUST_00611,Ishita Iyer,Female,Bengaluru,Karnataka,Tier 1,2023-06-08
CUST_00612,Ishita Iyer,Female,Indore,Madhya Pradesh,Tier 2,2023-09-19
CUST_00613,Priya Kumar,Female,Dehradun,Uttarakhand,Tier 3,2024-04-28
CUST_00614,Riya Singh,Female,Pune,Maharashtra,Tier 1,2024-02-02
CUST_00615,Varun Gupta,Male,Kochi,Kerala,Tier 2,2023-10-22
CUST_00616,Kunal Singh,Male,Hyderabad,Telangana,Tier 1,2024-07-19
CUST_00617,Ananya Iyer,Female,Ahmedabad,Gujarat,Tier 2,2023-12-12
CUST_00618,Pooja Nair,Female,Chandigarh,Punjab,Tier 2,2024-06-02
CUST_00619,Sneha Nair,Female,Bengaluru,Karnataka,Tier 1,2024-09-25
CUST_00620,Vikram Nair,Male,Lucknow,Uttar Pradesh,Tier 2,2024-05-09
CUST_00621,Aditya Kumar,Male,Delhi,Delhi,Tier 1,2024-08-04
CUST_00622,Kavya Singh,Female,Chandigarh,Punjab,Tier 2,2023-09-29
CUST_00623,Ananya Iyer,Female,Ahmedabad,Gujarat,Tier 2,2023-08-12
CUST_00624,Pooja Nair,Female,Chennai,Tamil Nadu,Tier 1,2024-06-25
CUST_00625,Tanvi Sharma,Female,Bhopal,Madhya Pradesh,Tier 3,2023-10-19
CUST_00626,Kabir Gupta,Male,Ranchi,Jharkhand,Tier 3,2023-10-25
CUST_00627,Sneha Verma,Female,Kochi,Kerala,Tier 2,2023-11-29
CUST_00628,Ananya Sharma,Female,Lucknow,Uttar Pradesh,Tier 2,2023-11-20
CUST_00629,Kunal Verma,Male,Hyderabad,Telangana,Tier 1,2024-08-13
CUST_00630,Tanvi Reddy,Female,Bengaluru,Karnataka,Tier 1,2024-11-28
CUST_00631,Kabir Sharma,Male,Guwahati,Assam,Tier 3,2023-12-13
CUST_00632,Aarav Mehta,Male,Delhi,Delhi,Tier 1,2024-04-15
CUST_00633,Rohan Gupta,Male,Indore,Madhya Pradesh,Tier 2,2023-11-19
CUST_00634,Aarav Singh,Male,Ranchi,Jharkhand,Tier 3,2024-11-14
CUST_00635,Tanvi Patel,Female,Hyderabad,Telangana,Tier 1,2024-06-02
CUST_00636,Rahul Gupta,Male,Mumbai,Maharashtra,Tier 1,2023-10-13
CUST_00637,Aarav Iyer,Male,Jaipur,Rajasthan,Tier 2,2024-06-10
CUST_00638,Arjun Singh,Male,Ahmedabad,Gujarat,Tier 2,2023-07-20
CUST_00639,Rohan Sharma,Male,Bengaluru,Karnataka,Tier 1,2024-07-31
CUST_00640,Tanvi Verma,Female,Chandigarh,Punjab,Tier 2,2023-11-04
CUST_00641,Aarav Singh,Male,Bengaluru,Karnataka,Tier 1,2024-11-14
CUST_00642,Divya Iyer,Female,Chandigarh,Punjab,Tier 2,2023-09-16
CUST_00643,Vikram Verma,Male,Chandigarh,Punjab,Tier 2,2023-12-21
CUST_00644,Vikram Nair,Male,Patna,Bihar,Tier 3,2024-07-24
CUST_00645,Sneha Sharma,Female,Lucknow,Uttar Pradesh,Tier 2,2024-10-05
CUST_00646,Pooja Sharma,Female,Bengaluru,Karnataka,Tier 1,2023-09-22
CUST_00647,Sneha Verma,Female,Jaipur,Rajasthan,Tier 2,2023-09-12
CUST_00648,Pooja Reddy,Female,Patna,Bihar,Tier 3,2024-02-26
CUST_00649,Ananya Verma,Female,Varanasi,Uttar Pradesh,Tier 3,2024-03-24
CUST_00650,Kavya Gupta,Female,Jaipur,Rajasthan,Tier 2,2023-07-17
CUST_00651,Rahul Patel,Male,Hyderabad,Telangana,Tier 1,2024-03-01
CUST_00652,Kabir Kumar,Male,Hyderabad,Telangana,Tier 1,2024-07-14
CUST_00653,Riya Gupta,Female,Chandigarh,Punjab,Tier 2,2024-08-05
CUST_00654,Rohan Patel,Male,Jaipur,Rajasthan,Tier 2,2023-11-11
CUST_00655,Arjun Iyer,Male,Ahmedabad,Gujarat,Tier 2,2024-08-22
CUST_00656,Varun Gupta,Male,Ahmedabad,Gujarat,Tier 2,2023-06-30
CUST_00657,Kunal Reddy,Male,Hyderabad,Telangana,Tier 1,2024-08-25
CUST_00658,Rohan Singh,Male,Jaipur,Rajasthan,Tier 2,2024-11-19
CUST_00659,Kabir Nair,Male,Kochi,Kerala,Tier 2,2023-09-06
CUST_00660,Pooja Reddy,Female,Chennai,Tamil Nadu,Tier 1,2024-06-29
CUST_00661,Amit Iyer,Male,Chennai,Tamil Nadu,Tier 1,2023-11-08
CUST_00662,Neha Patel,Female,Hyderabad,Telangana,Tier 1,2024-04-24
CUST_00663,Kabir Singh,Male,Mumbai,Maharashtra,Tier 1,2024-06-22
CUST_00664,Pooja Verma,Female,Ahmedabad,Gujarat,Tier 2,2024-09-01
CUST_00665,Kunal Reddy,Male,Hyderabad,Telangana,Tier 1,2023-06-19
CUST_00666,Arjun Gupta,Male,Pune,Maharashtra,Tier 1,2023-06-01
CUST_00667,Varun Iyer,Male,Ahmedabad,Gujarat,Tier 2,2023-12-29
CUST_00668,Kavya Kumar,Female,Bhopal,Madhya Pradesh,Tier 3,2024-09-08
CUST_00669,Ishita Iyer,Female,Kochi,Kerala,Tier 2,2024-06-07
CUST_00670,Priya Verma,Female,Lucknow,Uttar Pradesh,Tier 2,2023-06-03
CUST_00671,Kavya Singh,Female,Indore,Madhya Pradesh,Tier 2,2023-09-17
CUST_00672,Rahul Reddy,Male,Chennai,Tamil Nadu,Tier 1,2024-07-24
CUST_00673,Vikram Iyer,Male,Bengaluru,Karnataka,Tier 1,2024-07-07
CUST_00674,Kunal Mehta,Male,Jaipur,Rajasthan,Tier 2,2024-07-29
CUST_00675,Varun Verma,Male,Chandigarh,Punjab,Tier 2,2024-09-11
CUST_00676,Kunal Sharma,Male,Jaipur,Rajasthan,Tier 2,2024-08-17
CUST_00677,Ishita Patel,Female,Lucknow,Uttar Pradesh,Tier 2,2023-10-10
CUST_00678,Arjun Iyer,Male,Indore,Madhya Pradesh,Tier 2,2024-10-29
CUST_00679,Tanvi Iyer,Female,Bhopal,Madhya Pradesh,Tier 3,2024-03-07
CUST_00680,Kavya Singh,Female,Lucknow,Uttar Pradesh,Tier 2,2023-10-20
CUST_00681,Divya Nair,Female,Chennai,Tamil Nadu,Tier 1,2024-04-17
CUST_00682,Aditya Mehta,Male,Indore,Madhya Pradesh,Tier 2,2024-05-19
CUST_00683,Rahul Nair,Male,Kochi,Kerala,Tier 2,2024-04-26
CUST_00684,Kabir Nair,Male,Ahmedabad,Gujarat,Tier 2,2024-08-01
CUST_00685,Tanvi Sharma,Female,Jaipur,Rajasthan,Tier 2,2024-06-25
CUST_00686,Aarav Sharma,Male,Mumbai,Maharashtra,Tier 1,2024-03-20
CUST_00687,Sneha Sharma,Female,Indore,Madhya Pradesh,Tier 2,2023-12-26
CUST_00688,Kabir Reddy,Male,Chennai,Tamil Nadu,Tier 1,2024-01-16
CUST_00689,Pooja Nair,Female,Kochi,Kerala,Tier 2,2024-03-21
CUST_00690,Arjun Gupta,Male,Chennai,Tamil Nadu,Tier 1,2024-04-16
CUST_00691,Aarav Singh,Male,Hyderabad,Telangana,Tier 1,2024-01-17
CUST_00692,Divya Nair,Female,Lucknow,Uttar Pradesh,Tier 2,2023-12-16
CUST_00693,Neha Patel,Female,Varanasi,Uttar Pradesh,Tier 3,2023-12-09
CUST_00694,Amit Verma,Male,Hyderabad,Telangana,Tier 1,2024-03-12
CUST_00695,Sneha Patel,Female,Indore,Madhya Pradesh,Tier 2,2023-06-06
CUST_00696,Neha Patel,Female,Delhi,Delhi,Tier 1,2023-07-23
CUST_00697,Neha Iyer,Female,Jaipur,Rajasthan,Tier 2,2024-04-21
CUST_00698,Rahul Nair,Male,Pune,Maharashtra,Tier 1,2023-11-11
CUST_00699,Ishita Nair,Female,Delhi,Delhi,Tier 1,2024-01-13
CUST_00700,Kabir Kumar,Male,Mumbai,Maharashtra,Tier 1,2024-11-25
CUST_00701,Ishita Sharma,Female,Delhi,Delhi,Tier 1,2024-08-30
CUST_00702,Varun Iyer,Male,Bengaluru,Karnataka,Tier 1,2024-04-24
CUST_00703,Priya Gupta,Female,Chennai,Tamil Nadu,Tier 1,2024-03-16
CUST_00704,Amit Kumar,Male,Ahmedabad,Gujarat,Tier 2,2024-08-30
CUST_00705,Ananya Singh,Female,Bhopal,Madhya Pradesh,Tier 3,2024-04-24
CUST_00706,Rohan Patel,Male,Guwahati,Assam,Tier 3,2024-11-28
CUST_00707,Rohan Mehta,Male,Lucknow,Uttar Pradesh,Tier 2,2024-08-08
CUST_00708,Aditya Nair,Male,Dehradun,Uttarakhand,Tier 3,2024-08-19
CUST_00709,Rahul Sharma,Male,Indore,Madhya Pradesh,Tier 2,2023-07-09
CUST_00710,Rohan Sharma,Male,Delhi,Delhi,Tier 1,2023-08-12
CUST_00711,Vikram Gupta,Male,Chennai,Tamil Nadu,Tier 1,2024-07-19
CUST_00712,Kavya Sharma,Female,Bengaluru,Karnataka,Tier 1,2024-11-29
CUST_00713,Varun Verma,Male,Ahmedabad,Gujarat,Tier 2,2023-07-17
CUST_00714,Kabir Nair,Male,Chennai,Tamil Nadu,Tier 1,2024-04-04
CUST_00715,Vikram Reddy,Male,Chennai,Tamil Nadu,Tier 1,2023-07-02
CUST_00716,Sneha Nair,Female,Chennai,Tamil Nadu,Tier 1,2024-07-05
CUST_00717,Sneha Singh,Female,Kochi,Kerala,Tier 2,2024-06-17
CUST_00718,Amit Nair,Male,Bengaluru,Karnataka,Tier 1,2023-06-06
CUST_00719,Ishita Nair,Female,Patna,Bihar,Tier 3,2024-01-02
CUST_00720,Pooja Gupta,Female,Guwahati,Assam,Tier 3,2023-10-24
CUST_00721,Rahul Mehta,Male,Indore,Madhya Pradesh,Tier 2,2023-12-16
CUST_00722,Rahul Iyer,Male,Guwahati,Assam,Tier 3,2024-09-15
CUST_00723,Vikram Verma,Male,Mumbai,Maharashtra,Tier 1,2024-10-11
CUST_00724,Kavya Patel,Female,Lucknow,Uttar Pradesh,Tier 2,2023-09-11
CUST_00725,Divya Verma,Female,Patna,Bihar,Tier 3,2024-10-10
CUST_00726,Kavya Iyer,Female,Kochi,Kerala,Tier 2,2023-11-04
CUST_00727,Kavya Gupta,Female,Delhi,Delhi,Tier 1,2024-02-08
CUST_00728,Arjun Singh,Male,Bhopal,Madhya Pradesh,Tier 3,2024-05-05
CUST_00729,Neha Reddy,Female,Delhi,Delhi,Tier 1,2024-10-11
CUST_00730,Rahul Iyer,Male,Delhi,Delhi,Tier 1,2023-10-22
CUST_00731,Vikram Verma,Male,Jaipur,Rajasthan,Tier 2,2024-11-01
CUST_00732,Varun Iyer,Male,Pune,Maharashtra,Tier 1,2024-01-04
CUST_00733,Amit Singh,Male,Ahmedabad,Gujarat,Tier 2,2024-09-26
CUST_00734,Kabir Gupta,Male,Pune,Maharashtra,Tier 1,2024-03-24
CUST_00735,Kunal Nair,Male,Chandigarh,Punjab,Tier 2,2024-06-07
CUST_00736,Aditya Iyer,Male,Ahmedabad,Gujarat,Tier 2,2023-10-22
CUST_00737,Sneha Patel,Female,Ahmedabad,Gujarat,Tier 2,2023-10-28
CUST_00738,Kavya Sharma,Female,Hyderabad,Telangana,Tier 1,2024-01-24
CUST_00739,Vikram Kumar,Male,Chennai,Tamil Nadu,Tier 1,2023-12-29
CUST_00740,Tanvi Reddy,Female,Varanasi,Uttar Pradesh,Tier 3,2023-07-11
CUST_00741,Priya Nair,Female,Indore,Madhya Pradesh,Tier 2,2024-02-25
CUST_00742,Arjun Gupta,Male,Chennai,Tamil Nadu,Tier 1,2023-08-19
CUST_00743,Tanvi Mehta,Female,Indore,Madhya Pradesh,Tier 2,2024-05-19
CUST_00744,Neha Iyer,Female,Mumbai,Maharashtra,Tier 1,2024-08-24
CUST_00745,Aditya Verma,Male,Indore,Madhya Pradesh,Tier 2,2024-01-03
CUST_00746,Rahul Patel,Male,Chennai,Tamil Nadu,Tier 1,2023-09-30
CUST_00747,Arjun Kumar,Male,Chandigarh,Punjab,Tier 2,2024-10-03
CUST_00748,Pooja Iyer,Female,Hyderabad,Telangana,Tier 1,2023-06-23
CUST_00749,Aarav Patel,Male,Lucknow,Uttar Pradesh,Tier 2,2023-10-16
CUST_00750,Varun Patel,Male,Delhi,Delhi,Tier 1,2023-12-02
CUST_00751,Divya Iyer,Female,Kochi,Kerala,Tier 2,2024-03-17
CUST_00752,Aditya Reddy,Male,Chandigarh,Punjab,Tier 2,2024-10-06
CUST_00753,Aditya Gupta,Male,Ahmedabad,Gujarat,Tier 2,2023-12-04
CUST_00754,Sneha Kumar,Female,Guwahati,Assam,Tier 3,2023-08-10
CUST_00755,Arjun Gupta,Male,Bengaluru,Karnataka,Tier 1,2023-12-25
CUST_00756,Sneha Iyer,Female,Hyderabad,Telangana,Tier 1,2023-07-10
CUST_00757,Rohan Reddy,Male,Ahmedabad,Gujarat,Tier 2,2023-06-02
CUST_00758,Ishita Gupta,Female,Bengaluru,Karnataka,Tier 1,2024-11-24
CUST_00759,Pooja Reddy,Female,Chandigarh,Punjab,Tier 2,2024-05-24
CUST_00760,Arjun Patel,Male,Mumbai,Maharashtra,Tier 1,2023-08-25
CUST_00761,Divya Nair,Female,Mumbai,Maharashtra,Tier 1,2023-06-06
CUST_00762,Varun Nair,Male,Bengaluru,Karnataka,Tier 1,2024-06-19
CUST_00763,Kabir Gupta,Male,Mumbai,Maharashtra,Tier 1,2024-08-10
CUST_00764,Riya Nair,Female,Delhi,Delhi,Tier 1,2024-03-09
CUST_00765,Pooja Gupta,Female,Ahmedabad,Gujarat,Tier 2,2024-10-07
CUST_00766,Kabir Nair,Male,Indore,Madhya Pradesh,Tier 2,2024-04-10
CUST_00767,Tanvi Patel,Female,Dehradun,Uttarakhand,Tier 3,2023-09-30
CUST_00768,Kunal Patel,Male,Pune,Maharashtra,Tier 1,2024-07-15
CUST_00769,Ishita Iyer,Female,Kochi,Kerala,Tier 2,2023-07-24
CUST_00770,Arjun Sharma,Male,Bhopal,Madhya Pradesh,Tier 3,2024-09-25
CUST_00771,Priya Verma,Female,Delhi,Delhi,Tier 1,2023-08-21
CUST_00772,Arjun Gupta,Male,Ahmedabad,Gujarat,Tier 2,2024-03-20
CUST_00773,Rahul Reddy,Male,Mumbai,Maharashtra,Tier 1,2024-11-12
CUST_00774,Pooja Sharma,Female,Ahmedabad,Gujarat,Tier 2,2024-11-10
CUST_00775,Varun Patel,Male,Indore,Madhya Pradesh,Tier 2,2024-01-31
CUST_00776,Rahul Verma,Male,Ranchi,Jharkhand,Tier 3,2024-05-27
CUST_00777,Tanvi Iyer,Female,Bengaluru,Karnataka,Tier 1,2023-08-10
CUST_00778,Amit Singh,Male,Ahmedabad,Gujarat,Tier 2,2024-05-22
CUST_00779,Riya Mehta,Female,Lucknow,Uttar Pradesh,Tier 2,2024-09-08
CUST_00780,Divya Sharma,Female,Hyderabad,Telangana,Tier 1,2024-10-31
CUST_00781,Amit Verma,Male,Indore,Madhya Pradesh,Tier 2,2023-09-28
CUST_00782,Ishita Iyer,Female,Hyderabad,Telangana,Tier 1,2024-06-21
CUST_00783,Pooja Kumar,Female,Ranchi,Jharkhand,Tier 3,2024-09-14
CUST_00784,Kunal Verma,Male,Hyderabad,Telangana,Tier 1,2024-01-12
CUST_00785,Kabir Gupta,Male,Guwahati,Assam,Tier 3,2024-11-30
CUST_00786,Vikram Mehta,Male,Hyderabad,Telangana,Tier 1,2024-05-16
CUST_00787,Amit Patel,Male,Indore,Madhya Pradesh,Tier 2,2024-01-10
CUST_00788,Sneha Mehta,Female,Lucknow,Uttar Pradesh,Tier 2,2024-01-27
CUST_00789,Vikram Mehta,Male,Mumbai,Maharashtra,Tier 1,2024-05-30
CUST_00790,Rohan Verma,Male,Dehradun,Uttarakhand,Tier 3,2024-10-17
CUST_00791,Amit Sharma,Male,Patna,Bihar,Tier 3,2024-04-18
CUST_00792,Divya Singh,Female,Ahmedabad,Gujarat,Tier 2,2024-03-13
CUST_00793,Pooja Iyer,Female,Pune,Maharashtra,Tier 1,2024-08-07
CUST_00794,Ishita Sharma,Female,Chandigarh,Punjab,Tier 2,2023-11-26
CUST_00795,Priya Nair,Female,Kochi,Kerala,Tier 2,2023-06-09
CUST_00796,Aditya Gupta,Male,Indore,Madhya Pradesh,Tier 2,2024-06-05
CUST_00797,Sneha Nair,Female,Delhi,Delhi,Tier 1,2024-09-25
CUST_00798,Kavya Patel,Female,Lucknow,Uttar Pradesh,Tier 2,2024-08-03
CUST_00799,Kavya Gupta,Female,Mumbai,Maharashtra,Tier 1,2023-10-13
CUST_00800,Rohan Singh,Male,Guwahati,Assam,Tier 3,2024-08-16
CUST_00801,Pooja Patel,Female,Dehradun,Uttarakhand,Tier 3,2023-11-01
CUST_00802,Ananya Patel,Female,Mumbai,Maharashtra,Tier 1,2024-11-11
CUST_00803,Neha Singh,Female,Pune,Maharashtra,Tier 1,2023-07-19
CUST_00804,Priya Patel,Female,Delhi,Delhi,Tier 1,2024-09-30
CUST_00805,Kunal Kumar,Male,Delhi,Delhi,Tier 1,2024-02-19
CUST_00806,Ananya Gupta,Female,Chennai,Tamil Nadu,Tier 1,2023-12-21
CUST_00807,Vikram Kumar,Male,Pune,Maharashtra,Tier 1,2024-10-12
CUST_00808,Priya Gupta,Female,Chandigarh,Punjab,Tier 2,2023-10-27
CUST_00809,Kabir Gupta,Male,Ahmedabad,Gujarat,Tier 2,2024-07-19
CUST_00810,Rohan Patel,Male,Delhi,Delhi,Tier 1,2024-04-20
CUST_00811,Riya Iyer,Female,Indore,Madhya Pradesh,Tier 2,2024-08-29
CUST_00812,Divya Nair,Female,Ranchi,Jharkhand,Tier 3,2023-11-19
CUST_00813,Aarav Patel,Male,Kochi,Kerala,Tier 2,2024-02-13
CUST_00814,Aditya Patel,Male,Bengaluru,Karnataka,Tier 1,2023-08-05
CUST_00815,Ishita Sharma,Female,Hyderabad,Telangana,Tier 1,2024-11-18
CUST_00816,Rohan Singh,Male,Jaipur,Rajasthan,Tier 2,2024-07-04
CUST_00817,Pooja Mehta,Female,Chandigarh,Punjab,Tier 2,2023-10-08
CUST_00818,Amit Patel,Male,Chennai,Tamil Nadu,Tier 1,2024-05-31
CUST_00819,Neha Reddy,Female,Guwahati,Assam,Tier 3,2024-03-05
CUST_00820,Sneha Nair,Female,Pune,Maharashtra,Tier 1,2024-09-10
CUST_00821,Ishita Nair,Female,Delhi,Delhi,Tier 1,2024-10-06
CUST_00822,Rohan Reddy,Male,Hyderabad,Telangana,Tier 1,2024-02-22
CUST_00823,Vikram Sharma,Male,Mumbai,Maharashtra,Tier 1,2024-05-18
CUST_00824,Neha Nair,Female,Hyderabad,Telangana,Tier 1,2024-10-01
CUST_00825,Ananya Gupta,Female,Ahmedabad,Gujarat,Tier 2,2024-01-23
CUST_00826,Amit Kumar,Male,Pune,Maharashtra,Tier 1,2024-08-21
CUST_00827,Pooja Patel,Female,Kochi,Kerala,Tier 2,2024-07-04
CUST_00828,Pooja Singh,Female,Chennai,Tamil Nadu,Tier 1,2024-02-01
CUST_00829,Riya Nair,Female,Ranchi,Jharkhand,Tier 3,2023-12-10
CUST_00830,Rahul Patel,Male,Chennai,Tamil Nadu,Tier 1,2024-09-09
CUST_00831,Riya Iyer,Female,Indore,Madhya Pradesh,Tier 2,2023-06-20
CUST_00832,Aarav Nair,Male,Bengaluru,Karnataka,Tier 1,2024-03-15
CUST_00833,Sneha Reddy,Female,Lucknow,Uttar Pradesh,Tier 2,2023-09-01
CUST_00834,Aarav Reddy,Male,Hyderabad,Telangana,Tier 1,2024-04-15
CUST_00835,Kavya Reddy,Female,Jaipur,Rajasthan,Tier 2,2024-05-04
CUST_00836,Rahul Sharma,Male,Hyderabad,Telangana,Tier 1,2023-08-13
CUST_00837,Sneha Mehta,Female,Patna,Bihar,Tier 3,2024-06-25
CUST_00838,Rohan Mehta,Male,Hyderabad,Telangana,Tier 1,2024-02-09
CUST_00839,Aditya Reddy,Male,Jaipur,Rajasthan,Tier 2,2024-11-15
CUST_00840,Kunal Gupta,Male,Indore,Madhya Pradesh,Tier 2,2024-04-26
CUST_00841,Aarav Nair,Male,Indore,Madhya Pradesh,Tier 2,2024-10-05
CUST_00842,Pooja Kumar,Female,Dehradun,Uttarakhand,Tier 3,2024-01-10
CUST_00843,Aditya Gupta,Male,Mumbai,Maharashtra,Tier 1,2024-03-09
CUST_00844,Arjun Mehta,Male,Bengaluru,Karnataka,Tier 1,2024-09-29
CUST_00845,Kabir Verma,Male,Hyderabad,Telangana,Tier 1,2023-09-02
CUST_00846,Ananya Sharma,Female,Mumbai,Maharashtra,Tier 1,2024-12-01
CUST_00847,Rahul Reddy,Male,Pune,Maharashtra,Tier 1,2024-05-21
CUST_00848,Pooja Sharma,Female,Indore,Madhya Pradesh,Tier 2,2023-10-16
CUST_00849,Ananya Reddy,Female,Ahmedabad,Gujarat,Tier 2,2024-03-28
CUST_00850,Pooja Iyer,Female,Delhi,Delhi,Tier 1,2024-04-27
CUST_00851,Riya Iyer,Female,Guwahati,Assam,Tier 3,2023-11-12
CUST_00852,Amit Patel,Male,Delhi,Delhi,Tier 1,2024-06-10
CUST_00853,Ananya Nair,Female,Mumbai,Maharashtra,Tier 1,2023-06-20
CUST_00854,Divya Mehta,Female,Bengaluru,Karnataka,Tier 1,2024-07-01
CUST_00855,Amit Reddy,Male,Lucknow,Uttar Pradesh,Tier 2,2024-03-16
CUST_00856,Tanvi Kumar,Female,Pune,Maharashtra,Tier 1,2023-08-08
CUST_00857,Rahul Patel,Male,Bhopal,Madhya Pradesh,Tier 3,2023-09-18
CUST_00858,Pooja Verma,Female,Chennai,Tamil Nadu,Tier 1,2024-07-02
CUST_00859,Ishita Iyer,Female,Indore,Madhya Pradesh,Tier 2,2023-07-21
CUST_00860,Pooja Iyer,Female,Jaipur,Rajasthan,Tier 2,2023-12-31
CUST_00861,Priya Reddy,Female,Varanasi,Uttar Pradesh,Tier 3,2024-06-04
CUST_00862,Kavya Sharma,Female,Patna,Bihar,Tier 3,2024-11-23
CUST_00863,Rohan Singh,Male,Mumbai,Maharashtra,Tier 1,2024-11-13
CUST_00864,Rohan Mehta,Male,Lucknow,Uttar Pradesh,Tier 2,2023-12-15
CUST_00865,Varun Patel,Male,Ahmedabad,Gujarat,Tier 2,2024-07-30
CUST_00866,Varun Kumar,Male,Kochi,Kerala,Tier 2,2024-08-11
CUST_00867,Rahul Patel,Male,Ahmedabad,Gujarat,Tier 2,2024-05-11
CUST_00868,Amit Iyer,Male,Delhi,Delhi,Tier 1,2024-04-18
CUST_00869,Kavya Gupta,Female,Chandigarh,Punjab,Tier 2,2024-04-27
CUST_00870,Varun Nair,Male,Pune,Maharashtra,Tier 1,2024-02-16
CUST_00871,Neha Reddy,Female,Varanasi,Uttar Pradesh,Tier 3,2023-07-06
CUST_00872,Divya Sharma,Female,Indore,Madhya Pradesh,Tier 2,2023-06-07
CUST_00873,Pooja Mehta,Female,Varanasi,Uttar Pradesh,Tier 3,2024-03-09
CUST_00874,Rohan Sharma,Male,Lucknow,Uttar Pradesh,Tier 2,2023-10-20
CUST_00875,Kavya Iyer,Female,Delhi,Delhi,Tier 1,2024-04-03
CUST_00876,Varun Gupta,Male,Lucknow,Uttar Pradesh,Tier 2,2023-08-19
CUST_00877,Neha Patel,Female,Kochi,Kerala,Tier 2,2023-09-06
CUST_00878,Ananya Iyer,Female,Bengaluru,Karnataka,Tier 1,2024-05-08
CUST_00879,Tanvi Gupta,Female,Varanasi,Uttar Pradesh,Tier 3,2024-01-19
CUST_00880,Arjun Sharma,Male,Bengaluru,Karnataka,Tier 1,2024-04-22
CUST_00881,Kabir Nair,Male,Lucknow,Uttar Pradesh,Tier 2,2023-07-22
CUST_00882,Neha Iyer,Female,Jaipur,Rajasthan,Tier 2,2024-01-14
CUST_00883,Riya Gupta,Female,Delhi,Delhi,Tier 1,2023-08-24
CUST_00884,Divya Sharma,Female,Indore,Madhya Pradesh,Tier 2,2023-08-27
CUST_00885,Ishita Gupta,Female,Lucknow,Uttar Pradesh,Tier 2,2023-10-17
CUST_00886,Ishita Mehta,Female,Kochi,Kerala,Tier 2,2023-12-18
CUST_00887,Aditya Verma,Male,Hyderabad,Telangana,Tier 1,2024-04-27
CUST_00888,Rohan Gupta,Male,Delhi,Delhi,Tier 1,2023-12-13
CUST_00889,Kavya Iyer,Female,Indore,Madhya Pradesh,Tier 2,2023-11-21
CUST_00890,Divya Reddy,Female,Chandigarh,Punjab,Tier 2,2023-07-16
CUST_00891,Aditya Kumar,Male,Chennai,Tamil Nadu,Tier 1,2023-08-27
CUST_00892,Aarav Mehta,Male,Bhopal,Madhya Pradesh,Tier 3,2024-03-21
CUST_00893,Kabir Verma,Male,Hyderabad,Telangana,Tier 1,2023-06-24
CUST_00894,Pooja Nair,Female,Pune,Maharashtra,Tier 1,2024-11-17
CUST_00895,Ishita Reddy,Female,Lucknow,Uttar Pradesh,Tier 2,2023-06-19
CUST_00896,Divya Nair,Female,Mumbai,Maharashtra,Tier 1,2023-08-01
CUST_00897,Pooja Iyer,Female,Hyderabad,Telangana,Tier 1,2023-06-09
CUST_00898,Arjun Singh,Male,Kochi,Kerala,Tier 2,2024-06-03
CUST_00899,Aarav Singh,Male,Dehradun,Uttarakhand,Tier 3,2024-06-30
CUST_00900,Arjun Nair,Male,Varanasi,Uttar Pradesh,Tier 3,2024-04-19
CUST_00901,Divya Nair,Female,Mumbai,Maharashtra,Tier 1,2024-10-25
CUST_00902,Ishita Sharma,Female,Pune,Maharashtra,Tier 1,2024-04-08
CUST_00903,Neha Gupta,Female,Jaipur,Rajasthan,Tier 2,2024-05-21
CUST_00904,Kavya Singh,Female,Pune,Maharashtra,Tier 1,2024-03-09
CUST_00905,Vikram Gupta,Male,Varanasi,Uttar Pradesh,Tier 3,2024-03-13
CUST_00906,Rahul Kumar,Male,Dehradun,Uttarakhand,Tier 3,2023-10-19
CUST_00907,Arjun Nair,Male,Guwahati,Assam,Tier 3,2024-01-19
CUST_00908,Pooja Iyer,Female,Delhi,Delhi,Tier 1,2024-05-03
CUST_00909,Ishita Patel,Female,Mumbai,Maharashtra,Tier 1,2023-12-25
CUST_00910,Vikram Nair,Male,Ranchi,Jharkhand,Tier 3,2023-10-27
CUST_00911,Kabir Verma,Male,Kochi,Kerala,Tier 2,2023-09-30
CUST_00912,Kabir Patel,Male,Indore,Madhya Pradesh,Tier 2,2024-07-28
CUST_00913,Riya Reddy,Female,Kochi,Kerala,Tier 2,2024-03-07
CUST_00914,Aditya Verma,Male,Bengaluru,Karnataka,Tier 1,2024-02-29
CUST_00915,Varun Mehta,Male,Bengaluru,Karnataka,Tier 1,2024-06-02
CUST_00916,Kunal Patel,Male,Ahmedabad,Gujarat,Tier 2,2024-09-23
CUST_00917,Sneha Gupta,Female,Lucknow,Uttar Pradesh,Tier 2,2023-11-15
CUST_00918,Aditya Sharma,Male,Bengaluru,Karnataka,Tier 1,2024-03-03
CUST_00919,Pooja Mehta,Female,Jaipur,Rajasthan,Tier 2,2023-11-29
CUST_00920,Divya Reddy,Female,Chandigarh,Punjab,Tier 2,2024-02-08
CUST_00921,Tanvi Sharma,Female,Chandigarh,Punjab,Tier 2,2024-04-16
CUST_00922,Divya Iyer,Female,Ahmedabad,Gujarat,Tier 2,2023-07-10
CUST_00923,Kunal Reddy,Male,Varanasi,Uttar Pradesh,Tier 3,2024-02-07
CUST_00924,Ananya Nair,Female,Chennai,Tamil Nadu,Tier 1,2023-07-21
CUST_00925,Vikram Reddy,Male,Delhi,Delhi,Tier 1,2024-03-19
CUST_00926,Sneha Gupta,Female,Bengaluru,Karnataka,Tier 1,2024-11-11
CUST_00927,Kunal Reddy,Male,Pune,Maharashtra,Tier 1,2023-09-24
CUST_00928,Varun Nair,Male,Hyderabad,Telangana,Tier 1,2024-04-27
CUST_00929,Ananya Patel,Female,Kochi,Kerala,Tier 2,2023-12-24
CUST_00930,Priya Singh,Female,Chennai,Tamil Nadu,Tier 1,2023-11-15
CUST_00931,Rohan Verma,Male,Kochi,Kerala,Tier 2,2024-06-06
CUST_00932,Amit Gupta,Male,Ahmedabad,Gujarat,Tier 2,2023-11-11
CUST_00933,Ishita Gupta,Female,Mumbai,Maharashtra,Tier 1,2024-05-09
CUST_00934,Rahul Patel,Male,Chennai,Tamil Nadu,Tier 1,2023-07-23
CUST_00935,Riya Singh,Female,Chandigarh,Punjab,Tier 2,2024-03-22
CUST_00936,Rohan Patel,Male,Varanasi,Uttar Pradesh,Tier 3,2024-02-15
CUST_00937,Kunal Reddy,Male,Guwahati,Assam,Tier 3,2023-06-06
CUST_00938,Pooja Mehta,Female,Chandigarh,Punjab,Tier 2,2024-09-07
CUST_00939,Neha Verma,Female,Jaipur,Rajasthan,Tier 2,2024-02-06
CUST_00940,Divya Nair,Female,Bhopal,Madhya Pradesh,Tier 3,2023-07-21
CUST_00941,Rahul Sharma,Male,Jaipur,Rajasthan,Tier 2,2023-10-27
CUST_00942,Varun Iyer,Male,Bengaluru,Karnataka,Tier 1,2023-07-21
CUST_00943,Arjun Patel,Male,Delhi,Delhi,Tier 1,2023-11-29
CUST_00944,Divya Kumar,Female,Varanasi,Uttar Pradesh,Tier 3,2024-04-02
CUST_00945,Kavya Gupta,Female,Ranchi,Jharkhand,Tier 3,2023-08-06
CUST_00946,Neha Patel,Female,Delhi,Delhi,Tier 1,2024-05-03
CUST_00947,Ishita Mehta,Female,Ahmedabad,Gujarat,Tier 2,2023-07-30
CUST_00948,Varun Nair,Male,Ranchi,Jharkhand,Tier 3,2024-03-21
CUST_00949,Divya Kumar,Female,Pune,Maharashtra,Tier 1,2024-05-28
CUST_00950,Varun Iyer,Male,Kochi,Kerala,Tier 2,2024-10-22
CUST_00951,Sneha Iyer,Female,Delhi,Delhi,Tier 1,2023-12-16
CUST_00952,Rohan Sharma,Male,Jaipur,Rajasthan,Tier 2,2023-12-30
CUST_00953,Tanvi Sharma,Female,Pune,Maharashtra,Tier 1,2024-01-04
CUST_00954,Aditya Singh,Male,Bengaluru,Karnataka,Tier 1,2024-04-11
CUST_00955,Ishita Nair,Female,Bengaluru,Karnataka,Tier 1,2023-09-25
CUST_00956,Kavya Gupta,Female,Ahmedabad,Gujarat,Tier 2,2023-06-30
CUST_00957,Aditya Kumar,Male,Dehradun,Uttarakhand,Tier 3,2024-10-03
CUST_00958,Ananya Patel,Female,Kochi,Kerala,Tier 2,2024-09-14
CUST_00959,Neha Gupta,Female,Varanasi,Uttar Pradesh,Tier 3,2024-11-15
CUST_00960,Divya Kumar,Female,Jaipur,Rajasthan,Tier 2,2023-12-31
CUST_00961,Kavya Verma,Female,Patna,Bihar,Tier 3,2023-07-02
CUST_00962,Tanvi Nair,Female,Guwahati,Assam,Tier 3,2024-07-03
CUST_00963,Varun Verma,Male,Patna,Bihar,Tier 3,2024-04-18
CUST_00964,Vikram Gupta,Male,Mumbai,Maharashtra,Tier 1,2024-06-15
CUST_00965,Riya Mehta,Female,Lucknow,Uttar Pradesh,Tier 2,2023-09-23
CUST_00966,Ananya Mehta,Female,Ranchi,Jharkhand,Tier 3,2024-10-31
CUST_00967,Kunal Nair,Male,Delhi,Delhi,Tier 1,2024-10-08
CUST_00968,Kavya Patel,Female,Jaipur,Rajasthan,Tier 2,2024-11-10
CUST_00969,Aditya Sharma,Male,Kochi,Kerala,Tier 2,2024-11-16
CUST_00970,Aarav Singh,Male,Dehradun,Uttarakhand,Tier 3,2023-08-29
CUST_00971,Neha Sharma,Female,Chennai,Tamil Nadu,Tier 1,2024-04-15
CUST_00972,Varun Singh,Male,Lucknow,Uttar Pradesh,Tier 2,2024-04-24
CUST_00973,Aditya Singh,Male,Delhi,Delhi,Tier 1,2024-08-25
CUST_00974,Vikram Patel,Male,Bengaluru,Karnataka,Tier 1,2023-06-16
CUST_00975,Aditya Nair,Male,Delhi,Delhi,Tier 1,2024-03-04
CUST_00976,Vikram Iyer,Male,Bengaluru,Karnataka,Tier 1,2024-04-14
CUST_00977,Ishita Reddy,Female,Bengaluru,Karnataka,Tier 1,2024-09-25
CUST_00978,Rohan Gupta,Male,Hyderabad,Telangana,Tier 1,2024-07-06
CUST_00979,Varun Iyer,Male,Kochi,Kerala,Tier 2,2024-08-30
CUST_00980,Riya Kumar,Female,Dehradun,Uttarakhand,Tier 3,2024-11-28
CUST_00981,Kunal Iyer,Male,Chennai,Tamil Nadu,Tier 1,2024-09-22
CUST_00982,Kunal Singh,Male,Kochi,Kerala,Tier 2,2024-09-19
CUST_00983,Pooja Mehta,Female,Pune,Maharashtra,Tier 1,2024-02-20
CUST_00984,Tanvi Patel,Female,Kochi,Kerala,Tier 2,2024-05-04
CUST_00985,Neha Reddy,Female,Hyderabad,Telangana,Tier 1,2023-09-24
CUST_00986,Neha Reddy,Female,Patna,Bihar,Tier 3,2024-05-22
CUST_00987,Amit Verma,Male,Chennai,Tamil Nadu,Tier 1,2023-09-18
CUST_00988,Ishita Verma,Female,Ahmedabad,Gujarat,Tier 2,2024-09-15
CUST_00989,Divya Gupta,Female,Mumbai,Maharashtra,Tier 1,2023-11-10
CUST_00990,Tanvi Verma,Female,Chennai,Tamil Nadu,Tier 1,2024-08-15
CUST_00991,Divya Kumar,Female,Lucknow,Uttar Pradesh,Tier 2,2023-11-25
CUST_00992,Varun Reddy,Male,Pune,Maharashtra,Tier 1,2024-09-17
CUST_00993,Ishita Verma,Female,Bhopal,Madhya Pradesh,Tier 3,2024-04-11
CUST_00994,Priya Iyer,Female,Pune,Maharashtra,Tier 1,2024-06-23
CUST_00995,Neha Sharma,Female,Mumbai,Maharashtra,Tier 1,2023-06-01
CUST_00996,Rahul Reddy,Male,Chandigarh,Punjab,Tier 2,2024-08-31
CUST_00997,Aditya Kumar,Male,Chennai,Tamil Nadu,Tier 1,2024-04-07
CUST_00998,Kavya Verma,Female,Ahmedabad,Gujarat,Tier 2,2024-11-04
CUST_00999,Sneha Singh,Female,Pune,Maharashtra,Tier 1,2023-07-25
CUST_01000,Amit Kumar,Male,Delhi,Delhi,Tier 1,2023-07-02
CUST_01001,Arjun Iyer,Male,Delhi,Delhi,Tier 1,2024-06-26
CUST_01002,Tanvi Gupta,Female,Kochi,Kerala,Tier 2,2023-11-25
CUST_01003,Sneha Mehta,Female,Indore,Madhya Pradesh,Tier 2,2024-08-01
CUST_01004,Vikram Patel,Male,Bengaluru,Karnataka,Tier 1,2023-06-17
CUST_01005,Kunal Gupta,Male,Bhopal,Madhya Pradesh,Tier 3,2023-08-26
CUST_01006,Arjun Reddy,Male,Dehradun,Uttarakhand,Tier 3,2024-08-09
CUST_01007,Kunal Nair,Male,Hyderabad,Telangana,Tier 1,2024-06-28
CUST_01008,Pooja Patel,Female,Bengaluru,Karnataka,Tier 1,2024-10-23
CUST_01009,Amit Singh,Male,Pune,Maharashtra,Tier 1,2024-06-10
CUST_01010,Aarav Iyer,Male,Indore,Madhya Pradesh,Tier 2,2023-09-24
CUST_01011,Priya Patel,Female,Ahmedabad,Gujarat,Tier 2,2024-03-13
CUST_01012,Ishita Verma,Female,Ahmedabad,Gujarat,Tier 2,2023-08-30
CUST_01013,Kunal Verma,Male,Ahmedabad,Gujarat,Tier 2,2024-04-15
CUST_01014,Kabir Nair,Male,Chandigarh,Punjab,Tier 2,2024-09-07
CUST_01015,Divya Kumar,Female,Delhi,Delhi,Tier 1,2024-03-23
CUST_01016,Aarav Iyer,Male,Kochi,Kerala,Tier 2,2024-02-22
CUST_01017,Kunal Iyer,Male,Bengaluru,Karnataka,Tier 1,2024-03-25
CUST_01018,Vikram Reddy,Male,Pune,Maharashtra,Tier 1,2023-08-18
CUST_01019,Riya Patel,Female,Indore,Madhya Pradesh,Tier 2,2024-02-19
CUST_01020,Rohan Iyer,Male,Pune,Maharashtra,Tier 1,2023-11-02
CUST_01021,Kavya Patel,Female,Chennai,Tamil Nadu,Tier 1,2024-01-28
CUST_01022,Sneha Nair,Female,Patna,Bihar,Tier 3,2023-08-26
CUST_01023,Varun Patel,Male,Ranchi,Jharkhand,Tier 3,2024-06-27
CUST_01024,Kunal Patel,Male,Chennai,Tamil Nadu,Tier 1,2024-05-19
CUST_01025,Vikram Verma,Male,Hyderabad,Telangana,Tier 1,2024-07-13
CUST_01026,Riya Reddy,Female,Ahmedabad,Gujarat,Tier 2,2024-01-26
CUST_01027,Tanvi Reddy,Female,Pune,Maharashtra,Tier 1,2024-08-19
CUST_01028,Vikram Reddy,Male,Delhi,Delhi,Tier 1,2024-11-24
CUST_01029,Rohan Nair,Male,Chandigarh,Punjab,Tier 2,2024-03-06
CUST_01030,Riya Singh,Female,Patna,Bihar,Tier 3,2024-07-05
CUST_01031,Pooja Iyer,Female,Ahmedabad,Gujarat,Tier 2,2024-05-11
CUST_01032,Kabir Nair,Male,Bengaluru,Karnataka,Tier 1,2023-08-09
CUST_01033,Arjun Verma,Male,Kochi,Kerala,Tier 2,2024-08-30
CUST_01034,Pooja Singh,Female,Bengaluru,Karnataka,Tier 1,2023-06-25
CUST_01035,Aarav Iyer,Male,Lucknow,Uttar Pradesh,Tier 2,2023-10-03
CUST_01036,Rohan Iyer,Male,Chennai,Tamil Nadu,Tier 1,2023-12-07
CUST_01037,Rahul Singh,Male,Chennai,Tamil Nadu,Tier 1,2023-08-17
CUST_01038,Riya Gupta,Female,Kochi,Kerala,Tier 2,2024-04-27
CUST_01039,Sneha Verma,Female,Bengaluru,Karnataka,Tier 1,2024-06-26
CUST_01040,Kavya Sharma,Female,Delhi,Delhi,Tier 1,2023-11-30
CUST_01041,Priya Reddy,Female,Bhopal,Madhya Pradesh,Tier 3,2024-07-07
CUST_01042,Kunal Verma,Male,Hyderabad,Telangana,Tier 1,2024-01-10
CUST_01043,Kunal Singh,Male,Bengaluru,Karnataka,Tier 1,2023-08-12
CUST_01044,Neha Sharma,Female,Bhopal,Madhya Pradesh,Tier 3,2023-06-01
CUST_01045,Arjun Singh,Male,Delhi,Delhi,Tier 1,2024-07-05
CUST_01046,Amit Reddy,Male,Chandigarh,Punjab,Tier 2,2023-08-11
CUST_01047,Aarav Gupta,Male,Ranchi,Jharkhand,Tier 3,2023-10-03
CUST_01048,Kavya Singh,Female,Chennai,Tamil Nadu,Tier 1,2023-09-01
CUST_01049,Ishita Kumar,Female,Hyderabad,Telangana,Tier 1,2024-03-23
CUST_01050,Rahul Nair,Male,Hyderabad,Telangana,Tier 1,2023-12-13
CUST_01051,Tanvi Verma,Female,Indore,Madhya Pradesh,Tier 2,2024-10-11
CUST_01052,Kunal Mehta,Male,Mumbai,Maharashtra,Tier 1,2023-06-26
CUST_01053,Kunal Gupta,Male,Pune,Maharashtra,Tier 1,2024-04-11
CUST_01054,Ishita Reddy,Female,Varanasi,Uttar Pradesh,Tier 3,2023-07-08
CUST_01055,Ananya Kumar,Female,Jaipur,Rajasthan,Tier 2,2024-07-20
CUST_01056,Aditya Nair,Male,Kochi,Kerala,Tier 2,2024-12-01
CUST_01057,Varun Mehta,Male,Varanasi,Uttar Pradesh,Tier 3,2023-10-23
CUST_01058,Ananya Reddy,Female,Guwahati,Assam,Tier 3,2023-07-17
CUST_01059,Rahul Sharma,Male,Bengaluru,Karnataka,Tier 1,2024-04-10
CUST_01060,Kunal Iyer,Male,Pune,Maharashtra,Tier 1,2023-08-05
CUST_01061,Rohan Reddy,Male,Ahmedabad,Gujarat,Tier 2,2024-01-12
CUST_01062,Aditya Gupta,Male,Chennai,Tamil Nadu,Tier 1,2024-07-16
CUST_01063,Priya Iyer,Female,Indore,Madhya Pradesh,Tier 2,2024-01-05
CUST_01064,Varun Patel,Male,Bengaluru,Karnataka,Tier 1,2024-03-07
CUST_01065,Arjun Patel,Male,Ahmedabad,Gujarat,Tier 2,2023-11-16
CUST_01066,Pooja Iyer,Female,Bengaluru,Karnataka,Tier 1,2024-06-20
CUST_01067,Aarav Reddy,Male,Bengaluru,Karnataka,Tier 1,2023-12-01
CUST_01068,Varun Singh,Male,Hyderabad,Telangana,Tier 1,2023-10-08
CUST_01069,Rahul Singh,Male,Chandigarh,Punjab,Tier 2,2024-01-31
CUST_01070,Varun Sharma,Male,Kochi,Kerala,Tier 2,2024-10-24
CUST_01071,Vikram Kumar,Male,Pune,Maharashtra,Tier 1,2024-01-28
CUST_01072,Rohan Nair,Male,Guwahati,Assam,Tier 3,2024-06-05
CUST_01073,Kunal Mehta,Male,Mumbai,Maharashtra,Tier 1,2023-09-24
CUST_01074,Kunal Reddy,Male,Chennai,Tamil Nadu,Tier 1,2023-07-15
CUST_01075,Kabir Singh,Male,Delhi,Delhi,Tier 1,2024-05-08
CUST_01076,Ananya Verma,Female,Ahmedabad,Gujarat,Tier 2,2023-11-28
CUST_01077,Aarav Reddy,Male,Jaipur,Rajasthan,Tier 2,2024-01-27
CUST_01078,Divya Iyer,Female,Mumbai,Maharashtra,Tier 1,2024-04-29
CUST_01079,Rohan Kumar,Male,Mumbai,Maharashtra,Tier 1,2024-07-27
CUST_01080,Arjun Mehta,Male,Pune,Maharashtra,Tier 1,2024-10-09
CUST_01081,Arjun Patel,Male,Pune,Maharashtra,Tier 1,2024-09-08
CUST_01082,Arjun Kumar,Male,Chennai,Tamil Nadu,Tier 1,2023-12-16
CUST_01083,Riya Mehta,Female,Bengaluru,Karnataka,Tier 1,2023-08-01
CUST_01084,Sneha Verma,Female,Ranchi,Jharkhand,Tier 3,2024-08-02
CUST_01085,Kabir Mehta,Male,Guwahati,Assam,Tier 3,2023-11-08
CUST_01086,Varun Nair,Male,Varanasi,Uttar Pradesh,Tier 3,2024-07-26
CUST_01087,Pooja Iyer,Female,Chandigarh,Punjab,Tier 2,2024-03-12
CUST_01088,Arjun Mehta,Male,Hyderabad,Telangana,Tier 1,2024-01-14
CUST_01089,Varun Sharma,Male,Bengaluru,Karnataka,Tier 1,2023-07-12
CUST_01090,Ishita Sharma,Female,Hyderabad,Telangana,Tier 1,2024-10-03
CUST_01091,Kunal Reddy,Male,Pune,Maharashtra,Tier 1,2023-06-13
CUST_01092,Pooja Patel,Female,Mumbai,Maharashtra,Tier 1,2023-09-01
CUST_01093,Kunal Singh,Male,Hyderabad,Telangana,Tier 1,2023-06-25
CUST_01094,Neha Patel,Female,Ranchi,Jharkhand,Tier 3,2023-12-07
CUST_01095,Neha Sharma,Female,Varanasi,Uttar Pradesh,Tier 3,2024-06-29
CUST_01096,Ishita Sharma,Female,Delhi,Delhi,Tier 1,2023-12-30
CUST_01097,Varun Kumar,Male,Jaipur,Rajasthan,Tier 2,2024-11-09
CUST_01098,Ananya Verma,Female,Hyderabad,Telangana,Tier 1,2023-07-12
CUST_01099,Kavya Patel,Female,Kochi,Kerala,Tier 2,2023-08-08
CUST_01100,Rahul Kumar,Male,Bengaluru,Karnataka,Tier 1,2024-10-02
CUST_01101,Aditya Kumar,Male,Delhi,Delhi,Tier 1,2024-10-28
CUST_01102,Riya Sharma,Female,Delhi,Delhi,Tier 1,2024-09-06
CUST_01103,Ishita Nair,Female,Ranchi,Jharkhand,Tier 3,2024-11-26
CUST_01104,Neha Iyer,Female,Chennai,Tamil Nadu,Tier 1,2023-08-07
CUST_01105,Kunal Verma,Male,Mumbai,Maharashtra,Tier 1,2024-03-22
CUST_01106,Rohan Patel,Male,Chennai,Tamil Nadu,Tier 1,2023-10-30
CUST_01107,Sneha Mehta,Female,Kochi,Kerala,Tier 2,2023-06-24
CUST_01108,Tanvi Nair,Female,Ranchi,Jharkhand,Tier 3,2024-05-21
CUST_01109,Neha Sharma,Female,Bengaluru,Karnataka,Tier 1,2023-06-23
CUST_01110,Amit Kumar,Male,Delhi,Delhi,Tier 1,2024-04-30
CUST_01111,Divya Nair,Female,Ranchi,Jharkhand,Tier 3,2024-09-11
CUST_01112,Divya Patel,Female,Patna,Bihar,Tier 3,2023-11-23
CUST_01113,Pooja Reddy,Female,Delhi,Delhi,Tier 1,2023-07-19
CUST_01114,Kabir Singh,Male,Lucknow,Uttar Pradesh,Tier 2,2023-11-12
CUST_01115,Sneha Patel,Female,Dehradun,Uttarakhand,Tier 3,2023-11-05
CUST_01116,Aditya Verma,Male,Delhi,Delhi,Tier 1,2023-10-08
CUST_01117,Riya Kumar,Female,Pune,Maharashtra,Tier 1,2023-07-06
CUST_01118,Kavya Patel,Female,Pune,Maharashtra,Tier 1,2023-11-14
CUST_01119,Priya Sharma,Female,Hyderabad,Telangana,Tier 1,2023-10-27
CUST_01120,Kavya Patel,Female,Chennai,Tamil Nadu,Tier 1,2024-11-01
CUST_01121,Riya Reddy,Female,Guwahati,Assam,Tier 3,2023-10-29
CUST_01122,Kavya Verma,Female,Jaipur,Rajasthan,Tier 2,2023-10-21
CUST_01123,Vikram Sharma,Male,Mumbai,Maharashtra,Tier 1,2024-08-30
CUST_01124,Priya Kumar,Female,Chennai,Tamil Nadu,Tier 1,2023-12-17
CUST_01125,Vikram Mehta,Male,Pune,Maharashtra,Tier 1,2024-08-30
CUST_01126,Amit Gupta,Male,Delhi,Delhi,Tier 1,2024-11-05
CUST_01127,Kabir Gupta,Male,Hyderabad,Telangana,Tier 1,2024-06-13
CUST_01128,Kavya Sharma,Female,Delhi,Delhi,Tier 1,2024-04-11
CUST_01129,Ishita Verma,Female,Hyderabad,Telangana,Tier 1,2024-07-30
CUST_01130,Riya Patel,Female,Ranchi,Jharkhand,Tier 3,2024-07-29
CUST_01131,Varun Iyer,Male,Mumbai,Maharashtra,Tier 1,2024-04-06
CUST_01132,Ishita Kumar,Female,Pune,Maharashtra,Tier 1,2024-06-19
CUST_01133,Aarav Gupta,Male,Indore,Madhya Pradesh,Tier 2,2024-07-29
CUST_01134,Amit Reddy,Male,Lucknow,Uttar Pradesh,Tier 2,2023-12-22
CUST_01135,Arjun Singh,Male,Jaipur,Rajasthan,Tier 2,2024-04-05
CUST_01136,Neha Nair,Female,Lucknow,Uttar Pradesh,Tier 2,2023-06-28
CUST_01137,Rahul Singh,Male,Chennai,Tamil Nadu,Tier 1,2024-09-26
CUST_01138,Vikram Gupta,Male,Chennai,Tamil Nadu,Tier 1,2024-02-06
CUST_01139,Rohan Singh,Male,Jaipur,Rajasthan,Tier 2,2024-06-05
CUST_01140,Divya Gupta,Female,Dehradun,Uttarakhand,Tier 3,2024-09-30
CUST_01141,Kabir Nair,Male,Jaipur,Rajasthan,Tier 2,2024-02-21
CUST_01142,Varun Sharma,Male,Hyderabad,Telangana,Tier 1,2023-10-17
CUST_01143,Sneha Sharma,Female,Hyderabad,Telangana,Tier 1,2024-05-30
CUST_01144,Vikram Singh,Male,Jaipur,Rajasthan,Tier 2,2024-11-08
CUST_01145,Rahul Verma,Male,Lucknow,Uttar Pradesh,Tier 2,2024-04-26
CUST_01146,Riya Singh,Female,Kochi,Kerala,Tier 2,2024-06-06
CUST_01147,Amit Iyer,Male,Mumbai,Maharashtra,Tier 1,2023-06-14
CUST_01148,Amit Singh,Male,Hyderabad,Telangana,Tier 1,2024-07-26
CUST_01149,Sneha Verma,Female,Pune,Maharashtra,Tier 1,2024-01-13
CUST_01150,Amit Iyer,Male,Ahmedabad,Gujarat,Tier 2,2024-11-26
CUST_01151,Arjun Reddy,Male,Varanasi,Uttar Pradesh,Tier 3,2023-10-13
CUST_01152,Kunal Kumar,Male,Delhi,Delhi,Tier 1,2023-10-21
CUST_01153,Divya Nair,Female,Indore,Madhya Pradesh,Tier 2,2023-11-24
CUST_01154,Ananya Verma,Female,Chennai,Tamil Nadu,Tier 1,2023-10-24
CUST_01155,Vikram Patel,Male,Bengaluru,Karnataka,Tier 1,2024-08-09
CUST_01156,Rohan Sharma,Male,Chandigarh,Punjab,Tier 2,2023-07-14
CUST_01157,Rohan Sharma,Male,Ahmedabad,Gujarat,Tier 2,2023-07-31
CUST_01158,Priya Singh,Female,Delhi,Delhi,Tier 1,2023-06-11
CUST_01159,Rohan Iyer,Male,Mumbai,Maharashtra,Tier 1,2023-12-07
CUST_01160,Ananya Verma,Female,Chennai,Tamil Nadu,Tier 1,2024-03-11
CUST_01161,Kavya Patel,Female,Dehradun,Uttarakhand,Tier 3,2024-02-03
CUST_01162,Rohan Iyer,Male,Ahmedabad,Gujarat,Tier 2,2024-01-09
CUST_01163,Vikram Patel,Male,Guwahati,Assam,Tier 3,2023-06-05
CUST_01164,Aditya Nair,Male,Ranchi,Jharkhand,Tier 3,2024-06-10
CUST_01165,Kunal Verma,Male,Delhi,Delhi,Tier 1,2024-06-23
CUST_01166,Pooja Nair,Female,Bengaluru,Karnataka,Tier 1,2024-04-17
CUST_01167,Kunal Verma,Male,Chandigarh,Punjab,Tier 2,2024-06-04
CUST_01168,Ishita Sharma,Female,Hyderabad,Telangana,Tier 1,2023-09-27
CUST_01169,Riya Reddy,Female,Indore,Madhya Pradesh,Tier 2,2024-08-28
CUST_01170,Amit Gupta,Male,Hyderabad,Telangana,Tier 1,2023-12-11
CUST_01171,Kunal Kumar,Male,Chennai,Tamil Nadu,Tier 1,2024-10-16
CUST_01172,Arjun Reddy,Male,Kochi,Kerala,Tier 2,2023-08-27
CUST_01173,Rahul Gupta,Male,Pune,Maharashtra,Tier 1,2023-09-13
CUST_01174,Rohan Kumar,Male,Patna,Bihar,Tier 3,2023-12-23
CUST_01175,Priya Mehta,Female,Dehradun,Uttarakhand,Tier 3,2024-10-24
CUST_01176,Divya Iyer,Female,Chennai,Tamil Nadu,Tier 1,2024-07-14
CUST_01177,Neha Iyer,Female,Ranchi,Jharkhand,Tier 3,2024-11-05
CUST_01178,Sneha Reddy,Female,Delhi,Delhi,Tier 1,2024-10-14
CUST_01179,Pooja Patel,Female,Chennai,Tamil Nadu,Tier 1,2023-07-25
CUST_01180,Kunal Sharma,Male,Ranchi,Jharkhand,Tier 3,2024-04-30
CUST_01181,Vikram Iyer,Male,Jaipur,Rajasthan,Tier 2,2024-11-14
CUST_01182,Neha Mehta,Female,Hyderabad,Telangana,Tier 1,2024-10-15
CUST_01183,Ishita Kumar,Female,Guwahati,Assam,Tier 3,2023-06-19
CUST_01184,Arjun Verma,Male,Delhi,Delhi,Tier 1,2024-06-20
CUST_01185,Neha Sharma,Female,Pune,Maharashtra,Tier 1,2024-04-06
CUST_01186,Kunal Gupta,Male,Chennai,Tamil Nadu,Tier 1,2024-07-03
CUST_01187,Priya Iyer,Female,Kochi,Kerala,Tier 2,2024-09-24
CUST_01188,Ishita Patel,Female,Chandigarh,Punjab,Tier 2,2024-02-25
CUST_01189,Divya Gupta,Female,Indore,Madhya Pradesh,Tier 2,2024-03-18
CUST_01190,Ananya Sharma,Female,Lucknow,Uttar Pradesh,Tier 2,2024-06-10
CUST_01191,Divya Sharma,Female,Kochi,Kerala,Tier 2,2024-05-15
CUST_01192,Priya Gupta,Female,Delhi,Delhi,Tier 1,2024-07-26
CUST_01193,Ananya Mehta,Female,Chennai,Tamil Nadu,Tier 1,2024-04-15
CUST_01194,Rohan Singh,Male,Mumbai,Maharashtra,Tier 1,2023-06-21
CUST_01195,Ananya Reddy,Female,Chandigarh,Punjab,Tier 2,2024-11-09
CUST_01196,Riya Sharma,Female,Ahmedabad,Gujarat,Tier 2,2023-06-23
CUST_01197,Tanvi Iyer,Female,Pune,Maharashtra,Tier 1,2023-09-09
CUST_01198,Priya Mehta,Female,Pune,Maharashtra,Tier 1,2024-05-13
CUST_01199,Varun Singh,Male,Hyderabad,Telangana,Tier 1,2023-12-24
CUST_01200,Priya Nair,Female,Delhi,Delhi,Tier 1,2023-07-19
CUST_01201,Divya Gupta,Female,Guwahati,Assam,Tier 3,2023-09-03
CUST_01202,Varun Kumar,Male,Pune,Maharashtra,Tier 1,2024-11-25
CUST_01203,Tanvi Mehta,Female,Bengaluru,Karnataka,Tier 1,2024-04-05
CUST_01204,Tanvi Nair,Female,Hyderabad,Telangana,Tier 1,2024-07-16
CUST_01205,Divya Nair,Female,Ahmedabad,Gujarat,Tier 2,2023-12-02
CUST_01206,Amit Patel,Male,Lucknow,Uttar Pradesh,Tier 2,2024-09-21
CUST_01207,Ishita Iyer,Female,Ranchi,Jharkhand,Tier 3,2023-08-01
CUST_01208,Kabir Reddy,Male,Mumbai,Maharashtra,Tier 1,2024-04-03
CUST_01209,Tanvi Kumar,Female,Varanasi,Uttar Pradesh,Tier 3,2023-12-26
CUST_01210,Riya Singh,Female,Indore,Madhya Pradesh,Tier 2,2024-01-28
CUST_01211,Pooja Verma,Female,Bengaluru,Karnataka,Tier 1,2024-02-07
CUST_01212,Neha Reddy,Female,Chandigarh,Punjab,Tier 2,2024-08-06
CUST_01213,Aditya Patel,Male,Bengaluru,Karnataka,Tier 1,2024-02-20
CUST_01214,Ishita Patel,Female,Jaipur,Rajasthan,Tier 2,2024-10-10
CUST_01215,Aarav Verma,Male,Delhi,Delhi,Tier 1,2023-08-05
CUST_01216,Kavya Verma,Female,Chennai,Tamil Nadu,Tier 1,2023-10-22
CUST_01217,Rohan Iyer,Male,Jaipur,Rajasthan,Tier 2,2024-11-16
CUST_01218,Neha Verma,Female,Bengaluru,Karnataka,Tier 1,2024-04-16
CUST_01219,Divya Gupta,Female,Dehradun,Uttarakhand,Tier 3,2024-01-28
CUST_01220,Pooja Patel,Female,Mumbai,Maharashtra,Tier 1,2024-03-08
CUST_01221,Tanvi Singh,Female,Varanasi,Uttar Pradesh,Tier 3,2024-10-15
CUST_01222,Priya Kumar,Female,Chandigarh,Punjab,Tier 2,2024-02-08
CUST_01223,Sneha Kumar,Female,Indore,Madhya Pradesh,Tier 2,2024-04-11
CUST_01224,Varun Sharma,Male,Dehradun,Uttarakhand,Tier 3,2023-07-26
CUST_01225,Vikram Nair,Male,Chennai,Tamil Nadu,Tier 1,2024-06-06
CUST_01226,Amit Mehta,Male,Ranchi,Jharkhand,Tier 3,2023-06-09
CUST_01227,Riya Singh,Female,Mumbai,Maharashtra,Tier 1,2024-03-31
CUST_01228,Rahul Reddy,Male,Kochi,Kerala,Tier 2,2024-07-21
CUST_01229,Vikram Verma,Male,Ranchi,Jharkhand,Tier 3,2024-09-25
CUST_01230,Kavya Gupta,Female,Varanasi,Uttar Pradesh,Tier 3,2023-11-12
CUST_01231,Ishita Verma,Female,Pune,Maharashtra,Tier 1,2024-04-30
CUST_01232,Ananya Sharma,Female,Lucknow,Uttar Pradesh,Tier 2,2024-08-28
CUST_01233,Aarav Gupta,Male,Delhi,Delhi,Tier 1,2024-04-17
CUST_01234,Rohan Patel,Male,Chennai,Tamil Nadu,Tier 1,2023-10-12
CUST_01235,Kavya Reddy,Female,Kochi,Kerala,Tier 2,2023-10-15
CUST_01236,Sneha Iyer,Female,Patna,Bihar,Tier 3,2023-12-21
CUST_01237,Arjun Kumar,Male,Hyderabad,Telangana,Tier 1,2024-01-16
CUST_01238,Aarav Nair,Male,Kochi,Kerala,Tier 2,2024-01-21
CUST_01239,Kunal Mehta,Male,Mumbai,Maharashtra,Tier 1,2023-07-21
CUST_01240,Divya Gupta,Female,Lucknow,Uttar Pradesh,Tier 2,2023-08-31
CUST_01241,Sneha Iyer,Female,Chennai,Tamil Nadu,Tier 1,2024-11-20
CUST_01242,Neha Reddy,Female,Chennai,Tamil Nadu,Tier 1,2023-12-26
CUST_01243,Vikram Singh,Male,Chandigarh,Punjab,Tier 2,2023-10-12
CUST_01244,Pooja Iyer,Female,Delhi,Delhi,Tier 1,2023-12-11
CUST_01245,Sneha Gupta,Female,Jaipur,Rajasthan,Tier 2,2024-03-24
CUST_01246,Pooja Iyer,Female,Lucknow,Uttar Pradesh,Tier 2,2024-06-13
CUST_01247,Priya Sharma,Female,Indore,Madhya Pradesh,Tier 2,2024-07-12
CUST_01248,Arjun Gupta,Male,Indore,Madhya Pradesh,Tier 2,2023-08-14
CUST_01249,Amit Sharma,Male,Mumbai,Maharashtra,Tier 1,2024-09-25
CUST_01250,Divya Iyer,Female,Jaipur,Rajasthan,Tier 2,2023-06-06
CUST_01251,Ishita Iyer,Female,Hyderabad,Telangana,Tier 1,2024-06-14
CUST_01252,Amit Sharma,Male,Indore,Madhya Pradesh,Tier 2,2023-11-21
CUST_01253,Kavya Reddy,Female,Delhi,Delhi,Tier 1,2024-11-25
CUST_01254,Sneha Singh,Female,Bengaluru,Karnataka,Tier 1,2023-10-09
CUST_01255,Riya Kumar,Female,Patna,Bihar,Tier 3,2024-02-25
CUST_01256,Ishita Kumar,Female,Mumbai,Maharashtra,Tier 1,2024-04-19
CUST_01257,Sneha Nair,Female,Dehradun,Uttarakhand,Tier 3,2024-08-24
CUST_01258,Aditya Patel,Male,Mumbai,Maharashtra,Tier 1,2023-07-07
CUST_01259,Riya Patel,Female,Chandigarh,Punjab,Tier 2,2023-09-27
CUST_01260,Ananya Reddy,Female,Chennai,Tamil Nadu,Tier 1,2024-10-09
CUST_01261,Neha Verma,Female,Bhopal,Madhya Pradesh,Tier 3,2023-10-05
CUST_01262,Priya Mehta,Female,Bhopal,Madhya Pradesh,Tier 3,2023-11-20
CUST_01263,Divya Iyer,Female,Bengaluru,Karnataka,Tier 1,2024-11-20
CUST_01264,Arjun Verma,Male,Hyderabad,Telangana,Tier 1,2023-09-05
CUST_01265,Ananya Singh,Female,Kochi,Kerala,Tier 2,2023-10-03
CUST_01266,Kavya Iyer,Female,Varanasi,Uttar Pradesh,Tier 3,2024-04-27
CUST_01267,Aarav Verma,Male,Kochi,Kerala,Tier 2,2024-10-04
CUST_01268,Riya Iyer,Female,Indore,Madhya Pradesh,Tier 2,2023-07-15
CUST_01269,Kavya Iyer,Female,Bengaluru,Karnataka,Tier 1,2024-03-16
CUST_01270,Ananya Verma,Female,Ahmedabad,Gujarat,Tier 2,2024-06-25
CUST_01271,Arjun Singh,Male,Hyderabad,Telangana,Tier 1,2023-08-31
CUST_01272,Aditya Patel,Male,Hyderabad,Telangana,Tier 1,2024-03-18
CUST_01273,Rohan Singh,Male,Chandigarh,Punjab,Tier 2,2024-04-13
CUST_01274,Kabir Verma,Male,Guwahati,Assam,Tier 3,2023-12-22
CUST_01275,Neha Gupta,Female,Ahmedabad,Gujarat,Tier 2,2024-08-07
CUST_01276,Arjun Kumar,Male,Chandigarh,Punjab,Tier 2,2024-08-10
CUST_01277,Aarav Nair,Male,Hyderabad,Telangana,Tier 1,2024-01-16
CUST_01278,Kunal Nair,Male,Ahmedabad,Gujarat,Tier 2,2023-08-25
CUST_01279,Neha Gupta,Female,Hyderabad,Telangana,Tier 1,2024-04-03
CUST_01280,Rahul Singh,Male,Guwahati,Assam,Tier 3,2024-08-11
CUST_01281,Divya Sharma,Female,Jaipur,Rajasthan,Tier 2,2024-11-07
CUST_01282,Amit Gupta,Male,Hyderabad,Telangana,Tier 1,2024-02-15
CUST_01283,Riya Iyer,Female,Pune,Maharashtra,Tier 1,2023-06-17
CUST_01284,Kunal Patel,Male,Chandigarh,Punjab,Tier 2,2023-07-17
CUST_01285,Arjun Singh,Male,Chennai,Tamil Nadu,Tier 1,2024-09-08
CUST_01286,Divya Singh,Female,Mumbai,Maharashtra,Tier 1,2024-01-03
CUST_01287,Rohan Iyer,Male,Chennai,Tamil Nadu,Tier 1,2023-09-17
CUST_01288,Ishita Sharma,Female,Bengaluru,Karnataka,Tier 1,2023-06-14
CUST_01289,Kunal Reddy,Male,Kochi,Kerala,Tier 2,2024-10-11
CUST_01290,Divya Iyer,Female,Chennai,Tamil Nadu,Tier 1,2024-07-09
CUST_01291,Priya Patel,Female,Mumbai,Maharashtra,Tier 1,2023-09-23
CUST_01292,Aditya Sharma,Male,Chennai,Tamil Nadu,Tier 1,2023-10-27
CUST_01293,Arjun Nair,Male,Delhi,Delhi,Tier 1,2024-09-17
CUST_01294,Kunal Gupta,Male,Mumbai,Maharashtra,Tier 1,2023-11-04
CUST_01295,Neha Reddy,Female,Hyderabad,Telangana,Tier 1,2024-02-04
CUST_01296,Vikram Iyer,Male,Ranchi,Jharkhand,Tier 3,2023-07-23
CUST_01297,Ananya Verma,Female,Kochi,Kerala,Tier 2,2024-08-16
CUST_01298,Neha Iyer,Female,Ahmedabad,Gujarat,Tier 2,2024-03-24
CUST_01299,Kunal Gupta,Male,Ahmedabad,Gujarat,Tier 2,2024-10-12
CUST_01300,Aarav Nair,Male,Pune,Maharashtra,Tier 1,2024-04-19
CUST_01301,Vikram Gupta,Male,Varanasi,Uttar Pradesh,Tier 3,2024-10-19
CUST_01302,Neha Gupta,Female,Delhi,Delhi,Tier 1,2023-12-14
CUST_01303,Kavya Reddy,Female,Mumbai,Maharashtra,Tier 1,2024-05-13
CUST_01304,Sneha Singh,Female,Chandigarh,Punjab,Tier 2,2024-07-31
CUST_01305,Neha Patel,Female,Indore,Madhya Pradesh,Tier 2,2023-08-28
CUST_01306,Sneha Patel,Female,Pune,Maharashtra,Tier 1,2024-10-16
CUST_01307,Arjun Reddy,Male,Mumbai,Maharashtra,Tier 1,2023-07-19
CUST_01308,Kabir Singh,Male,Mumbai,Maharashtra,Tier 1,2023-11-26
CUST_01309,Rohan Kumar,Male,Pune,Maharashtra,Tier 1,2024-01-19
CUST_01310,Amit Mehta,Male,Indore,Madhya Pradesh,Tier 2,2024-05-29
CUST_01311,Amit Singh,Male,Dehradun,Uttarakhand,Tier 3,2024-11-09
CUST_01312,Aarav Reddy,Male,Jaipur,Rajasthan,Tier 2,2023-09-17
CUST_01313,Amit Sharma,Male,Lucknow,Uttar Pradesh,Tier 2,2023-09-29
CUST_01314,Kabir Patel,Male,Kochi,Kerala,Tier 2,2024-08-26
CUST_01315,Priya Patel,Female,Indore,Madhya Pradesh,Tier 2,2023-10-20
CUST_01316,Aditya Reddy,Male,Varanasi,Uttar Pradesh,Tier 3,2024-02-07
CUST_01317,Kavya Singh,Female,Jaipur,Rajasthan,Tier 2,2024-02-28
CUST_01318,Tanvi Kumar,Female,Lucknow,Uttar Pradesh,Tier 2,2023-11-03
CUST_01319,Pooja Patel,Female,Ranchi,Jharkhand,Tier 3,2024-07-24
CUST_01320,Ishita Kumar,Female,Ranchi,Jharkhand,Tier 3,2023-10-28
CUST_01321,Amit Verma,Male,Delhi,Delhi,Tier 1,2024-07-16
CUST_01322,Arjun Sharma,Male,Bengaluru,Karnataka,Tier 1,2023-11-02
CUST_01323,Amit Singh,Male,Chennai,Tamil Nadu,Tier 1,2024-04-07
CUST_01324,Kavya Sharma,Female,Guwahati,Assam,Tier 3,2023-10-29
CUST_01325,Neha Mehta,Female,Guwahati,Assam,Tier 3,2024-08-26
CUST_01326,Tanvi Mehta,Female,Varanasi,Uttar Pradesh,Tier 3,2023-07-08
CUST_01327,Tanvi Patel,Female,Ahmedabad,Gujarat,Tier 2,2024-03-17
CUST_01328,Rohan Nair,Male,Ahmedabad,Gujarat,Tier 2,2024-05-14
CUST_01329,Aarav Sharma,Male,Guwahati,Assam,Tier 3,2024-02-20
CUST_01330,Vikram Gupta,Male,Varanasi,Uttar Pradesh,Tier 3,2023-08-01
CUST_01331,Riya Nair,Female,Bengaluru,Karnataka,Tier 1,2023-10-06
CUST_01332,Riya Iyer,Female,Chandigarh,Punjab,Tier 2,2024-05-13
CUST_01333,Varun Iyer,Male,Kochi,Kerala,Tier 2,2024-11-28
CUST_01334,Kabir Singh,Male,Chennai,Tamil Nadu,Tier 1,2023-10-22
CUST_01335,Ishita Mehta,Female,Pune,Maharashtra,Tier 1,2023-12-15
CUST_01336,Neha Verma,Female,Hyderabad,Telangana,Tier 1,2024-07-26
CUST_01337,Rohan Sharma,Male,Mumbai,Maharashtra,Tier 1,2024-09-30
CUST_01338,Kunal Verma,Male,Pune,Maharashtra,Tier 1,2024-07-17
CUST_01339,Riya Iyer,Female,Chandigarh,Punjab,Tier 2,2024-08-24
CUST_01340,Tanvi Patel,Female,Mumbai,Maharashtra,Tier 1,2024-10-09
CUST_01341,Sneha Nair,Female,Varanasi,Uttar Pradesh,Tier 3,2024-01-04
CUST_01342,Neha Sharma,Female,Ahmedabad,Gujarat,Tier 2,2024-06-13
CUST_01343,Varun Gupta,Male,Delhi,Delhi,Tier 1,2024-03-23
CUST_01344,Amit Patel,Male,Delhi,Delhi,Tier 1,2024-06-18
CUST_01345,Riya Reddy,Female,Mumbai,Maharashtra,Tier 1,2023-10-24
CUST_01346,Ananya Singh,Female,Bhopal,Madhya Pradesh,Tier 3,2023-12-05
CUST_01347,Ananya Verma,Female,Jaipur,Rajasthan,Tier 2,2023-07-16
CUST_01348,Neha Iyer,Female,Hyderabad,Telangana,Tier 1,2024-05-11
CUST_01349,Neha Iyer,Female,Mumbai,Maharashtra,Tier 1,2024-10-29
CUST_01350,Neha Reddy,Female,Chennai,Tamil Nadu,Tier 1,2024-04-29
CUST_01351,Varun Iyer,Male,Mumbai,Maharashtra,Tier 1,2024-07-09
CUST_01352,Ishita Sharma,Female,Ranchi,Jharkhand,Tier 3,2024-03-11
CUST_01353,Rahul Sharma,Male,Kochi,Kerala,Tier 2,2024-04-12
CUST_01354,Amit Verma,Male,Pune,Maharashtra,Tier 1,2023-07-25
CUST_01355,Kunal Nair,Male,Varanasi,Uttar Pradesh,Tier 3,2024-11-26
CUST_01356,Aarav Singh,Male,Lucknow,Uttar Pradesh,Tier 2,2024-08-28
CUST_01357,Amit Iyer,Male,Pune,Maharashtra,Tier 1,2023-07-17
CUST_01358,Ananya Kumar,Female,Hyderabad,Telangana,Tier 1,2023-06-25
CUST_01359,Tanvi Singh,Female,Bengaluru,Karnataka,Tier 1,2023-11-20
CUST_01360,Sneha Patel,Female,Bengaluru,Karnataka,Tier 1,2023-11-05
CUST_01361,Tanvi Patel,Female,Delhi,Delhi,Tier 1,2023-12-03
CUST_01362,Aarav Singh,Male,Delhi,Delhi,Tier 1,2023-10-24
CUST_01363,Kavya Singh,Female,Bengaluru,Karnataka,Tier 1,2023-07-24
CUST_01364,Aditya Iyer,Male,Chandigarh,Punjab,Tier 2,2024-11-02
CUST_01365,Priya Singh,Female,Hyderabad,Telangana,Tier 1,2024-07-21
CUST_01366,Kunal Sharma,Male,Mumbai,Maharashtra,Tier 1,2023-06-20
CUST_01367,Ishita Iyer,Female,Lucknow,Uttar Pradesh,Tier 2,2023-10-07
CUST_01368,Divya Gupta,Female,Chennai,Tamil Nadu,Tier 1,2024-10-25
CUST_01369,Rahul Kumar,Male,Lucknow,Uttar Pradesh,Tier 2,2024-02-07
CUST_01370,Ishita Reddy,Female,Hyderabad,Telangana,Tier 1,2024-03-23
CUST_01371,Aarav Sharma,Male,Ranchi,Jharkhand,Tier 3,2024-03-06
CUST_01372,Tanvi Kumar,Female,Bhopal,Madhya Pradesh,Tier 3,2024-11-04
CUST_01373,Ananya Patel,Female,Ahmedabad,Gujarat,Tier 2,2023-08-11
CUST_01374,Priya Gupta,Female,Lucknow,Uttar Pradesh,Tier 2,2024-03-13
CUST_01375,Pooja Iyer,Female,Indore,Madhya Pradesh,Tier 2,2024-05-16
CUST_01376,Neha Singh,Female,Delhi,Delhi,Tier 1,2024-05-15
CUST_01377,Kunal Iyer,Male,Chennai,Tamil Nadu,Tier 1,2023-10-15
CUST_01378,Varun Reddy,Male,Bengaluru,Karnataka,Tier 1,2023-11-25
CUST_01379,Ishita Reddy,Female,Ahmedabad,Gujarat,Tier 2,2023-08-23
CUST_01380,Amit Sharma,Male,Dehradun,Uttarakhand,Tier 3,2024-08-29
CUST_01381,Kabir Gupta,Male,Patna,Bihar,Tier 3,2024-07-01
CUST_01382,Aarav Verma,Male,Lucknow,Uttar Pradesh,Tier 2,2024-08-29
CUST_01383,Aditya Sharma,Male,Kochi,Kerala,Tier 2,2024-06-01
CUST_01384,Rohan Iyer,Male,Kochi,Kerala,Tier 2,2024-01-13
CUST_01385,Kunal Kumar,Male,Hyderabad,Telangana,Tier 1,2024-01-01
CUST_01386,Aditya Gupta,Male,Delhi,Delhi,Tier 1,2024-10-25
CUST_01387,Sneha Nair,Female,Chennai,Tamil Nadu,Tier 1,2023-11-27
CUST_01388,Varun Patel,Male,Lucknow,Uttar Pradesh,Tier 2,2024-02-21
CUST_01389,Amit Singh,Male,Chennai,Tamil Nadu,Tier 1,2023-06-24
CUST_01390,Ishita Reddy,Female,Hyderabad,Telangana,Tier 1,2023-07-24
CUST_01391,Tanvi Gupta,Female,Chennai,Tamil Nadu,Tier 1,2024-11-12
CUST_01392,Neha Kumar,Female,Jaipur,Rajasthan,Tier 2,2024-01-16
CUST_01393,Vikram Gupta,Male,Indore,Madhya Pradesh,Tier 2,2023-06-06
CUST_01394,Pooja Kumar,Female,Pune,Maharashtra,Tier 1,2023-06-26
CUST_01395,Arjun Verma,Male,Bhopal,Madhya Pradesh,Tier 3,2023-11-16
CUST_01396,Riya Verma,Female,Jaipur,Rajasthan,Tier 2,2023-06-29
CUST_01397,Tanvi Sharma,Female,Kochi,Kerala,Tier 2,2024-05-08
CUST_01398,Pooja Verma,Female,Indore,Madhya Pradesh,Tier 2,2023-07-26
CUST_01399,Ishita Mehta,Female,Guwahati,Assam,Tier 3,2024-08-23
CUST_01400,Kunal Iyer,Male,Bengaluru,Karnataka,Tier 1,2023-07-05
CUST_01401,Kavya Verma,Female,Jaipur,Rajasthan,Tier 2,2024-08-26
CUST_01402,Vikram Iyer,Male,Jaipur,Rajasthan,Tier 2,2023-09-13
CUST_01403,Amit Sharma,Male,Hyderabad,Telangana,Tier 1,2024-07-16
CUST_01404,Varun Gupta,Male,Pune,Maharashtra,Tier 1,2023-06-11
CUST_01405,Tanvi Reddy,Female,Ahmedabad,Gujarat,Tier 2,2023-09-12
CUST_01406,Ananya Reddy,Female,Ahmedabad,Gujarat,Tier 2,2023-12-15
CUST_01407,Rohan Sharma,Male,Jaipur,Rajasthan,Tier 2,2023-12-16
CUST_01408,Amit Singh,Male,Hyderabad,Telangana,Tier 1,2024-08-29
CUST_01409,Aditya Patel,Male,Jaipur,Rajasthan,Tier 2,2023-10-09
CUST_01410,Divya Gupta,Female,Kochi,Kerala,Tier 2,2024-06-01
CUST_01411,Divya Nair,Female,Lucknow,Uttar Pradesh,Tier 2,2024-09-23
CUST_01412,Divya Kumar,Female,Bengaluru,Karnataka,Tier 1,2024-11-12
CUST_01413,Aarav Mehta,Male,Ahmedabad,Gujarat,Tier 2,2023-07-26
CUST_01414,Kavya Mehta,Female,Dehradun,Uttarakhand,Tier 3,2023-12-24
CUST_01415,Kabir Mehta,Male,Kochi,Kerala,Tier 2,2024-09-21
CUST_01416,Divya Iyer,Female,Guwahati,Assam,Tier 3,2024-04-02
CUST_01417,Kavya Patel,Female,Bengaluru,Karnataka,Tier 1,2024-10-20
CUST_01418,Aarav Mehta,Male,Chandigarh,Punjab,Tier 2,2024-01-05
CUST_01419,Kunal Kumar,Male,Ranchi,Jharkhand,Tier 3,2023-12-28
CUST_01420,Sneha Sharma,Female,Bengaluru,Karnataka,Tier 1,2024-06-01
CUST_01421,Amit Verma,Male,Hyderabad,Telangana,Tier 1,2023-12-17
CUST_01422,Ananya Sharma,Female,Delhi,Delhi,Tier 1,2023-11-26
CUST_01423,Vikram Patel,Male,Pune,Maharashtra,Tier 1,2024-02-07
CUST_01424,Aditya Sharma,Male,Delhi,Delhi,Tier 1,2023-09-12
CUST_01425,Rahul Gupta,Male,Jaipur,Rajasthan,Tier 2,2024-05-12
CUST_01426,Vikram Reddy,Male,Delhi,Delhi,Tier 1,2023-11-23
CUST_01427,Priya Verma,Female,Mumbai,Maharashtra,Tier 1,2023-12-12
CUST_01428,Amit Gupta,Male,Indore,Madhya Pradesh,Tier 2,2024-08-13
CUST_01429,Aarav Iyer,Male,Ahmedabad,Gujarat,Tier 2,2024-03-28
CUST_01430,Kabir Mehta,Male,Delhi,Delhi,Tier 1,2023-10-08
CUST_01431,Pooja Verma,Female,Kochi,Kerala,Tier 2,2023-08-06
CUST_01432,Amit Gupta,Male,Kochi,Kerala,Tier 2,2024-11-03
CUST_01433,Neha Nair,Female,Indore,Madhya Pradesh,Tier 2,2024-06-17
CUST_01434,Neha Reddy,Female,Hyderabad,Telangana,Tier 1,2023-07-08
CUST_01435,Aditya Mehta,Male,Lucknow,Uttar Pradesh,Tier 2,2024-07-10
CUST_01436,Vikram Gupta,Male,Guwahati,Assam,Tier 3,2023-11-08
CUST_01437,Riya Nair,Female,Bengaluru,Karnataka,Tier 1,2024-03-29
CUST_01438,Ishita Kumar,Female,Bengaluru,Karnataka,Tier 1,2024-09-19
CUST_01439,Tanvi Reddy,Female,Chandigarh,Punjab,Tier 2,2024-06-11
CUST_01440,Kavya Singh,Female,Mumbai,Maharashtra,Tier 1,2024-08-26
CUST_01441,Vikram Verma,Male,Bengaluru,Karnataka,Tier 1,2024-03-28
CUST_01442,Vikram Mehta,Male,Bengaluru,Karnataka,Tier 1,2024-06-03
CUST_01443,Amit Mehta,Male,Chennai,Tamil Nadu,Tier 1,2024-05-03
CUST_01444,Riya Singh,Female,Pune,Maharashtra,Tier 1,2023-10-20
CUST_01445,Ananya Singh,Female,Delhi,Delhi,Tier 1,2024-07-18
CUST_01446,Divya Sharma,Female,Ahmedabad,Gujarat,Tier 2,2023-10-31
CUST_01447,Pooja Mehta,Female,Lucknow,Uttar Pradesh,Tier 2,2024-09-28
CUST_01448,Amit Iyer,Male,Chandigarh,Punjab,Tier 2,2024-09-15
CUST_01449,Priya Kumar,Female,Ranchi,Jharkhand,Tier 3,2024-08-01
CUST_01450,Kunal Reddy,Male,Varanasi,Uttar Pradesh,Tier 3,2024-06-18
CUST_01451,Varun Patel,Male,Chennai,Tamil Nadu,Tier 1,2023-06-10
CUST_01452,Kavya Kumar,Female,Hyderabad,Telangana,Tier 1,2024-07-18
CUST_01453,Kavya Iyer,Female,Bengaluru,Karnataka,Tier 1,2023-10-21
CUST_01454,Kabir Iyer,Male,Ahmedabad,Gujarat,Tier 2,2024-07-05
CUST_01455,Pooja Gupta,Female,Hyderabad,Telangana,Tier 1,2023-12-10
CUST_01456,Priya Kumar,Female,Chandigarh,Punjab,Tier 2,2024-04-07
CUST_01457,Rahul Verma,Male,Lucknow,Uttar Pradesh,Tier 2,2023-07-03
CUST_01458,Ananya Patel,Female,Hyderabad,Telangana,Tier 1,2024-03-17
CUST_01459,Aditya Singh,Male,Jaipur,Rajasthan,Tier 2,2024-09-08
CUST_01460,Kabir Nair,Male,Delhi,Delhi,Tier 1,2024-07-25
CUST_01461,Sneha Verma,Female,Hyderabad,Telangana,Tier 1,2024-10-02
CUST_01462,Arjun Mehta,Male,Mumbai,Maharashtra,Tier 1,2024-04-13
CUST_01463,Neha Patel,Female,Indore,Madhya Pradesh,Tier 2,2023-12-25
CUST_01464,Riya Mehta,Female,Mumbai,Maharashtra,Tier 1,2024-08-30
CUST_01465,Arjun Iyer,Male,Guwahati,Assam,Tier 3,2024-05-02
CUST_01466,Neha Reddy,Female,Kochi,Kerala,Tier 2,2023-09-02
CUST_01467,Neha Kumar,Female,Kochi,Kerala,Tier 2,2024-03-31
CUST_01468,Divya Patel,Female,Mumbai,Maharashtra,Tier 1,2024-08-16
CUST_01469,Tanvi Patel,Female,Jaipur,Rajasthan,Tier 2,2024-07-07
CUST_01470,Aditya Patel,Male,Chennai,Tamil Nadu,Tier 1,2024-12-02
CUST_01471,Priya Mehta,Female,Ranchi,Jharkhand,Tier 3,2023-10-03
CUST_01472,Priya Verma,Female,Indore,Madhya Pradesh,Tier 2,2024-07-24
CUST_01473,Sneha Singh,Female,Bengaluru,Karnataka,Tier 1,2024-09-16
CUST_01474,Rohan Reddy,Male,Chennai,Tamil Nadu,Tier 1,2024-07-13
CUST_01475,Arjun Sharma,Male,Bengaluru,Karnataka,Tier 1,2023-10-18
CUST_01476,Neha Reddy,Female,Jaipur,Rajasthan,Tier 2,2024-02-04
CUST_01477,Sneha Reddy,Female,Bhopal,Madhya Pradesh,Tier 3,2023-11-22
CUST_01478,Varun Verma,Male,Bengaluru,Karnataka,Tier 1,2024-11-29
CUST_01479,Sneha Verma,Female,Jaipur,Rajasthan,Tier 2,2024-03-06
CUST_01480,Kunal Kumar,Male,Chennai,Tamil Nadu,Tier 1,2023-07-06
CUST_01481,Kunal Sharma,Male,Guwahati,Assam,Tier 3,2023-09-14
CUST_01482,Riya Reddy,Female,Bengaluru,Karnataka,Tier 1,2023-07-20
CUST_01483,Pooja Mehta,Female,Mumbai,Maharashtra,Tier 1,2023-12-22
CUST_01484,Aarav Gupta,Male,Bengaluru,Karnataka,Tier 1,2024-05-11
CUST_01485,Rohan Mehta,Male,Varanasi,Uttar Pradesh,Tier 3,2023-11-19
CUST_01486,Aarav Gupta,Male,Indore,Madhya Pradesh,Tier 2,2024-04-26
CUST_01487,Varun Mehta,Male,Ranchi,Jharkhand,Tier 3,2024-08-12
CUST_01488,Aditya Mehta,Male,Delhi,Delhi,Tier 1,2023-11-25
CUST_01489,Arjun Kumar,Male,Mumbai,Maharashtra,Tier 1,2024-09-12
CUST_01490,Rohan Singh,Male,Indore,Madhya Pradesh,Tier 2,2023-07-15
CUST_01491,Aditya Gupta,Male,Pune,Maharashtra,Tier 1,2024-10-24
CUST_01492,Amit Iyer,Male,Bengaluru,Karnataka,Tier 1,2024-04-28
CUST_01493,Sneha Kumar,Female,Chennai,Tamil Nadu,Tier 1,2024-04-21
CUST_01494,Priya Kumar,Female,Pune,Maharashtra,Tier 1,2024-09-02
CUST_01495,Ishita Mehta,Female,Kochi,Kerala,Tier 2,2023-06-14
CUST_01496,Aarav Iyer,Male,Jaipur,Rajasthan,Tier 2,2024-04-12
CUST_01497,Arjun Mehta,Male,Jaipur,Rajasthan,Tier 2,2023-10-19
CUST_01498,Neha Singh,Female,Hyderabad,Telangana,Tier 1,2023-12-27
CUST_01499,Aditya Iyer,Male,Ranchi,Jharkhand,Tier 3,2024-05-02
CUST_01500,Vikram Kumar,Male,Jaipur,Rajasthan,Tier 2,2024-11-15
CUST_01501,Riya Sharma,Female,Chennai,Tamil Nadu,Tier 1,2024-05-05
CUST_01502,Pooja Mehta,Female,Kochi,Kerala,Tier 2,2024-02-10
CUST_01503,Varun Gupta,Male,Lucknow,Uttar Pradesh,Tier 2,2024-08-26
CUST_01504,Rohan Reddy,Male,Mumbai,Maharashtra,Tier 1,2023-07-24
CUST_01505,Aditya Patel,Male,Pune,Maharashtra,Tier 1,2023-12-27
CUST_01506,Amit Verma,Male,Hyderabad,Telangana,Tier 1,2024-04-14
CUST_01507,Aditya Mehta,Male,Pune,Maharashtra,Tier 1,2024-02-10
CUST_01508,Riya Iyer,Female,Chennai,Tamil Nadu,Tier 1,2023-12-24
CUST_01509,Neha Verma,Female,Patna,Bihar,Tier 3,2024-07-12
CUST_01510,Sneha Reddy,Female,Pune,Maharashtra,Tier 1,2024-08-17
CUST_01511,Kunal Sharma,Male,Chandigarh,Punjab,Tier 2,2023-08-25
CUST_01512,Divya Nair,Female,Chennai,Tamil Nadu,Tier 1,2023-11-27
CUST_01513,Tanvi Reddy,Female,Delhi,Delhi,Tier 1,2024-06-19
CUST_01514,Priya Kumar,Female,Hyderabad,Telangana,Tier 1,2023-12-18
CUST_01515,Aditya Sharma,Male,Pune,Maharashtra,Tier 1,2024-06-18
CUST_01516,Tanvi Gupta,Female,Dehradun,Uttarakhand,Tier 3,2024-06-17
CUST_01517,Neha Singh,Female,Ahmedabad,Gujarat,Tier 2,2023-08-12
CUST_01518,Ananya Verma,Female,Pune,Maharashtra,Tier 1,2023-11-14
CUST_01519,Arjun Singh,Male,Kochi,Kerala,Tier 2,2024-05-22
CUST_01520,Kavya Sharma,Female,Chandigarh,Punjab,Tier 2,2024-02-08
CUST_01521,Kunal Sharma,Male,Patna,Bihar,Tier 3,2023-06-29
CUST_01522,Vikram Iyer,Male,Kochi,Kerala,Tier 2,2023-10-29
CUST_01523,Pooja Iyer,Female,Kochi,Kerala,Tier 2,2023-11-13
CUST_01524,Rohan Verma,Male,Chandigarh,Punjab,Tier 2,2024-07-12
CUST_01525,Amit Mehta,Male,Bhopal,Madhya Pradesh,Tier 3,2024-08-11
CUST_01526,Riya Nair,Female,Dehradun,Uttarakhand,Tier 3,2024-06-26
CUST_01527,Tanvi Verma,Female,Pune,Maharashtra,Tier 1,2024-05-18
CUST_01528,Vikram Mehta,Male,Ranchi,Jharkhand,Tier 3,2024-04-11
CUST_01529,Rahul Reddy,Male,Bengaluru,Karnataka,Tier 1,2024-08-01
CUST_01530,Riya Gupta,Female,Delhi,Delhi,Tier 1,2023-12-08
CUST_01531,Aditya Reddy,Male,Bengaluru,Karnataka,Tier 1,2024-09-04
CUST_01532,Rahul Mehta,Male,Mumbai,Maharashtra,Tier 1,2023-12-14
CUST_01533,Tanvi Reddy,Female,Ahmedabad,Gujarat,Tier 2,2023-09-20
CUST_01534,Rohan Singh,Male,Bengaluru,Karnataka,Tier 1,2024-03-10
CUST_01535,Kabir Sharma,Male,Chandigarh,Punjab,Tier 2,2024-10-09
CUST_01536,Aarav Sharma,Male,Bengaluru,Karnataka,Tier 1,2023-07-13
CUST_01537,Aditya Nair,Male,Chandigarh,Punjab,Tier 2,2024-11-14
CUST_01538,Neha Reddy,Female,Ahmedabad,Gujarat,Tier 2,2024-08-13
CUST_01539,Kavya Kumar,Female,Bhopal,Madhya Pradesh,Tier 3,2024-06-04
CUST_01540,Tanvi Iyer,Female,Delhi,Delhi,Tier 1,2024-05-04
CUST_01541,Aarav Reddy,Male,Ranchi,Jharkhand,Tier 3,2023-10-21
CUST_01542,Varun Verma,Male,Patna,Bihar,Tier 3,2024-02-10
CUST_01543,Neha Iyer,Female,Chandigarh,Punjab,Tier 2,2024-11-09
CUST_01544,Pooja Sharma,Female,Patna,Bihar,Tier 3,2023-06-18
CUST_01545,Ananya Kumar,Female,Lucknow,Uttar Pradesh,Tier 2,2024-10-09
CUST_01546,Divya Verma,Female,Hyderabad,Telangana,Tier 1,2023-09-11
CUST_01547,Riya Iyer,Female,Mumbai,Maharashtra,Tier 1,2024-11-14
CUST_01548,Rahul Reddy,Male,Indore,Madhya Pradesh,Tier 2,2024-09-21
CUST_01549,Kunal Verma,Male,Ahmedabad,Gujarat,Tier 2,2024-02-02
CUST_01550,Aditya Patel,Male,Kochi,Kerala,Tier 2,2023-08-31
CUST_01551,Arjun Sharma,Male,Delhi,Delhi,Tier 1,2024-06-27
CUST_01552,Pooja Singh,Female,Kochi,Kerala,Tier 2,2023-10-05
CUST_01553,Amit Reddy,Male,Chennai,Tamil Nadu,Tier 1,2024-05-06
CUST_01554,Varun Iyer,Male,Delhi,Delhi,Tier 1,2024-06-21
CUST_01555,Ishita Gupta,Female,Bhopal,Madhya Pradesh,Tier 3,2024-02-21
CUST_01556,Vikram Verma,Male,Delhi,Delhi,Tier 1,2023-12-10
CUST_01557,Varun Kumar,Male,Delhi,Delhi,Tier 1,2024-06-24
CUST_01558,Vikram Sharma,Male,Lucknow,Uttar Pradesh,Tier 2,2024-07-02
CUST_01559,Kavya Kumar,Female,Lucknow,Uttar Pradesh,Tier 2,2024-11-14
CUST_01560,Rohan Gupta,Male,Hyderabad,Telangana,Tier 1,2024-04-19
CUST_01561,Vikram Mehta,Male,Chandigarh,Punjab,Tier 2,2023-10-29
CUST_01562,Sneha Sharma,Female,Indore,Madhya Pradesh,Tier 2,2024-10-27
CUST_01563,Vikram Iyer,Male,Lucknow,Uttar Pradesh,Tier 2,2024-10-19
CUST_01564,Tanvi Sharma,Female,Patna,Bihar,Tier 3,2023-11-04
CUST_01565,Aditya Sharma,Male,Bhopal,Madhya Pradesh,Tier 3,2024-10-12
CUST_01566,Riya Patel,Female,Guwahati,Assam,Tier 3,2024-07-06
CUST_01567,Tanvi Reddy,Female,Ranchi,Jharkhand,Tier 3,2024-07-05
CUST_01568,Amit Singh,Male,Mumbai,Maharashtra,Tier 1,2024-07-08
CUST_01569,Rahul Kumar,Male,Ahmedabad,Gujarat,Tier 2,2023-07-26
CUST_01570,Neha Patel,Female,Chandigarh,Punjab,Tier 2,2024-10-07
CUST_01571,Sneha Mehta,Female,Chennai,Tamil Nadu,Tier 1,2023-12-18
CUST_01572,Kabir Iyer,Male,Mumbai,Maharashtra,Tier 1,2024-06-20
CUST_01573,Sneha Sharma,Female,Hyderabad,Telangana,Tier 1,2023-12-01
CUST_01574,Rohan Nair,Male,Ahmedabad,Gujarat,Tier 2,2024-08-18
CUST_01575,Arjun Mehta,Male,Mumbai,Maharashtra,Tier 1,2024-07-11
CUST_01576,Riya Iyer,Female,Dehradun,Uttarakhand,Tier 3,2024-06-19
CUST_01577,Kunal Gupta,Male,Chennai,Tamil Nadu,Tier 1,2024-08-29
CUST_01578,Ananya Verma,Female,Bengaluru,Karnataka,Tier 1,2024-10-13
CUST_01579,Aarav Iyer,Male,Ahmedabad,Gujarat,Tier 2,2024-10-04
CUST_01580,Priya Iyer,Female,Hyderabad,Telangana,Tier 1,2024-08-18
CUST_01581,Divya Patel,Female,Bengaluru,Karnataka,Tier 1,2024-12-02
CUST_01582,Arjun Sharma,Male,Pune,Maharashtra,Tier 1,2024-11-24
CUST_01583,Priya Nair,Female,Guwahati,Assam,Tier 3,2023-10-06
CUST_01584,Rohan Patel,Male,Dehradun,Uttarakhand,Tier 3,2023-12-02
CUST_01585,Amit Reddy,Male,Varanasi,Uttar Pradesh,Tier 3,2023-07-11
CUST_01586,Varun Mehta,Male,Jaipur,Rajasthan,Tier 2,2024-02-18
CUST_01587,Rohan Verma,Male,Indore,Madhya Pradesh,Tier 2,2023-11-23
CUST_01588,Ananya Mehta,Female,Pune,Maharashtra,Tier 1,2024-03-27
CUST_01589,Sneha Iyer,Female,Indore,Madhya Pradesh,Tier 2,2024-11-17
CUST_01590,Divya Nair,Female,Kochi,Kerala,Tier 2,2023-09-10
CUST_01591,Aditya Sharma,Male,Delhi,Delhi,Tier 1,2024-01-07
CUST_01592,Varun Nair,Male,Delhi,Delhi,Tier 1,2024-03-11
CUST_01593,Varun Gupta,Male,Delhi,Delhi,Tier 1,2024-02-22
CUST_01594,Sneha Gupta,Female,Indore,Madhya Pradesh,Tier 2,2024-08-09
CUST_01595,Amit Mehta,Male,Chennai,Tamil Nadu,Tier 1,2024-03-02
CUST_01596,Kabir Iyer,Male,Ahmedabad,Gujarat,Tier 2,2023-11-15
CUST_01597,Sneha Kumar,Female,Ranchi,Jharkhand,Tier 3,2024-06-23
CUST_01598,Varun Mehta,Male,Bengaluru,Karnataka,Tier 1,2024-11-26
CUST_01599,Amit Gupta,Male,Chennai,Tamil Nadu,Tier 1,2023-08-31
CUST_01600,Kavya Singh,Female,Mumbai,Maharashtra,Tier 1,2024-03-07
CUST_01601,Rohan Gupta,Male,Bhopal,Madhya Pradesh,Tier 3,2024-06-22
CUST_01602,Rohan Patel,Male,Indore,Madhya Pradesh,Tier 2,2024-10-14
CUST_01603,Amit Kumar,Male,Indore,Madhya Pradesh,Tier 2,2024-03-04
CUST_01604,Aarav Patel,Male,Hyderabad,Telangana,Tier 1,2023-12-03
CUST_01605,Ishita Nair,Female,Chandigarh,Punjab,Tier 2,2024-10-01
CUST_01606,Vikram Sharma,Male,Kochi,Kerala,Tier 2,2023-11-07
CUST_01607,Rahul Gupta,Male,Indore,Madhya Pradesh,Tier 2,2023-07-25
CUST_01608,Pooja Iyer,Female,Hyderabad,Telangana,Tier 1,2023-12-05
CUST_01609,Kavya Reddy,Female,Indore,Madhya Pradesh,Tier 2,2024-08-12
CUST_01610,Vikram Verma,Male,Ranchi,Jharkhand,Tier 3,2024-04-16
CUST_01611,Rohan Verma,Male,Jaipur,Rajasthan,Tier 2,2023-11-17
CUST_01612,Rohan Singh,Male,Chandigarh,Punjab,Tier 2,2023-06-11
CUST_01613,Ishita Patel,Female,Ahmedabad,Gujarat,Tier 2,2024-11-27
CUST_01614,Arjun Sharma,Male,Kochi,Kerala,Tier 2,2023-06-08
CUST_01615,Ishita Kumar,Female,Chennai,Tamil Nadu,Tier 1,2024-11-22
CUST_01616,Varun Reddy,Male,Dehradun,Uttarakhand,Tier 3,2024-11-18
CUST_01617,Rahul Verma,Male,Mumbai,Maharashtra,Tier 1,2024-11-08
CUST_01618,Ananya Gupta,Female,Lucknow,Uttar Pradesh,Tier 2,2024-06-17
CUST_01619,Kabir Mehta,Male,Varanasi,Uttar Pradesh,Tier 3,2024-03-24
CUST_01620,Neha Singh,Female,Bengaluru,Karnataka,Tier 1,2024-07-08
CUST_01621,Vikram Nair,Male,Varanasi,Uttar Pradesh,Tier 3,2024-09-17
CUST_01622,Ananya Kumar,Female,Hyderabad,Telangana,Tier 1,2024-05-02
CUST_01623,Kavya Verma,Female,Chennai,Tamil Nadu,Tier 1,2023-12-08
CUST_01624,Kavya Sharma,Female,Hyderabad,Telangana,Tier 1,2023-12-20
CUST_01625,Amit Nair,Male,Ranchi,Jharkhand,Tier 3,2023-10-05
CUST_01626,Ananya Patel,Female,Indore,Madhya Pradesh,Tier 2,2024-01-18
CUST_01627,Tanvi Kumar,Female,Hyderabad,Telangana,Tier 1,2023-12-04
CUST_01628,Priya Reddy,Female,Chandigarh,Punjab,Tier 2,2023-11-13
CUST_01629,Kabir Gupta,Male,Chennai,Tamil Nadu,Tier 1,2023-12-21
CUST_01630,Aditya Singh,Male,Hyderabad,Telangana,Tier 1,2024-08-05
CUST_01631,Ananya Patel,Female,Chandigarh,Punjab,Tier 2,2024-02-28
CUST_01632,Arjun Reddy,Male,Kochi,Kerala,Tier 2,2023-10-09
CUST_01633,Tanvi Nair,Female,Kochi,Kerala,Tier 2,2024-07-03
CUST_01634,Rohan Verma,Male,Lucknow,Uttar Pradesh,Tier 2,2023-11-07
CUST_01635,Ishita Sharma,Female,Lucknow,Uttar Pradesh,Tier 2,2023-07-24
CUST_01636,Tanvi Iyer,Female,Chandigarh,Punjab,Tier 2,2024-10-04
CUST_01637,Riya Reddy,Female,Hyderabad,Telangana,Tier 1,2024-02-09
CUST_01638,Amit Patel,Male,Bengaluru,Karnataka,Tier 1,2024-02-25
CUST_01639,Arjun Mehta,Male,Jaipur,Rajasthan,Tier 2,2024-10-27
CUST_01640,Aditya Iyer,Male,Lucknow,Uttar Pradesh,Tier 2,2024-01-21
CUST_01641,Rahul Gupta,Male,Mumbai,Maharashtra,Tier 1,2023-10-28
CUST_01642,Ananya Iyer,Female,Bengaluru,Karnataka,Tier 1,2024-06-24
CUST_01643,Ishita Singh,Female,Lucknow,Uttar Pradesh,Tier 2,2024-01-14
CUST_01644,Tanvi Reddy,Female,Hyderabad,Telangana,Tier 1,2023-07-23
CUST_01645,Priya Singh,Female,Delhi,Delhi,Tier 1,2024-08-02
CUST_01646,Kabir Sharma,Male,Bengaluru,Karnataka,Tier 1,2023-07-24
CUST_01647,Pooja Singh,Female,Ahmedabad,Gujarat,Tier 2,2023-09-12
CUST_01648,Sneha Singh,Female,Patna,Bihar,Tier 3,2024-05-08
CUST_01649,Priya Verma,Female,Kochi,Kerala,Tier 2,2023-10-12
CUST_01650,Kavya Kumar,Female,Ahmedabad,Gujarat,Tier 2,2024-11-23
CUST_01651,Pooja Singh,Female,Hyderabad,Telangana,Tier 1,2023-08-29
CUST_01652,Rahul Iyer,Male,Pune,Maharashtra,Tier 1,2023-12-13
CUST_01653,Kunal Verma,Male,Pune,Maharashtra,Tier 1,2024-05-17
CUST_01654,Neha Mehta,Female,Lucknow,Uttar Pradesh,Tier 2,2023-07-15
CUST_01655,Aditya Gupta,Male,Indore,Madhya Pradesh,Tier 2,2024-05-21
CUST_01656,Neha Verma,Female,Varanasi,Uttar Pradesh,Tier 3,2024-10-07
CUST_01657,Ishita Nair,Female,Lucknow,Uttar Pradesh,Tier 2,2024-03-07
CUST_01658,Vikram Sharma,Male,Varanasi,Uttar Pradesh,Tier 3,2023-12-12
CUST_01659,Neha Nair,Female,Varanasi,Uttar Pradesh,Tier 3,2023-11-17
CUST_01660,Ishita Gupta,Female,Chandigarh,Punjab,Tier 2,2024-07-15
CUST_01661,Pooja Patel,Female,Pune,Maharashtra,Tier 1,2024-01-10
CUST_01662,Amit Reddy,Male,Kochi,Kerala,Tier 2,2024-11-19
CUST_01663,Riya Mehta,Female,Delhi,Delhi,Tier 1,2023-09-30
CUST_01664,Aditya Sharma,Male,Indore,Madhya Pradesh,Tier 2,2023-07-11
CUST_01665,Vikram Patel,Male,Bengaluru,Karnataka,Tier 1,2024-02-10
CUST_01666,Amit Verma,Male,Delhi,Delhi,Tier 1,2024-06-12
CUST_01667,Priya Nair,Female,Mumbai,Maharashtra,Tier 1,2024-07-23
CUST_01668,Kavya Sharma,Female,Jaipur,Rajasthan,Tier 2,2024-05-30
CUST_01669,Vikram Patel,Male,Bengaluru,Karnataka,Tier 1,2024-12-02
CUST_01670,Arjun Singh,Male,Dehradun,Uttarakhand,Tier 3,2023-12-29
CUST_01671,Pooja Kumar,Female,Pune,Maharashtra,Tier 1,2024-07-09
CUST_01672,Kunal Mehta,Male,Chandigarh,Punjab,Tier 2,2024-06-12
CUST_01673,Kunal Verma,Male,Chandigarh,Punjab,Tier 2,2023-12-07
CUST_01674,Aditya Iyer,Male,Kochi,Kerala,Tier 2,2023-12-02
CUST_01675,Ananya Singh,Female,Mumbai,Maharashtra,Tier 1,2024-07-08
CUST_01676,Rohan Patel,Male,Mumbai,Maharashtra,Tier 1,2024-09-08
CUST_01677,Priya Nair,Female,Bengaluru,Karnataka,Tier 1,2023-09-11
CUST_01678,Tanvi Sharma,Female,Bengaluru,Karnataka,Tier 1,2023-07-15
CUST_01679,Aditya Verma,Male,Chennai,Tamil Nadu,Tier 1,2023-06-14
CUST_01680,Rohan Nair,Male,Indore,Madhya Pradesh,Tier 2,2023-08-27
CUST_01681,Rahul Reddy,Male,Chandigarh,Punjab,Tier 2,2023-11-15
CUST_01682,Kavya Reddy,Female,Bengaluru,Karnataka,Tier 1,2024-02-29
CUST_01683,Aarav Sharma,Male,Delhi,Delhi,Tier 1,2023-09-14
CUST_01684,Sneha Sharma,Female,Varanasi,Uttar Pradesh,Tier 3,2024-01-19
CUST_01685,Tanvi Patel,Female,Delhi,Delhi,Tier 1,2024-01-18
CUST_01686,Priya Reddy,Female,Bengaluru,Karnataka,Tier 1,2024-01-16
CUST_01687,Vikram Kumar,Male,Delhi,Delhi,Tier 1,2023-09-30
CUST_01688,Priya Sharma,Female,Lucknow,Uttar Pradesh,Tier 2,2024-08-12
CUST_01689,Divya Patel,Female,Lucknow,Uttar Pradesh,Tier 2,2024-04-04
CUST_01690,Kavya Verma,Female,Hyderabad,Telangana,Tier 1,2024-06-12
CUST_01691,Priya Sharma,Female,Bhopal,Madhya Pradesh,Tier 3,2023-10-29
CUST_01692,Sneha Gupta,Female,Hyderabad,Telangana,Tier 1,2023-08-08
CUST_01693,Varun Gupta,Male,Patna,Bihar,Tier 3,2023-10-27
CUST_01694,Kabir Patel,Male,Hyderabad,Telangana,Tier 1,2024-05-27
CUST_01695,Neha Gupta,Female,Chandigarh,Punjab,Tier 2,2024-05-07
CUST_01696,Aditya Gupta,Male,Hyderabad,Telangana,Tier 1,2024-11-28
CUST_01697,Ishita Nair,Female,Ranchi,Jharkhand,Tier 3,2023-08-25
CUST_01698,Ishita Iyer,Female,Kochi,Kerala,Tier 2,2024-01-11
CUST_01699,Aditya Kumar,Male,Bengaluru,Karnataka,Tier 1,2024-06-06
CUST_01700,Sneha Verma,Female,Delhi,Delhi,Tier 1,2024-06-04
CUST_01701,Vikram Reddy,Male,Pune,Maharashtra,Tier 1,2024-08-05
CUST_01702,Aditya Mehta,Male,Mumbai,Maharashtra,Tier 1,2023-09-29
CUST_01703,Arjun Sharma,Male,Chandigarh,Punjab,Tier 2,2024-06-15
CUST_01704,Rohan Iyer,Male,Pune,Maharashtra,Tier 1,2023-11-09
CUST_01705,Rahul Kumar,Male,Mumbai,Maharashtra,Tier 1,2023-08-18
CUST_01706,Varun Gupta,Male,Mumbai,Maharashtra,Tier 1,2024-09-24
CUST_01707,Amit Singh,Male,Kochi,Kerala,Tier 2,2024-05-11
CUST_01708,Ananya Singh,Female,Bengaluru,Karnataka,Tier 1,2023-07-03
CUST_01709,Amit Patel,Male,Hyderabad,Telangana,Tier 1,2024-09-08
CUST_01710,Divya Nair,Female,Mumbai,Maharashtra,Tier 1,2024-08-07
CUST_01711,Vikram Verma,Male,Lucknow,Uttar Pradesh,Tier 2,2024-01-03
CUST_01712,Divya Sharma,Female,Mumbai,Maharashtra,Tier 1,2023-08-19
CUST_01713,Neha Kumar,Female,Chandigarh,Punjab,Tier 2,2024-06-24
CUST_01714,Aarav Kumar,Male,Lucknow,Uttar Pradesh,Tier 2,2024-03-03
CUST_01715,Rohan Verma,Male,Delhi,Delhi,Tier 1,2023-06-29
CUST_01716,Vikram Patel,Male,Jaipur,Rajasthan,Tier 2,2024-01-03
CUST_01717,Vikram Mehta,Male,Kochi,Kerala,Tier 2,2023-07-04
CUST_01718,Vikram Verma,Male,Guwahati,Assam,Tier 3,2023-07-16
CUST_01719,Ananya Sharma,Female,Delhi,Delhi,Tier 1,2023-06-09
CUST_01720,Riya Gupta,Female,Indore,Madhya Pradesh,Tier 2,2024-07-05
CUST_01721,Sneha Verma,Female,Chennai,Tamil Nadu,Tier 1,2024-10-28
CUST_01722,Amit Patel,Male,Hyderabad,Telangana,Tier 1,2024-10-01
CUST_01723,Vikram Patel,Male,Hyderabad,Telangana,Tier 1,2023-08-20
CUST_01724,Aditya Mehta,Male,Dehradun,Uttarakhand,Tier 3,2023-10-23
CUST_01725,Amit Nair,Male,Guwahati,Assam,Tier 3,2024-11-17
CUST_01726,Neha Patel,Female,Delhi,Delhi,Tier 1,2024-08-15
CUST_01727,Arjun Mehta,Male,Pune,Maharashtra,Tier 1,2023-08-16
CUST_01728,Varun Reddy,Male,Bengaluru,Karnataka,Tier 1,2023-10-25
CUST_01729,Ishita Verma,Female,Chandigarh,Punjab,Tier 2,2024-04-17
CUST_01730,Vikram Patel,Male,Pune,Maharashtra,Tier 1,2024-06-07
CUST_01731,Priya Verma,Female,Hyderabad,Telangana,Tier 1,2024-02-20
CUST_01732,Riya Reddy,Female,Lucknow,Uttar Pradesh,Tier 2,2023-10-05
CUST_01733,Ananya Kumar,Female,Ranchi,Jharkhand,Tier 3,2024-07-23
CUST_01734,Kunal Kumar,Male,Ahmedabad,Gujarat,Tier 2,2024-04-17
CUST_01735,Priya Gupta,Female,Indore,Madhya Pradesh,Tier 2,2023-07-14
CUST_01736,Aditya Nair,Male,Bengaluru,Karnataka,Tier 1,2024-03-24
CUST_01737,Sneha Iyer,Female,Bengaluru,Karnataka,Tier 1,2024-01-15
CUST_01738,Neha Verma,Female,Hyderabad,Telangana,Tier 1,2024-11-29
CUST_01739,Priya Verma,Female,Bengaluru,Karnataka,Tier 1,2024-07-11
CUST_01740,Pooja Gupta,Female,Delhi,Delhi,Tier 1,2024-05-16
CUST_01741,Pooja Reddy,Female,Hyderabad,Telangana,Tier 1,2023-07-10
CUST_01742,Kunal Patel,Male,Indore,Madhya Pradesh,Tier 2,2023-07-03
CUST_01743,Ananya Kumar,Female,Chandigarh,Punjab,Tier 2,2024-01-05
CUST_01744,Aditya Sharma,Male,Dehradun,Uttarakhand,Tier 3,2024-08-07
CUST_01745,Riya Patel,Female,Bengaluru,Karnataka,Tier 1,2024-03-07
CUST_01746,Priya Singh,Female,Ranchi,Jharkhand,Tier 3,2024-08-03
CUST_01747,Vikram Patel,Male,Varanasi,Uttar Pradesh,Tier 3,2024-08-12
CUST_01748,Riya Patel,Female,Hyderabad,Telangana,Tier 1,2024-10-06
CUST_01749,Ishita Patel,Female,Ranchi,Jharkhand,Tier 3,2024-05-29
CUST_01750,Ananya Nair,Female,Ahmedabad,Gujarat,Tier 2,2023-12-21
CUST_01751,Varun Iyer,Male,Chennai,Tamil Nadu,Tier 1,2024-04-20
CUST_01752,Rahul Reddy,Male,Ranchi,Jharkhand,Tier 3,2024-04-20
CUST_01753,Arjun Singh,Male,Jaipur,Rajasthan,Tier 2,2024-09-04
CUST_01754,Kunal Iyer,Male,Mumbai,Maharashtra,Tier 1,2023-12-10
CUST_01755,Ishita Patel,Female,Lucknow,Uttar Pradesh,Tier 2,2024-05-22
CUST_01756,Aditya Iyer,Male,Patna,Bihar,Tier 3,2024-06-07
CUST_01757,Vikram Singh,Male,Jaipur,Rajasthan,Tier 2,2024-10-24
CUST_01758,Tanvi Gupta,Female,Pune,Maharashtra,Tier 1,2024-08-10
CUST_01759,Priya Patel,Female,Indore,Madhya Pradesh,Tier 2,2023-11-29
CUST_01760,Amit Gupta,Male,Chennai,Tamil Nadu,Tier 1,2024-08-21
CUST_01761,Divya Verma,Female,Varanasi,Uttar Pradesh,Tier 3,2023-08-31
CUST_01762,Varun Gupta,Male,Chennai,Tamil Nadu,Tier 1,2023-09-11
CUST_01763,Ishita Iyer,Female,Dehradun,Uttarakhand,Tier 3,2024-03-23
CUST_01764,Pooja Mehta,Female,Ahmedabad,Gujarat,Tier 2,2024-06-25
CUST_01765,Aditya Reddy,Male,Patna,Bihar,Tier 3,2024-09-18
CUST_01766,Tanvi Sharma,Female,Bhopal,Madhya Pradesh,Tier 3,2024-11-01
CUST_01767,Riya Singh,Female,Hyderabad,Telangana,Tier 1,2024-02-03
CUST_01768,Arjun Sharma,Male,Mumbai,Maharashtra,Tier 1,2024-06-18
CUST_01769,Kavya Patel,Female,Ranchi,Jharkhand,Tier 3,2024-02-03
CUST_01770,Pooja Iyer,Female,Jaipur,Rajasthan,Tier 2,2024-08-13
CUST_01771,Arjun Patel,Male,Delhi,Delhi,Tier 1,2024-11-11
CUST_01772,Arjun Mehta,Male,Mumbai,Maharashtra,Tier 1,2024-10-29
CUST_01773,Varun Gupta,Male,Dehradun,Uttarakhand,Tier 3,2024-02-22
CUST_01774,Kabir Mehta,Male,Bengaluru,Karnataka,Tier 1,2024-08-21
CUST_01775,Varun Patel,Male,Chennai,Tamil Nadu,Tier 1,2023-08-20
CUST_01776,Ananya Patel,Female,Dehradun,Uttarakhand,Tier 3,2024-06-01
CUST_01777,Aditya Mehta,Male,Pune,Maharashtra,Tier 1,2024-02-07
CUST_01778,Riya Sharma,Female,Mumbai,Maharashtra,Tier 1,2023-06-24
CUST_01779,Rohan Reddy,Male,Varanasi,Uttar Pradesh,Tier 3,2023-09-18
CUST_01780,Vikram Singh,Male,Varanasi,Uttar Pradesh,Tier 3,2023-08-19
CUST_01781,Kavya Mehta,Female,Hyderabad,Telangana,Tier 1,2023-06-23
CUST_01782,Priya Reddy,Female,Varanasi,Uttar Pradesh,Tier 3,2024-01-02
CUST_01783,Tanvi Kumar,Female,Chandigarh,Punjab,Tier 2,2023-11-12
CUST_01784,Vikram Sharma,Male,Dehradun,Uttarakhand,Tier 3,2023-07-03
CUST_01785,Kabir Kumar,Male,Ahmedabad,Gujarat,Tier 2,2023-06-06
CUST_01786,Amit Singh,Male,Bhopal,Madhya Pradesh,Tier 3,2023-07-01
CUST_01787,Amit Nair,Male,Lucknow,Uttar Pradesh,Tier 2,2024-06-08
CUST_01788,Aditya Sharma,Male,Mumbai,Maharashtra,Tier 1,2023-08-25
CUST_01789,Vikram Singh,Male,Jaipur,Rajasthan,Tier 2,2024-05-22
CUST_01790,Neha Reddy,Female,Hyderabad,Telangana,Tier 1,2023-12-15
CUST_01791,Sneha Mehta,Female,Kochi,Kerala,Tier 2,2024-03-14
CUST_01792,Priya Iyer,Female,Ahmedabad,Gujarat,Tier 2,2024-04-15
CUST_01793,Aditya Reddy,Male,Hyderabad,Telangana,Tier 1,2024-08-07
CUST_01794,Kavya Iyer,Female,Hyderabad,Telangana,Tier 1,2024-08-13
CUST_01795,Varun Kumar,Male,Chennai,Tamil Nadu,Tier 1,2023-08-05
CUST_01796,Sneha Sharma,Female,Patna,Bihar,Tier 3,2024-07-24
CUST_01797,Divya Nair,Female,Bengaluru,Karnataka,Tier 1,2023-09-26
CUST_01798,Kabir Gupta,Male,Indore,Madhya Pradesh,Tier 2,2024-02-07
CUST_01799,Aditya Kumar,Male,Delhi,Delhi,Tier 1,2023-10-04
CUST_01800,Kabir Sharma,Male,Lucknow,Uttar Pradesh,Tier 2,2024-09-19
CUST_01801,Pooja Nair,Female,Delhi,Delhi,Tier 1,2024-01-04
CUST_01802,Rohan Nair,Male,Pune,Maharashtra,Tier 1,2023-08-16
CUST_01803,Tanvi Kumar,Female,Bhopal,Madhya Pradesh,Tier 3,2023-12-19
CUST_01804,Kunal Reddy,Male,Delhi,Delhi,Tier 1,2024-08-05
CUST_01805,Rohan Reddy,Male,Delhi,Delhi,Tier 1,2024-06-27
CUST_01806,Varun Sharma,Male,Chennai,Tamil Nadu,Tier 1,2023-06-05
CUST_01807,Riya Patel,Female,Ranchi,Jharkhand,Tier 3,2023-07-08
CUST_01808,Kabir Sharma,Male,Bengaluru,Karnataka,Tier 1,2024-07-30
CUST_01809,Riya Kumar,Female,Chandigarh,Punjab,Tier 2,2023-08-21
CUST_01810,Neha Iyer,Female,Delhi,Delhi,Tier 1,2024-09-08
CUST_01811,Priya Kumar,Female,Varanasi,Uttar Pradesh,Tier 3,2023-06-30
CUST_01812,Aarav Sharma,Male,Delhi,Delhi,Tier 1,2024-08-20
CUST_01813,Rahul Verma,Male,Delhi,Delhi,Tier 1,2024-12-02
CUST_01814,Aarav Singh,Male,Varanasi,Uttar Pradesh,Tier 3,2023-09-22
CUST_01815,Vikram Verma,Male,Chennai,Tamil Nadu,Tier 1,2024-06-23
CUST_01816,Sneha Patel,Female,Jaipur,Rajasthan,Tier 2,2023-10-08
CUST_01817,Sneha Iyer,Female,Ranchi,Jharkhand,Tier 3,2024-08-31
CUST_01818,Amit Nair,Male,Hyderabad,Telangana,Tier 1,2024-10-14
CUST_01819,Kavya Reddy,Female,Delhi,Delhi,Tier 1,2024-03-30
CUST_01820,Kabir Nair,Male,Bhopal,Madhya Pradesh,Tier 3,2023-12-28
CUST_01821,Rohan Reddy,Male,Bengaluru,Karnataka,Tier 1,2024-01-08
CUST_01822,Tanvi Mehta,Female,Indore,Madhya Pradesh,Tier 2,2023-12-31
CUST_01823,Riya Reddy,Female,Ahmedabad,Gujarat,Tier 2,2023-09-17
CUST_01824,Aditya Kumar,Male,Hyderabad,Telangana,Tier 1,2024-11-07
CUST_01825,Arjun Mehta,Male,Hyderabad,Telangana,Tier 1,2023-11-16
CUST_01826,Divya Verma,Female,Bengaluru,Karnataka,Tier 1,2023-09-21
CUST_01827,Aarav Reddy,Male,Bengaluru,Karnataka,Tier 1,2024-09-30
CUST_01828,Kavya Singh,Female,Pune,Maharashtra,Tier 1,2023-08-26
CUST_01829,Tanvi Mehta,Female,Pune,Maharashtra,Tier 1,2024-08-15
CUST_01830,Ananya Reddy,Female,Bengaluru,Karnataka,Tier 1,2023-07-21
CUST_01831,Tanvi Mehta,Female,Hyderabad,Telangana,Tier 1,2023-11-28
CUST_01832,Ishita Iyer,Female,Chandigarh,Punjab,Tier 2,2023-09-20
CUST_01833,Aditya Verma,Male,Bengaluru,Karnataka,Tier 1,2023-07-07
CUST_01834,Pooja Verma,Female,Indore,Madhya Pradesh,Tier 2,2024-01-18
CUST_01835,Tanvi Gupta,Female,Chennai,Tamil Nadu,Tier 1,2024-03-01
CUST_01836,Pooja Patel,Female,Indore,Madhya Pradesh,Tier 2,2024-03-21
CUST_01837,Ananya Verma,Female,Chennai,Tamil Nadu,Tier 1,2024-10-01
CUST_01838,Pooja Patel,Female,Bengaluru,Karnataka,Tier 1,2023-11-18
CUST_01839,Kabir Reddy,Male,Bengaluru,Karnataka,Tier 1,2024-09-28
CUST_01840,Kavya Sharma,Female,Delhi,Delhi,Tier 1,2023-08-18
CUST_01841,Aarav Iyer,Male,Hyderabad,Telangana,Tier 1,2023-06-02
CUST_01842,Pooja Reddy,Female,Bengaluru,Karnataka,Tier 1,2024-03-24
CUST_01843,Amit Nair,Male,Mumbai,Maharashtra,Tier 1,2023-09-05
CUST_01844,Vikram Kumar,Male,Kochi,Kerala,Tier 2,2024-05-25
CUST_01845,Neha Singh,Female,Bengaluru,Karnataka,Tier 1,2024-05-27
CUST_01846,Kavya Nair,Female,Ahmedabad,Gujarat,Tier 2,2024-10-08
CUST_01847,Vikram Nair,Male,Jaipur,Rajasthan,Tier 2,2023-10-30
CUST_01848,Pooja Patel,Female,Bengaluru,Karnataka,Tier 1,2024-02-06
CUST_01849,Kavya Mehta,Female,Lucknow,Uttar Pradesh,Tier 2,2024-06-21
CUST_01850,Vikram Nair,Male,Ranchi,Jharkhand,Tier 3,2024-11-21
CUST_01851,Vikram Kumar,Male,Ranchi,Jharkhand,Tier 3,2024-08-01
CUST_01852,Riya Mehta,Female,Pune,Maharashtra,Tier 1,2024-05-17
CUST_01853,Arjun Reddy,Male,Indore,Madhya Pradesh,Tier 2,2024-03-22
CUST_01854,Aarav Reddy,Male,Bhopal,Madhya Pradesh,Tier 3,2024-09-20
CUST_01855,Amit Singh,Male,Kochi,Kerala,Tier 2,2023-11-14
CUST_01856,Neha Singh,Female,Delhi,Delhi,Tier 1,2023-06-16
CUST_01857,Ananya Mehta,Female,Pune,Maharashtra,Tier 1,2023-10-05
CUST_01858,Kunal Singh,Male,Delhi,Delhi,Tier 1,2023-06-01
CUST_01859,Vikram Patel,Male,Delhi,Delhi,Tier 1,2024-10-27
CUST_01860,Rohan Singh,Male,Chennai,Tamil Nadu,Tier 1,2023-12-19
CUST_01861,Divya Verma,Female,Bengaluru,Karnataka,Tier 1,2024-09-27
CUST_01862,Pooja Gupta,Female,Bengaluru,Karnataka,Tier 1,2024-02-23
CUST_01863,Divya Singh,Female,Hyderabad,Telangana,Tier 1,2024-04-26
CUST_01864,Aditya Singh,Male,Pune,Maharashtra,Tier 1,2023-12-22
CUST_01865,Riya Verma,Female,Chennai,Tamil Nadu,Tier 1,2024-09-15
CUST_01866,Arjun Gupta,Male,Pune,Maharashtra,Tier 1,2024-08-26
CUST_01867,Ishita Kumar,Female,Chandigarh,Punjab,Tier 2,2024-09-20
CUST_01868,Tanvi Reddy,Female,Pune,Maharashtra,Tier 1,2023-06-28
CUST_01869,Priya Patel,Female,Indore,Madhya Pradesh,Tier 2,2024-02-04
CUST_01870,Sneha Iyer,Female,Ahmedabad,Gujarat,Tier 2,2024-03-27
CUST_01871,Arjun Patel,Male,Bengaluru,Karnataka,Tier 1,2024-09-16
CUST_01872,Ananya Verma,Female,Chennai,Tamil Nadu,Tier 1,2023-09-18
CUST_01873,Divya Verma,Female,Guwahati,Assam,Tier 3,2024-10-06
CUST_01874,Ananya Verma,Female,Kochi,Kerala,Tier 2,2024-11-05
CUST_01875,Aditya Nair,Male,Chennai,Tamil Nadu,Tier 1,2024-10-20
CUST_01876,Aditya Patel,Male,Delhi,Delhi,Tier 1,2023-06-07
CUST_01877,Divya Mehta,Female,Bengaluru,Karnataka,Tier 1,2023-11-04
CUST_01878,Amit Verma,Male,Bengaluru,Karnataka,Tier 1,2024-09-28
CUST_01879,Amit Reddy,Male,Bengaluru,Karnataka,Tier 1,2024-04-03
CUST_01880,Neha Patel,Female,Guwahati,Assam,Tier 3,2024-02-22
CUST_01881,Divya Verma,Female,Chennai,Tamil Nadu,Tier 1,2023-06-23
CUST_01882,Rahul Mehta,Male,Chennai,Tamil Nadu,Tier 1,2023-12-23
CUST_01883,Neha Singh,Female,Bengaluru,Karnataka,Tier 1,2024-10-17
CUST_01884,Riya Gupta,Female,Bengaluru,Karnataka,Tier 1,2024-09-18
CUST_01885,Tanvi Patel,Female,Hyderabad,Telangana,Tier 1,2023-10-02
CUST_01886,Ananya Iyer,Female,Chennai,Tamil Nadu,Tier 1,2024-08-29
CUST_01887,Kabir Patel,Male,Kochi,Kerala,Tier 2,2024-09-12
CUST_01888,Ananya Patel,Female,Pune,Maharashtra,Tier 1,2024-01-02
CUST_01889,Ishita Gupta,Female,Lucknow,Uttar Pradesh,Tier 2,2023-11-03
CUST_01890,Divya Kumar,Female,Lucknow,Uttar Pradesh,Tier 2,2024-03-12
CUST_01891,Tanvi Verma,Female,Dehradun,Uttarakhand,Tier 3,2024-10-08
CUST_01892,Neha Iyer,Female,Ahmedabad,Gujarat,Tier 2,2024-11-01
CUST_01893,Sneha Kumar,Female,Ahmedabad,Gujarat,Tier 2,2024-05-22
CUST_01894,Priya Sharma,Female,Chennai,Tamil Nadu,Tier 1,2023-11-10
CUST_01895,Rohan Verma,Male,Kochi,Kerala,Tier 2,2024-09-30
CUST_01896,Pooja Mehta,Female,Mumbai,Maharashtra,Tier 1,2024-06-28
CUST_01897,Priya Sharma,Female,Jaipur,Rajasthan,Tier 2,2023-07-09
CUST_01898,Kunal Kumar,Male,Jaipur,Rajasthan,Tier 2,2023-11-26
CUST_01899,Priya Reddy,Female,Chennai,Tamil Nadu,Tier 1,2023-12-22
CUST_01900,Vikram Reddy,Male,Delhi,Delhi,Tier 1,2024-01-17
CUST_01901,Rahul Gupta,Male,Bhopal,Madhya Pradesh,Tier 3,2023-08-28
CUST_01902,Rohan Mehta,Male,Mumbai,Maharashtra,Tier 1,2023-06-06
CUST_01903,Tanvi Iyer,Female,Jaipur,Rajasthan,Tier 2,2024-05-14
CUST_01904,Amit Reddy,Male,Mumbai,Maharashtra,Tier 1,2024-09-28
CUST_01905,Kavya Iyer,Female,Bhopal,Madhya Pradesh,Tier 3,2023-08-08
CUST_01906,Tanvi Gupta,Female,Guwahati,Assam,Tier 3,2023-08-20
CUST_01907,Amit Singh,Male,Hyderabad,Telangana,Tier 1,2024-01-23
CUST_01908,Varun Nair,Male,Mumbai,Maharashtra,Tier 1,2024-03-23
CUST_01909,Tanvi Kumar,Female,Mumbai,Maharashtra,Tier 1,2024-03-21
CUST_01910,Amit Iyer,Male,Pune,Maharashtra,Tier 1,2024-10-25
CUST_01911,Tanvi Iyer,Female,Chennai,Tamil Nadu,Tier 1,2023-09-22
CUST_01912,Riya Sharma,Female,Hyderabad,Telangana,Tier 1,2024-02-23
CUST_01913,Kabir Sharma,Male,Pune,Maharashtra,Tier 1,2024-05-03
CUST_01914,Aditya Reddy,Male,Pune,Maharashtra,Tier 1,2023-07-07
CUST_01915,Priya Gupta,Female,Ahmedabad,Gujarat,Tier 2,2023-08-22
CUST_01916,Sneha Singh,Female,Jaipur,Rajasthan,Tier 2,2023-07-07
CUST_01917,Ishita Mehta,Female,Chandigarh,Punjab,Tier 2,2024-10-02
CUST_01918,Pooja Sharma,Female,Varanasi,Uttar Pradesh,Tier 3,2023-12-18
CUST_01919,Ananya Nair,Female,Chandigarh,Punjab,Tier 2,2024-06-21
CUST_01920,Arjun Gupta,Male,Jaipur,Rajasthan,Tier 2,2024-08-22
CUST_01921,Varun Kumar,Male,Delhi,Delhi,Tier 1,2024-08-21
CUST_01922,Aditya Mehta,Male,Bengaluru,Karnataka,Tier 1,2024-01-19
CUST_01923,Ishita Iyer,Female,Bengaluru,Karnataka,Tier 1,2024-02-11
CUST_01924,Rohan Sharma,Male,Mumbai,Maharashtra,Tier 1,2024-03-16
CUST_01925,Kabir Kumar,Male,Lucknow,Uttar Pradesh,Tier 2,2024-03-26
CUST_01926,Varun Gupta,Male,Jaipur,Rajasthan,Tier 2,2023-08-18
CUST_01927,Vikram Nair,Male,Chennai,Tamil Nadu,Tier 1,2024-05-31
CUST_01928,Kunal Singh,Male,Guwahati,Assam,Tier 3,2024-03-26
CUST_01929,Amit Singh,Male,Pune,Maharashtra,Tier 1,2024-10-28
CUST_01930,Aarav Kumar,Male,Dehradun,Uttarakhand,Tier 3,2024-10-10
CUST_01931,Priya Mehta,Female,Guwahati,Assam,Tier 3,2024-01-23
CUST_01932,Ishita Mehta,Female,Chennai,Tamil Nadu,Tier 1,2023-10-24
CUST_01933,Aditya Reddy,Male,Chandigarh,Punjab,Tier 2,2023-09-25
CUST_01934,Kunal Sharma,Male,Pune,Maharashtra,Tier 1,2024-06-28
CUST_01935,Priya Sharma,Female,Pune,Maharashtra,Tier 1,2024-06-28
CUST_01936,Ananya Gupta,Female,Bengaluru,Karnataka,Tier 1,2024-01-16
CUST_01937,Arjun Patel,Male,Ahmedabad,Gujarat,Tier 2,2023-07-24
CUST_01938,Ananya Nair,Female,Jaipur,Rajasthan,Tier 2,2024-05-10
CUST_01939,Divya Mehta,Female,Indore,Madhya Pradesh,Tier 2,2024-08-18
CUST_01940,Ananya Verma,Female,Kochi,Kerala,Tier 2,2024-03-21
CUST_01941,Tanvi Iyer,Female,Ahmedabad,Gujarat,Tier 2,2024-02-22
CUST_01942,Arjun Reddy,Male,Lucknow,Uttar Pradesh,Tier 2,2023-10-14
CUST_01943,Vikram Singh,Male,Mumbai,Maharashtra,Tier 1,2024-03-29
CUST_01944,Divya Gupta,Female,Delhi,Delhi,Tier 1,2024-06-05
CUST_01945,Riya Iyer,Female,Delhi,Delhi,Tier 1,2024-04-24
CUST_01946,Sneha Reddy,Female,Chandigarh,Punjab,Tier 2,2023-06-10
CUST_01947,Ananya Kumar,Female,Ahmedabad,Gujarat,Tier 2,2024-01-10
CUST_01948,Ananya Iyer,Female,Patna,Bihar,Tier 3,2024-04-17
CUST_01949,Kunal Patel,Male,Delhi,Delhi,Tier 1,2024-02-21
CUST_01950,Sneha Mehta,Female,Lucknow,Uttar Pradesh,Tier 2,2023-07-21
CUST_01951,Rohan Sharma,Male,Pune,Maharashtra,Tier 1,2024-08-24
CUST_01952,Ananya Nair,Female,Jaipur,Rajasthan,Tier 2,2024-02-21
CUST_01953,Ananya Kumar,Female,Jaipur,Rajasthan,Tier 2,2024-01-27
CUST_01954,Priya Verma,Female,Jaipur,Rajasthan,Tier 2,2024-11-05
CUST_01955,Aditya Mehta,Male,Delhi,Delhi,Tier 1,2024-07-30
CUST_01956,Arjun Singh,Male,Delhi,Delhi,Tier 1,2024-06-03
CUST_01957,Tanvi Kumar,Female,Indore,Madhya Pradesh,Tier 2,2023-07-02
CUST_01958,Kabir Sharma,Male,Mumbai,Maharashtra,Tier 1,2023-06-27
CUST_01959,Varun Mehta,Male,Guwahati,Assam,Tier 3,2024-11-02
CUST_01960,Pooja Gupta,Female,Varanasi,Uttar Pradesh,Tier 3,2023-11-01
CUST_01961,Priya Verma,Female,Bhopal,Madhya Pradesh,Tier 3,2024-10-28
CUST_01962,Ishita Verma,Female,Guwahati,Assam,Tier 3,2023-07-23
CUST_01963,Ishita Nair,Female,Delhi,Delhi,Tier 1,2023-12-17
CUST_01964,Pooja Kumar,Female,Delhi,Delhi,Tier 1,2024-01-23
CUST_01965,Kavya Verma,Female,Chandigarh,Punjab,Tier 2,2024-07-24
CUST_01966,Priya Kumar,Female,Jaipur,Rajasthan,Tier 2,2024-06-05
CUST_01967,Divya Mehta,Female,Hyderabad,Telangana,Tier 1,2024-01-22
CUST_01968,Amit Mehta,Male,Chandigarh,Punjab,Tier 2,2023-10-20
CUST_01969,Riya Kumar,Female,Bengaluru,Karnataka,Tier 1,2024-07-23
CUST_01970,Ishita Patel,Female,Kochi,Kerala,Tier 2,2023-12-20
CUST_01971,Kunal Sharma,Male,Hyderabad,Telangana,Tier 1,2024-02-25
CUST_01972,Priya Patel,Female,Ranchi,Jharkhand,Tier 3,2023-06-25
CUST_01973,Rohan Patel,Male,Ahmedabad,Gujarat,Tier 2,2024-07-02
CUST_01974,Kavya Patel,Female,Pune,Maharashtra,Tier 1,2024-02-03
CUST_01975,Priya Kumar,Female,Patna,Bihar,Tier 3,2023-09-19
CUST_01976,Rohan Kumar,Male,Ranchi,Jharkhand,Tier 3,2024-09-03
CUST_01977,Riya Reddy,Female,Kochi,Kerala,Tier 2,2023-12-05
CUST_01978,Rahul Sharma,Male,Indore,Madhya Pradesh,Tier 2,2024-09-07
CUST_01979,Kavya Reddy,Female,Chennai,Tamil Nadu,Tier 1,2024-03-13
CUST_01980,Aditya Singh,Male,Jaipur,Rajasthan,Tier 2,2024-11-12
CUST_01981,Riya Kumar,Female,Mumbai,Maharashtra,Tier 1,2023-10-25
CUST_01982,Aditya Gupta,Male,Ahmedabad,Gujarat,Tier 2,2024-04-17
CUST_01983,Kabir Singh,Male,Delhi,Delhi,Tier 1,2024-03-07
CUST_01984,Neha Mehta,Female,Patna,Bihar,Tier 3,2024-02-21
CUST_01985,Aditya Singh,Male,Mumbai,Maharashtra,Tier 1,2024-11-02
CUST_01986,Aarav Iyer,Male,Guwahati,Assam,Tier 3,2024-12-02
CUST_01987,Aarav Reddy,Male,Varanasi,Uttar Pradesh,Tier 3,2024-06-13
CUST_01988,Vikram Iyer,Male,Hyderabad,Telangana,Tier 1,2024-11-15
CUST_01989,Kunal Singh,Male,Dehradun,Uttarakhand,Tier 3,2023-10-01
CUST_01990,Tanvi Reddy,Female,Mumbai,Maharashtra,Tier 1,2024-03-12
CUST_01991,Kabir Verma,Male,Lucknow,Uttar Pradesh,Tier 2,2023-08-16
CUST_01992,Sneha Nair,Female,Hyderabad,Telangana,Tier 1,2024-11-07
CUST_01993,Kabir Sharma,Male,Chennai,Tamil Nadu,Tier 1,2024-11-15
CUST_01994,Pooja Nair,Female,Kochi,Kerala,Tier 2,2023-07-07
CUST_01995,Aditya Patel,Male,Lucknow,Uttar Pradesh,Tier 2,2023-12-18
CUST_01996,Neha Patel,Female,Lucknow,Uttar Pradesh,Tier 2,2024-10-21
CUST_01997,Sneha Mehta,Female,Jaipur,Rajasthan,Tier 2,2024-11-10
CUST_01998,Aarav Gupta,Male,Pune,Maharashtra,Tier 1,2023-12-31
CUST_01999,Aarav Gupta,Male,Ahmedabad,Gujarat,Tier 2,2024-06-24
CUST_02000,Kabir Reddy,Male,Lucknow,Uttar Pradesh,Tier 2,2024-04-03
CUST_02001,Vikram Reddy,Male,Kochi,Kerala,Tier 2,2024-07-06
CUST_02002,Ishita Reddy,Female,Mumbai,Maharashtra,Tier 1,2023-09-24
CUST_02003,Tanvi Reddy,Female,Chennai,Tamil Nadu,Tier 1,2024-08-09
CUST_02004,Rahul Reddy,Male,Dehradun,Uttarakhand,Tier 3,2023-09-25
CUST_02005,Tanvi Patel,Female,Chandigarh,Punjab,Tier 2,2024-10-13
CUST_02006,Pooja Sharma,Female,Pune,Maharashtra,Tier 1,2024-01-07
CUST_02007,Ananya Nair,Female,Indore,Madhya Pradesh,Tier 2,2024-04-21
CUST_02008,Tanvi Reddy,Female,Delhi,Delhi,Tier 1,2023-07-26
CUST_02009,Neha Mehta,Female,Bengaluru,Karnataka,Tier 1,2024-04-11
CUST_02010,Tanvi Mehta,Female,Lucknow,Uttar Pradesh,Tier 2,2024-11-30
CUST_02011,Rohan Iyer,Male,Lucknow,Uttar Pradesh,Tier 2,2023-06-21
CUST_02012,Arjun Verma,Male,Indore,Madhya Pradesh,Tier 2,2024-05-27
CUST_02013,Aarav Nair,Male,Pune,Maharashtra,Tier 1,2023-12-21
CUST_02014,Amit Gupta,Male,Bhopal,Madhya Pradesh,Tier 3,2024-03-24
CUST_02015,Kabir Kumar,Male,Pune,Maharashtra,Tier 1,2024-02-10
CUST_02016,Aarav Sharma,Male,Ahmedabad,Gujarat,Tier 2,2023-09-13
CUST_02017,Neha Sharma,Female,Delhi,Delhi,Tier 1,2023-06-25
CUST_02018,Aditya Sharma,Male,Bengaluru,Karnataka,Tier 1,2024-06-21
CUST_02019,Sneha Singh,Female,Varanasi,Uttar Pradesh,Tier 3,2023-08-15
CUST_02020,Ananya Sharma,Female,Ahmedabad,Gujarat,Tier 2,2023-11-03
CUST_02021,Varun Gupta,Male,Pune,Maharashtra,Tier 1,2024-04-15
CUST_02022,Tanvi Nair,Female,Indore,Madhya Pradesh,Tier 2,2024-03-07
CUST_02023,Pooja Verma,Female,Chennai,Tamil Nadu,Tier 1,2024-09-25
CUST_02024,Riya Gupta,Female,Hyderabad,Telangana,Tier 1,2024-03-12
CUST_02025,Riya Nair,Female,Chandigarh,Punjab,Tier 2,2023-06-18
CUST_02026,Tanvi Kumar,Female,Kochi,Kerala,Tier 2,2023-09-19
CUST_02027,Pooja Iyer,Female,Ranchi,Jharkhand,Tier 3,2024-01-24
CUST_02028,Kavya Reddy,Female,Kochi,Kerala,Tier 2,2024-04-14
CUST_02029,Sneha Verma,Female,Mumbai,Maharashtra,Tier 1,2023-12-30
CUST_02030,Divya Mehta,Female,Hyderabad,Telangana,Tier 1,2024-09-27
CUST_02031,Aarav Reddy,Male,Delhi,Delhi,Tier 1,2024-05-11
CUST_02032,Aarav Kumar,Male,Ahmedabad,Gujarat,Tier 2,2024-07-21
CUST_02033,Vikram Mehta,Male,Chandigarh,Punjab,Tier 2,2024-10-24
CUST_02034,Pooja Kumar,Female,Chandigarh,Punjab,Tier 2,2024-11-08
CUST_02035,Rohan Gupta,Male,Chandigarh,Punjab,Tier 2,2023-10-09
CUST_02036,Rahul Nair,Male,Lucknow,Uttar Pradesh,Tier 2,2023-12-20
CUST_02037,Priya Sharma,Female,Ranchi,Jharkhand,Tier 3,2023-11-22
CUST_02038,Sneha Nair,Female,Bengaluru,Karnataka,Tier 1,2024-03-30
CUST_02039,Arjun Singh,Male,Kochi,Kerala,Tier 2,2024-03-04
CUST_02040,Divya Kumar,Female,Lucknow,Uttar Pradesh,Tier 2,2023-10-23
CUST_02041,Ishita Mehta,Female,Dehradun,Uttarakhand,Tier 3,2024-06-15
CUST_02042,Neha Reddy,Female,Delhi,Delhi,Tier 1,2023-10-17
CUST_02043,Amit Reddy,Male,Hyderabad,Telangana,Tier 1,2023-12-01
CUST_02044,Kunal Verma,Male,Varanasi,Uttar Pradesh,Tier 3,2024-04-15
CUST_02045,Aditya Verma,Male,Indore,Madhya Pradesh,Tier 2,2023-09-05
CUST_02046,Varun Reddy,Male,Jaipur,Rajasthan,Tier 2,2024-05-24
CUST_02047,Kabir Sharma,Male,Patna,Bihar,Tier 3,2024-03-18
CUST_02048,Divya Singh,Female,Hyderabad,Telangana,Tier 1,2024-02-16
CUST_02049,Rohan Iyer,Male,Chennai,Tamil Nadu,Tier 1,2024-01-08
CUST_02050,Sneha Singh,Female,Lucknow,Uttar Pradesh,Tier 2,2024-11-16
CUST_02051,Kavya Iyer,Female,Ahmedabad,Gujarat,Tier 2,2024-03-10
CUST_02052,Pooja Patel,Female,Mumbai,Maharashtra,Tier 1,2024-01-08
CUST_02053,Varun Patel,Male,Hyderabad,Telangana,Tier 1,2023-06-01
CUST_02054,Priya Sharma,Female,Hyderabad,Telangana,Tier 1,2024-08-09
CUST_02055,Kavya Singh,Female,Jaipur,Rajasthan,Tier 2,2024-02-02
CUST_02056,Tanvi Gupta,Female,Indore,Madhya Pradesh,Tier 2,2024-04-15
CUST_02057,Ishita Verma,Female,Bhopal,Madhya Pradesh,Tier 3,2023-11-18
CUST_02058,Sneha Gupta,Female,Chandigarh,Punjab,Tier 2,2024-02-12
CUST_02059,Amit Gupta,Male,Lucknow,Uttar Pradesh,Tier 2,2023-06-26
CUST_02060,Neha Kumar,Female,Lucknow,Uttar Pradesh,Tier 2,2023-12-13
CUST_02061,Kavya Patel,Female,Varanasi,Uttar Pradesh,Tier 3,2023-12-18
CUST_02062,Kavya Nair,Female,Pune,Maharashtra,Tier 1,2024-04-13
CUST_02063,Priya Kumar,Female,Guwahati,Assam,Tier 3,2023-06-14
CUST_02064,Ananya Singh,Female,Chandigarh,Punjab,Tier 2,2023-07-15
CUST_02065,Riya Sharma,Female,Varanasi,Uttar Pradesh,Tier 3,2024-09-25
CUST_02066,Neha Patel,Female,Kochi,Kerala,Tier 2,2023-09-15
CUST_02067,Kabir Sharma,Male,Kochi,Kerala,Tier 2,2023-11-04
CUST_02068,Rahul Verma,Male,Bengaluru,Karnataka,Tier 1,2023-07-28
CUST_02069,Ananya Kumar,Female,Pune,Maharashtra,Tier 1,2024-03-11
CUST_02070,Varun Sharma,Male,Chennai,Tamil Nadu,Tier 1,2024-04-20
CUST_02071,Varun Kumar,Male,Kochi,Kerala,Tier 2,2024-07-17
CUST_02072,Ananya Verma,Female,Pune,Maharashtra,Tier 1,2023-10-30
CUST_02073,Priya Patel,Female,Delhi,Delhi,Tier 1,2023-12-21
CUST_02074,Sneha Sharma,Female,Pune,Maharashtra,Tier 1,2024-05-25
CUST_02075,Kabir Reddy,Male,Kochi,Kerala,Tier 2,2023-08-28
CUST_02076,Priya Verma,Female,Bhopal,Madhya Pradesh,Tier 3,2023-08-28
CUST_02077,Kabir Iyer,Male,Jaipur,Rajasthan,Tier 2,2023-11-21
CUST_02078,Aditya Kumar,Male,Kochi,Kerala,Tier 2,2024-02-08
CUST_02079,Pooja Patel,Female,Hyderabad,Telangana,Tier 1,2024-03-20
CUST_02080,Vikram Patel,Male,Chandigarh,Punjab,Tier 2,2024-01-18
CUST_02081,Vikram Mehta,Male,Delhi,Delhi,Tier 1,2024-02-21
CUST_02082,Riya Verma,Female,Ahmedabad,Gujarat,Tier 2,2024-06-07
CUST_02083,Ishita Reddy,Female,Dehradun,Uttarakhand,Tier 3,2023-11-22
CUST_02084,Varun Gupta,Male,Pune,Maharashtra,Tier 1,2024-01-02
CUST_02085,Kavya Singh,Female,Chennai,Tamil Nadu,Tier 1,2024-10-28
CUST_02086,Priya Nair,Female,Indore,Madhya Pradesh,Tier 2,2024-01-10
CUST_02087,Riya Sharma,Female,Guwahati,Assam,Tier 3,2023-12-08
CUST_02088,Sneha Reddy,Female,Indore,Madhya Pradesh,Tier 2,2024-06-21
CUST_02089,Kabir Verma,Male,Jaipur,Rajasthan,Tier 2,2023-11-10
CUST_02090,Neha Kumar,Female,Bengaluru,Karnataka,Tier 1,2023-12-09
CUST_02091,Riya Patel,Female,Lucknow,Uttar Pradesh,Tier 2,2023-06-23
CUST_02092,Divya Reddy,Female,Kochi,Kerala,Tier 2,2024-08-19
CUST_02093,Neha Mehta,Female,Delhi,Delhi,Tier 1,2024-05-11
CUST_02094,Tanvi Singh,Female,Mumbai,Maharashtra,Tier 1,2024-11-01
CUST_02095,Arjun Gupta,Male,Ahmedabad,Gujarat,Tier 2,2024-07-15
CUST_02096,Rahul Nair,Male,Delhi,Delhi,Tier 1,2024-11-18
CUST_02097,Varun Patel,Male,Delhi,Delhi,Tier 1,2023-07-26
CUST_02098,Vikram Patel,Male,Ranchi,Jharkhand,Tier 3,2024-07-10
CUST_02099,Kunal Sharma,Male,Lucknow,Uttar Pradesh,Tier 2,2023-11-24
CUST_02100,Riya Verma,Female,Mumbai,Maharashtra,Tier 1,2024-08-21
CUST_02101,Aditya Patel,Male,Indore,Madhya Pradesh,Tier 2,2023-06-06
CUST_02102,Sneha Kumar,Female,Pune,Maharashtra,Tier 1,2024-07-08
CUST_02103,Kunal Gupta,Male,Dehradun,Uttarakhand,Tier 3,2024-02-04
CUST_02104,Arjun Patel,Male,Mumbai,Maharashtra,Tier 1,2024-07-14
CUST_02105,Riya Gupta,Female,Ahmedabad,Gujarat,Tier 2,2023-08-13
CUST_02106,Neha Iyer,Female,Pune,Maharashtra,Tier 1,2023-11-30
CUST_02107,Kabir Kumar,Male,Bengaluru,Karnataka,Tier 1,2024-07-12
CUST_02108,Aditya Patel,Male,Jaipur,Rajasthan,Tier 2,2024-01-03
CUST_02109,Tanvi Verma,Female,Chennai,Tamil Nadu,Tier 1,2023-12-02
CUST_02110,Sneha Singh,Female,Chennai,Tamil Nadu,Tier 1,2024-10-05
CUST_02111,Vikram Gupta,Male,Hyderabad,Telangana,Tier 1,2024-11-11
CUST_02112,Kunal Verma,Male,Chennai,Tamil Nadu,Tier 1,2023-09-12
CUST_02113,Ananya Patel,Female,Pune,Maharashtra,Tier 1,2024-11-01
CUST_02114,Neha Sharma,Female,Kochi,Kerala,Tier 2,2024-07-16
CUST_02115,Ananya Singh,Female,Chennai,Tamil Nadu,Tier 1,2023-09-27
CUST_02116,Ishita Kumar,Female,Kochi,Kerala,Tier 2,2024-05-09
CUST_02117,Priya Patel,Female,Guwahati,Assam,Tier 3,2024-06-27
CUST_02118,Rahul Sharma,Male,Chennai,Tamil Nadu,Tier 1,2024-02-20
CUST_02119,Amit Iyer,Male,Chandigarh,Punjab,Tier 2,2024-08-19
CUST_02120,Kunal Singh,Male,Hyderabad,Telangana,Tier 1,2024-09-14
CUST_02121,Ananya Iyer,Female,Indore,Madhya Pradesh,Tier 2,2024-08-09
CUST_02122,Riya Sharma,Female,Lucknow,Uttar Pradesh,Tier 2,2024-03-27
CUST_02123,Tanvi Sharma,Female,Delhi,Delhi,Tier 1,2023-07-07
CUST_02124,Kabir Sharma,Male,Chandigarh,Punjab,Tier 2,2024-02-10
CUST_02125,Rohan Nair,Male,Chennai,Tamil Nadu,Tier 1,2023-10-27
CUST_02126,Tanvi Singh,Female,Hyderabad,Telangana,Tier 1,2024-02-05
CUST_02127,Ananya Verma,Female,Bengaluru,Karnataka,Tier 1,2023-10-29
CUST_02128,Arjun Nair,Male,Varanasi,Uttar Pradesh,Tier 3,2024-05-11
CUST_02129,Tanvi Gupta,Female,Chennai,Tamil Nadu,Tier 1,2024-02-19
CUST_02130,Arjun Verma,Male,Ahmedabad,Gujarat,Tier 2,2024-02-23
CUST_02131,Divya Nair,Female,Lucknow,Uttar Pradesh,Tier 2,2023-07-21
CUST_02132,Divya Reddy,Female,Hyderabad,Telangana,Tier 1,2024-03-08
CUST_02133,Vikram Nair,Male,Ahmedabad,Gujarat,Tier 2,2024-07-13
CUST_02134,Vikram Singh,Male,Mumbai,Maharashtra,Tier 1,2023-06-20
CUST_02135,Sneha Singh,Female,Pune,Maharashtra,Tier 1,2024-04-21
CUST_02136,Aditya Mehta,Male,Delhi,Delhi,Tier 1,2024-01-13
CUST_02137,Varun Singh,Male,Ahmedabad,Gujarat,Tier 2,2024-09-14
CUST_02138,Divya Kumar,Female,Chandigarh,Punjab,Tier 2,2023-06-13
CUST_02139,Kavya Kumar,Female,Hyderabad,Telangana,Tier 1,2023-11-03
CUST_02140,Neha Mehta,Female,Lucknow,Uttar Pradesh,Tier 2,2024-07-04
CUST_02141,Tanvi Sharma,Female,Ahmedabad,Gujarat,Tier 2,2023-08-20
CUST_02142,Ishita Kumar,Female,Chennai,Tamil Nadu,Tier 1,2024-11-24
CUST_02143,Riya Singh,Female,Chandigarh,Punjab,Tier 2,2024-09-21
CUST_02144,Rahul Iyer,Male,Ahmedabad,Gujarat,Tier 2,2024-05-26
CUST_02145,Tanvi Sharma,Female,Indore,Madhya Pradesh,Tier 2,2024-10-15
CUST_02146,Arjun Nair,Male,Pune,Maharashtra,Tier 1,2023-10-05
CUST_02147,Arjun Mehta,Male,Bengaluru,Karnataka,Tier 1,2024-03-23
CUST_02148,Rahul Gupta,Male,Indore,Madhya Pradesh,Tier 2,2024-01-09
CUST_02149,Divya Singh,Female,Delhi,Delhi,Tier 1,2023-09-17
CUST_02150,Ishita Nair,Female,Lucknow,Uttar Pradesh,Tier 2,2024-07-18
CUST_02151,Neha Singh,Female,Ranchi,Jharkhand,Tier 3,2023-11-08
CUST_02152,Arjun Singh,Male,Delhi,Delhi,Tier 1,2024-09-18
CUST_02153,Rohan Gupta,Male,Chandigarh,Punjab,Tier 2,2024-08-02
CUST_02154,Pooja Sharma,Female,Lucknow,Uttar Pradesh,Tier 2,2024-10-28
CUST_02155,Varun Iyer,Male,Jaipur,Rajasthan,Tier 2,2024-04-28
CUST_02156,Rahul Iyer,Male,Kochi,Kerala,Tier 2,2023-09-02
CUST_02157,Ananya Iyer,Female,Dehradun,Uttarakhand,Tier 3,2024-07-03
CUST_02158,Rahul Reddy,Male,Mumbai,Maharashtra,Tier 1,2023-11-27
CUST_02159,Pooja Kumar,Female,Bengaluru,Karnataka,Tier 1,2023-07-02
CUST_02160,Varun Reddy,Male,Kochi,Kerala,Tier 2,2024-08-28
CUST_02161,Rahul Reddy,Male,Jaipur,Rajasthan,Tier 2,2024-05-05
CUST_02162,Aditya Reddy,Male,Jaipur,Rajasthan,Tier 2,2023-06-08
CUST_02163,Arjun Nair,Male,Ranchi,Jharkhand,Tier 3,2023-08-12
CUST_02164,Riya Nair,Female,Pune,Maharashtra,Tier 1,2024-11-28
CUST_02165,Kunal Reddy,Male,Varanasi,Uttar Pradesh,Tier 3,2024-03-26
CUST_02166,Ananya Kumar,Female,Pune,Maharashtra,Tier 1,2024-08-24
CUST_02167,Priya Verma,Female,Delhi,Delhi,Tier 1,2023-09-23
CUST_02168,Kabir Gupta,Male,Lucknow,Uttar Pradesh,Tier 2,2024-02-04
CUST_02169,Pooja Singh,Female,Chennai,Tamil Nadu,Tier 1,2023-08-15
CUST_02170,Neha Mehta,Female,Indore,Madhya Pradesh,Tier 2,2024-03-29
CUST_02171,Kavya Reddy,Female,Ahmedabad,Gujarat,Tier 2,2024-03-08
CUST_02172,Rahul Patel,Male,Jaipur,Rajasthan,Tier 2,2024-01-13
CUST_02173,Divya Kumar,Female,Indore,Madhya Pradesh,Tier 2,2023-11-10
CUST_02174,Neha Reddy,Female,Lucknow,Uttar Pradesh,Tier 2,2023-10-10
CUST_02175,Varun Singh,Male,Patna,Bihar,Tier 3,2024-01-20
CUST_02176,Aditya Iyer,Male,Pune,Maharashtra,Tier 1,2023-06-13
CUST_02177,Kavya Nair,Female,Ahmedabad,Gujarat,Tier 2,2024-07-20
CUST_02178,Divya Patel,Female,Dehradun,Uttarakhand,Tier 3,2023-11-07
CUST_02179,Ishita Kumar,Female,Hyderabad,Telangana,Tier 1,2023-11-21
CUST_02180,Sneha Reddy,Female,Varanasi,Uttar Pradesh,Tier 3,2023-08-06
CUST_02181,Pooja Singh,Female,Mumbai,Maharashtra,Tier 1,2024-03-11
CUST_02182,Aditya Kumar,Male,Ahmedabad,Gujarat,Tier 2,2023-06-13
CUST_02183,Aditya Kumar,Male,Chandigarh,Punjab,Tier 2,2023-09-10
CUST_02184,Ishita Verma,Female,Pune,Maharashtra,Tier 1,2024-12-02
CUST_02185,Aarav Reddy,Male,Lucknow,Uttar Pradesh,Tier 2,2024-02-06
CUST_02186,Sneha Mehta,Female,Chennai,Tamil Nadu,Tier 1,2024-09-10
CUST_02187,Aarav Iyer,Male,Delhi,Delhi,Tier 1,2023-09-02
CUST_02188,Rohan Patel,Male,Jaipur,Rajasthan,Tier 2,2023-12-30
CUST_02189,Aditya Iyer,Male,Chandigarh,Punjab,Tier 2,2024-09-18
CUST_02190,Amit Sharma,Male,Chennai,Tamil Nadu,Tier 1,2023-08-14
CUST_02191,Kunal Verma,Male,Hyderabad,Telangana,Tier 1,2023-12-20
CUST_02192,Amit Iyer,Male,Hyderabad,Telangana,Tier 1,2024-04-03
CUST_02193,Varun Gupta,Male,Varanasi,Uttar Pradesh,Tier 3,2024-08-27
CUST_02194,Varun Iyer,Male,Jaipur,Rajasthan,Tier 2,2024-02-13
CUST_02195,Divya Singh,Female,Lucknow,Uttar Pradesh,Tier 2,2024-05-02
CUST_02196,Ishita Singh,Female,Patna,Bihar,Tier 3,2024-02-26
CUST_02197,Kabir Singh,Male,Ahmedabad,Gujarat,Tier 2,2024-04-12
CUST_02198,Priya Patel,Female,Indore,Madhya Pradesh,Tier 2,2024-11-03
CUST_02199,Neha Patel,Female,Hyderabad,Telangana,Tier 1,2024-04-07
CUST_02200,Kunal Kumar,Male,Ahmedabad,Gujarat,Tier 2,2023-12-05
CUST_02201,Rohan Mehta,Male,Pune,Maharashtra,Tier 1,2024-04-08
CUST_02202,Ishita Reddy,Female,Delhi,Delhi,Tier 1,2024-01-02
CUST_02203,Kabir Patel,Male,Hyderabad,Telangana,Tier 1,2023-11-23
CUST_02204,Varun Patel,Male,Pune,Maharashtra,Tier 1,2024-09-28
CUST_02205,Riya Mehta,Female,Ranchi,Jharkhand,Tier 3,2024-04-06
CUST_02206,Sneha Singh,Female,Delhi,Delhi,Tier 1,2024-04-18
CUST_02207,Riya Gupta,Female,Chandigarh,Punjab,Tier 2,2023-06-06
CUST_02208,Ananya Gupta,Female,Mumbai,Maharashtra,Tier 1,2024-09-10
CUST_02209,Ananya Mehta,Female,Chennai,Tamil Nadu,Tier 1,2024-02-18
CUST_02210,Kavya Sharma,Female,Hyderabad,Telangana,Tier 1,2024-04-29
CUST_02211,Aditya Iyer,Male,Indore,Madhya Pradesh,Tier 2,2023-09-18
CUST_02212,Aditya Patel,Male,Hyderabad,Telangana,Tier 1,2024-09-24
CUST_02213,Arjun Reddy,Male,Pune,Maharashtra,Tier 1,2024-06-19
CUST_02214,Rohan Sharma,Male,Indore,Madhya Pradesh,Tier 2,2024-12-02
CUST_02215,Neha Singh,Female,Mumbai,Maharashtra,Tier 1,2023-08-15
CUST_02216,Tanvi Patel,Female,Guwahati,Assam,Tier 3,2024-04-02
CUST_02217,Amit Verma,Male,Delhi,Delhi,Tier 1,2024-02-22
CUST_02218,Ananya Patel,Female,Jaipur,Rajasthan,Tier 2,2024-04-17
CUST_02219,Neha Mehta,Female,Hyderabad,Telangana,Tier 1,2024-01-20
CUST_02220,Kavya Kumar,Female,Chennai,Tamil Nadu,Tier 1,2024-02-21
CUST_02221,Divya Sharma,Female,Chennai,Tamil Nadu,Tier 1,2024-07-25
CUST_02222,Tanvi Reddy,Female,Ahmedabad,Gujarat,Tier 2,2023-08-01
CUST_02223,Ananya Iyer,Female,Bengaluru,Karnataka,Tier 1,2024-10-29
CUST_02224,Ishita Reddy,Female,Delhi,Delhi,Tier 1,2023-08-08
CUST_02225,Varun Verma,Male,Varanasi,Uttar Pradesh,Tier 3,2024-11-26
CUST_02226,Amit Verma,Male,Chandigarh,Punjab,Tier 2,2023-12-13
CUST_02227,Arjun Singh,Male,Kochi,Kerala,Tier 2,2023-11-03
CUST_02228,Priya Patel,Female,Indore,Madhya Pradesh,Tier 2,2024-09-07
CUST_02229,Ananya Gupta,Female,Jaipur,Rajasthan,Tier 2,2024-07-04
CUST_02230,Aarav Mehta,Male,Mumbai,Maharashtra,Tier 1,2024-02-21
CUST_02231,Varun Kumar,Male,Kochi,Kerala,Tier 2,2023-12-23
CUST_02232,Divya Patel,Female,Mumbai,Maharashtra,Tier 1,2023-12-29
CUST_02233,Sneha Verma,Female,Pune,Maharashtra,Tier 1,2023-07-11
CUST_02234,Amit Kumar,Male,Patna,Bihar,Tier 3,2024-04-18
CUST_02235,Aditya Mehta,Male,Hyderabad,Telangana,Tier 1,2024-03-04
CUST_02236,Aditya Kumar,Male,Hyderabad,Telangana,Tier 1,2023-10-05
CUST_02237,Ananya Reddy,Female,Dehradun,Uttarakhand,Tier 3,2023-12-31
CUST_02238,Ananya Reddy,Female,Mumbai,Maharashtra,Tier 1,2023-12-28
CUST_02239,Divya Verma,Female,Mumbai,Maharashtra,Tier 1,2024-10-31
CUST_02240,Rahul Mehta,Male,Hyderabad,Telangana,Tier 1,2024-06-01
CUST_02241,Tanvi Mehta,Female,Bengaluru,Karnataka,Tier 1,2024-11-01
CUST_02242,Neha Singh,Female,Chandigarh,Punjab,Tier 2,2023-06-17
CUST_02243,Arjun Gupta,Male,Bengaluru,Karnataka,Tier 1,2024-05-29
CUST_02244,Riya Verma,Female,Chennai,Tamil Nadu,Tier 1,2024-04-03
CUST_02245,Rohan Gupta,Male,Varanasi,Uttar Pradesh,Tier 3,2024-03-08
CUST_02246,Ananya Patel,Female,Bhopal,Madhya Pradesh,Tier 3,2023-06-10
CUST_02247,Amit Patel,Male,Hyderabad,Telangana,Tier 1,2023-07-10
CUST_02248,Varun Mehta,Male,Dehradun,Uttarakhand,Tier 3,2024-03-27
CUST_02249,Divya Gupta,Female,Ranchi,Jharkhand,Tier 3,2023-11-24
CUST_02250,Amit Patel,Male,Kochi,Kerala,Tier 2,2023-12-03
CUST_02251,Priya Patel,Female,Mumbai,Maharashtra,Tier 1,2024-04-09
CUST_02252,Kavya Singh,Female,Jaipur,Rajasthan,Tier 2,2023-06-27
CUST_02253,Ananya Reddy,Female,Mumbai,Maharashtra,Tier 1,2024-07-22
CUST_02254,Amit Gupta,Male,Kochi,Kerala,Tier 2,2024-11-19
CUST_02255,Rahul Verma,Male,Mumbai,Maharashtra,Tier 1,2023-09-03
CUST_02256,Priya Verma,Female,Ranchi,Jharkhand,Tier 3,2024-07-30
CUST_02257,Sneha Iyer,Female,Varanasi,Uttar Pradesh,Tier 3,2024-04-14
CUST_02258,Neha Singh,Female,Chennai,Tamil Nadu,Tier 1,2024-06-09
CUST_02259,Kunal Reddy,Male,Ahmedabad,Gujarat,Tier 2,2023-12-18
CUST_02260,Aditya Nair,Male,Mumbai,Maharashtra,Tier 1,2024-01-17
CUST_02261,Rohan Gupta,Male,Pune,Maharashtra,Tier 1,2023-09-16
CUST_02262,Aditya Singh,Male,Chennai,Tamil Nadu,Tier 1,2024-04-04
CUST_02263,Neha Iyer,Female,Ahmedabad,Gujarat,Tier 2,2024-02-29
CUST_02264,Kabir Gupta,Male,Mumbai,Maharashtra,Tier 1,2023-07-06
CUST_02265,Ananya Mehta,Female,Varanasi,Uttar Pradesh,Tier 3,2023-10-25
CUST_02266,Aditya Patel,Male,Bengaluru,Karnataka,Tier 1,2024-10-05
CUST_02267,Kavya Mehta,Female,Ahmedabad,Gujarat,Tier 2,2024-07-20
CUST_02268,Pooja Reddy,Female,Ahmedabad,Gujarat,Tier 2,2024-08-24
CUST_02269,Vikram Nair,Male,Patna,Bihar,Tier 3,2023-12-08
CUST_02270,Kavya Reddy,Female,Chandigarh,Punjab,Tier 2,2023-09-07
CUST_02271,Ishita Singh,Female,Delhi,Delhi,Tier 1,2024-08-10
CUST_02272,Amit Patel,Male,Hyderabad,Telangana,Tier 1,2023-09-22
CUST_02273,Amit Singh,Male,Delhi,Delhi,Tier 1,2024-04-10
CUST_02274,Tanvi Nair,Female,Varanasi,Uttar Pradesh,Tier 3,2024-10-29
CUST_02275,Arjun Nair,Male,Chennai,Tamil Nadu,Tier 1,2024-01-14
CUST_02276,Aditya Kumar,Male,Lucknow,Uttar Pradesh,Tier 2,2024-11-25
CUST_02277,Amit Kumar,Male,Kochi,Kerala,Tier 2,2024-11-25
CUST_02278,Kabir Patel,Male,Mumbai,Maharashtra,Tier 1,2024-01-18
CUST_02279,Amit Iyer,Male,Mumbai,Maharashtra,Tier 1,2024-03-12
CUST_02280,Arjun Singh,Male,Pune,Maharashtra,Tier 1,2024-08-05
CUST_02281,Neha Kumar,Female,Delhi,Delhi,Tier 1,2023-06-01
CUST_02282,Vikram Nair,Male,Lucknow,Uttar Pradesh,Tier 2,2023-08-08
CUST_02283,Arjun Patel,Male,Mumbai,Maharashtra,Tier 1,2024-02-04
CUST_02284,Sneha Gupta,Female,Mumbai,Maharashtra,Tier 1,2024-02-10
CUST_02285,Priya Mehta,Female,Patna,Bihar,Tier 3,2023-10-22
CUST_02286,Priya Iyer,Female,Bhopal,Madhya Pradesh,Tier 3,2023-12-28
CUST_02287,Sneha Singh,Female,Jaipur,Rajasthan,Tier 2,2023-09-29
CUST_02288,Ishita Verma,Female,Ahmedabad,Gujarat,Tier 2,2024-09-25
CUST_02289,Kunal Singh,Male,Guwahati,Assam,Tier 3,2024-09-08
CUST_02290,Rohan Kumar,Male,Varanasi,Uttar Pradesh,Tier 3,2024-06-25
CUST_02291,Priya Reddy,Female,Mumbai,Maharashtra,Tier 1,2024-10-11
CUST_02292,Pooja Nair,Female,Chennai,Tamil Nadu,Tier 1,2024-06-06
CUST_02293,Kunal Gupta,Male,Chennai,Tamil Nadu,Tier 1,2023-09-16
CUST_02294,Riya Singh,Female,Indore,Madhya Pradesh,Tier 2,2024-08-03
CUST_02295,Kavya Verma,Female,Chennai,Tamil Nadu,Tier 1,2024-10-10
CUST_02296,Varun Reddy,Male,Hyderabad,Telangana,Tier 1,2024-02-28
CUST_02297,Kunal Nair,Male,Ahmedabad,Gujarat,Tier 2,2024-06-19
CUST_02298,Ananya Iyer,Female,Chennai,Tamil Nadu,Tier 1,2023-09-09
CUST_02299,Rohan Mehta,Male,Chennai,Tamil Nadu,Tier 1,2024-08-05
CUST_02300,Ananya Kumar,Female,Chandigarh,Punjab,Tier 2,2024-09-14
CUST_02301,Arjun Gupta,Male,Jaipur,Rajasthan,Tier 2,2024-01-08
CUST_02302,Aarav Kumar,Male,Hyderabad,Telangana,Tier 1,2023-06-30
CUST_02303,Riya Kumar,Female,Patna,Bihar,Tier 3,2024-05-26
CUST_02304,Vikram Reddy,Male,Indore,Madhya Pradesh,Tier 2,2024-09-12
CUST_02305,Sneha Mehta,Female,Ahmedabad,Gujarat,Tier 2,2024-04-25
CUST_02306,Kavya Patel,Female,Varanasi,Uttar Pradesh,Tier 3,2024-05-07
CUST_02307,Divya Nair,Female,Lucknow,Uttar Pradesh,Tier 2,2024-04-20
CUST_02308,Priya Verma,Female,Indore,Madhya Pradesh,Tier 2,2024-10-22
CUST_02309,Arjun Mehta,Male,Chennai,Tamil Nadu,Tier 1,2024-10-10
CUST_02310,Kavya Reddy,Female,Bhopal,Madhya Pradesh,Tier 3,2023-11-20
CUST_02311,Ananya Verma,Female,Delhi,Delhi,Tier 1,2024-10-31
CUST_02312,Ishita Nair,Female,Pune,Maharashtra,Tier 1,2023-08-17
CUST_02313,Rohan Verma,Male,Kochi,Kerala,Tier 2,2024-07-19
CUST_02314,Sneha Kumar,Female,Chandigarh,Punjab,Tier 2,2023-10-15
CUST_02315,Priya Singh,Female,Jaipur,Rajasthan,Tier 2,2024-04-27
CUST_02316,Kunal Sharma,Male,Mumbai,Maharashtra,Tier 1,2024-03-07
CUST_02317,Kunal Mehta,Male,Bhopal,Madhya Pradesh,Tier 3,2024-02-07
CUST_02318,Kunal Mehta,Male,Delhi,Delhi,Tier 1,2024-02-05
CUST_02319,Varun Reddy,Male,Ranchi,Jharkhand,Tier 3,2023-12-14
CUST_02320,Sneha Nair,Female,Kochi,Kerala,Tier 2,2024-07-01
CUST_02321,Kavya Singh,Female,Delhi,Delhi,Tier 1,2024-01-27
CUST_02322,Ishita Kumar,Female,Chennai,Tamil Nadu,Tier 1,2023-10-16
CUST_02323,Pooja Nair,Female,Jaipur,Rajasthan,Tier 2,2024-11-01
CUST_02324,Ishita Kumar,Female,Pune,Maharashtra,Tier 1,2024-01-20
CUST_02325,Ishita Mehta,Female,Ahmedabad,Gujarat,Tier 2,2023-07-25
CUST_02326,Divya Reddy,Female,Chandigarh,Punjab,Tier 2,2023-08-06
CUST_02327,Aarav Nair,Male,Chennai,Tamil Nadu,Tier 1,2023-07-29
CUST_02328,Neha Patel,Female,Delhi,Delhi,Tier 1,2023-08-06
CUST_02329,Divya Singh,Female,Dehradun,Uttarakhand,Tier 3,2023-06-29
CUST_02330,Tanvi Patel,Female,Bhopal,Madhya Pradesh,Tier 3,2024-09-05
CUST_02331,Ishita Singh,Female,Pune,Maharashtra,Tier 1,2024-11-02
CUST_02332,Sneha Nair,Female,Guwahati,Assam,Tier 3,2024-04-18
CUST_02333,Varun Sharma,Male,Indore,Madhya Pradesh,Tier 2,2023-10-01
CUST_02334,Varun Verma,Male,Kochi,Kerala,Tier 2,2023-11-13
CUST_02335,Aditya Iyer,Male,Lucknow,Uttar Pradesh,Tier 2,2023-12-03
CUST_02336,Kunal Verma,Male,Bengaluru,Karnataka,Tier 1,2024-07-18
CUST_02337,Tanvi Gupta,Female,Lucknow,Uttar Pradesh,Tier 2,2024-05-17
CUST_02338,Rohan Singh,Male,Chennai,Tamil Nadu,Tier 1,2024-08-14
CUST_02339,Neha Verma,Female,Hyderabad,Telangana,Tier 1,2023-12-23
CUST_02340,Kabir Verma,Male,Bengaluru,Karnataka,Tier 1,2024-11-18
CUST_02341,Ananya Iyer,Female,Pune,Maharashtra,Tier 1,2023-07-31
CUST_02342,Priya Patel,Female,Pune,Maharashtra,Tier 1,2023-06-13
CUST_02343,Kabir Gupta,Male,Pune,Maharashtra,Tier 1,2024-06-18
CUST_02344,Rahul Mehta,Male,Chandigarh,Punjab,Tier 2,2023-12-04
CUST_02345,Kabir Verma,Male,Bhopal,Madhya Pradesh,Tier 3,2024-06-18
CUST_02346,Kunal Patel,Male,Chandigarh,Punjab,Tier 2,2023-07-02
CUST_02347,Amit Verma,Male,Patna,Bihar,Tier 3,2024-03-25
CUST_02348,Kabir Patel,Male,Lucknow,Uttar Pradesh,Tier 2,2023-09-11
CUST_02349,Pooja Iyer,Female,Pune,Maharashtra,Tier 1,2024-05-11
CUST_02350,Ishita Gupta,Female,Jaipur,Rajasthan,Tier 2,2023-08-07
CUST_02351,Pooja Kumar,Female,Hyderabad,Telangana,Tier 1,2023-12-10
CUST_02352,Ananya Kumar,Female,Hyderabad,Telangana,Tier 1,2023-09-10
CUST_02353,Kabir Nair,Male,Kochi,Kerala,Tier 2,2024-11-26
CUST_02354,Ishita Mehta,Female,Mumbai,Maharashtra,Tier 1,2024-09-01
CUST_02355,Vikram Gupta,Male,Hyderabad,Telangana,Tier 1,2023-08-24
CUST_02356,Ananya Reddy,Female,Pune,Maharashtra,Tier 1,2024-10-08
CUST_02357,Riya Reddy,Female,Patna,Bihar,Tier 3,2023-07-27
CUST_02358,Aditya Verma,Male,Pune,Maharashtra,Tier 1,2023-11-25
CUST_02359,Ananya Nair,Female,Delhi,Delhi,Tier 1,2024-06-29
CUST_02360,Kabir Nair,Male,Chennai,Tamil Nadu,Tier 1,2024-08-18
CUST_02361,Amit Kumar,Male,Jaipur,Rajasthan,Tier 2,2024-01-06
CUST_02362,Kunal Patel,Male,Dehradun,Uttarakhand,Tier 3,2024-04-23
CUST_02363,Aditya Reddy,Male,Chennai,Tamil Nadu,Tier 1,2023-06-16
CUST_02364,Arjun Mehta,Male,Varanasi,Uttar Pradesh,Tier 3,2024-03-24
CUST_02365,Aditya Kumar,Male,Ranchi,Jharkhand,Tier 3,2024-01-20
CUST_02366,Tanvi Sharma,Female,Pune,Maharashtra,Tier 1,2024-02-08
CUST_02367,Tanvi Iyer,Female,Kochi,Kerala,Tier 2,2024-04-13
CUST_02368,Vikram Gupta,Male,Chandigarh,Punjab,Tier 2,2024-07-28
CUST_02369,Riya Mehta,Female,Ranchi,Jharkhand,Tier 3,2024-02-15
CUST_02370,Arjun Sharma,Male,Chandigarh,Punjab,Tier 2,2023-10-10
CUST_02371,Rohan Verma,Male,Hyderabad,Telangana,Tier 1,2023-08-08
CUST_02372,Amit Kumar,Male,Chennai,Tamil Nadu,Tier 1,2024-02-18
CUST_02373,Riya Nair,Female,Pune,Maharashtra,Tier 1,2024-02-23
CUST_02374,Rohan Gupta,Male,Bhopal,Madhya Pradesh,Tier 3,2023-08-28
CUST_02375,Pooja Patel,Female,Jaipur,Rajasthan,Tier 2,2024-09-23
CUST_02376,Priya Verma,Female,Hyderabad,Telangana,Tier 1,2023-12-06
CUST_02377,Rohan Mehta,Male,Delhi,Delhi,Tier 1,2024-08-22
CUST_02378,Kunal Iyer,Male,Kochi,Kerala,Tier 2,2024-10-28
CUST_02379,Aditya Kumar,Male,Bengaluru,Karnataka,Tier 1,2023-11-04
CUST_02380,Riya Patel,Female,Mumbai,Maharashtra,Tier 1,2023-07-28
CUST_02381,Tanvi Patel,Female,Guwahati,Assam,Tier 3,2023-08-05
CUST_02382,Rahul Mehta,Male,Chennai,Tamil Nadu,Tier 1,2024-08-23
CUST_02383,Kunal Verma,Male,Guwahati,Assam,Tier 3,2024-11-23
CUST_02384,Ishita Patel,Female,Delhi,Delhi,Tier 1,2023-07-29
CUST_02385,Rohan Gupta,Male,Jaipur,Rajasthan,Tier 2,2023-11-21
CUST_02386,Kavya Sharma,Female,Bengaluru,Karnataka,Tier 1,2024-01-26
CUST_02387,Arjun Sharma,Male,Chandigarh,Punjab,Tier 2,2023-10-01
CUST_02388,Aarav Iyer,Male,Jaipur,Rajasthan,Tier 2,2024-09-30
CUST_02389,Riya Iyer,Female,Chennai,Tamil Nadu,Tier 1,2024-01-30
CUST_02390,Divya Singh,Female,Chennai,Tamil Nadu,Tier 1,2024-09-08
CUST_02391,Sneha Reddy,Female,Indore,Madhya Pradesh,Tier 2,2024-01-16
CUST_02392,Vikram Patel,Male,Ranchi,Jharkhand,Tier 3,2024-02-19
CUST_02393,Kabir Sharma,Male,Delhi,Delhi,Tier 1,2023-10-26
CUST_02394,Kunal Gupta,Male,Ahmedabad,Gujarat,Tier 2,2024-01-19
CUST_02395,Sneha Kumar,Female,Hyderabad,Telangana,Tier 1,2024-08-05
CUST_02396,Neha Reddy,Female,Hyderabad,Telangana,Tier 1,2024-09-17
CUST_02397,Kavya Kumar,Female,Lucknow,Uttar Pradesh,Tier 2,2024-11-24
CUST_02398,Aditya Mehta,Male,Ahmedabad,Gujarat,Tier 2,2023-12-17
CUST_02399,Neha Nair,Female,Ranchi,Jharkhand,Tier 3,2024-06-18
CUST_02400,Pooja Gupta,Female,Bengaluru,Karnataka,Tier 1,2024-09-06
CUST_02401,Divya Gupta,Female,Mumbai,Maharashtra,Tier 1,2024-05-11
CUST_02402,Arjun Nair,Male,Hyderabad,Telangana,Tier 1,2023-06-25
CUST_02403,Arjun Iyer,Male,Indore,Madhya Pradesh,Tier 2,2023-11-07
CUST_02404,Divya Mehta,Female,Delhi,Delhi,Tier 1,2024-09-22
CUST_02405,Rahul Reddy,Male,Pune,Maharashtra,Tier 1,2024-11-25
CUST_02406,Rohan Verma,Male,Bengaluru,Karnataka,Tier 1,2023-07-25
CUST_02407,Priya Kumar,Female,Patna,Bihar,Tier 3,2023-12-25
CUST_02408,Aditya Singh,Male,Patna,Bihar,Tier 3,2024-04-19
CUST_02409,Neha Kumar,Female,Indore,Madhya Pradesh,Tier 2,2024-04-06
CUST_02410,Amit Patel,Male,Bhopal,Madhya Pradesh,Tier 3,2023-11-15
CUST_02411,Priya Nair,Female,Ranchi,Jharkhand,Tier 3,2023-11-10
CUST_02412,Riya Mehta,Female,Dehradun,Uttarakhand,Tier 3,2023-10-29
CUST_02413,Priya Sharma,Female,Hyderabad,Telangana,Tier 1,2024-09-27
CUST_02414,Neha Patel,Female,Ahmedabad,Gujarat,Tier 2,2024-06-06
CUST_02415,Divya Iyer,Female,Bengaluru,Karnataka,Tier 1,2024-10-16
CUST_02416,Kavya Verma,Female,Varanasi,Uttar Pradesh,Tier 3,2023-11-29
CUST_02417,Varun Singh,Male,Lucknow,Uttar Pradesh,Tier 2,2023-09-22
CUST_02418,Kabir Singh,Male,Jaipur,Rajasthan,Tier 2,2024-05-29
CUST_02419,Ananya Iyer,Female,Ranchi,Jharkhand,Tier 3,2023-11-21
CUST_02420,Riya Mehta,Female,Ahmedabad,Gujarat,Tier 2,2023-06-25
CUST_02421,Kavya Patel,Female,Mumbai,Maharashtra,Tier 1,2024-04-09
CUST_02422,Neha Gupta,Female,Delhi,Delhi,Tier 1,2024-09-12
CUST_02423,Kabir Nair,Male,Pune,Maharashtra,Tier 1,2023-06-11
CUST_02424,Vikram Gupta,Male,Hyderabad,Telangana,Tier 1,2024-06-24
CUST_02425,Ananya Singh,Female,Indore,Madhya Pradesh,Tier 2,2024-06-10
CUST_02426,Tanvi Kumar,Female,Delhi,Delhi,Tier 1,2024-02-23
CUST_02427,Kunal Singh,Male,Hyderabad,Telangana,Tier 1,2023-08-26
CUST_02428,Ishita Verma,Female,Mumbai,Maharashtra,Tier 1,2023-09-18
CUST_02429,Rohan Patel,Male,Mumbai,Maharashtra,Tier 1,2024-01-29
CUST_02430,Rohan Sharma,Male,Kochi,Kerala,Tier 2,2024-05-15
CUST_02431,Rahul Iyer,Male,Chandigarh,Punjab,Tier 2,2024-05-04
CUST_02432,Varun Verma,Male,Mumbai,Maharashtra,Tier 1,2023-12-22
CUST_02433,Rahul Verma,Male,Jaipur,Rajasthan,Tier 2,2023-06-04
CUST_02434,Pooja Mehta,Female,Bengaluru,Karnataka,Tier 1,2024-07-01
CUST_02435,Ishita Mehta,Female,Lucknow,Uttar Pradesh,Tier 2,2024-10-20
CUST_02436,Kunal Singh,Male,Ahmedabad,Gujarat,Tier 2,2023-08-02
CUST_02437,Sneha Nair,Female,Mumbai,Maharashtra,Tier 1,2023-12-20
CUST_02438,Sneha Nair,Female,Lucknow,Uttar Pradesh,Tier 2,2023-10-05
CUST_02439,Aditya Patel,Male,Bhopal,Madhya Pradesh,Tier 3,2023-11-14
CUST_02440,Divya Singh,Female,Ahmedabad,Gujarat,Tier 2,2024-03-19
CUST_02441,Arjun Singh,Male,Dehradun,Uttarakhand,Tier 3,2024-02-02
CUST_02442,Vikram Singh,Male,Jaipur,Rajasthan,Tier 2,2023-08-03
CUST_02443,Kunal Kumar,Male,Varanasi,Uttar Pradesh,Tier 3,2024-08-14
CUST_02444,Kunal Sharma,Male,Dehradun,Uttarakhand,Tier 3,2023-08-30
CUST_02445,Divya Kumar,Female,Ahmedabad,Gujarat,Tier 2,2023-08-07
CUST_02446,Kavya Reddy,Female,Hyderabad,Telangana,Tier 1,2024-06-14
CUST_02447,Riya Reddy,Female,Chennai,Tamil Nadu,Tier 1,2023-12-12
CUST_02448,Varun Patel,Male,Delhi,Delhi,Tier 1,2024-07-24
CUST_02449,Neha Kumar,Female,Ranchi,Jharkhand,Tier 3,2024-09-17
CUST_02450,Neha Patel,Female,Hyderabad,Telangana,Tier 1,2024-08-03
CUST_02451,Rahul Kumar,Male,Chennai,Tamil Nadu,Tier 1,2023-10-31
CUST_02452,Kavya Sharma,Female,Chennai,Tamil Nadu,Tier 1,2023-11-24
CUST_02453,Varun Patel,Male,Bengaluru,Karnataka,Tier 1,2024-07-05
CUST_02454,Sneha Singh,Female,Bengaluru,Karnataka,Tier 1,2024-10-22
CUST_02455,Sneha Singh,Female,Guwahati,Assam,Tier 3,2024-03-11
CUST_02456,Aditya Reddy,Male,Chandigarh,Punjab,Tier 2,2024-08-17
CUST_02457,Sneha Reddy,Female,Varanasi,Uttar Pradesh,Tier 3,2024-05-27
CUST_02458,Rohan Kumar,Male,Ahmedabad,Gujarat,Tier 2,2024-03-23
CUST_02459,Aditya Nair,Male,Bhopal,Madhya Pradesh,Tier 3,2024-07-31
CUST_02460,Ananya Singh,Female,Indore,Madhya Pradesh,Tier 2,2024-04-14
CUST_02461,Divya Verma,Female,Ahmedabad,Gujarat,Tier 2,2024-03-15
CUST_02462,Kavya Patel,Female,Hyderabad,Telangana,Tier 1,2023-08-04
CUST_02463,Kunal Kumar,Male,Mumbai,Maharashtra,Tier 1,2024-04-30
CUST_02464,Kabir Reddy,Male,Ahmedabad,Gujarat,Tier 2,2024-05-14
CUST_02465,Pooja Patel,Female,Dehradun,Uttarakhand,Tier 3,2024-01-21
CUST_02466,Aditya Reddy,Male,Jaipur,Rajasthan,Tier 2,2024-04-16
CUST_02467,Arjun Patel,Male,Jaipur,Rajasthan,Tier 2,2024-11-23
CUST_02468,Neha Iyer,Female,Dehradun,Uttarakhand,Tier 3,2024-02-28
CUST_02469,Kunal Gupta,Male,Indore,Madhya Pradesh,Tier 2,2023-10-25
CUST_02470,Ananya Reddy,Female,Chennai,Tamil Nadu,Tier 1,2023-06-04
CUST_02471,Kavya Iyer,Female,Lucknow,Uttar Pradesh,Tier 2,2024-03-06
CUST_02472,Neha Kumar,Female,Ahmedabad,Gujarat,Tier 2,2023-12-22
CUST_02473,Varun Iyer,Male,Chennai,Tamil Nadu,Tier 1,2023-08-02
CUST_02474,Amit Nair,Male,Hyderabad,Telangana,Tier 1,2024-08-07
CUST_02475,Vikram Singh,Male,Delhi,Delhi,Tier 1,2023-06-26
CUST_02476,Arjun Verma,Male,Mumbai,Maharashtra,Tier 1,2024-08-31
CUST_02477,Ishita Patel,Female,Indore,Madhya Pradesh,Tier 2,2023-09-19
CUST_02478,Neha Singh,Female,Pune,Maharashtra,Tier 1,2024-09-07
CUST_02479,Sneha Iyer,Female,Bengaluru,Karnataka,Tier 1,2023-10-05
CUST_02480,Kabir Nair,Male,Lucknow,Uttar Pradesh,Tier 2,2024-04-18
CUST_02481,Ishita Sharma,Female,Kochi,Kerala,Tier 2,2024-04-27
CUST_02482,Sneha Kumar,Female,Jaipur,Rajasthan,Tier 2,2024-03-16
CUST_02483,Divya Iyer,Female,Pune,Maharashtra,Tier 1,2023-07-28
CUST_02484,Kunal Verma,Male,Bhopal,Madhya Pradesh,Tier 3,2023-11-03
CUST_02485,Amit Patel,Male,Bhopal,Madhya Pradesh,Tier 3,2023-09-03
CUST_02486,Kavya Kumar,Female,Delhi,Delhi,Tier 1,2023-08-11
CUST_02487,Tanvi Nair,Female,Hyderabad,Telangana,Tier 1,2024-07-10
CUST_02488,Amit Verma,Male,Ranchi,Jharkhand,Tier 3,2023-11-10
CUST_02489,Vikram Mehta,Male,Chennai,Tamil Nadu,Tier 1,2023-06-25
CUST_02490,Aditya Reddy,Male,Mumbai,Maharashtra,Tier 1,2024-01-25
CUST_02491,Rahul Nair,Male,Hyderabad,Telangana,Tier 1,2024-07-10
CUST_02492,Amit Singh,Male,Kochi,Kerala,Tier 2,2024-07-29
CUST_02493,Aarav Mehta,Male,Lucknow,Uttar Pradesh,Tier 2,2024-01-22
CUST_02494,Ananya Kumar,Female,Ahmedabad,Gujarat,Tier 2,2024-06-11
CUST_02495,Arjun Mehta,Male,Bengaluru,Karnataka,Tier 1,2024-03-15
CUST_02496,Ishita Kumar,Female,Lucknow,Uttar Pradesh,Tier 2,2023-12-24
CUST_02497,Kavya Mehta,Female,Delhi,Delhi,Tier 1,2024-07-07
CUST_02498,Vikram Reddy,Male,Pune,Maharashtra,Tier 1,2024-11-06
CUST_02499,Pooja Patel,Female,Hyderabad,Telangana,Tier 1,2023-09-18
CUST_02500,Aditya Iyer,Male,Indore,Madhya Pradesh,Tier 2,2024-01-06
CUST_02501,Kavya Reddy,Female,Chennai,Tamil Nadu,Tier 1,2024-01-22
CUST_02502,Pooja Nair,Female,Bengaluru,Karnataka,Tier 1,2024-01-08
CUST_02503,Kabir Mehta,Male,Kochi,Kerala,Tier 2,2024-07-02
CUST_02504,Neha Gupta,Female,Lucknow,Uttar Pradesh,Tier 2,2024-10-16
CUST_02505,Ishita Iyer,Female,Chennai,Tamil Nadu,Tier 1,2024-02-10
CUST_02506,Varun Verma,Male,Varanasi,Uttar Pradesh,Tier 3,2023-07-22
CUST_02507,Vikram Sharma,Male,Hyderabad,Telangana,Tier 1,2023-11-11
CUST_02508,Aarav Kumar,Male,Mumbai,Maharashtra,Tier 1,2024-08-07
CUST_02509,Priya Singh,Female,Bengaluru,Karnataka,Tier 1,2024-03-31
CUST_02510,Rohan Singh,Male,Hyderabad,Telangana,Tier 1,2023-12-27
CUST_02511,Aarav Reddy,Male,Bengaluru,Karnataka,Tier 1,2023-08-28
CUST_02512,Kunal Iyer,Male,Indore,Madhya Pradesh,Tier 2,2024-03-03
CUST_02513,Varun Reddy,Male,Chennai,Tamil Nadu,Tier 1,2023-11-04
CUST_02514,Rohan Gupta,Male,Jaipur,Rajasthan,Tier 2,2023-07-09
CUST_02515,Tanvi Reddy,Female,Bengaluru,Karnataka,Tier 1,2023-07-16
CUST_02516,Vikram Singh,Male,Lucknow,Uttar Pradesh,Tier 2,2024-02-29
CUST_02517,Vikram Mehta,Male,Hyderabad,Telangana,Tier 1,2023-06-02
CUST_02518,Varun Gupta,Male,Kochi,Kerala,Tier 2,2024-10-13
CUST_02519,Aarav Singh,Male,Pune,Maharashtra,Tier 1,2024-06-11
CUST_02520,Neha Nair,Female,Chennai,Tamil Nadu,Tier 1,2024-06-15
CUST_02521,Kabir Kumar,Male,Pune,Maharashtra,Tier 1,2024-07-16
CUST_02522,Neha Kumar,Female,Lucknow,Uttar Pradesh,Tier 2,2024-10-19
CUST_02523,Kavya Gupta,Female,Delhi,Delhi,Tier 1,2023-10-19
CUST_02524,Kavya Reddy,Female,Ahmedabad,Gujarat,Tier 2,2023-11-16
CUST_02525,Kabir Nair,Male,Dehradun,Uttarakhand,Tier 3,2023-10-27
CUST_02526,Ishita Patel,Female,Guwahati,Assam,Tier 3,2023-10-21
CUST_02527,Arjun Verma,Male,Varanasi,Uttar Pradesh,Tier 3,2024-10-26
CUST_02528,Amit Verma,Male,Indore,Madhya Pradesh,Tier 2,2023-11-16
CUST_02529,Kabir Reddy,Male,Chennai,Tamil Nadu,Tier 1,2024-06-17
CUST_02530,Ishita Gupta,Female,Delhi,Delhi,Tier 1,2024-07-22
CUST_02531,Aditya Reddy,Male,Chennai,Tamil Nadu,Tier 1,2023-12-10
CUST_02532,Amit Verma,Male,Jaipur,Rajasthan,Tier 2,2024-04-09
CUST_02533,Arjun Singh,Male,Guwahati,Assam,Tier 3,2023-09-07
CUST_02534,Aarav Sharma,Male,Bengaluru,Karnataka,Tier 1,2023-12-30
CUST_02535,Rohan Verma,Male,Bengaluru,Karnataka,Tier 1,2024-08-06
CUST_02536,Tanvi Sharma,Female,Indore,Madhya Pradesh,Tier 2,2024-05-17
CUST_02537,Kavya Mehta,Female,Pune,Maharashtra,Tier 1,2024-10-02
CUST_02538,Kunal Sharma,Male,Indore,Madhya Pradesh,Tier 2,2023-07-02
CUST_02539,Neha Gupta,Female,Jaipur,Rajasthan,Tier 2,2024-08-06
CUST_02540,Neha Sharma,Female,Hyderabad,Telangana,Tier 1,2023-08-28
CUST_02541,Riya Nair,Female,Mumbai,Maharashtra,Tier 1,2023-09-05
CUST_02542,Tanvi Kumar,Female,Hyderabad,Telangana,Tier 1,2023-07-06
CUST_02543,Riya Nair,Female,Chandigarh,Punjab,Tier 2,2024-01-08
CUST_02544,Priya Sharma,Female,Ahmedabad,Gujarat,Tier 2,2023-06-29
CUST_02545,Priya Nair,Female,Delhi,Delhi,Tier 1,2024-07-02
CUST_02546,Vikram Iyer,Male,Pune,Maharashtra,Tier 1,2024-10-15
CUST_02547,Kunal Singh,Male,Varanasi,Uttar Pradesh,Tier 3,2024-03-24
CUST_02548,Tanvi Verma,Female,Jaipur,Rajasthan,Tier 2,2023-12-21
CUST_02549,Neha Mehta,Female,Chennai,Tamil Nadu,Tier 1,2023-11-28
CUST_02550,Ananya Singh,Female,Delhi,Delhi,Tier 1,2024-10-18
CUST_02551,Kunal Verma,Male,Mumbai,Maharashtra,Tier 1,2023-10-14
CUST_02552,Kunal Reddy,Male,Chennai,Tamil Nadu,Tier 1,2024-08-14
CUST_02553,Amit Kumar,Male,Jaipur,Rajasthan,Tier 2,2024-08-02
CUST_02554,Ananya Singh,Female,Chennai,Tamil Nadu,Tier 1,2024-08-06
CUST_02555,Rohan Verma,Male,Chennai,Tamil Nadu,Tier 1,2024-06-01
CUST_02556,Tanvi Nair,Female,Bhopal,Madhya Pradesh,Tier 3,2023-10-02
CUST_02557,Rahul Verma,Male,Kochi,Kerala,Tier 2,2023-12-19
CUST_02558,Ishita Kumar,Female,Chandigarh,Punjab,Tier 2,2023-08-08
CUST_02559,Varun Gupta,Male,Bengaluru,Karnataka,Tier 1,2024-01-24
CUST_02560,Rahul Singh,Male,Chennai,Tamil Nadu,Tier 1,2024-07-05
CUST_02561,Kabir Sharma,Male,Jaipur,Rajasthan,Tier 2,2023-09-24
CUST_02562,Divya Nair,Female,Mumbai,Maharashtra,Tier 1,2024-04-23
CUST_02563,Kunal Mehta,Male,Hyderabad,Telangana,Tier 1,2024-10-02
CUST_02564,Pooja Verma,Female,Pune,Maharashtra,Tier 1,2023-08-12
CUST_02565,Rahul Nair,Male,Bengaluru,Karnataka,Tier 1,2024-10-02
CUST_02566,Varun Patel,Male,Hyderabad,Telangana,Tier 1,2024-06-05
CUST_02567,Vikram Gupta,Male,Hyderabad,Telangana,Tier 1,2023-07-14
CUST_02568,Tanvi Sharma,Female,Chennai,Tamil Nadu,Tier 1,2024-06-17
CUST_02569,Neha Iyer,Female,Bhopal,Madhya Pradesh,Tier 3,2023-10-09
CUST_02570,Divya Nair,Female,Dehradun,Uttarakhand,Tier 3,2023-11-09
CUST_02571,Varun Nair,Male,Bengaluru,Karnataka,Tier 1,2024-08-17
CUST_02572,Arjun Verma,Male,Kochi,Kerala,Tier 2,2023-10-28
CUST_02573,Kabir Singh,Male,Hyderabad,Telangana,Tier 1,2024-05-15
CUST_02574,Ishita Iyer,Female,Delhi,Delhi,Tier 1,2024-09-24
CUST_02575,Tanvi Iyer,Female,Kochi,Kerala,Tier 2,2023-10-19
CUST_02576,Kavya Verma,Female,Indore,Madhya Pradesh,Tier 2,2024-11-27
CUST_02577,Vikram Singh,Male,Patna,Bihar,Tier 3,2024-11-07
CUST_02578,Kabir Kumar,Male,Guwahati,Assam,Tier 3,2023-12-13
CUST_02579,Riya Mehta,Female,Guwahati,Assam,Tier 3,2024-07-26
CUST_02580,Riya Iyer,Female,Chennai,Tamil Nadu,Tier 1,2023-12-10
CUST_02581,Vikram Mehta,Male,Indore,Madhya Pradesh,Tier 2,2024-04-24
CUST_02582,Kunal Iyer,Male,Jaipur,Rajasthan,Tier 2,2024-03-25
CUST_02583,Aditya Iyer,Male,Indore,Madhya Pradesh,Tier 2,2023-12-05
CUST_02584,Kavya Mehta,Female,Chennai,Tamil Nadu,Tier 1,2024-03-04
CUST_02585,Ishita Kumar,Female,Pune,Maharashtra,Tier 1,2023-08-13
CUST_02586,Priya Gupta,Female,Ranchi,Jharkhand,Tier 3,2023-06-04
CUST_02587,Aditya Singh,Male,Ranchi,Jharkhand,Tier 3,2024-03-10
CUST_02588,Pooja Singh,Female,Hyderabad,Telangana,Tier 1,2024-10-14
CUST_02589,Kunal Gupta,Male,Bengaluru,Karnataka,Tier 1,2023-10-22
CUST_02590,Rohan Kumar,Male,Jaipur,Rajasthan,Tier 2,2023-07-13
CUST_02591,Vikram Verma,Male,Indore,Madhya Pradesh,Tier 2,2023-10-09
CUST_02592,Arjun Mehta,Male,Chennai,Tamil Nadu,Tier 1,2023-08-01
CUST_02593,Rohan Kumar,Male,Dehradun,Uttarakhand,Tier 3,2024-03-10
CUST_02594,Tanvi Mehta,Female,Pune,Maharashtra,Tier 1,2024-02-29
CUST_02595,Pooja Patel,Female,Pune,Maharashtra,Tier 1,2024-04-20
CUST_02596,Rahul Gupta,Male,Pune,Maharashtra,Tier 1,2023-06-18
CUST_02597,Rohan Iyer,Male,Indore,Madhya Pradesh,Tier 2,2024-10-10
CUST_02598,Rohan Mehta,Male,Bhopal,Madhya Pradesh,Tier 3,2024-02-03
CUST_02599,Divya Patel,Female,Bhopal,Madhya Pradesh,Tier 3,2024-03-13
CUST_02600,Aarav Mehta,Male,Chandigarh,Punjab,Tier 2,2024-06-30
CUST_02601,Pooja Mehta,Female,Bengaluru,Karnataka,Tier 1,2024-07-23
CUST_02602,Neha Patel,Female,Chandigarh,Punjab,Tier 2,2024-06-24
CUST_02603,Amit Singh,Male,Chennai,Tamil Nadu,Tier 1,2024-10-16
CUST_02604,Ishita Kumar,Female,Hyderabad,Telangana,Tier 1,2024-11-01
CUST_02605,Neha Iyer,Female,Mumbai,Maharashtra,Tier 1,2023-08-19
CUST_02606,Sneha Gupta,Female,Delhi,Delhi,Tier 1,2024-05-27
CUST_02607,Riya Mehta,Female,Lucknow,Uttar Pradesh,Tier 2,2024-06-23
CUST_02608,Ananya Iyer,Female,Chennai,Tamil Nadu,Tier 1,2023-08-06
CUST_02609,Ananya Gupta,Female,Indore,Madhya Pradesh,Tier 2,2024-06-25
CUST_02610,Kunal Gupta,Male,Chandigarh,Punjab,Tier 2,2023-08-31
CUST_02611,Riya Kumar,Female,Delhi,Delhi,Tier 1,2024-02-22
CUST_02612,Sneha Patel,Female,Pune,Maharashtra,Tier 1,2024-11-11
CUST_02613,Aarav Gupta,Male,Mumbai,Maharashtra,Tier 1,2023-09-01
CUST_02614,Rohan Iyer,Male,Jaipur,Rajasthan,Tier 2,2024-02-12
CUST_02615,Amit Singh,Male,Indore,Madhya Pradesh,Tier 2,2023-10-24
CUST_02616,Riya Patel,Female,Delhi,Delhi,Tier 1,2023-11-18
CUST_02617,Aditya Verma,Male,Ahmedabad,Gujarat,Tier 2,2023-11-28
CUST_02618,Ishita Reddy,Female,Bhopal,Madhya Pradesh,Tier 3,2024-01-28
CUST_02619,Aditya Iyer,Male,Jaipur,Rajasthan,Tier 2,2023-09-12
CUST_02620,Sneha Nair,Female,Hyderabad,Telangana,Tier 1,2024-06-12
CUST_02621,Rahul Nair,Male,Bhopal,Madhya Pradesh,Tier 3,2023-06-09
CUST_02622,Sneha Singh,Female,Jaipur,Rajasthan,Tier 2,2024-10-25
CUST_02623,Arjun Patel,Male,Hyderabad,Telangana,Tier 1,2023-11-07
CUST_02624,Aditya Iyer,Male,Guwahati,Assam,Tier 3,2024-03-12
CUST_02625,Pooja Reddy,Female,Bengaluru,Karnataka,Tier 1,2024-02-10
CUST_02626,Varun Sharma,Male,Hyderabad,Telangana,Tier 1,2023-10-18
CUST_02627,Vikram Reddy,Male,Chandigarh,Punjab,Tier 2,2024-07-09
CUST_02628,Ishita Reddy,Female,Guwahati,Assam,Tier 3,2024-05-28
CUST_02629,Riya Nair,Female,Bhopal,Madhya Pradesh,Tier 3,2024-10-28
CUST_02630,Sneha Sharma,Female,Pune,Maharashtra,Tier 1,2024-06-11
CUST_02631,Priya Iyer,Female,Ranchi,Jharkhand,Tier 3,2024-06-19
CUST_02632,Kavya Sharma,Female,Mumbai,Maharashtra,Tier 1,2023-06-17
CUST_02633,Arjun Patel,Male,Pune,Maharashtra,Tier 1,2023-10-22
CUST_02634,Tanvi Mehta,Female,Mumbai,Maharashtra,Tier 1,2024-08-23
CUST_02635,Neha Gupta,Female,Chandigarh,Punjab,Tier 2,2024-06-15
CUST_02636,Kunal Patel,Male,Bengaluru,Karnataka,Tier 1,2024-02-07
CUST_02637,Rohan Singh,Male,Delhi,Delhi,Tier 1,2024-09-19
CUST_02638,Tanvi Verma,Female,Indore,Madhya Pradesh,Tier 2,2024-11-06
CUST_02639,Ananya Reddy,Female,Delhi,Delhi,Tier 1,2023-12-16
CUST_02640,Ishita Patel,Female,Bengaluru,Karnataka,Tier 1,2023-10-28
CUST_02641,Ananya Sharma,Female,Kochi,Kerala,Tier 2,2024-11-15
CUST_02642,Ananya Reddy,Female,Pune,Maharashtra,Tier 1,2024-09-14
CUST_02643,Divya Kumar,Female,Bengaluru,Karnataka,Tier 1,2024-11-11
CUST_02644,Kunal Reddy,Male,Pune,Maharashtra,Tier 1,2023-07-08
CUST_02645,Rahul Gupta,Male,Chennai,Tamil Nadu,Tier 1,2024-08-24
CUST_02646,Sneha Patel,Female,Lucknow,Uttar Pradesh,Tier 2,2023-09-04
CUST_02647,Riya Gupta,Female,Bengaluru,Karnataka,Tier 1,2024-04-06
CUST_02648,Rahul Mehta,Male,Mumbai,Maharashtra,Tier 1,2024-08-01
CUST_02649,Arjun Nair,Male,Lucknow,Uttar Pradesh,Tier 2,2023-06-01
CUST_02650,Rahul Sharma,Male,Hyderabad,Telangana,Tier 1,2023-08-07
CUST_02651,Kunal Patel,Male,Ranchi,Jharkhand,Tier 3,2023-09-25
CUST_02652,Kunal Kumar,Male,Indore,Madhya Pradesh,Tier 2,2024-09-23
CUST_02653,Divya Nair,Female,Kochi,Kerala,Tier 2,2024-05-04
CUST_02654,Ishita Patel,Female,Kochi,Kerala,Tier 2,2024-11-14
CUST_02655,Divya Mehta,Female,Bengaluru,Karnataka,Tier 1,2024-08-18
CUST_02656,Riya Kumar,Female,Patna,Bihar,Tier 3,2024-10-23
CUST_02657,Ananya Iyer,Female,Delhi,Delhi,Tier 1,2023-09-18
CUST_02658,Amit Mehta,Male,Bhopal,Madhya Pradesh,Tier 3,2024-02-10
CUST_02659,Sneha Verma,Female,Ahmedabad,Gujarat,Tier 2,2024-06-06
CUST_02660,Tanvi Gupta,Female,Indore,Madhya Pradesh,Tier 2,2023-08-23
CUST_02661,Rahul Iyer,Male,Kochi,Kerala,Tier 2,2023-08-07
CUST_02662,Ananya Gupta,Female,Hyderabad,Telangana,Tier 1,2023-11-05
CUST_02663,Neha Sharma,Female,Delhi,Delhi,Tier 1,2023-09-30
CUST_02664,Pooja Reddy,Female,Ranchi,Jharkhand,Tier 3,2024-07-10
CUST_02665,Arjun Gupta,Male,Patna,Bihar,Tier 3,2024-02-05
CUST_02666,Kabir Patel,Male,Ahmedabad,Gujarat,Tier 2,2024-06-20
CUST_02667,Rohan Verma,Male,Chennai,Tamil Nadu,Tier 1,2023-06-09
CUST_02668,Amit Gupta,Male,Jaipur,Rajasthan,Tier 2,2023-11-03
CUST_02669,Aarav Reddy,Male,Mumbai,Maharashtra,Tier 1,2024-03-25
CUST_02670,Kavya Iyer,Female,Mumbai,Maharashtra,Tier 1,2024-04-13
CUST_02671,Priya Sharma,Female,Varanasi,Uttar Pradesh,Tier 3,2023-07-11
CUST_02672,Aditya Patel,Male,Ranchi,Jharkhand,Tier 3,2023-09-19
CUST_02673,Divya Singh,Female,Ahmedabad,Gujarat,Tier 2,2023-08-13
CUST_02674,Sneha Verma,Female,Indore,Madhya Pradesh,Tier 2,2023-11-09
CUST_02675,Kunal Iyer,Male,Delhi,Delhi,Tier 1,2023-07-03
CUST_02676,Kavya Patel,Female,Chandigarh,Punjab,Tier 2,2024-06-02
CUST_02677,Riya Gupta,Female,Mumbai,Maharashtra,Tier 1,2024-04-12
CUST_02678,Pooja Mehta,Female,Kochi,Kerala,Tier 2,2023-11-06
CUST_02679,Rohan Sharma,Male,Jaipur,Rajasthan,Tier 2,2023-10-30
CUST_02680,Kunal Patel,Male,Bengaluru,Karnataka,Tier 1,2024-03-16
CUST_02681,Kavya Iyer,Female,Hyderabad,Telangana,Tier 1,2024-08-19
CUST_02682,Priya Nair,Female,Indore,Madhya Pradesh,Tier 2,2024-01-01
CUST_02683,Ananya Kumar,Female,Mumbai,Maharashtra,Tier 1,2024-05-19
CUST_02684,Aarav Sharma,Male,Patna,Bihar,Tier 3,2024-07-03
CUST_02685,Kunal Reddy,Male,Chandigarh,Punjab,Tier 2,2024-04-27
CUST_02686,Sneha Kumar,Female,Kochi,Kerala,Tier 2,2024-08-06
CUST_02687,Divya Patel,Female,Mumbai,Maharashtra,Tier 1,2024-02-12
CUST_02688,Priya Reddy,Female,Patna,Bihar,Tier 3,2023-10-30
CUST_02689,Rahul Mehta,Male,Chandigarh,Punjab,Tier 2,2024-03-11
CUST_02690,Rahul Gupta,Male,Bengaluru,Karnataka,Tier 1,2024-06-04
CUST_02691,Divya Kumar,Female,Bengaluru,Karnataka,Tier 1,2024-10-07
CUST_02692,Aditya Patel,Male,Chennai,Tamil Nadu,Tier 1,2024-10-30
CUST_02693,Ishita Gupta,Female,Guwahati,Assam,Tier 3,2023-12-19
CUST_02694,Ananya Reddy,Female,Guwahati,Assam,Tier 3,2024-03-24
CUST_02695,Ananya Singh,Female,Hyderabad,Telangana,Tier 1,2023-08-04
CUST_02696,Tanvi Reddy,Female,Guwahati,Assam,Tier 3,2024-01-23
CUST_02697,Divya Mehta,Female,Delhi,Delhi,Tier 1,2023-07-10
CUST_02698,Varun Singh,Male,Bengaluru,Karnataka,Tier 1,2024-11-25
CUST_02699,Aarav Mehta,Male,Ranchi,Jharkhand,Tier 3,2024-01-31
CUST_02700,Ananya Gupta,Female,Bengaluru,Karnataka,Tier 1,2024-03-07
CUST_02701,Ananya Nair,Female,Dehradun,Uttarakhand,Tier 3,2024-04-09
CUST_02702,Kunal Iyer,Male,Chennai,Tamil Nadu,Tier 1,2024-03-21
CUST_02703,Aditya Gupta,Male,Indore,Madhya Pradesh,Tier 2,2023-11-29
CUST_02704,Aarav Gupta,Male,Chennai,Tamil Nadu,Tier 1,2024-02-07
CUST_02705,Ananya Verma,Female,Chennai,Tamil Nadu,Tier 1,2024-02-20
CUST_02706,Vikram Singh,Male,Hyderabad,Telangana,Tier 1,2023-12-26
CUST_02707,Kabir Verma,Male,Indore,Madhya Pradesh,Tier 2,2024-04-12
CUST_02708,Rohan Patel,Male,Varanasi,Uttar Pradesh,Tier 3,2024-02-01
CUST_02709,Vikram Patel,Male,Hyderabad,Telangana,Tier 1,2024-05-11
CUST_02710,Amit Nair,Male,Jaipur,Rajasthan,Tier 2,2024-10-05
CUST_02711,Priya Kumar,Female,Indore,Madhya Pradesh,Tier 2,2023-11-28
CUST_02712,Pooja Nair,Female,Dehradun,Uttarakhand,Tier 3,2023-06-19
CUST_02713,Rohan Patel,Male,Mumbai,Maharashtra,Tier 1,2024-11-16
CUST_02714,Kunal Kumar,Male,Hyderabad,Telangana,Tier 1,2024-08-16
CUST_02715,Amit Gupta,Male,Mumbai,Maharashtra,Tier 1,2024-10-08
CUST_02716,Aditya Reddy,Male,Chandigarh,Punjab,Tier 2,2024-07-01
CUST_02717,Kavya Mehta,Female,Varanasi,Uttar Pradesh,Tier 3,2024-09-06
CUST_02718,Aarav Iyer,Male,Chennai,Tamil Nadu,Tier 1,2024-06-16
CUST_02719,Tanvi Sharma,Female,Ranchi,Jharkhand,Tier 3,2023-08-27
CUST_02720,Rohan Iyer,Male,Jaipur,Rajasthan,Tier 2,2023-10-18
CUST_02721,Neha Nair,Female,Dehradun,Uttarakhand,Tier 3,2024-05-14
CUST_02722,Varun Sharma,Male,Kochi,Kerala,Tier 2,2024-04-20
CUST_02723,Vikram Nair,Male,Patna,Bihar,Tier 3,2023-07-10
CUST_02724,Aarav Singh,Male,Lucknow,Uttar Pradesh,Tier 2,2024-02-20
CUST_02725,Sneha Singh,Female,Hyderabad,Telangana,Tier 1,2023-08-16
CUST_02726,Priya Reddy,Female,Delhi,Delhi,Tier 1,2024-07-21
CUST_02727,Aarav Singh,Male,Chennai,Tamil Nadu,Tier 1,2023-09-04
CUST_02728,Amit Iyer,Male,Jaipur,Rajasthan,Tier 2,2024-06-06
CUST_02729,Rohan Singh,Male,Indore,Madhya Pradesh,Tier 2,2023-10-05
CUST_02730,Varun Mehta,Male,Jaipur,Rajasthan,Tier 2,2024-01-24
CUST_02731,Vikram Singh,Male,Guwahati,Assam,Tier 3,2023-08-21
CUST_02732,Ishita Singh,Female,Hyderabad,Telangana,Tier 1,2023-07-12
CUST_02733,Tanvi Verma,Female,Indore,Madhya Pradesh,Tier 2,2023-07-24
CUST_02734,Rohan Verma,Male,Guwahati,Assam,Tier 3,2023-06-05
CUST_02735,Kunal Sharma,Male,Indore,Madhya Pradesh,Tier 2,2024-07-20
CUST_02736,Vikram Patel,Male,Ahmedabad,Gujarat,Tier 2,2024-02-09
CUST_02737,Kabir Patel,Male,Pune,Maharashtra,Tier 1,2023-09-15
CUST_02738,Kunal Mehta,Male,Lucknow,Uttar Pradesh,Tier 2,2023-11-21
CUST_02739,Arjun Sharma,Male,Indore,Madhya Pradesh,Tier 2,2023-12-10
CUST_02740,Ishita Mehta,Female,Mumbai,Maharashtra,Tier 1,2024-07-02
CUST_02741,Amit Singh,Male,Hyderabad,Telangana,Tier 1,2024-07-26
CUST_02742,Riya Mehta,Female,Jaipur,Rajasthan,Tier 2,2024-08-04
CUST_02743,Divya Reddy,Female,Bengaluru,Karnataka,Tier 1,2024-07-20
CUST_02744,Vikram Patel,Male,Kochi,Kerala,Tier 2,2023-10-01
CUST_02745,Rahul Sharma,Male,Mumbai,Maharashtra,Tier 1,2023-07-18
CUST_02746,Arjun Patel,Male,Patna,Bihar,Tier 3,2023-09-24
CUST_02747,Aditya Verma,Male,Varanasi,Uttar Pradesh,Tier 3,2024-07-28
CUST_02748,Kabir Mehta,Male,Mumbai,Maharashtra,Tier 1,2023-10-05
CUST_02749,Kavya Gupta,Female,Pune,Maharashtra,Tier 1,2024-03-08
CUST_02750,Pooja Patel,Female,Delhi,Delhi,Tier 1,2023-12-10
CUST_02751,Kunal Reddy,Male,Ranchi,Jharkhand,Tier 3,2023-07-21
CUST_02752,Ananya Gupta,Female,Jaipur,Rajasthan,Tier 2,2023-08-01
CUST_02753,Ishita Singh,Female,Bengaluru,Karnataka,Tier 1,2024-03-21
CUST_02754,Vikram Singh,Male,Bengaluru,Karnataka,Tier 1,2024-09-27
CUST_02755,Varun Reddy,Male,Chennai,Tamil Nadu,Tier 1,2024-01-16
CUST_02756,Pooja Singh,Female,Ranchi,Jharkhand,Tier 3,2024-03-03
CUST_02757,Kunal Mehta,Male,Mumbai,Maharashtra,Tier 1,2023-06-18
CUST_02758,Kunal Gupta,Male,Pune,Maharashtra,Tier 1,2024-11-03
CUST_02759,Rohan Singh,Male,Ahmedabad,Gujarat,Tier 2,2024-02-16
CUST_02760,Vikram Nair,Male,Kochi,Kerala,Tier 2,2024-07-18
CUST_02761,Rohan Iyer,Male,Varanasi,Uttar Pradesh,Tier 3,2024-02-03
CUST_02762,Riya Mehta,Female,Kochi,Kerala,Tier 2,2024-11-24
CUST_02763,Kunal Nair,Male,Bengaluru,Karnataka,Tier 1,2024-05-01
CUST_02764,Divya Kumar,Female,Mumbai,Maharashtra,Tier 1,2023-12-09
CUST_02765,Vikram Gupta,Male,Delhi,Delhi,Tier 1,2023-12-22
CUST_02766,Divya Iyer,Female,Jaipur,Rajasthan,Tier 2,2024-06-24
CUST_02767,Divya Mehta,Female,Patna,Bihar,Tier 3,2023-07-17
CUST_02768,Kavya Reddy,Female,Ahmedabad,Gujarat,Tier 2,2024-05-07
CUST_02769,Pooja Gupta,Female,Varanasi,Uttar Pradesh,Tier 3,2023-08-18
CUST_02770,Varun Patel,Male,Bengaluru,Karnataka,Tier 1,2023-12-27
CUST_02771,Tanvi Nair,Female,Varanasi,Uttar Pradesh,Tier 3,2023-09-14
CUST_02772,Sneha Mehta,Female,Lucknow,Uttar Pradesh,Tier 2,2024-06-14
CUST_02773,Aarav Singh,Male,Pune,Maharashtra,Tier 1,2024-07-23
CUST_02774,Vikram Iyer,Male,Bhopal,Madhya Pradesh,Tier 3,2023-09-04
CUST_02775,Pooja Iyer,Female,Delhi,Delhi,Tier 1,2024-12-01
CUST_02776,Aarav Reddy,Male,Ahmedabad,Gujarat,Tier 2,2023-11-19
CUST_02777,Kunal Mehta,Male,Indore,Madhya Pradesh,Tier 2,2023-09-11
CUST_02778,Amit Iyer,Male,Pune,Maharashtra,Tier 1,2024-03-11
CUST_02779,Arjun Kumar,Male,Ranchi,Jharkhand,Tier 3,2023-11-16
CUST_02780,Rohan Iyer,Male,Delhi,Delhi,Tier 1,2023-12-15
CUST_02781,Rahul Mehta,Male,Kochi,Kerala,Tier 2,2023-12-01
CUST_02782,Aditya Mehta,Male,Hyderabad,Telangana,Tier 1,2023-08-02
CUST_02783,Pooja Iyer,Female,Bengaluru,Karnataka,Tier 1,2023-12-27
CUST_02784,Riya Gupta,Female,Bengaluru,Karnataka,Tier 1,2023-11-10
CUST_02785,Tanvi Sharma,Female,Bengaluru,Karnataka,Tier 1,2024-11-27
CUST_02786,Arjun Verma,Male,Mumbai,Maharashtra,Tier 1,2024-01-03
CUST_02787,Rahul Gupta,Male,Mumbai,Maharashtra,Tier 1,2023-11-18
CUST_02788,Ishita Nair,Female,Guwahati,Assam,Tier 3,2024-05-03
CUST_02789,Sneha Iyer,Female,Ahmedabad,Gujarat,Tier 2,2024-01-07
CUST_02790,Tanvi Patel,Female,Chandigarh,Punjab,Tier 2,2024-03-12
CUST_02791,Riya Iyer,Female,Chennai,Tamil Nadu,Tier 1,2023-06-21
CUST_02792,Arjun Singh,Male,Pune,Maharashtra,Tier 1,2024-09-19
CUST_02793,Varun Verma,Male,Lucknow,Uttar Pradesh,Tier 2,2023-07-26
CUST_02794,Amit Verma,Male,Chandigarh,Punjab,Tier 2,2023-10-17
CUST_02795,Amit Patel,Male,Lucknow,Uttar Pradesh,Tier 2,2023-10-08
CUST_02796,Aarav Nair,Male,Guwahati,Assam,Tier 3,2023-08-15
CUST_02797,Amit Nair,Male,Pune,Maharashtra,Tier 1,2024-12-02
CUST_02798,Vikram Singh,Male,Mumbai,Maharashtra,Tier 1,2023-11-30
CUST_02799,Arjun Reddy,Male,Bhopal,Madhya Pradesh,Tier 3,2023-10-22
CUST_02800,Rohan Nair,Male,Hyderabad,Telangana,Tier 1,2023-08-13
CUST_02801,Ishita Verma,Female,Indore,Madhya Pradesh,Tier 2,2024-09-14
CUST_02802,Vikram Kumar,Male,Bengaluru,Karnataka,Tier 1,2023-06-28
CUST_02803,Aarav Verma,Male,Chennai,Tamil Nadu,Tier 1,2023-08-23
CUST_02804,Aditya Reddy,Male,Varanasi,Uttar Pradesh,Tier 3,2024-08-23
CUST_02805,Ananya Iyer,Female,Mumbai,Maharashtra,Tier 1,2024-05-27
CUST_02806,Tanvi Verma,Female,Ahmedabad,Gujarat,Tier 2,2024-03-23
CUST_02807,Riya Patel,Female,Mumbai,Maharashtra,Tier 1,2024-10-01
CUST_02808,Neha Nair,Female,Varanasi,Uttar Pradesh,Tier 3,2023-11-02
CUST_02809,Vikram Nair,Male,Jaipur,Rajasthan,Tier 2,2024-04-17
CUST_02810,Neha Sharma,Female,Chandigarh,Punjab,Tier 2,2023-06-27
CUST_02811,Varun Sharma,Male,Delhi,Delhi,Tier 1,2024-02-07
CUST_02812,Kavya Kumar,Female,Chennai,Tamil Nadu,Tier 1,2024-11-10
CUST_02813,Ishita Patel,Female,Pune,Maharashtra,Tier 1,2023-10-04
CUST_02814,Arjun Patel,Male,Ahmedabad,Gujarat,Tier 2,2024-01-20
CUST_02815,Kavya Sharma,Female,Mumbai,Maharashtra,Tier 1,2024-06-19
CUST_02816,Amit Sharma,Male,Jaipur,Rajasthan,Tier 2,2024-07-21
CUST_02817,Aditya Gupta,Male,Ahmedabad,Gujarat,Tier 2,2024-09-14
CUST_02818,Ananya Iyer,Female,Ahmedabad,Gujarat,Tier 2,2023-12-07
CUST_02819,Rohan Sharma,Male,Bengaluru,Karnataka,Tier 1,2023-10-04
CUST_02820,Riya Nair,Female,Pune,Maharashtra,Tier 1,2024-11-23
CUST_02821,Vikram Singh,Male,Dehradun,Uttarakhand,Tier 3,2023-11-29
CUST_02822,Neha Mehta,Female,Chandigarh,Punjab,Tier 2,2023-12-10
CUST_02823,Arjun Singh,Male,Chennai,Tamil Nadu,Tier 1,2023-08-07
CUST_02824,Arjun Iyer,Male,Kochi,Kerala,Tier 2,2023-11-22
CUST_02825,Tanvi Singh,Female,Mumbai,Maharashtra,Tier 1,2024-08-03
CUST_02826,Kabir Nair,Male,Bengaluru,Karnataka,Tier 1,2024-04-13
CUST_02827,Priya Reddy,Female,Ranchi,Jharkhand,Tier 3,2024-03-25
CUST_02828,Sneha Kumar,Female,Patna,Bihar,Tier 3,2024-03-24
CUST_02829,Rahul Gupta,Male,Kochi,Kerala,Tier 2,2024-06-12
CUST_02830,Ishita Patel,Female,Chennai,Tamil Nadu,Tier 1,2023-06-24
CUST_02831,Kunal Gupta,Male,Delhi,Delhi,Tier 1,2024-03-24
CUST_02832,Aditya Verma,Male,Pune,Maharashtra,Tier 1,2024-10-25
CUST_02833,Vikram Kumar,Male,Lucknow,Uttar Pradesh,Tier 2,2024-09-19
CUST_02834,Kabir Sharma,Male,Chennai,Tamil Nadu,Tier 1,2023-07-29
CUST_02835,Pooja Mehta,Female,Bhopal,Madhya Pradesh,Tier 3,2024-05-29
CUST_02836,Amit Singh,Male,Kochi,Kerala,Tier 2,2023-10-04
CUST_02837,Pooja Patel,Female,Varanasi,Uttar Pradesh,Tier 3,2023-09-05
CUST_02838,Ishita Reddy,Female,Jaipur,Rajasthan,Tier 2,2023-07-20
CUST_02839,Aditya Iyer,Male,Chennai,Tamil Nadu,Tier 1,2023-12-20
CUST_02840,Pooja Patel,Female,Delhi,Delhi,Tier 1,2024-01-18
CUST_02841,Arjun Sharma,Male,Jaipur,Rajasthan,Tier 2,2024-10-30
CUST_02842,Kavya Gupta,Female,Pune,Maharashtra,Tier 1,2024-07-21
CUST_02843,Aarav Patel,Male,Bengaluru,Karnataka,Tier 1,2023-07-01
CUST_02844,Kabir Gupta,Male,Mumbai,Maharashtra,Tier 1,2024-11-18
CUST_02845,Aditya Gupta,Male,Chennai,Tamil Nadu,Tier 1,2024-10-22
CUST_02846,Riya Iyer,Female,Chennai,Tamil Nadu,Tier 1,2024-07-30
CUST_02847,Varun Mehta,Male,Pune,Maharashtra,Tier 1,2024-05-20
CUST_02848,Aarav Verma,Male,Bengaluru,Karnataka,Tier 1,2023-10-05
CUST_02849,Priya Nair,Female,Mumbai,Maharashtra,Tier 1,2024-07-11
CUST_02850,Kavya Sharma,Female,Chandigarh,Punjab,Tier 2,2023-12-17
CUST_02851,Rahul Mehta,Male,Ahmedabad,Gujarat,Tier 2,2023-10-30
CUST_02852,Aditya Reddy,Male,Delhi,Delhi,Tier 1,2024-08-02
CUST_02853,Rohan Singh,Male,Dehradun,Uttarakhand,Tier 3,2024-03-28
CUST_02854,Amit Nair,Male,Chennai,Tamil Nadu,Tier 1,2023-07-14
CUST_02855,Ananya Kumar,Female,Hyderabad,Telangana,Tier 1,2024-08-12
CUST_02856,Ananya Nair,Female,Jaipur,Rajasthan,Tier 2,2023-10-10
CUST_02857,Ananya Sharma,Female,Varanasi,Uttar Pradesh,Tier 3,2024-11-14
CUST_02858,Kabir Gupta,Male,Pune,Maharashtra,Tier 1,2023-08-30
CUST_02859,Arjun Patel,Male,Jaipur,Rajasthan,Tier 2,2024-04-24
CUST_02860,Rohan Patel,Male,Indore,Madhya Pradesh,Tier 2,2024-05-14
CUST_02861,Ananya Gupta,Female,Lucknow,Uttar Pradesh,Tier 2,2024-08-20
CUST_02862,Kunal Reddy,Male,Pune,Maharashtra,Tier 1,2023-10-25
CUST_02863,Amit Singh,Male,Bengaluru,Karnataka,Tier 1,2023-09-27
CUST_02864,Vikram Nair,Male,Pune,Maharashtra,Tier 1,2024-09-01
CUST_02865,Kabir Singh,Male,Chennai,Tamil Nadu,Tier 1,2024-11-23
CUST_02866,Arjun Sharma,Male,Chennai,Tamil Nadu,Tier 1,2024-06-18
CUST_02867,Aarav Verma,Male,Chandigarh,Punjab,Tier 2,2023-06-19
CUST_02868,Amit Kumar,Male,Guwahati,Assam,Tier 3,2023-08-06
CUST_02869,Riya Iyer,Female,Bengaluru,Karnataka,Tier 1,2024-09-06
CUST_02870,Divya Patel,Female,Pune,Maharashtra,Tier 1,2024-08-04
CUST_02871,Riya Nair,Female,Ahmedabad,Gujarat,Tier 2,2024-09-10
CUST_02872,Amit Singh,Male,Delhi,Delhi,Tier 1,2024-06-28
CUST_02873,Rahul Kumar,Male,Indore,Madhya Pradesh,Tier 2,2023-06-22
CUST_02874,Divya Iyer,Female,Lucknow,Uttar Pradesh,Tier 2,2023-11-27
CUST_02875,Rohan Patel,Male,Bhopal,Madhya Pradesh,Tier 3,2024-03-28
CUST_02876,Arjun Gupta,Male,Jaipur,Rajasthan,Tier 2,2024-07-22
CUST_02877,Amit Reddy,Male,Chennai,Tamil Nadu,Tier 1,2023-09-29
CUST_02878,Tanvi Sharma,Female,Lucknow,Uttar Pradesh,Tier 2,2024-01-08
CUST_02879,Ishita Mehta,Female,Lucknow,Uttar Pradesh,Tier 2,2024-04-29
CUST_02880,Pooja Nair,Female,Pune,Maharashtra,Tier 1,2023-06-18
CUST_02881,Ananya Kumar,Female,Dehradun,Uttarakhand,Tier 3,2023-09-29
CUST_02882,Varun Iyer,Male,Bengaluru,Karnataka,Tier 1,2023-10-29
CUST_02883,Divya Kumar,Female,Lucknow,Uttar Pradesh,Tier 2,2024-08-18
CUST_02884,Priya Nair,Female,Hyderabad,Telangana,Tier 1,2024-05-18
CUST_02885,Priya Mehta,Female,Hyderabad,Telangana,Tier 1,2024-08-10
CUST_02886,Rahul Mehta,Male,Patna,Bihar,Tier 3,2024-05-10
CUST_02887,Vikram Mehta,Male,Chandigarh,Punjab,Tier 2,2023-10-31
CUST_02888,Varun Singh,Male,Patna,Bihar,Tier 3,2023-07-12
CUST_02889,Rahul Reddy,Male,Jaipur,Rajasthan,Tier 2,2023-06-07
CUST_02890,Divya Gupta,Female,Ranchi,Jharkhand,Tier 3,2023-08-04
CUST_02891,Rohan Gupta,Male,Jaipur,Rajasthan,Tier 2,2023-08-23
CUST_02892,Varun Kumar,Male,Varanasi,Uttar Pradesh,Tier 3,2023-07-20
CUST_02893,Arjun Nair,Male,Chennai,Tamil Nadu,Tier 1,2024-03-12
CUST_02894,Vikram Iyer,Male,Chennai,Tamil Nadu,Tier 1,2024-04-25
CUST_02895,Kunal Gupta,Male,Kochi,Kerala,Tier 2,2024-11-16
CUST_02896,Varun Reddy,Male,Kochi,Kerala,Tier 2,2023-10-26
CUST_02897,Kabir Mehta,Male,Indore,Madhya Pradesh,Tier 2,2023-06-18
CUST_02898,Neha Reddy,Female,Chandigarh,Punjab,Tier 2,2023-11-14
CUST_02899,Kunal Patel,Male,Chandigarh,Punjab,Tier 2,2023-10-12
CUST_02900,Kabir Sharma,Male,Jaipur,Rajasthan,Tier 2,2024-10-16
CUST_02901,Tanvi Sharma,Female,Guwahati,Assam,Tier 3,2023-08-08
CUST_02902,Ananya Gupta,Female,Dehradun,Uttarakhand,Tier 3,2024-11-28
CUST_02903,Priya Mehta,Female,Hyderabad,Telangana,Tier 1,2024-01-24
CUST_02904,Rahul Kumar,Male,Mumbai,Maharashtra,Tier 1,2023-12-25
CUST_02905,Tanvi Verma,Female,Jaipur,Rajasthan,Tier 2,2024-09-18
CUST_02906,Aditya Patel,Male,Jaipur,Rajasthan,Tier 2,2023-11-15
CUST_02907,Arjun Verma,Male,Hyderabad,Telangana,Tier 1,2024-01-30
CUST_02908,Sneha Reddy,Female,Ahmedabad,Gujarat,Tier 2,2024-05-19
CUST_02909,Priya Mehta,Female,Bengaluru,Karnataka,Tier 1,2024-03-30
CUST_02910,Riya Iyer,Female,Mumbai,Maharashtra,Tier 1,2024-04-26
CUST_02911,Rahul Gupta,Male,Bengaluru,Karnataka,Tier 1,2023-09-05
CUST_02912,Riya Singh,Female,Bhopal,Madhya Pradesh,Tier 3,2024-09-05
CUST_02913,Vikram Verma,Male,Pune,Maharashtra,Tier 1,2023-09-19
CUST_02914,Kunal Reddy,Male,Lucknow,Uttar Pradesh,Tier 2,2023-12-09
CUST_02915,Aarav Patel,Male,Chandigarh,Punjab,Tier 2,2024-12-01
CUST_02916,Rohan Mehta,Male,Hyderabad,Telangana,Tier 1,2023-11-23
CUST_02917,Neha Iyer,Female,Hyderabad,Telangana,Tier 1,2024-01-24
CUST_02918,Rohan Nair,Male,Chennai,Tamil Nadu,Tier 1,2024-04-22
CUST_02919,Ananya Kumar,Female,Hyderabad,Telangana,Tier 1,2023-06-24
CUST_02920,Divya Nair,Female,Chandigarh,Punjab,Tier 2,2024-07-17
CUST_02921,Kunal Reddy,Male,Chandigarh,Punjab,Tier 2,2024-10-21
CUST_02922,Arjun Nair,Male,Lucknow,Uttar Pradesh,Tier 2,2023-06-16
CUST_02923,Ananya Gupta,Female,Jaipur,Rajasthan,Tier 2,2023-11-23
CUST_02924,Aditya Kumar,Male,Mumbai,Maharashtra,Tier 1,2023-08-28
CUST_02925,Kavya Sharma,Female,Ahmedabad,Gujarat,Tier 2,2024-09-01
CUST_02926,Vikram Gupta,Male,Kochi,Kerala,Tier 2,2023-08-14
CUST_02927,Rohan Iyer,Male,Pune,Maharashtra,Tier 1,2024-07-12
CUST_02928,Divya Sharma,Female,Ahmedabad,Gujarat,Tier 2,2024-03-01
CUST_02929,Arjun Iyer,Male,Indore,Madhya Pradesh,Tier 2,2023-06-17
CUST_02930,Rahul Sharma,Male,Varanasi,Uttar Pradesh,Tier 3,2024-01-22
CUST_02931,Divya Singh,Female,Indore,Madhya Pradesh,Tier 2,2023-10-12
CUST_02932,Divya Kumar,Female,Guwahati,Assam,Tier 3,2024-11-06
CUST_02933,Rohan Singh,Male,Chennai,Tamil Nadu,Tier 1,2024-11-01
CUST_02934,Ananya Reddy,Female,Mumbai,Maharashtra,Tier 1,2024-01-27
CUST_02935,Neha Gupta,Female,Ahmedabad,Gujarat,Tier 2,2023-12-09
CUST_02936,Varun Reddy,Male,Bengaluru,Karnataka,Tier 1,2023-08-05
CUST_02937,Neha Iyer,Female,Chandigarh,Punjab,Tier 2,2023-11-01
CUST_02938,Ishita Reddy,Female,Lucknow,Uttar Pradesh,Tier 2,2023-10-11
CUST_02939,Ishita Iyer,Female,Chennai,Tamil Nadu,Tier 1,2023-07-10
CUST_02940,Ishita Sharma,Female,Mumbai,Maharashtra,Tier 1,2024-01-30
CUST_02941,Ananya Singh,Female,Dehradun,Uttarakhand,Tier 3,2024-06-04
CUST_02942,Tanvi Iyer,Female,Hyderabad,Telangana,Tier 1,2023-07-10
CUST_02943,Rohan Patel,Male,Pune,Maharashtra,Tier 1,2023-11-28
CUST_02944,Kavya Singh,Female,Pune,Maharashtra,Tier 1,2024-07-07
CUST_02945,Divya Gupta,Female,Delhi,Delhi,Tier 1,2024-03-28
CUST_02946,Aditya Patel,Male,Kochi,Kerala,Tier 2,2024-03-02
CUST_02947,Pooja Mehta,Female,Ahmedabad,Gujarat,Tier 2,2023-09-14
CUST_02948,Tanvi Patel,Female,Chennai,Tamil Nadu,Tier 1,2024-05-01
CUST_02949,Amit Kumar,Male,Chandigarh,Punjab,Tier 2,2023-11-30
CUST_02950,Tanvi Patel,Female,Bhopal,Madhya Pradesh,Tier 3,2024-07-18
CUST_02951,Aditya Kumar,Male,Kochi,Kerala,Tier 2,2024-06-13
CUST_02952,Aditya Nair,Male,Chennai,Tamil Nadu,Tier 1,2024-07-05
CUST_02953,Kavya Sharma,Female,Ranchi,Jharkhand,Tier 3,2024-11-13
CUST_02954,Tanvi Nair,Female,Pune,Maharashtra,Tier 1,2024-04-24
CUST_02955,Riya Singh,Female,Mumbai,Maharashtra,Tier 1,2024-04-09
CUST_02956,Amit Iyer,Male,Bengaluru,Karnataka,Tier 1,2024-10-05
CUST_02957,Sneha Sharma,Female,Chennai,Tamil Nadu,Tier 1,2024-05-07
CUST_02958,Vikram Sharma,Male,Delhi,Delhi,Tier 1,2024-01-02
CUST_02959,Riya Verma,Female,Hyderabad,Telangana,Tier 1,2023-09-19
CUST_02960,Kavya Mehta,Female,Chennai,Tamil Nadu,Tier 1,2023-11-25
CUST_02961,Divya Mehta,Female,Ranchi,Jharkhand,Tier 3,2024-11-19
CUST_02962,Aditya Gupta,Male,Delhi,Delhi,Tier 1,2023-07-17
CUST_02963,Varun Singh,Male,Bhopal,Madhya Pradesh,Tier 3,2023-09-20
CUST_02964,Priya Sharma,Female,Lucknow,Uttar Pradesh,Tier 2,2024-09-10
CUST_02965,Divya Nair,Female,Varanasi,Uttar Pradesh,Tier 3,2024-11-18
CUST_02966,Ishita Sharma,Female,Lucknow,Uttar Pradesh,Tier 2,2024-10-02
CUST_02967,Vikram Kumar,Male,Pune,Maharashtra,Tier 1,2024-11-21
CUST_02968,Tanvi Patel,Female,Patna,Bihar,Tier 3,2024-08-12
CUST_02969,Ananya Kumar,Female,Guwahati,Assam,Tier 3,2024-10-31
CUST_02970,Neha Nair,Female,Delhi,Delhi,Tier 1,2023-11-19
CUST_02971,Kunal Kumar,Male,Kochi,Kerala,Tier 2,2024-03-13
CUST_02972,Divya Gupta,Female,Patna,Bihar,Tier 3,2024-03-21
CUST_02973,Amit Patel,Male,Pune,Maharashtra,Tier 1,2023-09-30
CUST_02974,Arjun Kumar,Male,Bengaluru,Karnataka,Tier 1,2023-07-11
CUST_02975,Rahul Singh,Male,Mumbai,Maharashtra,Tier 1,2024-01-24
CUST_02976,Aditya Patel,Male,Jaipur,Rajasthan,Tier 2,2024-04-29
CUST_02977,Priya Mehta,Female,Delhi,Delhi,Tier 1,2024-10-05
CUST_02978,Amit Mehta,Male,Chandigarh,Punjab,Tier 2,2023-12-04
CUST_02979,Vikram Singh,Male,Pune,Maharashtra,Tier 1,2024-11-19
CUST_02980,Tanvi Iyer,Female,Kochi,Kerala,Tier 2,2024-10-15
CUST_02981,Kunal Mehta,Male,Chennai,Tamil Nadu,Tier 1,2024-08-25
CUST_02982,Tanvi Patel,Female,Lucknow,Uttar Pradesh,Tier 2,2024-06-10
CUST_02983,Kabir Singh,Male,Bengaluru,Karnataka,Tier 1,2024-11-20
CUST_02984,Rahul Nair,Male,Varanasi,Uttar Pradesh,Tier 3,2023-10-15
CUST_02985,Rohan Patel,Male,Mumbai,Maharashtra,Tier 1,2023-06-08
CUST_02986,Divya Verma,Female,Chennai,Tamil Nadu,Tier 1,2023-06-09
CUST_02987,Amit Mehta,Male,Hyderabad,Telangana,Tier 1,2023-11-11
CUST_02988,Amit Reddy,Male,Pune,Maharashtra,Tier 1,2023-11-17
CUST_02989,Tanvi Nair,Female,Kochi,Kerala,Tier 2,2024-09-09
CUST_02990,Rahul Kumar,Male,Indore,Madhya Pradesh,Tier 2,2024-02-22
CUST_02991,Ishita Singh,Female,Chandigarh,Punjab,Tier 2,2023-11-06
CUST_02992,Kabir Patel,Male,Ahmedabad,Gujarat,Tier 2,2024-09-07
CUST_02993,Ishita Mehta,Female,Chandigarh,Punjab,Tier 2,2023-07-25
CUST_02994,Kunal Verma,Male,Lucknow,Uttar Pradesh,Tier 2,2023-08-04
CUST_02995,Pooja Mehta,Female,Chennai,Tamil Nadu,Tier 1,2024-01-09
CUST_02996,Aarav Kumar,Male,Mumbai,Maharashtra,Tier 1,2024-01-06
CUST_02997,Sneha Verma,Female,Indore,Madhya Pradesh,Tier 2,2023-08-17
CUST_02998,Pooja Nair,Female,Lucknow,Uttar Pradesh,Tier 2,2023-11-18
CUST_02999,Kavya Mehta,Female,Ahmedabad,Gujarat,Tier 2,2023-12-26
CUST_03000,Ishita Singh,Female,Bengaluru,Karnataka,Tier 1,2024-10-13
CUST_03001,Neha Mehta,Female,Hyderabad,Telangana,Tier 1,2024-03-23
CUST_03002,Aarav Iyer,Male,Delhi,Delhi,Tier 1,2024-10-23
CUST_03003,Rahul Reddy,Male,Ahmedabad,Gujarat,Tier 2,2024-08-23
CUST_03004,Rahul Iyer,Male,Bengaluru,Karnataka,Tier 1,2023-11-13
CUST_03005,Kabir Mehta,Male,Ahmedabad,Gujarat,Tier 2,2024-09-22
CUST_03006,Priya Mehta,Female,Indore,Madhya Pradesh,Tier 2,2023-10-20
CUST_03007,Rahul Patel,Male,Chennai,Tamil Nadu,Tier 1,2023-09-09
CUST_03008,Kabir Gupta,Male,Kochi,Kerala,Tier 2,2023-07-26
CUST_03009,Rahul Sharma,Male,Patna,Bihar,Tier 3,2024-10-13
CUST_03010,Ishita Nair,Female,Ahmedabad,Gujarat,Tier 2,2024-08-22
CUST_03011,Pooja Kumar,Female,Indore,Madhya Pradesh,Tier 2,2023-12-07
CUST_03012,Amit Gupta,Male,Varanasi,Uttar Pradesh,Tier 3,2023-12-24
CUST_03013,Vikram Singh,Male,Hyderabad,Telangana,Tier 1,2023-08-23
CUST_03014,Priya Reddy,Female,Mumbai,Maharashtra,Tier 1,2024-01-02
CUST_03015,Aarav Patel,Male,Lucknow,Uttar Pradesh,Tier 2,2024-05-22
CUST_03016,Rohan Singh,Male,Delhi,Delhi,Tier 1,2024-11-05
CUST_03017,Aarav Iyer,Male,Varanasi,Uttar Pradesh,Tier 3,2024-07-30
CUST_03018,Priya Mehta,Female,Chandigarh,Punjab,Tier 2,2023-09-04
CUST_03019,Rahul Gupta,Male,Mumbai,Maharashtra,Tier 1,2023-11-03
CUST_03020,Aditya Patel,Male,Chennai,Tamil Nadu,Tier 1,2024-09-14
CUST_03021,Neha Patel,Female,Pune,Maharashtra,Tier 1,2023-08-31
CUST_03022,Rohan Gupta,Male,Mumbai,Maharashtra,Tier 1,2023-12-03
CUST_03023,Rohan Iyer,Male,Chandigarh,Punjab,Tier 2,2023-10-18
CUST_03024,Ishita Reddy,Female,Bhopal,Madhya Pradesh,Tier 3,2024-01-06
CUST_03025,Vikram Iyer,Male,Hyderabad,Telangana,Tier 1,2024-05-11
CUST_03026,Amit Sharma,Male,Chandigarh,Punjab,Tier 2,2024-04-04
CUST_03027,Rahul Singh,Male,Bengaluru,Karnataka,Tier 1,2024-03-18
CUST_03028,Amit Gupta,Male,Lucknow,Uttar Pradesh,Tier 2,2024-05-11
CUST_03029,Varun Kumar,Male,Bhopal,Madhya Pradesh,Tier 3,2024-03-20
CUST_03030,Sneha Sharma,Female,Guwahati,Assam,Tier 3,2023-12-16
CUST_03031,Kavya Gupta,Female,Varanasi,Uttar Pradesh,Tier 3,2023-06-02
CUST_03032,Varun Iyer,Male,Chennai,Tamil Nadu,Tier 1,2024-10-21
CUST_03033,Rohan Mehta,Male,Varanasi,Uttar Pradesh,Tier 3,2023-10-24
CUST_03034,Pooja Gupta,Female,Guwahati,Assam,Tier 3,2024-04-30
CUST_03035,Tanvi Singh,Female,Lucknow,Uttar Pradesh,Tier 2,2024-01-04
CUST_03036,Vikram Verma,Male,Bhopal,Madhya Pradesh,Tier 3,2023-06-27
CUST_03037,Kunal Sharma,Male,Delhi,Delhi,Tier 1,2023-11-13
CUST_03038,Pooja Nair,Female,Jaipur,Rajasthan,Tier 2,2023-11-18
CUST_03039,Kunal Verma,Male,Pune,Maharashtra,Tier 1,2023-06-23
CUST_03040,Pooja Patel,Female,Delhi,Delhi,Tier 1,2024-11-25
CUST_03041,Kabir Kumar,Male,Mumbai,Maharashtra,Tier 1,2023-06-08
CUST_03042,Vikram Sharma,Male,Bengaluru,Karnataka,Tier 1,2023-06-18
CUST_03043,Tanvi Reddy,Female,Kochi,Kerala,Tier 2,2024-09-05
CUST_03044,Tanvi Singh,Female,Indore,Madhya Pradesh,Tier 2,2024-08-27
CUST_03045,Kavya Singh,Female,Mumbai,Maharashtra,Tier 1,2024-02-08
CUST_03046,Neha Verma,Female,Delhi,Delhi,Tier 1,2024-09-15
CUST_03047,Ananya Verma,Female,Bengaluru,Karnataka,Tier 1,2023-09-30
CUST_03048,Aarav Mehta,Male,Chennai,Tamil Nadu,Tier 1,2024-07-27
CUST_03049,Rohan Reddy,Male,Bengaluru,Karnataka,Tier 1,2024-10-13
CUST_03050,Arjun Nair,Male,Bengaluru,Karnataka,Tier 1,2024-11-11
CUST_03051,Kabir Reddy,Male,Pune,Maharashtra,Tier 1,2023-07-02
CUST_03052,Kabir Sharma,Male,Lucknow,Uttar Pradesh,Tier 2,2024-11-02
CUST_03053,Arjun Reddy,Male,Bengaluru,Karnataka,Tier 1,2024-09-16
CUST_03054,Kabir Verma,Male,Patna,Bihar,Tier 3,2024-06-04
CUST_03055,Neha Singh,Female,Hyderabad,Telangana,Tier 1,2023-11-27
CUST_03056,Aditya Sharma,Male,Hyderabad,Telangana,Tier 1,2023-12-04
CUST_03057,Ishita Nair,Female,Chandigarh,Punjab,Tier 2,2024-08-10
CUST_03058,Divya Singh,Female,Lucknow,Uttar Pradesh,Tier 2,2023-10-02
CUST_03059,Kabir Mehta,Male,Bhopal,Madhya Pradesh,Tier 3,2024-07-17
CUST_03060,Kunal Singh,Male,Ranchi,Jharkhand,Tier 3,2024-08-21
CUST_03061,Rohan Kumar,Male,Ahmedabad,Gujarat,Tier 2,2024-02-02
CUST_03062,Kunal Sharma,Male,Delhi,Delhi,Tier 1,2024-07-17
CUST_03063,Tanvi Verma,Female,Delhi,Delhi,Tier 1,2023-06-26
CUST_03064,Rohan Sharma,Male,Hyderabad,Telangana,Tier 1,2024-09-21
CUST_03065,Vikram Sharma,Male,Chennai,Tamil Nadu,Tier 1,2024-02-24
CUST_03066,Amit Nair,Male,Chennai,Tamil Nadu,Tier 1,2024-03-03
CUST_03067,Kabir Mehta,Male,Kochi,Kerala,Tier 2,2023-08-07
CUST_03068,Sneha Sharma,Female,Pune,Maharashtra,Tier 1,2024-10-26
CUST_03069,Varun Singh,Male,Ahmedabad,Gujarat,Tier 2,2024-10-21
CUST_03070,Divya Nair,Female,Dehradun,Uttarakhand,Tier 3,2024-01-16
CUST_03071,Aditya Reddy,Male,Kochi,Kerala,Tier 2,2023-10-02
CUST_03072,Tanvi Iyer,Female,Indore,Madhya Pradesh,Tier 2,2023-09-13
CUST_03073,Tanvi Verma,Female,Hyderabad,Telangana,Tier 1,2024-03-20
CUST_03074,Kunal Reddy,Male,Lucknow,Uttar Pradesh,Tier 2,2024-01-25
CUST_03075,Kabir Gupta,Male,Chennai,Tamil Nadu,Tier 1,2024-11-09
CUST_03076,Divya Iyer,Female,Guwahati,Assam,Tier 3,2024-08-30
CUST_03077,Rohan Singh,Male,Hyderabad,Telangana,Tier 1,2023-10-21
CUST_03078,Aditya Reddy,Male,Hyderabad,Telangana,Tier 1,2023-11-23
CUST_03079,Rohan Gupta,Male,Mumbai,Maharashtra,Tier 1,2023-06-29
CUST_03080,Priya Nair,Female,Varanasi,Uttar Pradesh,Tier 3,2024-01-27
CUST_03081,Divya Iyer,Female,Ahmedabad,Gujarat,Tier 2,2024-09-02
CUST_03082,Rohan Verma,Male,Varanasi,Uttar Pradesh,Tier 3,2024-12-02
CUST_03083,Ishita Sharma,Female,Varanasi,Uttar Pradesh,Tier 3,2024-07-13
CUST_03084,Riya Nair,Female,Bengaluru,Karnataka,Tier 1,2024-09-05
CUST_03085,Ishita Nair,Female,Lucknow,Uttar Pradesh,Tier 2,2024-08-24
CUST_03086,Neha Sharma,Female,Jaipur,Rajasthan,Tier 2,2023-06-27
CUST_03087,Ishita Sharma,Female,Delhi,Delhi,Tier 1,2024-09-27
CUST_03088,Rahul Mehta,Male,Bengaluru,Karnataka,Tier 1,2024-04-02
CUST_03089,Priya Verma,Female,Guwahati,Assam,Tier 3,2024-10-24
CUST_03090,Sneha Iyer,Female,Ahmedabad,Gujarat,Tier 2,2024-10-29
CUST_03091,Kunal Gupta,Male,Kochi,Kerala,Tier 2,2024-10-01
CUST_03092,Vikram Sharma,Male,Lucknow,Uttar Pradesh,Tier 2,2023-09-29
CUST_03093,Priya Iyer,Female,Delhi,Delhi,Tier 1,2024-08-11
CUST_03094,Kunal Nair,Male,Lucknow,Uttar Pradesh,Tier 2,2024-10-12
CUST_03095,Ishita Nair,Female,Chennai,Tamil Nadu,Tier 1,2024-06-21
CUST_03096,Priya Reddy,Female,Kochi,Kerala,Tier 2,2024-07-12
CUST_03097,Vikram Sharma,Male,Ranchi,Jharkhand,Tier 3,2024-03-16
CUST_03098,Tanvi Nair,Female,Delhi,Delhi,Tier 1,2024-08-13
CUST_03099,Vikram Reddy,Male,Lucknow,Uttar Pradesh,Tier 2,2023-08-06
CUST_03100,Ananya Patel,Female,Jaipur,Rajasthan,Tier 2,2024-06-30
CUST_03101,Rahul Kumar,Male,Lucknow,Uttar Pradesh,Tier 2,2024-07-21
CUST_03102,Ishita Nair,Female,Pune,Maharashtra,Tier 1,2024-01-14
CUST_03103,Ishita Gupta,Female,Ahmedabad,Gujarat,Tier 2,2024-01-20
CUST_03104,Arjun Patel,Male,Ranchi,Jharkhand,Tier 3,2024-10-04
CUST_03105,Amit Reddy,Male,Jaipur,Rajasthan,Tier 2,2024-08-09
CUST_03106,Varun Verma,Male,Bengaluru,Karnataka,Tier 1,2024-01-06
CUST_03107,Varun Mehta,Male,Pune,Maharashtra,Tier 1,2023-11-15
CUST_03108,Arjun Verma,Male,Hyderabad,Telangana,Tier 1,2024-07-22
CUST_03109,Kabir Patel,Male,Varanasi,Uttar Pradesh,Tier 3,2024-02-16
CUST_03110,Ishita Nair,Female,Delhi,Delhi,Tier 1,2023-06-23
CUST_03111,Kabir Singh,Male,Chandigarh,Punjab,Tier 2,2023-10-27
CUST_03112,Priya Iyer,Female,Delhi,Delhi,Tier 1,2023-07-03
CUST_03113,Vikram Singh,Male,Pune,Maharashtra,Tier 1,2024-07-31
CUST_03114,Priya Reddy,Female,Chandigarh,Punjab,Tier 2,2023-08-06
CUST_03115,Vikram Iyer,Male,Ahmedabad,Gujarat,Tier 2,2023-07-13
CUST_03116,Arjun Reddy,Male,Bhopal,Madhya Pradesh,Tier 3,2023-09-08
CUST_03117,Priya Reddy,Female,Pune,Maharashtra,Tier 1,2023-09-16
CUST_03118,Kabir Iyer,Male,Hyderabad,Telangana,Tier 1,2024-06-20
CUST_03119,Ishita Gupta,Female,Ahmedabad,Gujarat,Tier 2,2024-02-10
CUST_03120,Divya Nair,Female,Pune,Maharashtra,Tier 1,2024-06-25
CUST_03121,Priya Kumar,Female,Delhi,Delhi,Tier 1,2024-04-17
CUST_03122,Rohan Verma,Male,Kochi,Kerala,Tier 2,2023-12-02
CUST_03123,Kunal Kumar,Male,Hyderabad,Telangana,Tier 1,2023-07-16
CUST_03124,Priya Verma,Female,Chandigarh,Punjab,Tier 2,2023-08-03
CUST_03125,Varun Nair,Male,Ahmedabad,Gujarat,Tier 2,2024-07-09
CUST_03126,Arjun Kumar,Male,Chennai,Tamil Nadu,Tier 1,2023-10-07
CUST_03127,Amit Iyer,Male,Delhi,Delhi,Tier 1,2023-07-28
CUST_03128,Neha Sharma,Female,Pune,Maharashtra,Tier 1,2024-04-04
CUST_03129,Vikram Nair,Male,Patna,Bihar,Tier 3,2023-12-01
CUST_03130,Vikram Gupta,Male,Dehradun,Uttarakhand,Tier 3,2024-03-07
CUST_03131,Tanvi Reddy,Female,Delhi,Delhi,Tier 1,2024-08-20
CUST_03132,Sneha Sharma,Female,Patna,Bihar,Tier 3,2024-04-18
CUST_03133,Kavya Reddy,Female,Indore,Madhya Pradesh,Tier 2,2024-12-02
CUST_03134,Varun Reddy,Male,Indore,Madhya Pradesh,Tier 2,2024-04-22
CUST_03135,Aditya Nair,Male,Varanasi,Uttar Pradesh,Tier 3,2024-08-09
CUST_03136,Aditya Kumar,Male,Hyderabad,Telangana,Tier 1,2024-06-25
CUST_03137,Rahul Gupta,Male,Delhi,Delhi,Tier 1,2023-07-26
CUST_03138,Arjun Kumar,Male,Indore,Madhya Pradesh,Tier 2,2024-01-21
CUST_03139,Aarav Gupta,Male,Mumbai,Maharashtra,Tier 1,2023-09-30
CUST_03140,Rahul Singh,Male,Hyderabad,Telangana,Tier 1,2024-08-12
CUST_03141,Neha Singh,Female,Delhi,Delhi,Tier 1,2023-08-08
CUST_03142,Ananya Verma,Female,Delhi,Delhi,Tier 1,2023-09-11
CUST_03143,Kabir Nair,Male,Patna,Bihar,Tier 3,2024-11-28
CUST_03144,Ananya Sharma,Female,Ahmedabad,Gujarat,Tier 2,2023-06-16
CUST_03145,Kunal Iyer,Male,Chandigarh,Punjab,Tier 2,2024-10-05
CUST_03146,Ishita Patel,Female,Bengaluru,Karnataka,Tier 1,2023-11-25
CUST_03147,Neha Sharma,Female,Patna,Bihar,Tier 3,2024-08-30
CUST_03148,Arjun Singh,Male,Dehradun,Uttarakhand,Tier 3,2024-08-09
CUST_03149,Rahul Verma,Male,Varanasi,Uttar Pradesh,Tier 3,2023-12-26
CUST_03150,Pooja Reddy,Female,Hyderabad,Telangana,Tier 1,2024-05-20
CUST_03151,Ishita Sharma,Female,Indore,Madhya Pradesh,Tier 2,2023-11-20
CUST_03152,Riya Nair,Female,Mumbai,Maharashtra,Tier 1,2023-10-05
CUST_03153,Amit Kumar,Male,Patna,Bihar,Tier 3,2024-03-01
CUST_03154,Aarav Gupta,Male,Chennai,Tamil Nadu,Tier 1,2024-06-11
CUST_03155,Neha Kumar,Female,Lucknow,Uttar Pradesh,Tier 2,2023-08-18
CUST_03156,Rahul Mehta,Male,Chennai,Tamil Nadu,Tier 1,2024-09-01
CUST_03157,Ishita Iyer,Female,Kochi,Kerala,Tier 2,2024-10-16
CUST_03158,Kunal Reddy,Male,Ranchi,Jharkhand,Tier 3,2023-12-29
CUST_03159,Vikram Patel,Male,Jaipur,Rajasthan,Tier 2,2023-12-14
CUST_03160,Sneha Verma,Female,Patna,Bihar,Tier 3,2023-06-13
CUST_03161,Rohan Iyer,Male,Lucknow,Uttar Pradesh,Tier 2,2023-07-13
CUST_03162,Kavya Mehta,Female,Pune,Maharashtra,Tier 1,2024-01-22
CUST_03163,Ishita Nair,Female,Patna,Bihar,Tier 3,2024-01-21
CUST_03164,Pooja Singh,Female,Chennai,Tamil Nadu,Tier 1,2023-09-15
CUST_03165,Arjun Reddy,Male,Indore,Madhya Pradesh,Tier 2,2024-11-08
CUST_03166,Arjun Kumar,Male,Patna,Bihar,Tier 3,2024-02-16
CUST_03167,Kavya Singh,Female,Bengaluru,Karnataka,Tier 1,2024-11-26
CUST_03168,Amit Kumar,Male,Chandigarh,Punjab,Tier 2,2024-01-09
CUST_03169,Ishita Verma,Female,Chennai,Tamil Nadu,Tier 1,2024-04-24
CUST_03170,Varun Verma,Male,Hyderabad,Telangana,Tier 1,2024-10-27
CUST_03171,Ishita Gupta,Female,Guwahati,Assam,Tier 3,2024-08-09
CUST_03172,Varun Sharma,Male,Delhi,Delhi,Tier 1,2024-10-05
CUST_03173,Kunal Verma,Male,Hyderabad,Telangana,Tier 1,2023-10-19
CUST_03174,Tanvi Mehta,Female,Bengaluru,Karnataka,Tier 1,2024-06-25
CUST_03175,Sneha Singh,Female,Mumbai,Maharashtra,Tier 1,2024-01-18
CUST_03176,Sneha Nair,Female,Pune,Maharashtra,Tier 1,2023-09-14
CUST_03177,Rohan Nair,Male,Chandigarh,Punjab,Tier 2,2023-11-08
CUST_03178,Rahul Nair,Male,Varanasi,Uttar Pradesh,Tier 3,2024-01-04
CUST_03179,Rahul Verma,Male,Bengaluru,Karnataka,Tier 1,2023-06-16
CUST_03180,Aditya Patel,Male,Varanasi,Uttar Pradesh,Tier 3,2023-08-04
CUST_03181,Neha Gupta,Female,Bengaluru,Karnataka,Tier 1,2023-07-01
CUST_03182,Tanvi Verma,Female,Bengaluru,Karnataka,Tier 1,2024-03-29
CUST_03183,Kabir Gupta,Male,Indore,Madhya Pradesh,Tier 2,2023-08-03
CUST_03184,Amit Singh,Male,Dehradun,Uttarakhand,Tier 3,2024-02-05
CUST_03185,Varun Nair,Male,Chandigarh,Punjab,Tier 2,2024-03-09
CUST_03186,Ishita Patel,Female,Delhi,Delhi,Tier 1,2024-07-23
CUST_03187,Priya Sharma,Female,Chennai,Tamil Nadu,Tier 1,2023-06-18
CUST_03188,Tanvi Patel,Female,Delhi,Delhi,Tier 1,2024-05-03
CUST_03189,Neha Verma,Female,Chennai,Tamil Nadu,Tier 1,2023-07-18
CUST_03190,Tanvi Gupta,Female,Bengaluru,Karnataka,Tier 1,2023-08-15
CUST_03191,Arjun Kumar,Male,Bengaluru,Karnataka,Tier 1,2023-09-01
CUST_03192,Vikram Sharma,Male,Guwahati,Assam,Tier 3,2024-04-27
CUST_03193,Arjun Iyer,Male,Guwahati,Assam,Tier 3,2024-03-02
CUST_03194,Ananya Nair,Female,Indore,Madhya Pradesh,Tier 2,2023-12-17
CUST_03195,Tanvi Nair,Female,Pune,Maharashtra,Tier 1,2023-10-23
CUST_03196,Ishita Iyer,Female,Chandigarh,Punjab,Tier 2,2023-11-11
CUST_03197,Divya Reddy,Female,Ahmedabad,Gujarat,Tier 2,2024-01-26
CUST_03198,Ishita Nair,Female,Kochi,Kerala,Tier 2,2023-09-30
CUST_03199,Ishita Reddy,Female,Jaipur,Rajasthan,Tier 2,2024-06-07
CUST_03200,Kabir Iyer,Male,Delhi,Delhi,Tier 1,2024-09-07
CUST_03201,Varun Reddy,Male,Varanasi,Uttar Pradesh,Tier 3,2024-01-29
CUST_03202,Aarav Verma,Male,Chennai,Tamil Nadu,Tier 1,2024-06-02
CUST_03203,Ishita Iyer,Female,Lucknow,Uttar Pradesh,Tier 2,2024-06-24
CUST_03204,Vikram Verma,Male,Jaipur,Rajasthan,Tier 2,2024-06-12
CUST_03205,Rohan Reddy,Male,Pune,Maharashtra,Tier 1,2024-04-17
CUST_03206,Kunal Reddy,Male,Kochi,Kerala,Tier 2,2023-09-01
CUST_03207,Kunal Singh,Male,Mumbai,Maharashtra,Tier 1,2023-08-16
CUST_03208,Amit Nair,Male,Bengaluru,Karnataka,Tier 1,2024-07-17
CUST_03209,Arjun Singh,Male,Mumbai,Maharashtra,Tier 1,2024-10-01
CUST_03210,Ishita Iyer,Female,Bengaluru,Karnataka,Tier 1,2024-02-26
CUST_03211,Riya Patel,Female,Pune,Maharashtra,Tier 1,2024-05-20
CUST_03212,Kavya Reddy,Female,Varanasi,Uttar Pradesh,Tier 3,2024-04-22
CUST_03213,Ishita Patel,Female,Pune,Maharashtra,Tier 1,2023-10-23
CUST_03214,Kabir Reddy,Male,Dehradun,Uttarakhand,Tier 3,2023-06-19
CUST_03215,Rohan Gupta,Male,Chennai,Tamil Nadu,Tier 1,2024-05-16
CUST_03216,Riya Sharma,Female,Lucknow,Uttar Pradesh,Tier 2,2023-10-18
CUST_03217,Neha Patel,Female,Ahmedabad,Gujarat,Tier 2,2024-05-01
CUST_03218,Ananya Sharma,Female,Pune,Maharashtra,Tier 1,2024-11-11
CUST_03219,Rahul Singh,Male,Lucknow,Uttar Pradesh,Tier 2,2023-09-01
CUST_03220,Arjun Verma,Male,Pune,Maharashtra,Tier 1,2024-06-17
CUST_03221,Kunal Verma,Male,Delhi,Delhi,Tier 1,2023-07-31
CUST_03222,Rohan Iyer,Male,Bengaluru,Karnataka,Tier 1,2023-11-30
CUST_03223,Priya Verma,Female,Hyderabad,Telangana,Tier 1,2023-08-22
CUST_03224,Kabir Mehta,Male,Ranchi,Jharkhand,Tier 3,2023-07-25
CUST_03225,Aditya Sharma,Male,Bengaluru,Karnataka,Tier 1,2024-08-14
CUST_03226,Ananya Sharma,Female,Patna,Bihar,Tier 3,2023-08-28
CUST_03227,Ishita Kumar,Female,Lucknow,Uttar Pradesh,Tier 2,2023-10-23
CUST_03228,Tanvi Iyer,Female,Lucknow,Uttar Pradesh,Tier 2,2024-07-27
CUST_03229,Sneha Iyer,Female,Hyderabad,Telangana,Tier 1,2023-09-27
CUST_03230,Priya Iyer,Female,Ahmedabad,Gujarat,Tier 2,2023-10-23
CUST_03231,Pooja Singh,Female,Varanasi,Uttar Pradesh,Tier 3,2024-01-05
CUST_03232,Aarav Singh,Male,Mumbai,Maharashtra,Tier 1,2024-05-26
CUST_03233,Pooja Patel,Female,Delhi,Delhi,Tier 1,2024-01-05
CUST_03234,Neha Singh,Female,Lucknow,Uttar Pradesh,Tier 2,2024-05-11
CUST_03235,Arjun Nair,Male,Delhi,Delhi,Tier 1,2024-08-19
CUST_03236,Arjun Reddy,Male,Pune,Maharashtra,Tier 1,2024-01-11
CUST_03237,Riya Nair,Female,Ahmedabad,Gujarat,Tier 2,2024-04-06
CUST_03238,Kabir Mehta,Male,Chennai,Tamil Nadu,Tier 1,2024-04-01
CUST_03239,Sneha Nair,Female,Delhi,Delhi,Tier 1,2023-07-25
CUST_03240,Neha Singh,Female,Chandigarh,Punjab,Tier 2,2024-06-03
CUST_03241,Divya Kumar,Female,Delhi,Delhi,Tier 1,2024-07-11
CUST_03242,Aditya Iyer,Male,Bengaluru,Karnataka,Tier 1,2023-07-05
CUST_03243,Kavya Verma,Female,Chennai,Tamil Nadu,Tier 1,2024-04-12
CUST_03244,Varun Verma,Male,Varanasi,Uttar Pradesh,Tier 3,2023-08-25
CUST_03245,Kunal Nair,Male,Varanasi,Uttar Pradesh,Tier 3,2023-06-20
CUST_03246,Kabir Singh,Male,Chandigarh,Punjab,Tier 2,2024-07-03
CUST_03247,Rahul Patel,Male,Chandigarh,Punjab,Tier 2,2024-06-14
CUST_03248,Kabir Singh,Male,Jaipur,Rajasthan,Tier 2,2023-11-29
CUST_03249,Rohan Patel,Male,Delhi,Delhi,Tier 1,2024-05-31
CUST_03250,Aarav Patel,Male,Dehradun,Uttarakhand,Tier 3,2023-07-22
CUST_03251,Kabir Verma,Male,Chennai,Tamil Nadu,Tier 1,2023-12-05
CUST_03252,Divya Singh,Female,Pune,Maharashtra,Tier 1,2024-05-13
CUST_03253,Kunal Singh,Male,Hyderabad,Telangana,Tier 1,2023-09-11
CUST_03254,Pooja Patel,Female,Ahmedabad,Gujarat,Tier 2,2023-07-21
CUST_03255,Divya Kumar,Female,Lucknow,Uttar Pradesh,Tier 2,2023-08-07
CUST_03256,Aarav Gupta,Male,Chennai,Tamil Nadu,Tier 1,2024-01-08
CUST_03257,Ananya Mehta,Female,Ahmedabad,Gujarat,Tier 2,2023-09-30
CUST_03258,Vikram Kumar,Male,Bengaluru,Karnataka,Tier 1,2024-01-06
CUST_03259,Ananya Nair,Female,Indore,Madhya Pradesh,Tier 2,2023-08-05
CUST_03260,Amit Singh,Male,Jaipur,Rajasthan,Tier 2,2024-01-13
CUST_03261,Divya Iyer,Female,Guwahati,Assam,Tier 3,2024-06-02
CUST_03262,Pooja Kumar,Female,Indore,Madhya Pradesh,Tier 2,2023-10-29
CUST_03263,Kabir Gupta,Male,Bengaluru,Karnataka,Tier 1,2024-07-22
CUST_03264,Divya Iyer,Female,Bengaluru,Karnataka,Tier 1,2024-07-12
CUST_03265,Ishita Sharma,Female,Hyderabad,Telangana,Tier 1,2024-08-23
CUST_03266,Riya Sharma,Female,Lucknow,Uttar Pradesh,Tier 2,2024-10-03
CUST_03267,Sneha Mehta,Female,Ahmedabad,Gujarat,Tier 2,2024-03-22
CUST_03268,Divya Kumar,Female,Varanasi,Uttar Pradesh,Tier 3,2023-06-03
CUST_03269,Neha Reddy,Female,Mumbai,Maharashtra,Tier 1,2024-05-08
CUST_03270,Ananya Mehta,Female,Delhi,Delhi,Tier 1,2023-06-12
CUST_03271,Kunal Mehta,Male,Patna,Bihar,Tier 3,2024-02-17
CUST_03272,Arjun Patel,Male,Hyderabad,Telangana,Tier 1,2024-12-02
CUST_03273,Sneha Iyer,Female,Mumbai,Maharashtra,Tier 1,2023-11-01
CUST_03274,Aditya Singh,Male,Bengaluru,Karnataka,Tier 1,2023-08-11
CUST_03275,Aarav Iyer,Male,Hyderabad,Telangana,Tier 1,2023-07-18
CUST_03276,Pooja Sharma,Female,Ahmedabad,Gujarat,Tier 2,2024-07-28
CUST_03277,Pooja Sharma,Female,Bengaluru,Karnataka,Tier 1,2023-08-30
CUST_03278,Tanvi Reddy,Female,Mumbai,Maharashtra,Tier 1,2023-06-07
CUST_03279,Kavya Reddy,Female,Pune,Maharashtra,Tier 1,2024-09-04
CUST_03280,Divya Patel,Female,Pune,Maharashtra,Tier 1,2024-08-07
CUST_03281,Sneha Gupta,Female,Mumbai,Maharashtra,Tier 1,2024-08-03
CUST_03282,Aarav Patel,Male,Indore,Madhya Pradesh,Tier 2,2024-11-15
CUST_03283,Rohan Singh,Male,Chandigarh,Punjab,Tier 2,2023-06-26
CUST_03284,Aarav Reddy,Male,Delhi,Delhi,Tier 1,2023-11-13
CUST_03285,Amit Sharma,Male,Hyderabad,Telangana,Tier 1,2023-11-20
CUST_03286,Varun Patel,Male,Pune,Maharashtra,Tier 1,2023-10-06
CUST_03287,Ananya Kumar,Female,Chandigarh,Punjab,Tier 2,2023-09-17
CUST_03288,Amit Gupta,Male,Delhi,Delhi,Tier 1,2024-05-06
CUST_03289,Varun Kumar,Male,Chandigarh,Punjab,Tier 2,2024-09-24
CUST_03290,Rohan Gupta,Male,Jaipur,Rajasthan,Tier 2,2023-07-22
CUST_03291,Pooja Reddy,Female,Kochi,Kerala,Tier 2,2024-01-08
CUST_03292,Amit Gupta,Male,Lucknow,Uttar Pradesh,Tier 2,2024-11-02
CUST_03293,Sneha Nair,Female,Delhi,Delhi,Tier 1,2023-07-25
CUST_03294,Amit Patel,Male,Hyderabad,Telangana,Tier 1,2023-11-14
CUST_03295,Aarav Patel,Male,Ahmedabad,Gujarat,Tier 2,2024-03-28
CUST_03296,Aditya Patel,Male,Lucknow,Uttar Pradesh,Tier 2,2023-07-31
CUST_03297,Priya Singh,Female,Delhi,Delhi,Tier 1,2024-01-03
CUST_03298,Amit Verma,Male,Delhi,Delhi,Tier 1,2023-12-18
CUST_03299,Rahul Sharma,Male,Chennai,Tamil Nadu,Tier 1,2023-12-30
CUST_03300,Vikram Patel,Male,Mumbai,Maharashtra,Tier 1,2023-10-12
CUST_03301,Neha Kumar,Female,Bhopal,Madhya Pradesh,Tier 3,2023-09-14
CUST_03302,Kabir Mehta,Male,Mumbai,Maharashtra,Tier 1,2024-10-28
CUST_03303,Arjun Kumar,Male,Ranchi,Jharkhand,Tier 3,2024-02-15
CUST_03304,Pooja Sharma,Female,Jaipur,Rajasthan,Tier 2,2024-05-18
CUST_03305,Kunal Reddy,Male,Chandigarh,Punjab,Tier 2,2023-09-07
CUST_03306,Rahul Verma,Male,Kochi,Kerala,Tier 2,2023-11-13
CUST_03307,Arjun Verma,Male,Chandigarh,Punjab,Tier 2,2023-07-12
CUST_03308,Varun Nair,Male,Bengaluru,Karnataka,Tier 1,2024-02-25
CUST_03309,Amit Singh,Male,Hyderabad,Telangana,Tier 1,2024-07-06
CUST_03310,Rahul Iyer,Male,Mumbai,Maharashtra,Tier 1,2023-09-30
CUST_03311,Neha Sharma,Female,Indore,Madhya Pradesh,Tier 2,2024-07-20
CUST_03312,Tanvi Gupta,Female,Jaipur,Rajasthan,Tier 2,2024-06-27
CUST_03313,Arjun Patel,Male,Pune,Maharashtra,Tier 1,2024-07-08
CUST_03314,Kavya Sharma,Female,Delhi,Delhi,Tier 1,2024-02-16
CUST_03315,Ananya Reddy,Female,Ranchi,Jharkhand,Tier 3,2023-12-19
CUST_03316,Divya Mehta,Female,Ahmedabad,Gujarat,Tier 2,2024-07-31
CUST_03317,Ananya Singh,Female,Chandigarh,Punjab,Tier 2,2023-11-19
CUST_03318,Pooja Patel,Female,Ranchi,Jharkhand,Tier 3,2023-10-16
CUST_03319,Priya Verma,Female,Mumbai,Maharashtra,Tier 1,2024-02-17
CUST_03320,Arjun Patel,Male,Dehradun,Uttarakhand,Tier 3,2024-05-17
CUST_03321,Riya Patel,Female,Pune,Maharashtra,Tier 1,2024-11-07
CUST_03322,Amit Reddy,Male,Guwahati,Assam,Tier 3,2023-09-09
CUST_03323,Sneha Mehta,Female,Kochi,Kerala,Tier 2,2023-08-26
CUST_03324,Riya Mehta,Female,Delhi,Delhi,Tier 1,2024-02-01
CUST_03325,Vikram Reddy,Male,Bhopal,Madhya Pradesh,Tier 3,2024-06-09
CUST_03326,Kabir Nair,Male,Mumbai,Maharashtra,Tier 1,2024-02-22
CUST_03327,Aarav Mehta,Male,Chennai,Tamil Nadu,Tier 1,2024-06-09
CUST_03328,Tanvi Sharma,Female,Chennai,Tamil Nadu,Tier 1,2024-02-29
CUST_03329,Neha Gupta,Female,Guwahati,Assam,Tier 3,2024-03-02
CUST_03330,Kavya Reddy,Female,Chennai,Tamil Nadu,Tier 1,2024-03-01
CUST_03331,Pooja Kumar,Female,Ranchi,Jharkhand,Tier 3,2024-06-14
CUST_03332,Riya Gupta,Female,Chennai,Tamil Nadu,Tier 1,2024-10-27
CUST_03333,Priya Gupta,Female,Delhi,Delhi,Tier 1,2023-10-08
CUST_03334,Rahul Kumar,Male,Bengaluru,Karnataka,Tier 1,2024-11-30
CUST_03335,Varun Kumar,Male,Guwahati,Assam,Tier 3,2024-04-09
CUST_03336,Kabir Patel,Male,Ahmedabad,Gujarat,Tier 2,2023-10-25
CUST_03337,Kavya Iyer,Female,Delhi,Delhi,Tier 1,2024-08-31
CUST_03338,Rohan Mehta,Male,Delhi,Delhi,Tier 1,2023-10-18
CUST_03339,Kabir Iyer,Male,Patna,Bihar,Tier 3,2023-12-03
CUST_03340,Priya Singh,Female,Chennai,Tamil Nadu,Tier 1,2024-02-27
CUST_03341,Aditya Patel,Male,Varanasi,Uttar Pradesh,Tier 3,2024-04-04
CUST_03342,Riya Mehta,Female,Jaipur,Rajasthan,Tier 2,2024-09-06
CUST_03343,Pooja Reddy,Female,Chennai,Tamil Nadu,Tier 1,2023-06-19
CUST_03344,Amit Verma,Male,Ahmedabad,Gujarat,Tier 2,2024-05-30
CUST_03345,Rahul Verma,Male,Chennai,Tamil Nadu,Tier 1,2024-08-31
CUST_03346,Amit Singh,Male,Mumbai,Maharashtra,Tier 1,2024-06-06
CUST_03347,Sneha Gupta,Female,Guwahati,Assam,Tier 3,2024-09-14
CUST_03348,Riya Reddy,Female,Hyderabad,Telangana,Tier 1,2023-12-16
CUST_03349,Aarav Nair,Male,Delhi,Delhi,Tier 1,2023-10-30
CUST_03350,Kunal Reddy,Male,Ahmedabad,Gujarat,Tier 2,2024-08-14
CUST_03351,Kavya Gupta,Female,Hyderabad,Telangana,Tier 1,2023-06-04
CUST_03352,Vikram Sharma,Male,Jaipur,Rajasthan,Tier 2,2024-05-31
CUST_03353,Kunal Nair,Male,Delhi,Delhi,Tier 1,2024-04-29
CUST_03354,Aarav Sharma,Male,Ranchi,Jharkhand,Tier 3,2023-11-30
CUST_03355,Rohan Singh,Male,Hyderabad,Telangana,Tier 1,2023-12-17
CUST_03356,Arjun Sharma,Male,Lucknow,Uttar Pradesh,Tier 2,2023-10-05
CUST_03357,Arjun Nair,Male,Dehradun,Uttarakhand,Tier 3,2023-08-28
CUST_03358,Sneha Sharma,Female,Mumbai,Maharashtra,Tier 1,2024-06-22
CUST_03359,Kavya Patel,Female,Chandigarh,Punjab,Tier 2,2023-11-28
CUST_03360,Varun Patel,Male,Kochi,Kerala,Tier 2,2024-10-09
CUST_03361,Kabir Patel,Male,Ahmedabad,Gujarat,Tier 2,2024-05-26
CUST_03362,Aditya Patel,Male,Chennai,Tamil Nadu,Tier 1,2024-08-27
CUST_03363,Varun Mehta,Male,Guwahati,Assam,Tier 3,2023-11-26
CUST_03364,Vikram Kumar,Male,Dehradun,Uttarakhand,Tier 3,2024-01-14
CUST_03365,Pooja Patel,Female,Hyderabad,Telangana,Tier 1,2023-08-29
CUST_03366,Ananya Reddy,Female,Bengaluru,Karnataka,Tier 1,2024-09-13
CUST_03367,Amit Patel,Male,Hyderabad,Telangana,Tier 1,2023-10-02
CUST_03368,Aditya Gupta,Male,Bengaluru,Karnataka,Tier 1,2024-10-16
CUST_03369,Rahul Gupta,Male,Chennai,Tamil Nadu,Tier 1,2024-01-14
CUST_03370,Rohan Reddy,Male,Kochi,Kerala,Tier 2,2024-08-19
CUST_03371,Ishita Singh,Female,Chandigarh,Punjab,Tier 2,2023-12-23
CUST_03372,Neha Singh,Female,Mumbai,Maharashtra,Tier 1,2024-01-08
CUST_03373,Rahul Patel,Male,Guwahati,Assam,Tier 3,2023-06-18
CUST_03374,Varun Singh,Male,Mumbai,Maharashtra,Tier 1,2024-05-20
CUST_03375,Rahul Patel,Male,Indore,Madhya Pradesh,Tier 2,2024-07-19
CUST_03376,Arjun Patel,Male,Guwahati,Assam,Tier 3,2024-05-11
CUST_03377,Kabir Sharma,Male,Bhopal,Madhya Pradesh,Tier 3,2024-10-03
CUST_03378,Rohan Verma,Male,Indore,Madhya Pradesh,Tier 2,2024-07-11
CUST_03379,Riya Verma,Female,Varanasi,Uttar Pradesh,Tier 3,2024-10-10
CUST_03380,Pooja Nair,Female,Varanasi,Uttar Pradesh,Tier 3,2024-04-27
CUST_03381,Aarav Verma,Male,Hyderabad,Telangana,Tier 1,2023-11-26
CUST_03382,Ananya Nair,Female,Kochi,Kerala,Tier 2,2024-07-13
CUST_03383,Varun Reddy,Male,Chandigarh,Punjab,Tier 2,2023-08-04
CUST_03384,Riya Reddy,Female,Delhi,Delhi,Tier 1,2024-02-13
CUST_03385,Rahul Verma,Male,Hyderabad,Telangana,Tier 1,2024-03-01
CUST_03386,Rohan Iyer,Male,Kochi,Kerala,Tier 2,2024-05-16
CUST_03387,Tanvi Singh,Female,Chennai,Tamil Nadu,Tier 1,2023-09-02
CUST_03388,Divya Mehta,Female,Chandigarh,Punjab,Tier 2,2024-10-21
CUST_03389,Sneha Sharma,Female,Jaipur,Rajasthan,Tier 2,2023-10-19
CUST_03390,Vikram Patel,Male,Mumbai,Maharashtra,Tier 1,2023-06-16
CUST_03391,Varun Reddy,Male,Chennai,Tamil Nadu,Tier 1,2023-08-31
CUST_03392,Vikram Verma,Male,Guwahati,Assam,Tier 3,2024-02-05
CUST_03393,Divya Gupta,Female,Ahmedabad,Gujarat,Tier 2,2024-09-07
CUST_03394,Ananya Iyer,Female,Ranchi,Jharkhand,Tier 3,2024-01-07
CUST_03395,Rahul Gupta,Male,Chandigarh,Punjab,Tier 2,2024-01-23
CUST_03396,Varun Patel,Male,Chennai,Tamil Nadu,Tier 1,2024-07-03
CUST_03397,Kunal Kumar,Male,Ahmedabad,Gujarat,Tier 2,2024-11-29
CUST_03398,Ishita Gupta,Female,Chennai,Tamil Nadu,Tier 1,2023-12-30
CUST_03399,Pooja Verma,Female,Kochi,Kerala,Tier 2,2024-06-26
CUST_03400,Riya Mehta,Female,Pune,Maharashtra,Tier 1,2024-05-08
CUST_03401,Aditya Verma,Male,Mumbai,Maharashtra,Tier 1,2023-10-02
CUST_03402,Kabir Sharma,Male,Chandigarh,Punjab,Tier 2,2024-06-22
CUST_03403,Riya Iyer,Female,Indore,Madhya Pradesh,Tier 2,2024-10-04
CUST_03404,Aarav Sharma,Male,Pune,Maharashtra,Tier 1,2024-09-18
CUST_03405,Riya Singh,Female,Chandigarh,Punjab,Tier 2,2024-10-21
CUST_03406,Riya Iyer,Female,Hyderabad,Telangana,Tier 1,2024-04-12
CUST_03407,Arjun Mehta,Male,Delhi,Delhi,Tier 1,2024-08-10
CUST_03408,Vikram Kumar,Male,Hyderabad,Telangana,Tier 1,2024-02-06
CUST_03409,Kavya Mehta,Female,Jaipur,Rajasthan,Tier 2,2024-06-30
CUST_03410,Divya Gupta,Female,Chandigarh,Punjab,Tier 2,2024-08-25
CUST_03411,Rohan Iyer,Male,Lucknow,Uttar Pradesh,Tier 2,2024-06-24
CUST_03412,Kabir Mehta,Male,Delhi,Delhi,Tier 1,2024-09-20
CUST_03413,Rahul Kumar,Male,Mumbai,Maharashtra,Tier 1,2024-11-23
CUST_03414,Kunal Gupta,Male,Chandigarh,Punjab,Tier 2,2024-04-02
CUST_03415,Rohan Kumar,Male,Ahmedabad,Gujarat,Tier 2,2024-05-09
CUST_03416,Kavya Singh,Female,Hyderabad,Telangana,Tier 1,2024-02-09
CUST_03417,Kavya Singh,Female,Patna,Bihar,Tier 3,2024-01-13
CUST_03418,Riya Verma,Female,Indore,Madhya Pradesh,Tier 2,2023-10-03
CUST_03419,Divya Iyer,Female,Ahmedabad,Gujarat,Tier 2,2024-02-04
CUST_03420,Riya Iyer,Female,Lucknow,Uttar Pradesh,Tier 2,2024-03-03
CUST_03421,Riya Sharma,Female,Kochi,Kerala,Tier 2,2023-11-23
CUST_03422,Aditya Sharma,Male,Ahmedabad,Gujarat,Tier 2,2024-08-04
CUST_03423,Varun Reddy,Male,Lucknow,Uttar Pradesh,Tier 2,2024-11-27
CUST_03424,Priya Mehta,Female,Bengaluru,Karnataka,Tier 1,2024-08-30
CUST_03425,Aarav Patel,Male,Hyderabad,Telangana,Tier 1,2023-07-15
CUST_03426,Kavya Singh,Female,Guwahati,Assam,Tier 3,2024-05-22
CUST_03427,Vikram Gupta,Male,Hyderabad,Telangana,Tier 1,2023-10-14
CUST_03428,Aarav Mehta,Male,Delhi,Delhi,Tier 1,2024-03-11
CUST_03429,Riya Gupta,Female,Bhopal,Madhya Pradesh,Tier 3,2024-01-15
CUST_03430,Aarav Patel,Male,Patna,Bihar,Tier 3,2023-09-18
CUST_03431,Rohan Mehta,Male,Chandigarh,Punjab,Tier 2,2024-05-07
CUST_03432,Kavya Nair,Female,Chandigarh,Punjab,Tier 2,2023-12-12
CUST_03433,Divya Kumar,Female,Chandigarh,Punjab,Tier 2,2023-06-03
CUST_03434,Priya Iyer,Female,Jaipur,Rajasthan,Tier 2,2024-02-23
CUST_03435,Ishita Singh,Female,Chennai,Tamil Nadu,Tier 1,2024-05-01
CUST_03436,Tanvi Mehta,Female,Mumbai,Maharashtra,Tier 1,2024-06-14
CUST_03437,Aditya Singh,Male,Bhopal,Madhya Pradesh,Tier 3,2024-07-22
CUST_03438,Rahul Sharma,Male,Bhopal,Madhya Pradesh,Tier 3,2024-04-13
CUST_03439,Riya Patel,Female,Mumbai,Maharashtra,Tier 1,2023-09-19
CUST_03440,Vikram Mehta,Male,Kochi,Kerala,Tier 2,2024-07-30
CUST_03441,Ishita Sharma,Female,Chennai,Tamil Nadu,Tier 1,2024-04-17
CUST_03442,Varun Singh,Male,Pune,Maharashtra,Tier 1,2023-07-22
CUST_03443,Rohan Reddy,Male,Delhi,Delhi,Tier 1,2023-08-05
CUST_03444,Riya Mehta,Female,Patna,Bihar,Tier 3,2023-12-30
CUST_03445,Ananya Patel,Female,Delhi,Delhi,Tier 1,2023-07-19
CUST_03446,Rahul Nair,Male,Indore,Madhya Pradesh,Tier 2,2024-08-06
CUST_03447,Kavya Patel,Female,Delhi,Delhi,Tier 1,2023-11-11
CUST_03448,Aditya Patel,Male,Lucknow,Uttar Pradesh,Tier 2,2024-01-26
CUST_03449,Rahul Sharma,Male,Hyderabad,Telangana,Tier 1,2023-09-19
CUST_03450,Aditya Sharma,Male,Mumbai,Maharashtra,Tier 1,2023-12-20
CUST_03451,Tanvi Reddy,Female,Chennai,Tamil Nadu,Tier 1,2023-10-04
CUST_03452,Neha Kumar,Female,Varanasi,Uttar Pradesh,Tier 3,2024-08-22
CUST_03453,Sneha Reddy,Female,Indore,Madhya Pradesh,Tier 2,2024-04-18
CUST_03454,Aarav Patel,Male,Delhi,Delhi,Tier 1,2024-01-02
CUST_03455,Rohan Patel,Male,Dehradun,Uttarakhand,Tier 3,2024-02-20
CUST_03456,Sneha Mehta,Female,Delhi,Delhi,Tier 1,2023-10-13
CUST_03457,Rahul Nair,Male,Bengaluru,Karnataka,Tier 1,2023-06-17
CUST_03458,Kunal Patel,Male,Dehradun,Uttarakhand,Tier 3,2023-10-14
CUST_03459,Ananya Kumar,Female,Chennai,Tamil Nadu,Tier 1,2024-07-28
CUST_03460,Ishita Reddy,Female,Jaipur,Rajasthan,Tier 2,2024-09-30
CUST_03461,Kavya Singh,Female,Pune,Maharashtra,Tier 1,2023-12-05
CUST_03462,Ananya Gupta,Female,Pune,Maharashtra,Tier 1,2024-01-19
CUST_03463,Sneha Reddy,Female,Indore,Madhya Pradesh,Tier 2,2024-10-30
CUST_03464,Rahul Patel,Male,Bengaluru,Karnataka,Tier 1,2024-05-17
CUST_03465,Tanvi Nair,Female,Delhi,Delhi,Tier 1,2024-11-01
CUST_03466,Aditya Reddy,Male,Mumbai,Maharashtra,Tier 1,2024-09-05
CUST_03467,Rahul Verma,Male,Bengaluru,Karnataka,Tier 1,2023-07-19
CUST_03468,Amit Reddy,Male,Varanasi,Uttar Pradesh,Tier 3,2024-01-28
CUST_03469,Ishita Gupta,Female,Dehradun,Uttarakhand,Tier 3,2023-07-22
CUST_03470,Kunal Sharma,Male,Ranchi,Jharkhand,Tier 3,2024-03-25
CUST_03471,Aditya Iyer,Male,Bengaluru,Karnataka,Tier 1,2024-02-13
CUST_03472,Sneha Iyer,Female,Bengaluru,Karnataka,Tier 1,2024-10-18
CUST_03473,Rahul Patel,Male,Hyderabad,Telangana,Tier 1,2024-07-02
CUST_03474,Pooja Mehta,Female,Lucknow,Uttar Pradesh,Tier 2,2023-11-15
CUST_03475,Kabir Singh,Male,Bengaluru,Karnataka,Tier 1,2024-06-19
CUST_03476,Arjun Kumar,Male,Indore,Madhya Pradesh,Tier 2,2024-06-26
CUST_03477,Aditya Sharma,Male,Lucknow,Uttar Pradesh,Tier 2,2023-12-25
CUST_03478,Riya Singh,Female,Bengaluru,Karnataka,Tier 1,2024-04-08
CUST_03479,Ishita Iyer,Female,Indore,Madhya Pradesh,Tier 2,2023-06-13
CUST_03480,Neha Sharma,Female,Varanasi,Uttar Pradesh,Tier 3,2024-06-18
CUST_03481,Ishita Kumar,Female,Delhi,Delhi,Tier 1,2023-12-12
CUST_03482,Neha Singh,Female,Lucknow,Uttar Pradesh,Tier 2,2024-07-11
CUST_03483,Pooja Patel,Female,Guwahati,Assam,Tier 3,2024-04-20
CUST_03484,Pooja Singh,Female,Hyderabad,Telangana,Tier 1,2024-09-28
CUST_03485,Sneha Patel,Female,Guwahati,Assam,Tier 3,2023-11-05
CUST_03486,Arjun Verma,Male,Patna,Bihar,Tier 3,2023-08-25
CUST_03487,Varun Patel,Male,Delhi,Delhi,Tier 1,2023-11-09
CUST_03488,Varun Singh,Male,Delhi,Delhi,Tier 1,2024-07-25
CUST_03489,Aarav Patel,Male,Indore,Madhya Pradesh,Tier 2,2024-07-16
CUST_03490,Arjun Mehta,Male,Kochi,Kerala,Tier 2,2023-11-05
CUST_03491,Sneha Iyer,Female,Kochi,Kerala,Tier 2,2023-12-02
CUST_03492,Arjun Gupta,Male,Chennai,Tamil Nadu,Tier 1,2024-02-21
CUST_03493,Amit Kumar,Male,Mumbai,Maharashtra,Tier 1,2023-09-18
CUST_03494,Amit Sharma,Male,Pune,Maharashtra,Tier 1,2024-11-29
CUST_03495,Rahul Verma,Male,Varanasi,Uttar Pradesh,Tier 3,2023-11-29
CUST_03496,Rohan Patel,Male,Indore,Madhya Pradesh,Tier 2,2024-03-30
CUST_03497,Kabir Nair,Male,Hyderabad,Telangana,Tier 1,2024-08-01
CUST_03498,Tanvi Singh,Female,Varanasi,Uttar Pradesh,Tier 3,2023-09-21
CUST_03499,Riya Nair,Female,Chandigarh,Punjab,Tier 2,2024-04-12
CUST_03500,Sneha Sharma,Female,Hyderabad,Telangana,Tier 1,2023-11-29
CUST_03501,Neha Nair,Female,Indore,Madhya Pradesh,Tier 2,2024-11-15
CUST_03502,Tanvi Gupta,Female,Hyderabad,Telangana,Tier 1,2024-04-14
CUST_03503,Varun Gupta,Male,Lucknow,Uttar Pradesh,Tier 2,2024-03-30
CUST_03504,Rohan Iyer,Male,Hyderabad,Telangana,Tier 1,2023-10-27
CUST_03505,Rohan Mehta,Male,Delhi,Delhi,Tier 1,2023-08-05
CUST_03506,Vikram Patel,Male,Ahmedabad,Gujarat,Tier 2,2024-01-09
CUST_03507,Vikram Reddy,Male,Guwahati,Assam,Tier 3,2023-09-23
CUST_03508,Kunal Iyer,Male,Hyderabad,Telangana,Tier 1,2024-03-11
CUST_03509,Rahul Nair,Male,Jaipur,Rajasthan,Tier 2,2023-06-21
CUST_03510,Aditya Gupta,Male,Bengaluru,Karnataka,Tier 1,2023-11-20
CUST_03511,Aarav Sharma,Male,Mumbai,Maharashtra,Tier 1,2023-11-13
CUST_03512,Pooja Nair,Female,Bengaluru,Karnataka,Tier 1,2023-06-04
CUST_03513,Ananya Kumar,Female,Patna,Bihar,Tier 3,2024-02-06
CUST_03514,Amit Sharma,Male,Guwahati,Assam,Tier 3,2023-11-13
CUST_03515,Divya Patel,Female,Ahmedabad,Gujarat,Tier 2,2023-08-03
CUST_03516,Kunal Gupta,Male,Chandigarh,Punjab,Tier 2,2023-11-15
CUST_03517,Tanvi Mehta,Female,Bhopal,Madhya Pradesh,Tier 3,2023-12-29
CUST_03518,Pooja Mehta,Female,Ranchi,Jharkhand,Tier 3,2023-08-25
CUST_03519,Priya Nair,Female,Ranchi,Jharkhand,Tier 3,2023-11-29
CUST_03520,Neha Verma,Female,Pune,Maharashtra,Tier 1,2024-04-08
CUST_03521,Aarav Verma,Male,Chennai,Tamil Nadu,Tier 1,2024-10-30
CUST_03522,Aditya Mehta,Male,Lucknow,Uttar Pradesh,Tier 2,2023-09-10
CUST_03523,Kabir Patel,Male,Ahmedabad,Gujarat,Tier 2,2023-08-04
CUST_03524,Kavya Sharma,Female,Hyderabad,Telangana,Tier 1,2024-10-17
CUST_03525,Priya Sharma,Female,Chennai,Tamil Nadu,Tier 1,2024-06-14
CUST_03526,Aarav Nair,Male,Kochi,Kerala,Tier 2,2024-02-28
CUST_03527,Rohan Iyer,Male,Pune,Maharashtra,Tier 1,2024-08-29
CUST_03528,Priya Reddy,Female,Dehradun,Uttarakhand,Tier 3,2023-09-22
CUST_03529,Divya Gupta,Female,Ahmedabad,Gujarat,Tier 2,2024-02-08
CUST_03530,Kavya Reddy,Female,Chennai,Tamil Nadu,Tier 1,2023-06-18
CUST_03531,Arjun Gupta,Male,Hyderabad,Telangana,Tier 1,2024-11-28
CUST_03532,Sneha Iyer,Female,Guwahati,Assam,Tier 3,2023-09-05
CUST_03533,Kabir Reddy,Male,Pune,Maharashtra,Tier 1,2024-11-01
CUST_03534,Kabir Kumar,Male,Delhi,Delhi,Tier 1,2024-08-19
CUST_03535,Kunal Singh,Male,Guwahati,Assam,Tier 3,2023-06-24
CUST_03536,Riya Reddy,Female,Pune,Maharashtra,Tier 1,2024-07-26
CUST_03537,Divya Singh,Female,Hyderabad,Telangana,Tier 1,2024-07-10
CUST_03538,Ananya Nair,Female,Pune,Maharashtra,Tier 1,2024-09-11
CUST_03539,Neha Singh,Female,Kochi,Kerala,Tier 2,2024-03-18
CUST_03540,Riya Verma,Female,Bhopal,Madhya Pradesh,Tier 3,2024-10-29
CUST_03541,Priya Gupta,Female,Indore,Madhya Pradesh,Tier 2,2024-09-12
CUST_03542,Pooja Gupta,Female,Ahmedabad,Gujarat,Tier 2,2024-11-28
CUST_03543,Arjun Singh,Male,Ahmedabad,Gujarat,Tier 2,2023-06-29
CUST_03544,Riya Kumar,Female,Pune,Maharashtra,Tier 1,2023-11-18
CUST_03545,Ananya Kumar,Female,Varanasi,Uttar Pradesh,Tier 3,2023-07-03
CUST_03546,Arjun Patel,Male,Varanasi,Uttar Pradesh,Tier 3,2024-07-11
CUST_03547,Riya Nair,Female,Jaipur,Rajasthan,Tier 2,2023-06-19
CUST_03548,Vikram Nair,Male,Patna,Bihar,Tier 3,2024-11-14
CUST_03549,Aditya Sharma,Male,Ahmedabad,Gujarat,Tier 2,2023-12-12
CUST_03550,Kabir Reddy,Male,Pune,Maharashtra,Tier 1,2024-01-29
CUST_03551,Riya Verma,Female,Chandigarh,Punjab,Tier 2,2024-01-29
CUST_03552,Rahul Reddy,Male,Jaipur,Rajasthan,Tier 2,2023-07-19
CUST_03553,Aditya Sharma,Male,Kochi,Kerala,Tier 2,2024-07-04
CUST_03554,Priya Iyer,Female,Guwahati,Assam,Tier 3,2024-05-30
CUST_03555,Aarav Kumar,Male,Bengaluru,Karnataka,Tier 1,2024-02-23
CUST_03556,Kunal Nair,Male,Indore,Madhya Pradesh,Tier 2,2024-08-16
CUST_03557,Divya Sharma,Female,Chandigarh,Punjab,Tier 2,2023-06-20
CUST_03558,Amit Reddy,Male,Chennai,Tamil Nadu,Tier 1,2023-07-06
CUST_03559,Rohan Mehta,Male,Chennai,Tamil Nadu,Tier 1,2023-10-04
CUST_03560,Aditya Singh,Male,Patna,Bihar,Tier 3,2024-02-14
CUST_03561,Varun Iyer,Male,Ranchi,Jharkhand,Tier 3,2024-10-08
CUST_03562,Kavya Gupta,Female,Chandigarh,Punjab,Tier 2,2024-06-18
CUST_03563,Vikram Sharma,Male,Mumbai,Maharashtra,Tier 1,2023-09-28
CUST_03564,Kavya Iyer,Female,Chandigarh,Punjab,Tier 2,2023-10-19
CUST_03565,Tanvi Patel,Female,Mumbai,Maharashtra,Tier 1,2023-10-06
CUST_03566,Kabir Mehta,Male,Chennai,Tamil Nadu,Tier 1,2024-03-28
CUST_03567,Ananya Singh,Female,Chandigarh,Punjab,Tier 2,2024-07-03
CUST_03568,Ishita Singh,Female,Indore,Madhya Pradesh,Tier 2,2024-06-16
CUST_03569,Varun Gupta,Male,Bengaluru,Karnataka,Tier 1,2024-01-24
CUST_03570,Kabir Sharma,Male,Jaipur,Rajasthan,Tier 2,2023-10-19
CUST_03571,Kavya Kumar,Female,Mumbai,Maharashtra,Tier 1,2023-07-28
CUST_03572,Aditya Gupta,Male,Mumbai,Maharashtra,Tier 1,2023-09-02
CUST_03573,Kunal Mehta,Male,Dehradun,Uttarakhand,Tier 3,2023-10-25
CUST_03574,Neha Patel,Female,Delhi,Delhi,Tier 1,2024-11-30
CUST_03575,Varun Kumar,Male,Kochi,Kerala,Tier 2,2024-04-24
CUST_03576,Sneha Patel,Female,Indore,Madhya Pradesh,Tier 2,2023-11-22
CUST_03577,Sneha Kumar,Female,Bengaluru,Karnataka,Tier 1,2024-10-27
CUST_03578,Neha Kumar,Female,Chandigarh,Punjab,Tier 2,2023-08-08
CUST_03579,Kabir Sharma,Male,Kochi,Kerala,Tier 2,2023-07-19
CUST_03580,Riya Iyer,Female,Hyderabad,Telangana,Tier 1,2024-09-08
CUST_03581,Riya Reddy,Female,Delhi,Delhi,Tier 1,2024-01-06
CUST_03582,Sneha Singh,Female,Pune,Maharashtra,Tier 1,2024-03-29
CUST_03583,Kunal Verma,Male,Delhi,Delhi,Tier 1,2024-09-13
CUST_03584,Vikram Singh,Male,Guwahati,Assam,Tier 3,2023-12-26
CUST_03585,Kabir Mehta,Male,Ahmedabad,Gujarat,Tier 2,2023-07-02
CUST_03586,Aditya Verma,Male,Chandigarh,Punjab,Tier 2,2023-08-25
CUST_03587,Aditya Mehta,Male,Guwahati,Assam,Tier 3,2023-12-04
CUST_03588,Ananya Nair,Female,Ahmedabad,Gujarat,Tier 2,2023-11-27
CUST_03589,Kabir Patel,Male,Chandigarh,Punjab,Tier 2,2023-12-19
CUST_03590,Vikram Nair,Male,Delhi,Delhi,Tier 1,2023-08-04
CUST_03591,Sneha Verma,Female,Delhi,Delhi,Tier 1,2024-07-23
CUST_03592,Pooja Kumar,Female,Chandigarh,Punjab,Tier 2,2024-11-06
CUST_03593,Rohan Nair,Male,Jaipur,Rajasthan,Tier 2,2024-05-30
CUST_03594,Neha Mehta,Female,Hyderabad,Telangana,Tier 1,2024-10-21
CUST_03595,Kunal Reddy,Male,Lucknow,Uttar Pradesh,Tier 2,2024-07-12
CUST_03596,Vikram Mehta,Male,Hyderabad,Telangana,Tier 1,2023-10-18
CUST_03597,Tanvi Gupta,Female,Delhi,Delhi,Tier 1,2023-07-24
CUST_03598,Aarav Verma,Male,Pune,Maharashtra,Tier 1,2024-05-14
CUST_03599,Pooja Iyer,Female,Mumbai,Maharashtra,Tier 1,2024-05-14
CUST_03600,Rohan Verma,Male,Chandigarh,Punjab,Tier 2,2024-11-16
CUST_03601,Riya Patel,Female,Chandigarh,Punjab,Tier 2,2024-03-10
CUST_03602,Divya Iyer,Female,Ahmedabad,Gujarat,Tier 2,2024-06-14
CUST_03603,Sneha Nair,Female,Patna,Bihar,Tier 3,2024-10-15
CUST_03604,Divya Kumar,Female,Lucknow,Uttar Pradesh,Tier 2,2024-11-12
CUST_03605,Varun Sharma,Male,Bengaluru,Karnataka,Tier 1,2024-08-25
CUST_03606,Ishita Iyer,Female,Kochi,Kerala,Tier 2,2023-08-15
CUST_03607,Vikram Nair,Male,Kochi,Kerala,Tier 2,2024-09-05
CUST_03608,Kunal Sharma,Male,Guwahati,Assam,Tier 3,2024-11-23
CUST_03609,Riya Kumar,Female,Patna,Bihar,Tier 3,2023-12-29
CUST_03610,Neha Patel,Female,Chandigarh,Punjab,Tier 2,2024-11-17
CUST_03611,Rohan Patel,Male,Kochi,Kerala,Tier 2,2023-07-01
CUST_03612,Amit Nair,Male,Hyderabad,Telangana,Tier 1,2024-12-01
CUST_03613,Rohan Iyer,Male,Hyderabad,Telangana,Tier 1,2023-08-21
CUST_03614,Kavya Iyer,Female,Bengaluru,Karnataka,Tier 1,2023-11-18
CUST_03615,Kunal Reddy,Male,Indore,Madhya Pradesh,Tier 2,2024-04-19
CUST_03616,Amit Gupta,Male,Guwahati,Assam,Tier 3,2023-12-30
CUST_03617,Kabir Verma,Male,Kochi,Kerala,Tier 2,2024-04-16
CUST_03618,Kunal Sharma,Male,Kochi,Kerala,Tier 2,2024-04-22
CUST_03619,Rahul Gupta,Male,Chennai,Tamil Nadu,Tier 1,2023-10-03
CUST_03620,Varun Mehta,Male,Jaipur,Rajasthan,Tier 2,2023-06-11
CUST_03621,Amit Patel,Male,Ranchi,Jharkhand,Tier 3,2024-04-10
CUST_03622,Kabir Kumar,Male,Chennai,Tamil Nadu,Tier 1,2024-08-10
CUST_03623,Varun Sharma,Male,Indore,Madhya Pradesh,Tier 2,2024-11-29
CUST_03624,Amit Verma,Male,Delhi,Delhi,Tier 1,2023-08-02
CUST_03625,Vikram Mehta,Male,Lucknow,Uttar Pradesh,Tier 2,2024-07-15
CUST_03626,Kabir Nair,Male,Chandigarh,Punjab,Tier 2,2024-07-16
CUST_03627,Kunal Verma,Male,Delhi,Delhi,Tier 1,2024-11-03
CUST_03628,Divya Mehta,Female,Mumbai,Maharashtra,Tier 1,2023-08-01
CUST_03629,Kabir Nair,Male,Hyderabad,Telangana,Tier 1,2023-09-01
CUST_03630,Riya Reddy,Female,Jaipur,Rajasthan,Tier 2,2024-05-08
CUST_03631,Tanvi Mehta,Female,Ahmedabad,Gujarat,Tier 2,2023-12-08
CUST_03632,Kavya Verma,Female,Delhi,Delhi,Tier 1,2024-02-08
CUST_03633,Divya Sharma,Female,Ahmedabad,Gujarat,Tier 2,2024-02-01
CUST_03634,Neha Patel,Female,Lucknow,Uttar Pradesh,Tier 2,2024-08-05
CUST_03635,Tanvi Sharma,Female,Mumbai,Maharashtra,Tier 1,2024-03-29
CUST_03636,Amit Verma,Male,Delhi,Delhi,Tier 1,2024-02-18
CUST_03637,Arjun Verma,Male,Bengaluru,Karnataka,Tier 1,2024-09-15
CUST_03638,Pooja Kumar,Female,Kochi,Kerala,Tier 2,2024-04-02
CUST_03639,Riya Sharma,Female,Varanasi,Uttar Pradesh,Tier 3,2023-07-09
CUST_03640,Amit Nair,Male,Hyderabad,Telangana,Tier 1,2024-01-06
CUST_03641,Vikram Patel,Male,Lucknow,Uttar Pradesh,Tier 2,2024-08-06
CUST_03642,Amit Verma,Male,Delhi,Delhi,Tier 1,2024-03-04
CUST_03643,Priya Nair,Female,Lucknow,Uttar Pradesh,Tier 2,2024-04-20
CUST_03644,Aarav Iyer,Male,Bengaluru,Karnataka,Tier 1,2024-08-02
CUST_03645,Tanvi Singh,Female,Kochi,Kerala,Tier 2,2023-06-04
CUST_03646,Rahul Nair,Male,Indore,Madhya Pradesh,Tier 2,2024-11-03
CUST_03647,Riya Kumar,Female,Indore,Madhya Pradesh,Tier 2,2023-09-23
CUST_03648,Kabir Nair,Male,Chandigarh,Punjab,Tier 2,2023-10-18
CUST_03649,Priya Reddy,Female,Mumbai,Maharashtra,Tier 1,2023-06-22
CUST_03650,Ishita Nair,Female,Varanasi,Uttar Pradesh,Tier 3,2024-06-27
CUST_03651,Ananya Mehta,Female,Mumbai,Maharashtra,Tier 1,2024-10-28
CUST_03652,Amit Reddy,Male,Hyderabad,Telangana,Tier 1,2024-08-27
CUST_03653,Ishita Mehta,Female,Lucknow,Uttar Pradesh,Tier 2,2024-07-19
CUST_03654,Neha Reddy,Female,Delhi,Delhi,Tier 1,2023-09-05
CUST_03655,Aarav Iyer,Male,Bengaluru,Karnataka,Tier 1,2024-05-23
CUST_03656,Amit Gupta,Male,Bhopal,Madhya Pradesh,Tier 3,2023-10-09
CUST_03657,Sneha Kumar,Female,Mumbai,Maharashtra,Tier 1,2023-07-11
CUST_03658,Priya Patel,Female,Bhopal,Madhya Pradesh,Tier 3,2023-08-27
CUST_03659,Kabir Reddy,Male,Jaipur,Rajasthan,Tier 2,2024-03-01
CUST_03660,Priya Sharma,Female,Chennai,Tamil Nadu,Tier 1,2024-10-19
CUST_03661,Priya Iyer,Female,Delhi,Delhi,Tier 1,2024-06-15
CUST_03662,Amit Verma,Male,Hyderabad,Telangana,Tier 1,2024-04-12
CUST_03663,Rahul Patel,Male,Ahmedabad,Gujarat,Tier 2,2024-09-19
CUST_03664,Varun Nair,Male,Kochi,Kerala,Tier 2,2024-07-04
CUST_03665,Divya Gupta,Female,Mumbai,Maharashtra,Tier 1,2024-06-17
CUST_03666,Kunal Singh,Male,Lucknow,Uttar Pradesh,Tier 2,2024-03-23
CUST_03667,Vikram Mehta,Male,Bengaluru,Karnataka,Tier 1,2023-09-19
CUST_03668,Aarav Mehta,Male,Pune,Maharashtra,Tier 1,2024-08-15
CUST_03669,Arjun Mehta,Male,Bengaluru,Karnataka,Tier 1,2023-10-31
CUST_03670,Neha Patel,Female,Mumbai,Maharashtra,Tier 1,2023-07-06
CUST_03671,Varun Kumar,Male,Lucknow,Uttar Pradesh,Tier 2,2024-07-05
CUST_03672,Sneha Verma,Female,Lucknow,Uttar Pradesh,Tier 2,2024-07-24
CUST_03673,Aarav Kumar,Male,Ahmedabad,Gujarat,Tier 2,2024-04-16
CUST_03674,Aarav Verma,Male,Lucknow,Uttar Pradesh,Tier 2,2024-05-07
CUST_03675,Aarav Reddy,Male,Hyderabad,Telangana,Tier 1,2023-08-31
CUST_03676,Aarav Reddy,Male,Bengaluru,Karnataka,Tier 1,2023-09-20
CUST_03677,Amit Gupta,Male,Kochi,Kerala,Tier 2,2024-11-03
CUST_03678,Priya Gupta,Female,Lucknow,Uttar Pradesh,Tier 2,2023-10-01
CUST_03679,Vikram Kumar,Male,Dehradun,Uttarakhand,Tier 3,2024-03-13
CUST_03680,Priya Reddy,Female,Mumbai,Maharashtra,Tier 1,2023-08-10
CUST_03681,Ananya Reddy,Female,Mumbai,Maharashtra,Tier 1,2024-07-21
CUST_03682,Rahul Mehta,Male,Indore,Madhya Pradesh,Tier 2,2023-10-13
CUST_03683,Kabir Patel,Male,Hyderabad,Telangana,Tier 1,2023-06-16
CUST_03684,Kabir Patel,Male,Pune,Maharashtra,Tier 1,2024-03-03
CUST_03685,Rahul Sharma,Male,Indore,Madhya Pradesh,Tier 2,2024-08-30
CUST_03686,Sneha Gupta,Female,Lucknow,Uttar Pradesh,Tier 2,2023-12-05
CUST_03687,Kavya Kumar,Female,Mumbai,Maharashtra,Tier 1,2024-09-24
CUST_03688,Priya Reddy,Female,Indore,Madhya Pradesh,Tier 2,2023-06-25
CUST_03689,Vikram Kumar,Male,Patna,Bihar,Tier 3,2024-05-25
CUST_03690,Arjun Sharma,Male,Bengaluru,Karnataka,Tier 1,2023-09-22
CUST_03691,Ishita Iyer,Female,Varanasi,Uttar Pradesh,Tier 3,2023-11-22
CUST_03692,Ishita Gupta,Female,Dehradun,Uttarakhand,Tier 3,2024-03-19
CUST_03693,Riya Reddy,Female,Ahmedabad,Gujarat,Tier 2,2024-08-05
CUST_03694,Aditya Reddy,Male,Bengaluru,Karnataka,Tier 1,2023-06-10
CUST_03695,Riya Reddy,Female,Pune,Maharashtra,Tier 1,2024-01-23
CUST_03696,Ishita Verma,Female,Varanasi,Uttar Pradesh,Tier 3,2023-07-04
CUST_03697,Riya Iyer,Female,Bhopal,Madhya Pradesh,Tier 3,2023-08-27
CUST_03698,Riya Sharma,Female,Pune,Maharashtra,Tier 1,2024-11-23
CUST_03699,Arjun Iyer,Male,Dehradun,Uttarakhand,Tier 3,2023-10-09
CUST_03700,Kabir Mehta,Male,Delhi,Delhi,Tier 1,2024-11-04
CUST_03701,Riya Reddy,Female,Varanasi,Uttar Pradesh,Tier 3,2024-10-29
CUST_03702,Rohan Mehta,Male,Ahmedabad,Gujarat,Tier 2,2024-07-25
CUST_03703,Riya Gupta,Female,Chennai,Tamil Nadu,Tier 1,2023-06-10
CUST_03704,Rohan Patel,Male,Chennai,Tamil Nadu,Tier 1,2024-10-16
CUST_03705,Aarav Kumar,Male,Varanasi,Uttar Pradesh,Tier 3,2023-12-31
CUST_03706,Aarav Sharma,Male,Pune,Maharashtra,Tier 1,2024-11-13
CUST_03707,Pooja Singh,Female,Chandigarh,Punjab,Tier 2,2024-09-07
CUST_03708,Varun Verma,Male,Jaipur,Rajasthan,Tier 2,2024-11-10
CUST_03709,Rohan Singh,Male,Bengaluru,Karnataka,Tier 1,2023-06-24
CUST_03710,Arjun Iyer,Male,Kochi,Kerala,Tier 2,2023-11-03
CUST_03711,Rahul Reddy,Male,Hyderabad,Telangana,Tier 1,2024-11-26
CUST_03712,Divya Sharma,Female,Pune,Maharashtra,Tier 1,2024-05-10
CUST_03713,Ishita Verma,Female,Guwahati,Assam,Tier 3,2024-08-09
CUST_03714,Riya Gupta,Female,Bengaluru,Karnataka,Tier 1,2023-06-24
CUST_03715,Pooja Mehta,Female,Bengaluru,Karnataka,Tier 1,2024-02-06
CUST_03716,Priya Verma,Female,Jaipur,Rajasthan,Tier 2,2024-04-21
CUST_03717,Varun Nair,Male,Kochi,Kerala,Tier 2,2024-02-21
CUST_03718,Ishita Patel,Female,Indore,Madhya Pradesh,Tier 2,2023-11-01
CUST_03719,Aditya Singh,Male,Dehradun,Uttarakhand,Tier 3,2023-06-13
CUST_03720,Kabir Mehta,Male,Mumbai,Maharashtra,Tier 1,2024-03-11
CUST_03721,Tanvi Sharma,Female,Hyderabad,Telangana,Tier 1,2024-02-12
CUST_03722,Divya Singh,Female,Ranchi,Jharkhand,Tier 3,2024-08-26
CUST_03723,Aarav Verma,Male,Mumbai,Maharashtra,Tier 1,2024-02-29
CUST_03724,Rahul Nair,Male,Dehradun,Uttarakhand,Tier 3,2024-11-01
CUST_03725,Rahul Mehta,Male,Ahmedabad,Gujarat,Tier 2,2024-03-22
CUST_03726,Rahul Gupta,Male,Pune,Maharashtra,Tier 1,2024-05-20
CUST_03727,Kunal Singh,Male,Lucknow,Uttar Pradesh,Tier 2,2024-09-21
CUST_03728,Kabir Mehta,Male,Mumbai,Maharashtra,Tier 1,2024-01-14
CUST_03729,Neha Sharma,Female,Bengaluru,Karnataka,Tier 1,2023-11-11
CUST_03730,Amit Patel,Male,Indore,Madhya Pradesh,Tier 2,2023-09-18
CUST_03731,Arjun Verma,Male,Kochi,Kerala,Tier 2,2024-05-01
CUST_03732,Divya Sharma,Female,Hyderabad,Telangana,Tier 1,2023-09-26
CUST_03733,Aarav Reddy,Male,Lucknow,Uttar Pradesh,Tier 2,2023-07-27
CUST_03734,Tanvi Gupta,Female,Bengaluru,Karnataka,Tier 1,2023-10-09
CUST_03735,Amit Patel,Male,Jaipur,Rajasthan,Tier 2,2023-08-31
CUST_03736,Aditya Patel,Male,Kochi,Kerala,Tier 2,2024-08-11
CUST_03737,Kabir Verma,Male,Chennai,Tamil Nadu,Tier 1,2024-02-26
CUST_03738,Ananya Reddy,Female,Chandigarh,Punjab,Tier 2,2024-04-28
CUST_03739,Vikram Singh,Male,Bengaluru,Karnataka,Tier 1,2024-04-08
CUST_03740,Rahul Reddy,Male,Mumbai,Maharashtra,Tier 1,2024-04-03
CUST_03741,Ananya Verma,Female,Indore,Madhya Pradesh,Tier 2,2024-01-29
CUST_03742,Kabir Reddy,Male,Kochi,Kerala,Tier 2,2023-12-27
CUST_03743,Neha Patel,Female,Delhi,Delhi,Tier 1,2024-08-05
CUST_03744,Kunal Gupta,Male,Lucknow,Uttar Pradesh,Tier 2,2024-04-21
CUST_03745,Rahul Reddy,Male,Lucknow,Uttar Pradesh,Tier 2,2024-07-08
CUST_03746,Ananya Nair,Female,Hyderabad,Telangana,Tier 1,2024-07-01
CUST_03747,Tanvi Patel,Female,Patna,Bihar,Tier 3,2023-08-18
CUST_03748,Tanvi Nair,Female,Delhi,Delhi,Tier 1,2024-03-27
CUST_03749,Neha Verma,Female,Ahmedabad,Gujarat,Tier 2,2023-08-01
CUST_03750,Kabir Sharma,Male,Bengaluru,Karnataka,Tier 1,2024-11-04
CUST_03751,Ishita Iyer,Female,Indore,Madhya Pradesh,Tier 2,2023-10-28
CUST_03752,Aditya Kumar,Male,Bhopal,Madhya Pradesh,Tier 3,2024-04-10
CUST_03753,Vikram Gupta,Male,Ranchi,Jharkhand,Tier 3,2023-11-04
CUST_03754,Rahul Verma,Male,Chennai,Tamil Nadu,Tier 1,2024-08-17
CUST_03755,Divya Kumar,Female,Delhi,Delhi,Tier 1,2023-11-24
CUST_03756,Arjun Singh,Male,Dehradun,Uttarakhand,Tier 3,2023-08-30
CUST_03757,Rohan Iyer,Male,Lucknow,Uttar Pradesh,Tier 2,2023-08-22
CUST_03758,Kunal Mehta,Male,Chennai,Tamil Nadu,Tier 1,2024-08-13
CUST_03759,Vikram Mehta,Male,Pune,Maharashtra,Tier 1,2024-03-21
CUST_03760,Rohan Nair,Male,Ahmedabad,Gujarat,Tier 2,2024-08-03
CUST_03761,Arjun Gupta,Male,Bengaluru,Karnataka,Tier 1,2024-05-21
CUST_03762,Rohan Sharma,Male,Mumbai,Maharashtra,Tier 1,2024-06-14
CUST_03763,Pooja Singh,Female,Chennai,Tamil Nadu,Tier 1,2023-12-08
CUST_03764,Aarav Verma,Male,Jaipur,Rajasthan,Tier 2,2024-04-14
CUST_03765,Ananya Mehta,Female,Jaipur,Rajasthan,Tier 2,2024-10-30
CUST_03766,Ananya Sharma,Female,Bengaluru,Karnataka,Tier 1,2023-12-24
CUST_03767,Varun Reddy,Male,Ahmedabad,Gujarat,Tier 2,2023-07-21
CUST_03768,Rohan Singh,Male,Bengaluru,Karnataka,Tier 1,2024-01-01
CUST_03769,Neha Verma,Female,Chennai,Tamil Nadu,Tier 1,2024-10-21
CUST_03770,Varun Reddy,Male,Ahmedabad,Gujarat,Tier 2,2024-07-29
CUST_03771,Rohan Gupta,Male,Bhopal,Madhya Pradesh,Tier 3,2024-05-29
CUST_03772,Amit Singh,Male,Chennai,Tamil Nadu,Tier 1,2024-03-18
CUST_03773,Ishita Kumar,Female,Varanasi,Uttar Pradesh,Tier 3,2023-10-02
CUST_03774,Aditya Reddy,Male,Delhi,Delhi,Tier 1,2024-11-24
CUST_03775,Rohan Sharma,Male,Lucknow,Uttar Pradesh,Tier 2,2024-11-23
CUST_03776,Ishita Sharma,Female,Chandigarh,Punjab,Tier 2,2023-07-28
CUST_03777,Kunal Verma,Male,Varanasi,Uttar Pradesh,Tier 3,2024-08-10
CUST_03778,Amit Nair,Male,Pune,Maharashtra,Tier 1,2024-09-24
CUST_03779,Rahul Mehta,Male,Ahmedabad,Gujarat,Tier 2,2024-06-28
CUST_03780,Neha Reddy,Female,Ahmedabad,Gujarat,Tier 2,2023-12-20
CUST_03781,Kavya Mehta,Female,Hyderabad,Telangana,Tier 1,2023-09-17
CUST_03782,Rahul Singh,Male,Kochi,Kerala,Tier 2,2024-06-10
CUST_03783,Neha Nair,Female,Mumbai,Maharashtra,Tier 1,2024-02-19
CUST_03784,Pooja Patel,Female,Hyderabad,Telangana,Tier 1,2023-12-08
CUST_03785,Rohan Gupta,Male,Chandigarh,Punjab,Tier 2,2024-06-26
CUST_03786,Neha Singh,Female,Hyderabad,Telangana,Tier 1,2023-06-21
CUST_03787,Neha Kumar,Female,Pune,Maharashtra,Tier 1,2023-09-30
CUST_03788,Varun Kumar,Male,Lucknow,Uttar Pradesh,Tier 2,2023-08-31
CUST_03789,Ananya Verma,Female,Patna,Bihar,Tier 3,2023-10-27
CUST_03790,Priya Sharma,Female,Jaipur,Rajasthan,Tier 2,2024-01-09
CUST_03791,Kabir Sharma,Male,Dehradun,Uttarakhand,Tier 3,2024-11-17
CUST_03792,Sneha Singh,Female,Dehradun,Uttarakhand,Tier 3,2023-09-24
CUST_03793,Varun Patel,Male,Delhi,Delhi,Tier 1,2024-10-28
CUST_03794,Aditya Sharma,Male,Bengaluru,Karnataka,Tier 1,2024-08-09
CUST_03795,Aarav Kumar,Male,Varanasi,Uttar Pradesh,Tier 3,2023-10-29
CUST_03796,Kabir Verma,Male,Chennai,Tamil Nadu,Tier 1,2024-06-08
CUST_03797,Riya Gupta,Female,Lucknow,Uttar Pradesh,Tier 2,2024-01-23
CUST_03798,Pooja Singh,Female,Jaipur,Rajasthan,Tier 2,2023-06-04
CUST_03799,Ananya Verma,Female,Patna,Bihar,Tier 3,2024-10-23
CUST_03800,Riya Patel,Female,Ahmedabad,Gujarat,Tier 2,2024-08-08
CUST_03801,Kabir Reddy,Male,Delhi,Delhi,Tier 1,2024-04-24
CUST_03802,Rahul Nair,Male,Chandigarh,Punjab,Tier 2,2024-10-17
CUST_03803,Priya Patel,Female,Delhi,Delhi,Tier 1,2024-10-22
CUST_03804,Kabir Kumar,Male,Hyderabad,Telangana,Tier 1,2023-07-17
CUST_03805,Sneha Mehta,Female,Jaipur,Rajasthan,Tier 2,2023-11-05
CUST_03806,Riya Gupta,Female,Indore,Madhya Pradesh,Tier 2,2024-03-13
CUST_03807,Neha Reddy,Female,Delhi,Delhi,Tier 1,2023-08-06
CUST_03808,Priya Sharma,Female,Jaipur,Rajasthan,Tier 2,2024-10-25
CUST_03809,Priya Kumar,Female,Delhi,Delhi,Tier 1,2024-10-05
CUST_03810,Kunal Sharma,Male,Hyderabad,Telangana,Tier 1,2024-04-21
CUST_03811,Pooja Nair,Female,Mumbai,Maharashtra,Tier 1,2024-08-26
CUST_03812,Priya Singh,Female,Indore,Madhya Pradesh,Tier 2,2024-09-13
CUST_03813,Arjun Sharma,Male,Mumbai,Maharashtra,Tier 1,2024-05-06
CUST_03814,Tanvi Nair,Female,Mumbai,Maharashtra,Tier 1,2024-09-04
CUST_03815,Amit Nair,Male,Varanasi,Uttar Pradesh,Tier 3,2024-09-02
CUST_03816,Tanvi Singh,Female,Hyderabad,Telangana,Tier 1,2024-06-21
CUST_03817,Rahul Reddy,Male,Dehradun,Uttarakhand,Tier 3,2023-12-29
CUST_03818,Pooja Nair,Female,Ranchi,Jharkhand,Tier 3,2024-09-30
CUST_03819,Sneha Kumar,Female,Lucknow,Uttar Pradesh,Tier 2,2024-11-23
CUST_03820,Ishita Reddy,Female,Chandigarh,Punjab,Tier 2,2023-07-01
CUST_03821,Ishita Nair,Female,Guwahati,Assam,Tier 3,2024-01-26
CUST_03822,Aarav Kumar,Male,Lucknow,Uttar Pradesh,Tier 2,2024-02-21
CUST_03823,Kabir Sharma,Male,Ahmedabad,Gujarat,Tier 2,2023-10-27
CUST_03824,Pooja Iyer,Female,Bengaluru,Karnataka,Tier 1,2024-05-01
CUST_03825,Tanvi Singh,Female,Indore,Madhya Pradesh,Tier 2,2023-12-14
CUST_03826,Tanvi Reddy,Female,Hyderabad,Telangana,Tier 1,2024-10-25
CUST_03827,Neha Kumar,Female,Mumbai,Maharashtra,Tier 1,2024-08-20
CUST_03828,Varun Sharma,Male,Pune,Maharashtra,Tier 1,2024-02-21
CUST_03829,Rahul Reddy,Male,Hyderabad,Telangana,Tier 1,2023-10-12
CUST_03830,Pooja Patel,Female,Mumbai,Maharashtra,Tier 1,2023-11-27
CUST_03831,Kunal Verma,Male,Bengaluru,Karnataka,Tier 1,2024-09-18
CUST_03832,Neha Gupta,Female,Chandigarh,Punjab,Tier 2,2023-09-18
CUST_03833,Sneha Sharma,Female,Lucknow,Uttar Pradesh,Tier 2,2024-06-15
CUST_03834,Vikram Singh,Male,Ranchi,Jharkhand,Tier 3,2024-01-25
CUST_03835,Kabir Patel,Male,Ranchi,Jharkhand,Tier 3,2023-06-09
CUST_03836,Varun Patel,Male,Mumbai,Maharashtra,Tier 1,2024-07-28
CUST_03837,Rohan Singh,Male,Hyderabad,Telangana,Tier 1,2024-03-02
CUST_03838,Priya Sharma,Female,Bengaluru,Karnataka,Tier 1,2023-08-13
CUST_03839,Neha Sharma,Female,Varanasi,Uttar Pradesh,Tier 3,2024-07-14
CUST_03840,Kunal Sharma,Male,Dehradun,Uttarakhand,Tier 3,2023-06-12
CUST_03841,Vikram Iyer,Male,Mumbai,Maharashtra,Tier 1,2024-07-28
CUST_03842,Sneha Singh,Female,Ranchi,Jharkhand,Tier 3,2024-01-16
CUST_03843,Kunal Patel,Male,Chandigarh,Punjab,Tier 2,2024-08-17
CUST_03844,Amit Sharma,Male,Ahmedabad,Gujarat,Tier 2,2023-07-04
CUST_03845,Kavya Singh,Female,Delhi,Delhi,Tier 1,2024-04-28
CUST_03846,Varun Mehta,Male,Lucknow,Uttar Pradesh,Tier 2,2023-10-09
CUST_03847,Sneha Reddy,Female,Bengaluru,Karnataka,Tier 1,2023-11-11
CUST_03848,Arjun Mehta,Male,Bengaluru,Karnataka,Tier 1,2024-04-01
CUST_03849,Ananya Patel,Female,Dehradun,Uttarakhand,Tier 3,2024-08-03
CUST_03850,Tanvi Kumar,Female,Ranchi,Jharkhand,Tier 3,2023-11-18
CUST_03851,Kavya Mehta,Female,Indore,Madhya Pradesh,Tier 2,2024-06-17
CUST_03852,Kunal Sharma,Male,Ahmedabad,Gujarat,Tier 2,2024-08-19
CUST_03853,Ananya Gupta,Female,Indore,Madhya Pradesh,Tier 2,2024-07-27
CUST_03854,Rahul Sharma,Male,Kochi,Kerala,Tier 2,2023-09-14
CUST_03855,Varun Sharma,Male,Bengaluru,Karnataka,Tier 1,2024-06-15
CUST_03856,Pooja Iyer,Female,Delhi,Delhi,Tier 1,2023-07-06
CUST_03857,Rahul Patel,Male,Mumbai,Maharashtra,Tier 1,2024-02-09
CUST_03858,Rahul Sharma,Male,Bhopal,Madhya Pradesh,Tier 3,2024-06-01
CUST_03859,Aarav Patel,Male,Dehradun,Uttarakhand,Tier 3,2024-05-05
CUST_03860,Ananya Verma,Female,Kochi,Kerala,Tier 2,2024-01-18
CUST_03861,Riya Kumar,Female,Kochi,Kerala,Tier 2,2023-07-05
CUST_03862,Arjun Iyer,Male,Ahmedabad,Gujarat,Tier 2,2024-03-18
CUST_03863,Varun Mehta,Male,Lucknow,Uttar Pradesh,Tier 2,2023-12-15
CUST_03864,Vikram Mehta,Male,Mumbai,Maharashtra,Tier 1,2024-08-10
CUST_03865,Aarav Nair,Male,Pune,Maharashtra,Tier 1,2024-01-23
CUST_03866,Rahul Singh,Male,Jaipur,Rajasthan,Tier 2,2023-11-13
CUST_03867,Kunal Kumar,Male,Chandigarh,Punjab,Tier 2,2024-04-16
CUST_03868,Aarav Verma,Male,Hyderabad,Telangana,Tier 1,2024-07-16
CUST_03869,Rohan Reddy,Male,Ahmedabad,Gujarat,Tier 2,2024-06-15
CUST_03870,Sneha Verma,Female,Ranchi,Jharkhand,Tier 3,2023-12-04
CUST_03871,Priya Iyer,Female,Hyderabad,Telangana,Tier 1,2024-05-16
CUST_03872,Varun Patel,Male,Hyderabad,Telangana,Tier 1,2023-08-17
CUST_03873,Rohan Reddy,Male,Chennai,Tamil Nadu,Tier 1,2024-07-15
CUST_03874,Arjun Singh,Male,Lucknow,Uttar Pradesh,Tier 2,2024-11-02
CUST_03875,Riya Gupta,Female,Mumbai,Maharashtra,Tier 1,2023-06-27
CUST_03876,Priya Reddy,Female,Bhopal,Madhya Pradesh,Tier 3,2023-06-28
CUST_03877,Varun Iyer,Male,Chennai,Tamil Nadu,Tier 1,2024-11-27
CUST_03878,Kavya Patel,Female,Mumbai,Maharashtra,Tier 1,2023-11-18
CUST_03879,Rohan Kumar,Male,Indore,Madhya Pradesh,Tier 2,2024-05-29
CUST_03880,Kabir Verma,Male,Chennai,Tamil Nadu,Tier 1,2023-10-21
CUST_03881,Varun Verma,Male,Chennai,Tamil Nadu,Tier 1,2023-07-21
CUST_03882,Neha Iyer,Female,Lucknow,Uttar Pradesh,Tier 2,2024-02-23
CUST_03883,Divya Patel,Female,Chennai,Tamil Nadu,Tier 1,2024-02-13
CUST_03884,Rahul Verma,Male,Lucknow,Uttar Pradesh,Tier 2,2024-02-16
CUST_03885,Ishita Verma,Female,Kochi,Kerala,Tier 2,2023-06-08
CUST_03886,Ishita Reddy,Female,Chandigarh,Punjab,Tier 2,2024-10-17
CUST_03887,Divya Mehta,Female,Bhopal,Madhya Pradesh,Tier 3,2023-11-22
CUST_03888,Kavya Verma,Female,Pune,Maharashtra,Tier 1,2023-07-29
CUST_03889,Kabir Reddy,Male,Kochi,Kerala,Tier 2,2024-03-23
CUST_03890,Riya Sharma,Female,Patna,Bihar,Tier 3,2024-10-28
CUST_03891,Ishita Nair,Female,Chennai,Tamil Nadu,Tier 1,2023-11-23
CUST_03892,Tanvi Reddy,Female,Mumbai,Maharashtra,Tier 1,2023-06-19
CUST_03893,Tanvi Reddy,Female,Pune,Maharashtra,Tier 1,2023-11-20
CUST_03894,Riya Mehta,Female,Dehradun,Uttarakhand,Tier 3,2024-04-22
CUST_03895,Priya Iyer,Female,Pune,Maharashtra,Tier 1,2023-11-10
CUST_03896,Rahul Kumar,Male,Bengaluru,Karnataka,Tier 1,2024-11-28
CUST_03897,Kabir Gupta,Male,Delhi,Delhi,Tier 1,2024-08-31
CUST_03898,Amit Gupta,Male,Delhi,Delhi,Tier 1,2023-12-02
CUST_03899,Rohan Patel,Male,Lucknow,Uttar Pradesh,Tier 2,2024-03-07
CUST_03900,Vikram Iyer,Male,Ahmedabad,Gujarat,Tier 2,2023-06-12
CUST_03901,Varun Gupta,Male,Chennai,Tamil Nadu,Tier 1,2024-08-28
CUST_03902,Rahul Gupta,Male,Delhi,Delhi,Tier 1,2024-05-16
CUST_03903,Varun Kumar,Male,Mumbai,Maharashtra,Tier 1,2023-08-08
CUST_03904,Riya Sharma,Female,Mumbai,Maharashtra,Tier 1,2023-08-16
CUST_03905,Rohan Iyer,Male,Delhi,Delhi,Tier 1,2023-12-23
CUST_03906,Rahul Patel,Male,Hyderabad,Telangana,Tier 1,2023-09-04
CUST_03907,Varun Mehta,Male,Bengaluru,Karnataka,Tier 1,2023-07-18
CUST_03908,Ananya Nair,Female,Hyderabad,Telangana,Tier 1,2023-07-09
CUST_03909,Tanvi Singh,Female,Chennai,Tamil Nadu,Tier 1,2024-08-02
CUST_03910,Kunal Gupta,Male,Ranchi,Jharkhand,Tier 3,2024-03-15
CUST_03911,Amit Kumar,Male,Pune,Maharashtra,Tier 1,2024-04-29
CUST_03912,Kunal Patel,Male,Hyderabad,Telangana,Tier 1,2023-09-01
CUST_03913,Tanvi Patel,Female,Dehradun,Uttarakhand,Tier 3,2023-09-22
CUST_03914,Aditya Gupta,Male,Chennai,Tamil Nadu,Tier 1,2024-02-21
CUST_03915,Priya Gupta,Female,Mumbai,Maharashtra,Tier 1,2023-09-10
CUST_03916,Kavya Singh,Female,Patna,Bihar,Tier 3,2023-09-28
CUST_03917,Kunal Patel,Male,Kochi,Kerala,Tier 2,2024-07-02
CUST_03918,Neha Gupta,Female,Varanasi,Uttar Pradesh,Tier 3,2024-08-06
CUST_03919,Vikram Iyer,Male,Pune,Maharashtra,Tier 1,2023-07-17
CUST_03920,Tanvi Verma,Female,Indore,Madhya Pradesh,Tier 2,2023-09-11
CUST_03921,Ananya Verma,Female,Ranchi,Jharkhand,Tier 3,2023-12-11
CUST_03922,Vikram Patel,Male,Mumbai,Maharashtra,Tier 1,2024-03-20
CUST_03923,Kunal Singh,Male,Delhi,Delhi,Tier 1,2023-08-19
CUST_03924,Sneha Mehta,Female,Hyderabad,Telangana,Tier 1,2024-05-09
CUST_03925,Amit Gupta,Male,Chandigarh,Punjab,Tier 2,2023-06-12
CUST_03926,Kabir Singh,Male,Indore,Madhya Pradesh,Tier 2,2024-01-17
CUST_03927,Sneha Gupta,Female,Jaipur,Rajasthan,Tier 2,2024-03-14
CUST_03928,Sneha Mehta,Female,Kochi,Kerala,Tier 2,2024-02-28
CUST_03929,Aarav Sharma,Male,Lucknow,Uttar Pradesh,Tier 2,2024-10-25
CUST_03930,Kavya Reddy,Female,Indore,Madhya Pradesh,Tier 2,2023-11-26
CUST_03931,Arjun Singh,Male,Pune,Maharashtra,Tier 1,2023-06-17
CUST_03932,Varun Mehta,Male,Jaipur,Rajasthan,Tier 2,2024-02-24
CUST_03933,Ananya Singh,Female,Kochi,Kerala,Tier 2,2024-07-25
CUST_03934,Vikram Mehta,Male,Ahmedabad,Gujarat,Tier 2,2024-02-24
CUST_03935,Pooja Reddy,Female,Chennai,Tamil Nadu,Tier 1,2024-06-19
CUST_03936,Amit Reddy,Male,Patna,Bihar,Tier 3,2024-07-30
CUST_03937,Tanvi Reddy,Female,Hyderabad,Telangana,Tier 1,2024-01-26
CUST_03938,Ishita Verma,Female,Delhi,Delhi,Tier 1,2023-08-29
CUST_03939,Ishita Iyer,Female,Jaipur,Rajasthan,Tier 2,2023-10-31
CUST_03940,Neha Patel,Female,Jaipur,Rajasthan,Tier 2,2023-06-12
CUST_03941,Kavya Sharma,Female,Kochi,Kerala,Tier 2,2024-06-29
CUST_03942,Vikram Mehta,Male,Hyderabad,Telangana,Tier 1,2023-07-05
CUST_03943,Ananya Mehta,Female,Chandigarh,Punjab,Tier 2,2024-02-29
CUST_03944,Divya Nair,Female,Bengaluru,Karnataka,Tier 1,2024-07-10
CUST_03945,Neha Mehta,Female,Hyderabad,Telangana,Tier 1,2024-09-25
CUST_03946,Amit Patel,Male,Mumbai,Maharashtra,Tier 1,2024-08-04
CUST_03947,Neha Iyer,Female,Jaipur,Rajasthan,Tier 2,2023-06-17
CUST_03948,Ishita Nair,Female,Mumbai,Maharashtra,Tier 1,2024-10-27
CUST_03949,Divya Sharma,Female,Mumbai,Maharashtra,Tier 1,2024-07-29
CUST_03950,Vikram Patel,Male,Kochi,Kerala,Tier 2,2024-10-28
CUST_03951,Tanvi Sharma,Female,Indore,Madhya Pradesh,Tier 2,2024-04-26
CUST_03952,Vikram Iyer,Male,Bengaluru,Karnataka,Tier 1,2024-09-09
CUST_03953,Vikram Nair,Male,Chennai,Tamil Nadu,Tier 1,2023-08-19
CUST_03954,Neha Sharma,Female,Mumbai,Maharashtra,Tier 1,2023-12-09
CUST_03955,Rohan Gupta,Male,Ahmedabad,Gujarat,Tier 2,2023-06-16
CUST_03956,Pooja Iyer,Female,Ahmedabad,Gujarat,Tier 2,2023-08-22
CUST_03957,Kunal Verma,Male,Chandigarh,Punjab,Tier 2,2024-04-26
CUST_03958,Aditya Reddy,Male,Chennai,Tamil Nadu,Tier 1,2023-06-07
CUST_03959,Riya Iyer,Female,Hyderabad,Telangana,Tier 1,2024-03-25
CUST_03960,Aarav Mehta,Male,Ahmedabad,Gujarat,Tier 2,2024-11-30
CUST_03961,Rohan Mehta,Male,Patna,Bihar,Tier 3,2023-06-20
CUST_03962,Vikram Kumar,Male,Ahmedabad,Gujarat,Tier 2,2024-08-02
CUST_03963,Ananya Gupta,Female,Jaipur,Rajasthan,Tier 2,2024-05-14
CUST_03964,Pooja Sharma,Female,Pune,Maharashtra,Tier 1,2024-11-25
CUST_03965,Vikram Mehta,Male,Ahmedabad,Gujarat,Tier 2,2024-03-11
CUST_03966,Aarav Patel,Male,Kochi,Kerala,Tier 2,2023-08-17
CUST_03967,Ishita Verma,Female,Pune,Maharashtra,Tier 1,2023-06-06
CUST_03968,Tanvi Singh,Female,Kochi,Kerala,Tier 2,2023-09-25
CUST_03969,Ishita Iyer,Female,Varanasi,Uttar Pradesh,Tier 3,2023-09-14
CUST_03970,Riya Iyer,Female,Dehradun,Uttarakhand,Tier 3,2023-10-24
CUST_03971,Kabir Sharma,Male,Hyderabad,Telangana,Tier 1,2023-07-18
CUST_03972,Kunal Sharma,Male,Bhopal,Madhya Pradesh,Tier 3,2024-07-27
CUST_03973,Ananya Reddy,Female,Bhopal,Madhya Pradesh,Tier 3,2023-07-02
CUST_03974,Amit Verma,Male,Chandigarh,Punjab,Tier 2,2023-11-01
CUST_03975,Varun Gupta,Male,Kochi,Kerala,Tier 2,2024-03-30
CUST_03976,Ishita Kumar,Female,Jaipur,Rajasthan,Tier 2,2023-06-20
CUST_03977,Sneha Nair,Female,Ahmedabad,Gujarat,Tier 2,2024-05-13
CUST_03978,Kunal Singh,Male,Hyderabad,Telangana,Tier 1,2023-06-03
CUST_03979,Divya Verma,Female,Chandigarh,Punjab,Tier 2,2023-09-21
CUST_03980,Kunal Gupta,Male,Bengaluru,Karnataka,Tier 1,2023-07-04
CUST_03981,Aarav Mehta,Male,Chandigarh,Punjab,Tier 2,2023-07-29
CUST_03982,Arjun Mehta,Male,Indore,Madhya Pradesh,Tier 2,2024-03-14
CUST_03983,Pooja Kumar,Female,Ranchi,Jharkhand,Tier 3,2023-12-06
CUST_03984,Kavya Nair,Female,Chandigarh,Punjab,Tier 2,2023-06-07
CUST_03985,Rahul Sharma,Male,Indore,Madhya Pradesh,Tier 2,2023-10-25
CUST_03986,Sneha Kumar,Female,Pune,Maharashtra,Tier 1,2023-06-20
CUST_03987,Rahul Mehta,Male,Lucknow,Uttar Pradesh,Tier 2,2023-06-10
CUST_03988,Amit Singh,Male,Chandigarh,Punjab,Tier 2,2023-07-31
CUST_03989,Varun Gupta,Male,Chandigarh,Punjab,Tier 2,2023-06-01
CUST_03990,Vikram Mehta,Male,Mumbai,Maharashtra,Tier 1,2024-04-11
CUST_03991,Kabir Kumar,Male,Hyderabad,Telangana,Tier 1,2024-02-17
CUST_03992,Amit Reddy,Male,Indore,Madhya Pradesh,Tier 2,2023-06-17
CUST_03993,Arjun Singh,Male,Guwahati,Assam,Tier 3,2023-10-29
CUST_03994,Kabir Iyer,Male,Chandigarh,Punjab,Tier 2,2024-02-10
CUST_03995,Riya Gupta,Female,Mumbai,Maharashtra,Tier 1,2023-10-09
CUST_03996,Arjun Sharma,Male,Hyderabad,Telangana,Tier 1,2024-11-23
CUST_03997,Riya Iyer,Female,Delhi,Delhi,Tier 1,2024-04-13
CUST_03998,Sneha Patel,Female,Indore,Madhya Pradesh,Tier 2,2023-12-08
CUST_03999,Sneha Patel,Female,Guwahati,Assam,Tier 3,2023-10-10
CUST_04000,Arjun Gupta,Male,Hyderabad,Telangana,Tier 1,2024-07-22
CUST_04001,Aditya Kumar,Male,Pune,Maharashtra,Tier 1,2023-11-06
CUST_04002,Aditya Kumar,Male,Kochi,Kerala,Tier 2,2024-10-01
CUST_04003,Ishita Nair,Female,Chandigarh,Punjab,Tier 2,2024-09-04
CUST_04004,Kabir Gupta,Male,Bengaluru,Karnataka,Tier 1,2024-02-08
CUST_04005,Ishita Patel,Female,Delhi,Delhi,Tier 1,2024-02-08
CUST_04006,Kabir Mehta,Male,Kochi,Kerala,Tier 2,2023-12-12
CUST_04007,Rahul Patel,Male,Bengaluru,Karnataka,Tier 1,2023-06-05
CUST_04008,Vikram Singh,Male,Chennai,Tamil Nadu,Tier 1,2024-09-20
CUST_04009,Sneha Iyer,Female,Jaipur,Rajasthan,Tier 2,2024-04-08
CUST_04010,Aarav Singh,Male,Ahmedabad,Gujarat,Tier 2,2023-08-12
CUST_04011,Vikram Verma,Male,Pune,Maharashtra,Tier 1,2024-10-20
CUST_04012,Sneha Nair,Female,Jaipur,Rajasthan,Tier 2,2024-08-19
CUST_04013,Tanvi Singh,Female,Chennai,Tamil Nadu,Tier 1,2023-10-17
CUST_04014,Ananya Kumar,Female,Kochi,Kerala,Tier 2,2023-11-02
CUST_04015,Amit Patel,Male,Mumbai,Maharashtra,Tier 1,2023-07-02
CUST_04016,Tanvi Gupta,Female,Jaipur,Rajasthan,Tier 2,2024-02-23
CUST_04017,Sneha Iyer,Female,Guwahati,Assam,Tier 3,2023-07-05
CUST_04018,Tanvi Nair,Female,Bengaluru,Karnataka,Tier 1,2023-08-27
CUST_04019,Kavya Mehta,Female,Jaipur,Rajasthan,Tier 2,2024-09-02
CUST_04020,Tanvi Verma,Female,Ranchi,Jharkhand,Tier 3,2024-05-07
CUST_04021,Sneha Singh,Female,Varanasi,Uttar Pradesh,Tier 3,2024-04-13
CUST_04022,Vikram Reddy,Male,Chennai,Tamil Nadu,Tier 1,2023-11-15
CUST_04023,Pooja Verma,Female,Chandigarh,Punjab,Tier 2,2024-04-19
CUST_04024,Priya Sharma,Female,Hyderabad,Telangana,Tier 1,2024-10-20
CUST_04025,Rahul Verma,Male,Indore,Madhya Pradesh,Tier 2,2023-08-03
CUST_04026,Arjun Verma,Male,Kochi,Kerala,Tier 2,2023-12-01
CUST_04027,Rahul Kumar,Male,Dehradun,Uttarakhand,Tier 3,2023-08-12
CUST_04028,Amit Reddy,Male,Hyderabad,Telangana,Tier 1,2023-07-12
CUST_04029,Vikram Patel,Male,Patna,Bihar,Tier 3,2024-03-08
CUST_04030,Riya Nair,Female,Indore,Madhya Pradesh,Tier 2,2024-10-18
CUST_04031,Ananya Reddy,Female,Ahmedabad,Gujarat,Tier 2,2024-07-30
CUST_04032,Aditya Kumar,Male,Varanasi,Uttar Pradesh,Tier 3,2024-09-24
CUST_04033,Kavya Verma,Female,Ahmedabad,Gujarat,Tier 2,2023-08-13
CUST_04034,Ananya Nair,Female,Patna,Bihar,Tier 3,2023-08-31
CUST_04035,Pooja Patel,Female,Guwahati,Assam,Tier 3,2024-05-21
CUST_04036,Vikram Kumar,Male,Delhi,Delhi,Tier 1,2023-07-08
CUST_04037,Amit Kumar,Male,Indore,Madhya Pradesh,Tier 2,2024-05-20
CUST_04038,Rohan Kumar,Male,Ranchi,Jharkhand,Tier 3,2024-02-22
CUST_04039,Divya Gupta,Female,Lucknow,Uttar Pradesh,Tier 2,2023-09-28
CUST_04040,Ananya Reddy,Female,Varanasi,Uttar Pradesh,Tier 3,2023-07-22
CUST_04041,Ananya Iyer,Female,Bengaluru,Karnataka,Tier 1,2024-04-14
CUST_04042,Riya Verma,Female,Jaipur,Rajasthan,Tier 2,2024-02-10
CUST_04043,Rahul Verma,Male,Varanasi,Uttar Pradesh,Tier 3,2024-01-01
CUST_04044,Tanvi Patel,Female,Kochi,Kerala,Tier 2,2023-07-11
CUST_04045,Amit Kumar,Male,Guwahati,Assam,Tier 3,2024-07-13
CUST_04046,Ananya Reddy,Female,Jaipur,Rajasthan,Tier 2,2023-11-03
CUST_04047,Kavya Patel,Female,Indore,Madhya Pradesh,Tier 2,2023-09-01
CUST_04048,Riya Gupta,Female,Lucknow,Uttar Pradesh,Tier 2,2023-12-26
CUST_04049,Kabir Gupta,Male,Bengaluru,Karnataka,Tier 1,2023-12-12
CUST_04050,Riya Singh,Female,Guwahati,Assam,Tier 3,2024-11-01
CUST_04051,Arjun Reddy,Male,Chennai,Tamil Nadu,Tier 1,2024-10-07
CUST_04052,Varun Patel,Male,Chennai,Tamil Nadu,Tier 1,2023-09-29
CUST_04053,Amit Singh,Male,Varanasi,Uttar Pradesh,Tier 3,2023-09-03
CUST_04054,Rahul Gupta,Male,Bengaluru,Karnataka,Tier 1,2024-05-09
CUST_04055,Ishita Kumar,Female,Indore,Madhya Pradesh,Tier 2,2023-11-14
CUST_04056,Pooja Patel,Female,Jaipur,Rajasthan,Tier 2,2024-07-17
CUST_04057,Vikram Reddy,Male,Kochi,Kerala,Tier 2,2023-11-10
CUST_04058,Aarav Kumar,Male,Hyderabad,Telangana,Tier 1,2023-06-08
CUST_04059,Neha Singh,Female,Delhi,Delhi,Tier 1,2024-03-30
CUST_04060,Ananya Nair,Female,Kochi,Kerala,Tier 2,2023-10-19
CUST_04061,Rohan Reddy,Male,Indore,Madhya Pradesh,Tier 2,2024-07-04
CUST_04062,Varun Iyer,Male,Mumbai,Maharashtra,Tier 1,2024-03-05
CUST_04063,Neha Gupta,Female,Bhopal,Madhya Pradesh,Tier 3,2024-07-22
CUST_04064,Aditya Kumar,Male,Ahmedabad,Gujarat,Tier 2,2024-06-19
CUST_04065,Kabir Mehta,Male,Bhopal,Madhya Pradesh,Tier 3,2024-06-28
CUST_04066,Amit Singh,Male,Delhi,Delhi,Tier 1,2024-10-10
CUST_04067,Ananya Mehta,Female,Guwahati,Assam,Tier 3,2024-07-15
CUST_04068,Kabir Sharma,Male,Bengaluru,Karnataka,Tier 1,2024-07-10
CUST_04069,Pooja Gupta,Female,Patna,Bihar,Tier 3,2023-07-16
CUST_04070,Amit Verma,Male,Chandigarh,Punjab,Tier 2,2024-02-28
CUST_04071,Varun Nair,Male,Jaipur,Rajasthan,Tier 2,2024-01-08
CUST_04072,Varun Verma,Male,Varanasi,Uttar Pradesh,Tier 3,2024-01-29
CUST_04073,Rahul Kumar,Male,Pune,Maharashtra,Tier 1,2024-02-24
CUST_04074,Sneha Mehta,Female,Chandigarh,Punjab,Tier 2,2024-06-14
CUST_04075,Divya Kumar,Female,Bengaluru,Karnataka,Tier 1,2023-12-09
CUST_04076,Ananya Sharma,Female,Ahmedabad,Gujarat,Tier 2,2024-08-14
CUST_04077,Rahul Reddy,Male,Hyderabad,Telangana,Tier 1,2024-03-29
CUST_04078,Riya Singh,Female,Guwahati,Assam,Tier 3,2023-10-19
CUST_04079,Kabir Singh,Male,Ahmedabad,Gujarat,Tier 2,2024-03-15
CUST_04080,Kavya Mehta,Female,Jaipur,Rajasthan,Tier 2,2023-06-17
CUST_04081,Amit Iyer,Male,Chennai,Tamil Nadu,Tier 1,2024-05-24
CUST_04082,Vikram Singh,Male,Chandigarh,Punjab,Tier 2,2024-07-20
CUST_04083,Rahul Iyer,Male,Indore,Madhya Pradesh,Tier 2,2023-10-31
CUST_04084,Kunal Iyer,Male,Indore,Madhya Pradesh,Tier 2,2024-07-22
CUST_04085,Ananya Mehta,Female,Ranchi,Jharkhand,Tier 3,2023-09-14
CUST_04086,Sneha Singh,Female,Jaipur,Rajasthan,Tier 2,2024-09-01
CUST_04087,Vikram Reddy,Male,Bhopal,Madhya Pradesh,Tier 3,2024-08-05
CUST_04088,Ananya Patel,Female,Bengaluru,Karnataka,Tier 1,2024-06-09
CUST_04089,Ananya Verma,Female,Mumbai,Maharashtra,Tier 1,2023-06-05
CUST_04090,Kunal Mehta,Male,Kochi,Kerala,Tier 2,2023-09-01
CUST_04091,Neha Verma,Female,Bengaluru,Karnataka,Tier 1,2024-05-21
CUST_04092,Divya Sharma,Female,Mumbai,Maharashtra,Tier 1,2024-02-17
CUST_04093,Priya Mehta,Female,Delhi,Delhi,Tier 1,2024-04-10
CUST_04094,Divya Singh,Female,Hyderabad,Telangana,Tier 1,2024-02-26
CUST_04095,Pooja Verma,Female,Indore,Madhya Pradesh,Tier 2,2024-09-21
CUST_04096,Kabir Reddy,Male,Chennai,Tamil Nadu,Tier 1,2023-08-21
CUST_04097,Tanvi Singh,Female,Ranchi,Jharkhand,Tier 3,2024-01-06
CUST_04098,Kavya Gupta,Female,Guwahati,Assam,Tier 3,2024-01-27
CUST_04099,Kabir Iyer,Male,Kochi,Kerala,Tier 2,2024-09-14
CUST_04100,Ishita Sharma,Female,Hyderabad,Telangana,Tier 1,2023-07-21
CUST_04101,Aditya Reddy,Male,Dehradun,Uttarakhand,Tier 3,2023-08-30
CUST_04102,Pooja Sharma,Female,Varanasi,Uttar Pradesh,Tier 3,2023-12-08
CUST_04103,Aarav Iyer,Male,Hyderabad,Telangana,Tier 1,2024-02-03
CUST_04104,Aditya Patel,Male,Ahmedabad,Gujarat,Tier 2,2024-10-03
CUST_04105,Rahul Mehta,Male,Chandigarh,Punjab,Tier 2,2024-03-23
CUST_04106,Ananya Patel,Female,Bhopal,Madhya Pradesh,Tier 3,2024-04-25
CUST_04107,Rahul Gupta,Male,Ranchi,Jharkhand,Tier 3,2024-06-20
CUST_04108,Vikram Patel,Male,Mumbai,Maharashtra,Tier 1,2023-11-11
CUST_04109,Amit Kumar,Male,Jaipur,Rajasthan,Tier 2,2023-10-18
CUST_04110,Rahul Sharma,Male,Indore,Madhya Pradesh,Tier 2,2023-06-01
CUST_04111,Arjun Iyer,Male,Mumbai,Maharashtra,Tier 1,2024-11-10
CUST_04112,Riya Patel,Female,Delhi,Delhi,Tier 1,2024-10-19
CUST_04113,Varun Iyer,Male,Ahmedabad,Gujarat,Tier 2,2023-06-10
CUST_04114,Kavya Kumar,Female,Patna,Bihar,Tier 3,2024-03-02
CUST_04115,Sneha Gupta,Female,Hyderabad,Telangana,Tier 1,2024-04-27
CUST_04116,Divya Iyer,Female,Lucknow,Uttar Pradesh,Tier 2,2024-01-13
CUST_04117,Aarav Sharma,Male,Chandigarh,Punjab,Tier 2,2024-03-18
CUST_04118,Aditya Patel,Male,Hyderabad,Telangana,Tier 1,2023-11-02
CUST_04119,Kunal Reddy,Male,Lucknow,Uttar Pradesh,Tier 2,2023-12-26
CUST_04120,Arjun Nair,Male,Jaipur,Rajasthan,Tier 2,2024-07-12
CUST_04121,Riya Reddy,Female,Hyderabad,Telangana,Tier 1,2023-06-04
CUST_04122,Amit Kumar,Male,Hyderabad,Telangana,Tier 1,2023-07-06
CUST_04123,Divya Kumar,Female,Pune,Maharashtra,Tier 1,2024-04-07
CUST_04124,Vikram Verma,Male,Jaipur,Rajasthan,Tier 2,2024-09-27
CUST_04125,Ananya Patel,Female,Patna,Bihar,Tier 3,2023-06-19
CUST_04126,Neha Kumar,Female,Chandigarh,Punjab,Tier 2,2024-09-07
CUST_04127,Sneha Kumar,Female,Jaipur,Rajasthan,Tier 2,2024-08-14
CUST_04128,Aarav Sharma,Male,Hyderabad,Telangana,Tier 1,2023-12-13
CUST_04129,Tanvi Singh,Female,Dehradun,Uttarakhand,Tier 3,2023-08-12
CUST_04130,Divya Reddy,Female,Pune,Maharashtra,Tier 1,2024-10-10
CUST_04131,Rohan Nair,Male,Guwahati,Assam,Tier 3,2024-10-09
CUST_04132,Divya Verma,Female,Chennai,Tamil Nadu,Tier 1,2024-10-31
CUST_04133,Ananya Iyer,Female,Indore,Madhya Pradesh,Tier 2,2024-04-17
CUST_04134,Vikram Iyer,Male,Kochi,Kerala,Tier 2,2023-12-30
CUST_04135,Arjun Gupta,Male,Mumbai,Maharashtra,Tier 1,2023-10-13
CUST_04136,Varun Singh,Male,Varanasi,Uttar Pradesh,Tier 3,2023-10-12
CUST_04137,Rahul Nair,Male,Ahmedabad,Gujarat,Tier 2,2023-08-16
CUST_04138,Kabir Iyer,Male,Delhi,Delhi,Tier 1,2024-01-20
CUST_04139,Ananya Sharma,Female,Lucknow,Uttar Pradesh,Tier 2,2024-09-04
CUST_04140,Sneha Patel,Female,Guwahati,Assam,Tier 3,2024-11-25
CUST_04141,Neha Singh,Female,Chennai,Tamil Nadu,Tier 1,2023-11-13
CUST_04142,Tanvi Reddy,Female,Kochi,Kerala,Tier 2,2024-10-16
CUST_04143,Amit Nair,Male,Lucknow,Uttar Pradesh,Tier 2,2023-12-27
CUST_04144,Ishita Nair,Female,Jaipur,Rajasthan,Tier 2,2024-05-03
CUST_04145,Priya Gupta,Female,Chandigarh,Punjab,Tier 2,2023-08-18
CUST_04146,Vikram Iyer,Male,Chandigarh,Punjab,Tier 2,2024-04-09
CUST_04147,Divya Iyer,Female,Indore,Madhya Pradesh,Tier 2,2024-07-05
CUST_04148,Kabir Nair,Male,Hyderabad,Telangana,Tier 1,2024-03-02
CUST_04149,Pooja Nair,Female,Bengaluru,Karnataka,Tier 1,2024-08-29
CUST_04150,Aditya Gupta,Male,Varanasi,Uttar Pradesh,Tier 3,2023-07-31
CUST_04151,Arjun Verma,Male,Mumbai,Maharashtra,Tier 1,2023-06-08
CUST_04152,Arjun Kumar,Male,Delhi,Delhi,Tier 1,2024-09-03
CUST_04153,Riya Kumar,Female,Ahmedabad,Gujarat,Tier 2,2024-07-13
CUST_04154,Kavya Kumar,Female,Patna,Bihar,Tier 3,2023-09-11
CUST_04155,Vikram Reddy,Male,Bengaluru,Karnataka,Tier 1,2023-06-08
CUST_04156,Arjun Nair,Male,Pune,Maharashtra,Tier 1,2024-07-29
CUST_04157,Vikram Sharma,Male,Hyderabad,Telangana,Tier 1,2024-06-26
CUST_04158,Riya Kumar,Female,Mumbai,Maharashtra,Tier 1,2024-02-18
CUST_04159,Riya Verma,Female,Ahmedabad,Gujarat,Tier 2,2024-09-26
CUST_04160,Ananya Patel,Female,Bhopal,Madhya Pradesh,Tier 3,2023-12-24
CUST_04161,Ishita Gupta,Female,Mumbai,Maharashtra,Tier 1,2024-04-21
CUST_04162,Ananya Verma,Female,Lucknow,Uttar Pradesh,Tier 2,2024-07-23
CUST_04163,Aarav Iyer,Male,Delhi,Delhi,Tier 1,2023-11-05
CUST_04164,Amit Gupta,Male,Bengaluru,Karnataka,Tier 1,2024-05-06
CUST_04165,Amit Iyer,Male,Lucknow,Uttar Pradesh,Tier 2,2023-07-02
CUST_04166,Priya Mehta,Female,Pune,Maharashtra,Tier 1,2023-06-13
CUST_04167,Priya Iyer,Female,Chandigarh,Punjab,Tier 2,2024-10-11
CUST_04168,Vikram Kumar,Male,Guwahati,Assam,Tier 3,2024-03-02
CUST_04169,Aditya Kumar,Male,Delhi,Delhi,Tier 1,2024-11-21
CUST_04170,Vikram Kumar,Male,Ranchi,Jharkhand,Tier 3,2023-12-27
CUST_04171,Tanvi Reddy,Female,Pune,Maharashtra,Tier 1,2023-06-15
CUST_04172,Neha Mehta,Female,Kochi,Kerala,Tier 2,2023-06-20
CUST_04173,Divya Nair,Female,Chennai,Tamil Nadu,Tier 1,2024-08-16
CUST_04174,Rahul Iyer,Male,Mumbai,Maharashtra,Tier 1,2023-07-16
CUST_04175,Rohan Kumar,Male,Guwahati,Assam,Tier 3,2023-10-22
CUST_04176,Ishita Singh,Female,Jaipur,Rajasthan,Tier 2,2024-09-22
CUST_04177,Vikram Patel,Male,Bengaluru,Karnataka,Tier 1,2024-08-24
CUST_04178,Neha Singh,Female,Chandigarh,Punjab,Tier 2,2024-06-06
CUST_04179,Priya Singh,Female,Hyderabad,Telangana,Tier 1,2024-02-29
CUST_04180,Aditya Sharma,Male,Kochi,Kerala,Tier 2,2023-10-11
CUST_04181,Ishita Gupta,Female,Indore,Madhya Pradesh,Tier 2,2023-09-17
CUST_04182,Sneha Mehta,Female,Lucknow,Uttar Pradesh,Tier 2,2023-11-20
CUST_04183,Ananya Kumar,Female,Chandigarh,Punjab,Tier 2,2024-03-13
CUST_04184,Kunal Gupta,Male,Patna,Bihar,Tier 3,2024-11-10
CUST_04185,Rohan Reddy,Male,Bengaluru,Karnataka,Tier 1,2024-06-28
CUST_04186,Sneha Iyer,Female,Chennai,Tamil Nadu,Tier 1,2023-08-28
CUST_04187,Priya Nair,Female,Varanasi,Uttar Pradesh,Tier 3,2024-09-22
CUST_04188,Vikram Patel,Male,Patna,Bihar,Tier 3,2024-05-14
CUST_04189,Tanvi Iyer,Female,Jaipur,Rajasthan,Tier 2,2024-08-04
CUST_04190,Aditya Patel,Male,Lucknow,Uttar Pradesh,Tier 2,2024-01-12
CUST_04191,Priya Reddy,Female,Ahmedabad,Gujarat,Tier 2,2023-06-28
CUST_04192,Rahul Mehta,Male,Ahmedabad,Gujarat,Tier 2,2023-07-28
CUST_04193,Arjun Kumar,Male,Dehradun,Uttarakhand,Tier 3,2024-09-01
CUST_04194,Amit Singh,Male,Ranchi,Jharkhand,Tier 3,2024-04-26
CUST_04195,Priya Reddy,Female,Delhi,Delhi,Tier 1,2024-04-17
CUST_04196,Varun Nair,Male,Pune,Maharashtra,Tier 1,2023-07-11
CUST_04197,Pooja Reddy,Female,Indore,Madhya Pradesh,Tier 2,2023-08-06
CUST_04198,Neha Iyer,Female,Pune,Maharashtra,Tier 1,2024-04-05
CUST_04199,Ishita Iyer,Female,Kochi,Kerala,Tier 2,2024-07-04
CUST_04200,Arjun Nair,Male,Delhi,Delhi,Tier 1,2024-11-06
CUST_04201,Tanvi Mehta,Female,Lucknow,Uttar Pradesh,Tier 2,2023-06-18
CUST_04202,Tanvi Verma,Female,Pune,Maharashtra,Tier 1,2024-07-13
CUST_04203,Rahul Verma,Male,Dehradun,Uttarakhand,Tier 3,2023-06-29
CUST_04204,Priya Nair,Female,Guwahati,Assam,Tier 3,2023-09-11
CUST_04205,Varun Nair,Male,Chandigarh,Punjab,Tier 2,2023-09-09
CUST_04206,Aarav Reddy,Male,Hyderabad,Telangana,Tier 1,2024-07-02
CUST_04207,Rohan Sharma,Male,Lucknow,Uttar Pradesh,Tier 2,2024-01-11
CUST_04208,Sneha Iyer,Female,Chandigarh,Punjab,Tier 2,2024-01-23
CUST_04209,Vikram Nair,Male,Chandigarh,Punjab,Tier 2,2024-04-07
CUST_04210,Ananya Mehta,Female,Jaipur,Rajasthan,Tier 2,2024-08-04
CUST_04211,Kavya Reddy,Female,Chandigarh,Punjab,Tier 2,2024-11-13
CUST_04212,Aditya Kumar,Male,Hyderabad,Telangana,Tier 1,2023-06-14
CUST_04213,Neha Mehta,Female,Lucknow,Uttar Pradesh,Tier 2,2024-01-10
CUST_04214,Kabir Kumar,Male,Bengaluru,Karnataka,Tier 1,2024-04-21
CUST_04215,Ananya Kumar,Female,Bengaluru,Karnataka,Tier 1,2024-11-19
CUST_04216,Divya Iyer,Female,Kochi,Kerala,Tier 2,2024-01-14
CUST_04217,Riya Singh,Female,Delhi,Delhi,Tier 1,2024-11-03
CUST_04218,Rohan Verma,Male,Delhi,Delhi,Tier 1,2024-10-07
CUST_04219,Rohan Patel,Male,Dehradun,Uttarakhand,Tier 3,2024-04-26
CUST_04220,Aditya Gupta,Male,Chandigarh,Punjab,Tier 2,2023-09-25
CUST_04221,Tanvi Nair,Female,Kochi,Kerala,Tier 2,2023-07-09
CUST_04222,Neha Iyer,Female,Bengaluru,Karnataka,Tier 1,2023-10-24
CUST_04223,Vikram Singh,Male,Pune,Maharashtra,Tier 1,2024-03-25
CUST_04224,Tanvi Reddy,Female,Indore,Madhya Pradesh,Tier 2,2023-06-26
CUST_04225,Arjun Gupta,Male,Varanasi,Uttar Pradesh,Tier 3,2023-08-07
CUST_04226,Pooja Patel,Female,Chandigarh,Punjab,Tier 2,2024-01-10
CUST_04227,Ishita Mehta,Female,Patna,Bihar,Tier 3,2024-10-23
CUST_04228,Neha Patel,Female,Kochi,Kerala,Tier 2,2023-10-29
CUST_04229,Pooja Verma,Female,Ahmedabad,Gujarat,Tier 2,2023-12-31
CUST_04230,Rahul Iyer,Male,Patna,Bihar,Tier 3,2024-06-12
CUST_04231,Sneha Mehta,Female,Delhi,Delhi,Tier 1,2023-09-01
CUST_04232,Kavya Verma,Female,Kochi,Kerala,Tier 2,2024-02-16
CUST_04233,Varun Gupta,Male,Jaipur,Rajasthan,Tier 2,2024-09-20
CUST_04234,Vikram Singh,Male,Chandigarh,Punjab,Tier 2,2024-02-16
CUST_04235,Sneha Verma,Female,Chennai,Tamil Nadu,Tier 1,2024-05-31
CUST_04236,Priya Reddy,Female,Pune,Maharashtra,Tier 1,2023-09-26
CUST_04237,Priya Reddy,Female,Bengaluru,Karnataka,Tier 1,2023-11-13
CUST_04238,Rohan Nair,Male,Chandigarh,Punjab,Tier 2,2023-08-13
CUST_04239,Priya Mehta,Female,Indore,Madhya Pradesh,Tier 2,2024-03-07
CUST_04240,Tanvi Sharma,Female,Indore,Madhya Pradesh,Tier 2,2023-12-26
CUST_04241,Neha Singh,Female,Mumbai,Maharashtra,Tier 1,2023-10-07
CUST_04242,Riya Mehta,Female,Varanasi,Uttar Pradesh,Tier 3,2023-11-03
CUST_04243,Kavya Sharma,Female,Kochi,Kerala,Tier 2,2024-06-28
CUST_04244,Rohan Nair,Male,Ranchi,Jharkhand,Tier 3,2024-06-21
CUST_04245,Neha Verma,Female,Chandigarh,Punjab,Tier 2,2024-07-30
CUST_04246,Tanvi Verma,Female,Delhi,Delhi,Tier 1,2024-07-08
CUST_04247,Vikram Patel,Male,Varanasi,Uttar Pradesh,Tier 3,2023-10-16
CUST_04248,Rahul Mehta,Male,Pune,Maharashtra,Tier 1,2023-07-11
CUST_04249,Aditya Reddy,Male,Guwahati,Assam,Tier 3,2024-01-13
CUST_04250,Neha Kumar,Female,Jaipur,Rajasthan,Tier 2,2023-09-05
CUST_04251,Neha Iyer,Female,Mumbai,Maharashtra,Tier 1,2024-04-07
CUST_04252,Tanvi Verma,Female,Bengaluru,Karnataka,Tier 1,2023-11-16
CUST_04253,Aditya Kumar,Male,Delhi,Delhi,Tier 1,2024-07-09
CUST_04254,Tanvi Singh,Female,Hyderabad,Telangana,Tier 1,2023-07-24
CUST_04255,Amit Gupta,Male,Mumbai,Maharashtra,Tier 1,2024-06-23
CUST_04256,Rohan Iyer,Male,Indore,Madhya Pradesh,Tier 2,2024-06-25
CUST_04257,Kavya Iyer,Female,Kochi,Kerala,Tier 2,2023-12-05
CUST_04258,Neha Gupta,Female,Patna,Bihar,Tier 3,2023-09-03
CUST_04259,Divya Sharma,Female,Pune,Maharashtra,Tier 1,2024-04-27
CUST_04260,Rahul Kumar,Male,Chennai,Tamil Nadu,Tier 1,2023-12-31
CUST_04261,Riya Singh,Female,Ranchi,Jharkhand,Tier 3,2024-10-05
CUST_04262,Rahul Nair,Male,Bhopal,Madhya Pradesh,Tier 3,2023-06-01
CUST_04263,Neha Mehta,Female,Varanasi,Uttar Pradesh,Tier 3,2024-02-14
CUST_04264,Riya Gupta,Female,Kochi,Kerala,Tier 2,2023-08-25
CUST_04265,Neha Singh,Female,Lucknow,Uttar Pradesh,Tier 2,2023-10-31
CUST_04266,Priya Verma,Female,Pune,Maharashtra,Tier 1,2024-09-11
CUST_04267,Divya Kumar,Female,Mumbai,Maharashtra,Tier 1,2023-06-09
CUST_04268,Ananya Iyer,Female,Mumbai,Maharashtra,Tier 1,2024-08-25
CUST_04269,Tanvi Gupta,Female,Mumbai,Maharashtra,Tier 1,2023-07-24
CUST_04270,Ishita Sharma,Female,Chennai,Tamil Nadu,Tier 1,2024-11-30
CUST_04271,Pooja Verma,Female,Pune,Maharashtra,Tier 1,2023-08-26
CUST_04272,Priya Verma,Female,Hyderabad,Telangana,Tier 1,2024-10-05
CUST_04273,Sneha Verma,Female,Varanasi,Uttar Pradesh,Tier 3,2024-10-10
CUST_04274,Amit Reddy,Male,Pune,Maharashtra,Tier 1,2024-07-20
CUST_04275,Tanvi Singh,Female,Hyderabad,Telangana,Tier 1,2023-07-25
CUST_04276,Ishita Sharma,Female,Hyderabad,Telangana,Tier 1,2023-12-20
CUST_04277,Rohan Kumar,Male,Bhopal,Madhya Pradesh,Tier 3,2023-12-18
CUST_04278,Arjun Sharma,Male,Mumbai,Maharashtra,Tier 1,2023-07-26
CUST_04279,Amit Gupta,Male,Dehradun,Uttarakhand,Tier 3,2024-05-09
CUST_04280,Kabir Patel,Male,Chennai,Tamil Nadu,Tier 1,2023-09-06
CUST_04281,Vikram Patel,Male,Hyderabad,Telangana,Tier 1,2024-10-04
CUST_04282,Rohan Kumar,Male,Delhi,Delhi,Tier 1,2023-10-24
CUST_04283,Rohan Gupta,Male,Mumbai,Maharashtra,Tier 1,2023-12-28
CUST_04284,Rahul Patel,Male,Patna,Bihar,Tier 3,2023-07-09
CUST_04285,Kabir Mehta,Male,Guwahati,Assam,Tier 3,2023-10-12
CUST_04286,Rahul Sharma,Male,Mumbai,Maharashtra,Tier 1,2023-06-29
CUST_04287,Varun Sharma,Male,Varanasi,Uttar Pradesh,Tier 3,2023-12-30
CUST_04288,Ishita Singh,Female,Pune,Maharashtra,Tier 1,2023-09-12
CUST_04289,Aditya Patel,Male,Pune,Maharashtra,Tier 1,2024-06-22
CUST_04290,Aditya Patel,Male,Pune,Maharashtra,Tier 1,2024-02-16
CUST_04291,Tanvi Singh,Female,Mumbai,Maharashtra,Tier 1,2024-04-07
CUST_04292,Amit Gupta,Male,Delhi,Delhi,Tier 1,2024-08-27
CUST_04293,Ananya Patel,Female,Pune,Maharashtra,Tier 1,2024-08-14
CUST_04294,Pooja Singh,Female,Bengaluru,Karnataka,Tier 1,2024-05-31
CUST_04295,Arjun Reddy,Male,Chandigarh,Punjab,Tier 2,2024-02-04
CUST_04296,Divya Nair,Female,Indore,Madhya Pradesh,Tier 2,2023-11-29
CUST_04297,Pooja Kumar,Female,Bengaluru,Karnataka,Tier 1,2024-05-08
CUST_04298,Arjun Gupta,Male,Delhi,Delhi,Tier 1,2023-08-07
CUST_04299,Neha Gupta,Female,Patna,Bihar,Tier 3,2024-02-08
CUST_04300,Varun Gupta,Male,Bengaluru,Karnataka,Tier 1,2024-02-28
CUST_04301,Kavya Mehta,Female,Pune,Maharashtra,Tier 1,2024-06-14
CUST_04302,Vikram Reddy,Male,Indore,Madhya Pradesh,Tier 2,2024-07-08
CUST_04303,Kavya Mehta,Female,Pune,Maharashtra,Tier 1,2024-07-22
CUST_04304,Varun Nair,Male,Dehradun,Uttarakhand,Tier 3,2024-02-11
CUST_04305,Vikram Mehta,Male,Dehradun,Uttarakhand,Tier 3,2024-07-02
CUST_04306,Divya Patel,Female,Delhi,Delhi,Tier 1,2024-09-29
CUST_04307,Rahul Reddy,Male,Dehradun,Uttarakhand,Tier 3,2024-08-02
CUST_04308,Amit Mehta,Male,Mumbai,Maharashtra,Tier 1,2024-03-20
CUST_04309,Ishita Kumar,Female,Chandigarh,Punjab,Tier 2,2024-02-08
CUST_04310,Arjun Verma,Male,Pune,Maharashtra,Tier 1,2023-10-29
CUST_04311,Divya Reddy,Female,Lucknow,Uttar Pradesh,Tier 2,2023-08-19
CUST_04312,Priya Kumar,Female,Dehradun,Uttarakhand,Tier 3,2024-10-25
CUST_04313,Rohan Gupta,Male,Guwahati,Assam,Tier 3,2023-12-19
CUST_04314,Priya Sharma,Female,Hyderabad,Telangana,Tier 1,2023-12-31
CUST_04315,Sneha Gupta,Female,Chennai,Tamil Nadu,Tier 1,2023-11-18
CUST_04316,Rohan Singh,Male,Chandigarh,Punjab,Tier 2,2024-10-06
CUST_04317,Amit Patel,Male,Delhi,Delhi,Tier 1,2023-12-30
CUST_04318,Rahul Verma,Male,Ranchi,Jharkhand,Tier 3,2023-12-19
CUST_04319,Neha Gupta,Female,Chennai,Tamil Nadu,Tier 1,2024-03-11
CUST_04320,Varun Patel,Male,Chennai,Tamil Nadu,Tier 1,2024-03-30
CUST_04321,Tanvi Mehta,Female,Bhopal,Madhya Pradesh,Tier 3,2023-09-20
CUST_04322,Sneha Iyer,Female,Guwahati,Assam,Tier 3,2024-04-03
CUST_04323,Aditya Gupta,Male,Patna,Bihar,Tier 3,2024-10-30
CUST_04324,Rohan Patel,Male,Kochi,Kerala,Tier 2,2024-06-27
CUST_04325,Divya Reddy,Female,Hyderabad,Telangana,Tier 1,2024-09-05
CUST_04326,Arjun Nair,Male,Delhi,Delhi,Tier 1,2024-01-12
CUST_04327,Aarav Verma,Male,Varanasi,Uttar Pradesh,Tier 3,2023-11-21
CUST_04328,Divya Sharma,Female,Chennai,Tamil Nadu,Tier 1,2024-02-08
CUST_04329,Divya Sharma,Female,Jaipur,Rajasthan,Tier 2,2023-12-17
CUST_04330,Aditya Singh,Male,Bhopal,Madhya Pradesh,Tier 3,2024-09-30
CUST_04331,Neha Mehta,Female,Patna,Bihar,Tier 3,2024-11-28
CUST_04332,Vikram Sharma,Male,Guwahati,Assam,Tier 3,2024-02-27
CUST_04333,Aarav Verma,Male,Ranchi,Jharkhand,Tier 3,2024-01-08
CUST_04334,Rohan Singh,Male,Varanasi,Uttar Pradesh,Tier 3,2023-09-15
CUST_04335,Ananya Singh,Female,Kochi,Kerala,Tier 2,2023-08-25
CUST_04336,Aarav Singh,Male,Lucknow,Uttar Pradesh,Tier 2,2023-07-10
CUST_04337,Amit Nair,Male,Ranchi,Jharkhand,Tier 3,2024-08-01
CUST_04338,Arjun Nair,Male,Dehradun,Uttarakhand,Tier 3,2023-08-14
CUST_04339,Aditya Singh,Male,Mumbai,Maharashtra,Tier 1,2024-02-20
CUST_04340,Riya Nair,Female,Mumbai,Maharashtra,Tier 1,2023-08-01
CUST_04341,Kabir Mehta,Male,Bengaluru,Karnataka,Tier 1,2024-10-02
CUST_04342,Kunal Iyer,Male,Pune,Maharashtra,Tier 1,2024-06-26
CUST_04343,Rohan Kumar,Male,Jaipur,Rajasthan,Tier 2,2023-08-28
CUST_04344,Priya Mehta,Female,Dehradun,Uttarakhand,Tier 3,2023-09-09
CUST_04345,Ananya Patel,Female,Hyderabad,Telangana,Tier 1,2023-06-05
CUST_04346,Amit Nair,Male,Varanasi,Uttar Pradesh,Tier 3,2024-03-23
CUST_04347,Rohan Patel,Male,Ranchi,Jharkhand,Tier 3,2024-04-02
CUST_04348,Sneha Reddy,Female,Varanasi,Uttar Pradesh,Tier 3,2024-01-05
CUST_04349,Neha Nair,Female,Hyderabad,Telangana,Tier 1,2024-03-28
CUST_04350,Pooja Iyer,Female,Pune,Maharashtra,Tier 1,2023-08-21
CUST_04351,Kunal Singh,Male,Jaipur,Rajasthan,Tier 2,2024-06-23
CUST_04352,Varun Singh,Male,Chennai,Tamil Nadu,Tier 1,2023-11-03
CUST_04353,Kabir Singh,Male,Varanasi,Uttar Pradesh,Tier 3,2024-01-30
CUST_04354,Kabir Mehta,Male,Hyderabad,Telangana,Tier 1,2024-08-17
CUST_04355,Arjun Verma,Male,Delhi,Delhi,Tier 1,2024-05-18
CUST_04356,Sneha Kumar,Female,Chennai,Tamil Nadu,Tier 1,2024-10-21
CUST_04357,Priya Sharma,Female,Delhi,Delhi,Tier 1,2024-03-16
CUST_04358,Priya Reddy,Female,Ahmedabad,Gujarat,Tier 2,2024-03-09
CUST_04359,Tanvi Gupta,Female,Ahmedabad,Gujarat,Tier 2,2024-01-13
CUST_04360,Aarav Kumar,Male,Chennai,Tamil Nadu,Tier 1,2024-05-14
CUST_04361,Neha Kumar,Female,Ranchi,Jharkhand,Tier 3,2023-12-31
CUST_04362,Kavya Nair,Female,Mumbai,Maharashtra,Tier 1,2023-12-06
CUST_04363,Priya Reddy,Female,Hyderabad,Telangana,Tier 1,2023-10-15
CUST_04364,Tanvi Kumar,Female,Hyderabad,Telangana,Tier 1,2023-06-09
CUST_04365,Ananya Sharma,Female,Chennai,Tamil Nadu,Tier 1,2024-03-08
CUST_04366,Aditya Sharma,Male,Ranchi,Jharkhand,Tier 3,2024-11-03
CUST_04367,Sneha Singh,Female,Chennai,Tamil Nadu,Tier 1,2024-11-06
CUST_04368,Priya Sharma,Female,Chennai,Tamil Nadu,Tier 1,2024-07-26
CUST_04369,Ishita Iyer,Female,Delhi,Delhi,Tier 1,2023-09-11
CUST_04370,Sneha Nair,Female,Hyderabad,Telangana,Tier 1,2024-07-22
CUST_04371,Aditya Nair,Male,Jaipur,Rajasthan,Tier 2,2024-05-25
CUST_04372,Rahul Mehta,Male,Mumbai,Maharashtra,Tier 1,2023-12-03
CUST_04373,Amit Patel,Male,Pune,Maharashtra,Tier 1,2024-03-11
CUST_04374,Kavya Patel,Female,Indore,Madhya Pradesh,Tier 2,2024-03-31
CUST_04375,Aarav Singh,Male,Chennai,Tamil Nadu,Tier 1,2024-03-01
CUST_04376,Divya Verma,Female,Bengaluru,Karnataka,Tier 1,2023-09-27
CUST_04377,Kabir Sharma,Male,Patna,Bihar,Tier 3,2023-12-16
CUST_04378,Neha Patel,Female,Chennai,Tamil Nadu,Tier 1,2024-11-25
CUST_04379,Aarav Gupta,Male,Chennai,Tamil Nadu,Tier 1,2024-06-03
CUST_04380,Ishita Sharma,Female,Chandigarh,Punjab,Tier 2,2024-11-18
CUST_04381,Aarav Patel,Male,Varanasi,Uttar Pradesh,Tier 3,2023-08-14
CUST_04382,Vikram Verma,Male,Kochi,Kerala,Tier 2,2024-05-03
CUST_04383,Vikram Verma,Male,Lucknow,Uttar Pradesh,Tier 2,2024-11-04
CUST_04384,Vikram Singh,Male,Chandigarh,Punjab,Tier 2,2024-09-08
CUST_04385,Sneha Nair,Female,Bengaluru,Karnataka,Tier 1,2024-11-04
CUST_04386,Aarav Gupta,Male,Delhi,Delhi,Tier 1,2024-10-22
CUST_04387,Aditya Reddy,Male,Jaipur,Rajasthan,Tier 2,2023-10-28
CUST_04388,Aditya Iyer,Male,Kochi,Kerala,Tier 2,2024-08-29
CUST_04389,Pooja Gupta,Female,Jaipur,Rajasthan,Tier 2,2024-04-22
CUST_04390,Ishita Kumar,Female,Ranchi,Jharkhand,Tier 3,2024-06-16
CUST_04391,Ananya Nair,Female,Lucknow,Uttar Pradesh,Tier 2,2023-06-01
CUST_04392,Divya Gupta,Female,Jaipur,Rajasthan,Tier 2,2024-04-01
CUST_04393,Sneha Nair,Female,Ahmedabad,Gujarat,Tier 2,2024-08-13
CUST_04394,Arjun Verma,Male,Chandigarh,Punjab,Tier 2,2024-05-05
CUST_04395,Neha Mehta,Female,Delhi,Delhi,Tier 1,2024-06-15
CUST_04396,Ananya Verma,Female,Mumbai,Maharashtra,Tier 1,2024-08-28
CUST_04397,Priya Mehta,Female,Pune,Maharashtra,Tier 1,2023-08-10
CUST_04398,Divya Nair,Female,Delhi,Delhi,Tier 1,2024-01-12
CUST_04399,Amit Singh,Male,Chennai,Tamil Nadu,Tier 1,2024-07-13
CUST_04400,Varun Gupta,Male,Delhi,Delhi,Tier 1,2024-09-13
CUST_04401,Sneha Kumar,Female,Varanasi,Uttar Pradesh,Tier 3,2024-11-26
CUST_04402,Sneha Mehta,Female,Indore,Madhya Pradesh,Tier 2,2023-11-26
CUST_04403,Vikram Nair,Male,Bengaluru,Karnataka,Tier 1,2024-03-07
CUST_04404,Kunal Patel,Male,Chennai,Tamil Nadu,Tier 1,2024-05-04
CUST_04405,Pooja Gupta,Female,Indore,Madhya Pradesh,Tier 2,2024-11-29
CUST_04406,Kavya Reddy,Female,Pune,Maharashtra,Tier 1,2023-06-30
CUST_04407,Sneha Reddy,Female,Chandigarh,Punjab,Tier 2,2023-06-16
CUST_04408,Vikram Patel,Male,Bengaluru,Karnataka,Tier 1,2024-01-31
CUST_04409,Aditya Patel,Male,Indore,Madhya Pradesh,Tier 2,2024-03-25
CUST_04410,Sneha Mehta,Female,Patna,Bihar,Tier 3,2024-12-02
CUST_04411,Amit Gupta,Male,Delhi,Delhi,Tier 1,2023-06-21
CUST_04412,Varun Gupta,Male,Chennai,Tamil Nadu,Tier 1,2023-09-01
CUST_04413,Sneha Verma,Female,Lucknow,Uttar Pradesh,Tier 2,2023-10-21
CUST_04414,Aarav Singh,Male,Hyderabad,Telangana,Tier 1,2023-11-29
CUST_04415,Kabir Mehta,Male,Chandigarh,Punjab,Tier 2,2024-06-26
CUST_04416,Kunal Sharma,Male,Mumbai,Maharashtra,Tier 1,2024-05-29
CUST_04417,Aditya Verma,Male,Guwahati,Assam,Tier 3,2023-11-08
CUST_04418,Vikram Nair,Male,Indore,Madhya Pradesh,Tier 2,2023-06-08
CUST_04419,Rahul Sharma,Male,Chennai,Tamil Nadu,Tier 1,2023-07-20
CUST_04420,Varun Mehta,Male,Lucknow,Uttar Pradesh,Tier 2,2024-06-17
CUST_04421,Kunal Iyer,Male,Ahmedabad,Gujarat,Tier 2,2023-08-03
CUST_04422,Aarav Sharma,Male,Pune,Maharashtra,Tier 1,2024-05-15
CUST_04423,Priya Gupta,Female,Delhi,Delhi,Tier 1,2024-06-20
CUST_04424,Neha Verma,Female,Indore,Madhya Pradesh,Tier 2,2024-05-28
CUST_04425,Ananya Reddy,Female,Ahmedabad,Gujarat,Tier 2,2023-10-25
CUST_04426,Aarav Singh,Male,Indore,Madhya Pradesh,Tier 2,2024-01-09
CUST_04427,Aditya Verma,Male,Dehradun,Uttarakhand,Tier 3,2024-09-22
CUST_04428,Ishita Verma,Female,Hyderabad,Telangana,Tier 1,2024-03-23
CUST_04429,Riya Mehta,Female,Chennai,Tamil Nadu,Tier 1,2023-09-30
CUST_04430,Kavya Mehta,Female,Kochi,Kerala,Tier 2,2023-09-15
CUST_04431,Kunal Reddy,Male,Hyderabad,Telangana,Tier 1,2024-08-12
CUST_04432,Ananya Kumar,Female,Hyderabad,Telangana,Tier 1,2024-08-02
CUST_04433,Rahul Sharma,Male,Lucknow,Uttar Pradesh,Tier 2,2023-08-28
CUST_04434,Neha Nair,Female,Chennai,Tamil Nadu,Tier 1,2023-08-15
CUST_04435,Rahul Patel,Male,Chennai,Tamil Nadu,Tier 1,2023-09-25
CUST_04436,Neha Nair,Female,Chandigarh,Punjab,Tier 2,2023-06-25
CUST_04437,Neha Gupta,Female,Mumbai,Maharashtra,Tier 1,2023-10-17
CUST_04438,Aditya Reddy,Male,Delhi,Delhi,Tier 1,2023-11-07
CUST_04439,Rahul Gupta,Male,Guwahati,Assam,Tier 3,2024-03-18
CUST_04440,Tanvi Mehta,Female,Varanasi,Uttar Pradesh,Tier 3,2023-08-25
CUST_04441,Sneha Iyer,Female,Bengaluru,Karnataka,Tier 1,2023-07-12
CUST_04442,Aditya Reddy,Male,Bhopal,Madhya Pradesh,Tier 3,2024-12-02
CUST_04443,Aditya Verma,Male,Delhi,Delhi,Tier 1,2024-08-21
CUST_04444,Divya Nair,Female,Ranchi,Jharkhand,Tier 3,2023-12-31
CUST_04445,Kunal Nair,Male,Jaipur,Rajasthan,Tier 2,2024-10-15
CUST_04446,Kunal Gupta,Male,Bengaluru,Karnataka,Tier 1,2024-05-15
CUST_04447,Amit Patel,Male,Bengaluru,Karnataka,Tier 1,2024-03-08
CUST_04448,Arjun Kumar,Male,Hyderabad,Telangana,Tier 1,2024-07-07
CUST_04449,Sneha Gupta,Female,Mumbai,Maharashtra,Tier 1,2024-06-12
CUST_04450,Rahul Reddy,Male,Delhi,Delhi,Tier 1,2024-04-19
CUST_04451,Pooja Mehta,Female,Indore,Madhya Pradesh,Tier 2,2024-07-06
CUST_04452,Tanvi Iyer,Female,Chandigarh,Punjab,Tier 2,2024-02-22
CUST_04453,Ishita Singh,Female,Lucknow,Uttar Pradesh,Tier 2,2023-11-16
CUST_04454,Divya Singh,Female,Jaipur,Rajasthan,Tier 2,2023-06-23
CUST_04455,Tanvi Patel,Female,Hyderabad,Telangana,Tier 1,2023-10-11
CUST_04456,Kavya Gupta,Female,Indore,Madhya Pradesh,Tier 2,2023-09-21
CUST_04457,Aarav Gupta,Male,Chandigarh,Punjab,Tier 2,2024-08-01
CUST_04458,Sneha Iyer,Female,Dehradun,Uttarakhand,Tier 3,2024-04-23
CUST_04459,Varun Reddy,Male,Lucknow,Uttar Pradesh,Tier 2,2024-02-19
CUST_04460,Sneha Verma,Female,Bengaluru,Karnataka,Tier 1,2024-04-04
CUST_04461,Kavya Sharma,Female,Mumbai,Maharashtra,Tier 1,2024-03-26
CUST_04462,Neha Nair,Female,Dehradun,Uttarakhand,Tier 3,2023-06-07
CUST_04463,Kavya Reddy,Female,Chandigarh,Punjab,Tier 2,2023-10-19
CUST_04464,Priya Nair,Female,Chennai,Tamil Nadu,Tier 1,2023-07-24
CUST_04465,Ananya Mehta,Female,Pune,Maharashtra,Tier 1,2024-11-24
CUST_04466,Rohan Singh,Male,Kochi,Kerala,Tier 2,2023-10-26
CUST_04467,Aditya Reddy,Male,Lucknow,Uttar Pradesh,Tier 2,2023-07-28
CUST_04468,Kavya Verma,Female,Chandigarh,Punjab,Tier 2,2024-10-12
CUST_04469,Neha Sharma,Female,Hyderabad,Telangana,Tier 1,2024-01-11
CUST_04470,Amit Gupta,Male,Bengaluru,Karnataka,Tier 1,2023-08-08
CUST_04471,Rahul Sharma,Male,Varanasi,Uttar Pradesh,Tier 3,2024-11-12
CUST_04472,Ishita Singh,Female,Delhi,Delhi,Tier 1,2023-12-26
CUST_04473,Aditya Gupta,Male,Dehradun,Uttarakhand,Tier 3,2024-06-25
CUST_04474,Amit Patel,Male,Dehradun,Uttarakhand,Tier 3,2024-07-20
CUST_04475,Priya Mehta,Female,Delhi,Delhi,Tier 1,2024-02-15
CUST_04476,Tanvi Iyer,Female,Pune,Maharashtra,Tier 1,2024-06-14
CUST_04477,Riya Iyer,Female,Jaipur,Rajasthan,Tier 2,2023-09-25
CUST_04478,Rahul Singh,Male,Jaipur,Rajasthan,Tier 2,2024-01-07
CUST_04479,Ananya Sharma,Female,Delhi,Delhi,Tier 1,2024-03-25
CUST_04480,Priya Reddy,Female,Pune,Maharashtra,Tier 1,2023-08-01
CUST_04481,Aditya Nair,Male,Ahmedabad,Gujarat,Tier 2,2023-07-07
CUST_04482,Riya Verma,Female,Bengaluru,Karnataka,Tier 1,2024-03-05
CUST_04483,Rohan Kumar,Male,Pune,Maharashtra,Tier 1,2024-05-14
CUST_04484,Aditya Kumar,Male,Chennai,Tamil Nadu,Tier 1,2023-09-14
CUST_04485,Ishita Mehta,Female,Chandigarh,Punjab,Tier 2,2024-04-23
CUST_04486,Ishita Sharma,Female,Pune,Maharashtra,Tier 1,2023-06-13
CUST_04487,Arjun Nair,Male,Ranchi,Jharkhand,Tier 3,2024-03-15
CUST_04488,Priya Reddy,Female,Ranchi,Jharkhand,Tier 3,2024-02-24
CUST_04489,Rohan Iyer,Male,Hyderabad,Telangana,Tier 1,2023-09-14
CUST_04490,Divya Nair,Female,Kochi,Kerala,Tier 2,2023-12-27
CUST_04491,Priya Gupta,Female,Delhi,Delhi,Tier 1,2024-11-10
CUST_04492,Tanvi Nair,Female,Varanasi,Uttar Pradesh,Tier 3,2023-08-27
CUST_04493,Tanvi Reddy,Female,Chennai,Tamil Nadu,Tier 1,2024-11-15
CUST_04494,Aditya Patel,Male,Hyderabad,Telangana,Tier 1,2023-07-13
CUST_04495,Ananya Kumar,Female,Guwahati,Assam,Tier 3,2023-12-30
CUST_04496,Pooja Singh,Female,Pune,Maharashtra,Tier 1,2023-08-08
CUST_04497,Tanvi Kumar,Female,Mumbai,Maharashtra,Tier 1,2024-06-13
CUST_04498,Kabir Mehta,Male,Guwahati,Assam,Tier 3,2024-11-03
CUST_04499,Vikram Patel,Male,Chennai,Tamil Nadu,Tier 1,2023-10-24
CUST_04500,Kunal Reddy,Male,Bengaluru,Karnataka,Tier 1,2023-08-08
CUST_04501,Ishita Singh,Female,Ranchi,Jharkhand,Tier 3,2024-10-09
CUST_04502,Aarav Mehta,Male,Pune,Maharashtra,Tier 1,2024-05-15
CUST_04503,Rahul Reddy,Male,Hyderabad,Telangana,Tier 1,2024-08-14
CUST_04504,Vikram Kumar,Male,Delhi,Delhi,Tier 1,2023-08-02
CUST_04505,Kabir Patel,Male,Patna,Bihar,Tier 3,2024-04-03
CUST_04506,Priya Mehta,Female,Pune,Maharashtra,Tier 1,2024-09-21
CUST_04507,Aarav Nair,Male,Ranchi,Jharkhand,Tier 3,2023-10-07
CUST_04508,Kunal Mehta,Male,Kochi,Kerala,Tier 2,2023-11-18
CUST_04509,Neha Reddy,Female,Kochi,Kerala,Tier 2,2023-09-27
CUST_04510,Amit Singh,Male,Mumbai,Maharashtra,Tier 1,2024-10-05
CUST_04511,Pooja Sharma,Female,Jaipur,Rajasthan,Tier 2,2023-06-09
CUST_04512,Priya Patel,Female,Mumbai,Maharashtra,Tier 1,2024-03-12
CUST_04513,Aditya Singh,Male,Chandigarh,Punjab,Tier 2,2024-01-08
CUST_04514,Kabir Reddy,Male,Dehradun,Uttarakhand,Tier 3,2024-08-31
CUST_04515,Priya Iyer,Female,Dehradun,Uttarakhand,Tier 3,2024-08-11
CUST_04516,Varun Iyer,Male,Jaipur,Rajasthan,Tier 2,2024-06-20
CUST_04517,Divya Gupta,Female,Hyderabad,Telangana,Tier 1,2024-07-17
CUST_04518,Tanvi Singh,Female,Pune,Maharashtra,Tier 1,2024-06-21
CUST_04519,Aditya Singh,Male,Jaipur,Rajasthan,Tier 2,2023-06-18
CUST_04520,Sneha Patel,Female,Patna,Bihar,Tier 3,2023-10-20
CUST_04521,Kavya Mehta,Female,Ahmedabad,Gujarat,Tier 2,2023-12-23
CUST_04522,Rahul Verma,Male,Indore,Madhya Pradesh,Tier 2,2024-02-05
CUST_04523,Kunal Sharma,Male,Delhi,Delhi,Tier 1,2024-10-02
CUST_04524,Arjun Sharma,Male,Indore,Madhya Pradesh,Tier 2,2024-10-17
CUST_04525,Rohan Kumar,Male,Chennai,Tamil Nadu,Tier 1,2023-09-07
CUST_04526,Rohan Gupta,Male,Lucknow,Uttar Pradesh,Tier 2,2024-08-03
CUST_04527,Aarav Nair,Male,Hyderabad,Telangana,Tier 1,2024-05-23
CUST_04528,Vikram Reddy,Male,Guwahati,Assam,Tier 3,2024-09-09
CUST_04529,Aditya Kumar,Male,Pune,Maharashtra,Tier 1,2023-12-29
CUST_04530,Neha Verma,Female,Jaipur,Rajasthan,Tier 2,2024-03-17
CUST_04531,Neha Iyer,Female,Delhi,Delhi,Tier 1,2024-06-28
CUST_04532,Amit Gupta,Male,Ranchi,Jharkhand,Tier 3,2024-03-17
CUST_04533,Rahul Sharma,Male,Varanasi,Uttar Pradesh,Tier 3,2024-10-19
CUST_04534,Arjun Gupta,Male,Pune,Maharashtra,Tier 1,2023-10-24
CUST_04535,Tanvi Nair,Female,Pune,Maharashtra,Tier 1,2023-11-18
CUST_04536,Sneha Singh,Female,Bengaluru,Karnataka,Tier 1,2023-10-23
CUST_04537,Amit Gupta,Male,Jaipur,Rajasthan,Tier 2,2024-04-07
CUST_04538,Ananya Kumar,Female,Bengaluru,Karnataka,Tier 1,2024-05-12
CUST_04539,Pooja Patel,Female,Jaipur,Rajasthan,Tier 2,2024-07-15
CUST_04540,Aarav Mehta,Male,Patna,Bihar,Tier 3,2024-08-04
CUST_04541,Arjun Iyer,Male,Lucknow,Uttar Pradesh,Tier 2,2023-06-14
CUST_04542,Aarav Sharma,Male,Ahmedabad,Gujarat,Tier 2,2023-07-24
CUST_04543,Rohan Nair,Male,Bengaluru,Karnataka,Tier 1,2023-06-04
CUST_04544,Ishita Sharma,Female,Chennai,Tamil Nadu,Tier 1,2024-01-23
CUST_04545,Riya Verma,Female,Pune,Maharashtra,Tier 1,2023-12-02
CUST_04546,Varun Mehta,Male,Delhi,Delhi,Tier 1,2024-01-12
CUST_04547,Tanvi Gupta,Female,Hyderabad,Telangana,Tier 1,2024-07-08
CUST_04548,Amit Sharma,Male,Jaipur,Rajasthan,Tier 2,2023-10-22
CUST_04549,Arjun Nair,Male,Pune,Maharashtra,Tier 1,2024-04-06
CUST_04550,Riya Reddy,Female,Patna,Bihar,Tier 3,2024-01-12
CUST_04551,Rohan Sharma,Male,Dehradun,Uttarakhand,Tier 3,2024-01-04
CUST_04552,Aarav Iyer,Male,Mumbai,Maharashtra,Tier 1,2024-09-01
CUST_04553,Sneha Verma,Female,Jaipur,Rajasthan,Tier 2,2024-04-11
CUST_04554,Arjun Iyer,Male,Hyderabad,Telangana,Tier 1,2024-05-30
CUST_04555,Rohan Gupta,Male,Ranchi,Jharkhand,Tier 3,2024-10-03
CUST_04556,Amit Reddy,Male,Lucknow,Uttar Pradesh,Tier 2,2024-11-25
CUST_04557,Arjun Mehta,Male,Pune,Maharashtra,Tier 1,2024-06-01
CUST_04558,Rohan Gupta,Male,Dehradun,Uttarakhand,Tier 3,2023-11-13
CUST_04559,Tanvi Patel,Female,Lucknow,Uttar Pradesh,Tier 2,2024-08-09
CUST_04560,Tanvi Reddy,Female,Kochi,Kerala,Tier 2,2024-11-09
CUST_04561,Varun Mehta,Male,Hyderabad,Telangana,Tier 1,2023-08-27
CUST_04562,Kavya Patel,Female,Chennai,Tamil Nadu,Tier 1,2024-12-02
CUST_04563,Kunal Singh,Male,Lucknow,Uttar Pradesh,Tier 2,2024-04-21
CUST_04564,Rahul Kumar,Male,Hyderabad,Telangana,Tier 1,2024-10-04
CUST_04565,Sneha Gupta,Female,Pune,Maharashtra,Tier 1,2024-10-20
CUST_04566,Riya Sharma,Female,Lucknow,Uttar Pradesh,Tier 2,2024-06-13
CUST_04567,Kabir Sharma,Male,Dehradun,Uttarakhand,Tier 3,2024-03-24
CUST_04568,Kunal Verma,Male,Ranchi,Jharkhand,Tier 3,2024-05-03
CUST_04569,Ishita Iyer,Female,Bengaluru,Karnataka,Tier 1,2023-10-21
CUST_04570,Tanvi Kumar,Female,Guwahati,Assam,Tier 3,2024-11-27
CUST_04571,Priya Verma,Female,Patna,Bihar,Tier 3,2024-11-20
CUST_04572,Ananya Sharma,Female,Patna,Bihar,Tier 3,2023-07-15
CUST_04573,Varun Patel,Male,Pune,Maharashtra,Tier 1,2023-12-03
CUST_04574,Ishita Reddy,Female,Hyderabad,Telangana,Tier 1,2023-07-21
CUST_04575,Aarav Patel,Male,Jaipur,Rajasthan,Tier 2,2023-10-05
CUST_04576,Rahul Kumar,Male,Jaipur,Rajasthan,Tier 2,2024-11-01
CUST_04577,Ananya Reddy,Female,Pune,Maharashtra,Tier 1,2023-06-24
CUST_04578,Divya Kumar,Female,Mumbai,Maharashtra,Tier 1,2023-11-13
CUST_04579,Aditya Gupta,Male,Jaipur,Rajasthan,Tier 2,2023-06-17
CUST_04580,Sneha Sharma,Female,Hyderabad,Telangana,Tier 1,2023-12-18
CUST_04581,Rahul Singh,Male,Chandigarh,Punjab,Tier 2,2024-08-07
CUST_04582,Vikram Iyer,Male,Lucknow,Uttar Pradesh,Tier 2,2024-09-23
CUST_04583,Ananya Kumar,Female,Kochi,Kerala,Tier 2,2023-09-03
CUST_04584,Riya Gupta,Female,Guwahati,Assam,Tier 3,2024-06-11
CUST_04585,Neha Singh,Female,Hyderabad,Telangana,Tier 1,2024-10-17
CUST_04586,Kabir Singh,Male,Delhi,Delhi,Tier 1,2024-01-11
CUST_04587,Kavya Verma,Female,Chennai,Tamil Nadu,Tier 1,2024-08-13
CUST_04588,Kavya Nair,Female,Chennai,Tamil Nadu,Tier 1,2024-03-01
CUST_04589,Vikram Nair,Male,Lucknow,Uttar Pradesh,Tier 2,2024-05-27
CUST_04590,Sneha Gupta,Female,Bhopal,Madhya Pradesh,Tier 3,2024-08-18
CUST_04591,Riya Nair,Female,Mumbai,Maharashtra,Tier 1,2023-07-01
CUST_04592,Neha Kumar,Female,Jaipur,Rajasthan,Tier 2,2024-11-02
CUST_04593,Pooja Patel,Female,Kochi,Kerala,Tier 2,2024-07-23
CUST_04594,Vikram Singh,Male,Chennai,Tamil Nadu,Tier 1,2024-08-14
CUST_04595,Ishita Sharma,Female,Chennai,Tamil Nadu,Tier 1,2024-04-08
CUST_04596,Ananya Kumar,Female,Varanasi,Uttar Pradesh,Tier 3,2023-11-27
CUST_04597,Tanvi Reddy,Female,Bengaluru,Karnataka,Tier 1,2023-07-23
CUST_04598,Pooja Singh,Female,Pune,Maharashtra,Tier 1,2023-12-18
CUST_04599,Kunal Reddy,Male,Chennai,Tamil Nadu,Tier 1,2024-10-14
CUST_04600,Varun Kumar,Male,Delhi,Delhi,Tier 1,2023-06-05
CUST_04601,Amit Sharma,Male,Mumbai,Maharashtra,Tier 1,2024-05-09
CUST_04602,Priya Kumar,Female,Mumbai,Maharashtra,Tier 1,2023-06-05
CUST_04603,Kavya Sharma,Female,Ahmedabad,Gujarat,Tier 2,2023-09-05
CUST_04604,Pooja Kumar,Female,Bengaluru,Karnataka,Tier 1,2023-10-21
CUST_04605,Divya Singh,Female,Kochi,Kerala,Tier 2,2024-01-25
CUST_04606,Kunal Iyer,Male,Patna,Bihar,Tier 3,2023-12-10
CUST_04607,Rohan Verma,Male,Chennai,Tamil Nadu,Tier 1,2024-05-27
CUST_04608,Vikram Patel,Male,Mumbai,Maharashtra,Tier 1,2024-09-14
CUST_04609,Sneha Nair,Female,Chennai,Tamil Nadu,Tier 1,2024-06-24
CUST_04610,Kabir Verma,Male,Ahmedabad,Gujarat,Tier 2,2024-06-07
CUST_04611,Pooja Nair,Female,Chennai,Tamil Nadu,Tier 1,2024-05-24
CUST_04612,Riya Kumar,Female,Patna,Bihar,Tier 3,2024-08-15
CUST_04613,Varun Verma,Male,Indore,Madhya Pradesh,Tier 2,2023-09-05
CUST_04614,Kunal Singh,Male,Delhi,Delhi,Tier 1,2024-04-16
CUST_04615,Kunal Sharma,Male,Ranchi,Jharkhand,Tier 3,2023-10-17
CUST_04616,Sneha Nair,Female,Ranchi,Jharkhand,Tier 3,2024-09-09
CUST_04617,Aditya Reddy,Male,Bengaluru,Karnataka,Tier 1,2023-10-22
CUST_04618,Kabir Reddy,Male,Hyderabad,Telangana,Tier 1,2023-11-18
CUST_04619,Riya Verma,Female,Hyderabad,Telangana,Tier 1,2023-06-30
CUST_04620,Ishita Verma,Female,Kochi,Kerala,Tier 2,2024-08-26
CUST_04621,Sneha Sharma,Female,Jaipur,Rajasthan,Tier 2,2024-08-08
CUST_04622,Rohan Iyer,Male,Bhopal,Madhya Pradesh,Tier 3,2023-06-21
CUST_04623,Varun Iyer,Male,Bengaluru,Karnataka,Tier 1,2024-08-20
CUST_04624,Ananya Singh,Female,Chennai,Tamil Nadu,Tier 1,2024-05-03
CUST_04625,Rahul Gupta,Male,Chennai,Tamil Nadu,Tier 1,2023-09-11
CUST_04626,Aditya Singh,Male,Ahmedabad,Gujarat,Tier 2,2024-11-25
CUST_04627,Vikram Nair,Male,Bengaluru,Karnataka,Tier 1,2024-03-25
CUST_04628,Aarav Patel,Male,Mumbai,Maharashtra,Tier 1,2024-07-15
CUST_04629,Kavya Sharma,Female,Bhopal,Madhya Pradesh,Tier 3,2023-11-27
CUST_04630,Rohan Mehta,Male,Hyderabad,Telangana,Tier 1,2024-06-05
CUST_04631,Neha Gupta,Female,Ahmedabad,Gujarat,Tier 2,2023-08-05
CUST_04632,Kabir Singh,Male,Kochi,Kerala,Tier 2,2024-03-19
CUST_04633,Pooja Verma,Female,Kochi,Kerala,Tier 2,2023-12-25
CUST_04634,Pooja Gupta,Female,Patna,Bihar,Tier 3,2024-01-17
CUST_04635,Aarav Patel,Male,Ahmedabad,Gujarat,Tier 2,2024-10-08
CUST_04636,Priya Verma,Female,Hyderabad,Telangana,Tier 1,2023-10-29
CUST_04637,Kunal Iyer,Male,Delhi,Delhi,Tier 1,2023-08-05
CUST_04638,Pooja Patel,Female,Chandigarh,Punjab,Tier 2,2023-10-23
CUST_04639,Aarav Nair,Male,Ahmedabad,Gujarat,Tier 2,2023-11-07
CUST_04640,Rohan Iyer,Male,Chandigarh,Punjab,Tier 2,2023-08-17
CUST_04641,Neha Mehta,Female,Chandigarh,Punjab,Tier 2,2024-10-08
CUST_04642,Aarav Kumar,Male,Pune,Maharashtra,Tier 1,2024-09-05
CUST_04643,Ananya Reddy,Female,Indore,Madhya Pradesh,Tier 2,2023-08-22
CUST_04644,Pooja Sharma,Female,Delhi,Delhi,Tier 1,2023-07-23
CUST_04645,Rahul Sharma,Male,Chennai,Tamil Nadu,Tier 1,2024-06-21
CUST_04646,Amit Reddy,Male,Jaipur,Rajasthan,Tier 2,2024-01-05
CUST_04647,Kavya Sharma,Female,Delhi,Delhi,Tier 1,2024-10-28
CUST_04648,Neha Gupta,Female,Chennai,Tamil Nadu,Tier 1,2023-07-19
CUST_04649,Ananya Iyer,Female,Lucknow,Uttar Pradesh,Tier 2,2024-03-06
CUST_04650,Neha Kumar,Female,Bengaluru,Karnataka,Tier 1,2024-12-01
CUST_04651,Aditya Gupta,Male,Jaipur,Rajasthan,Tier 2,2023-07-16
CUST_04652,Aditya Nair,Male,Chandigarh,Punjab,Tier 2,2023-11-24
CUST_04653,Aarav Kumar,Male,Mumbai,Maharashtra,Tier 1,2024-03-14
CUST_04654,Ananya Verma,Female,Lucknow,Uttar Pradesh,Tier 2,2023-10-31
CUST_04655,Rohan Mehta,Male,Ahmedabad,Gujarat,Tier 2,2023-11-21
CUST_04656,Pooja Patel,Female,Pune,Maharashtra,Tier 1,2023-12-19
CUST_04657,Arjun Nair,Male,Chennai,Tamil Nadu,Tier 1,2024-07-25
CUST_04658,Arjun Sharma,Male,Pune,Maharashtra,Tier 1,2023-08-28
CUST_04659,Pooja Gupta,Female,Chandigarh,Punjab,Tier 2,2024-11-04
CUST_04660,Neha Gupta,Female,Jaipur,Rajasthan,Tier 2,2023-07-14
CUST_04661,Kabir Patel,Male,Chennai,Tamil Nadu,Tier 1,2023-09-11
CUST_04662,Kunal Sharma,Male,Chandigarh,Punjab,Tier 2,2024-02-03
CUST_04663,Ishita Kumar,Female,Varanasi,Uttar Pradesh,Tier 3,2024-11-27
CUST_04664,Priya Patel,Female,Bengaluru,Karnataka,Tier 1,2024-11-23
CUST_04665,Priya Verma,Female,Guwahati,Assam,Tier 3,2023-08-22
CUST_04666,Riya Kumar,Female,Delhi,Delhi,Tier 1,2024-08-04
CUST_04667,Sneha Iyer,Female,Delhi,Delhi,Tier 1,2024-07-03
CUST_04668,Varun Patel,Male,Chandigarh,Punjab,Tier 2,2023-08-20
CUST_04669,Kunal Reddy,Male,Jaipur,Rajasthan,Tier 2,2024-10-26
CUST_04670,Sneha Gupta,Female,Delhi,Delhi,Tier 1,2024-07-15
CUST_04671,Rahul Gupta,Male,Chandigarh,Punjab,Tier 2,2024-08-25
CUST_04672,Aarav Kumar,Male,Mumbai,Maharashtra,Tier 1,2024-09-12
CUST_04673,Aditya Nair,Male,Guwahati,Assam,Tier 3,2024-10-02
CUST_04674,Ananya Patel,Female,Lucknow,Uttar Pradesh,Tier 2,2024-03-22
CUST_04675,Priya Singh,Female,Hyderabad,Telangana,Tier 1,2024-06-25
CUST_04676,Kunal Gupta,Male,Mumbai,Maharashtra,Tier 1,2023-06-01
CUST_04677,Priya Verma,Female,Ranchi,Jharkhand,Tier 3,2023-09-08
CUST_04678,Sneha Verma,Female,Delhi,Delhi,Tier 1,2024-11-05
CUST_04679,Rohan Iyer,Male,Pune,Maharashtra,Tier 1,2024-08-05
CUST_04680,Arjun Singh,Male,Indore,Madhya Pradesh,Tier 2,2024-07-02
CUST_04681,Tanvi Nair,Female,Ranchi,Jharkhand,Tier 3,2024-11-04
CUST_04682,Ananya Mehta,Female,Pune,Maharashtra,Tier 1,2024-01-23
CUST_04683,Aarav Singh,Male,Chandigarh,Punjab,Tier 2,2024-01-20
CUST_04684,Pooja Verma,Female,Ahmedabad,Gujarat,Tier 2,2023-12-03
CUST_04685,Varun Verma,Male,Lucknow,Uttar Pradesh,Tier 2,2024-10-07
CUST_04686,Arjun Kumar,Male,Indore,Madhya Pradesh,Tier 2,2023-08-05
CUST_04687,Vikram Sharma,Male,Chennai,Tamil Nadu,Tier 1,2023-10-27
CUST_04688,Rohan Nair,Male,Lucknow,Uttar Pradesh,Tier 2,2024-11-07
CUST_04689,Vikram Reddy,Male,Mumbai,Maharashtra,Tier 1,2023-06-21
CUST_04690,Amit Verma,Male,Pune,Maharashtra,Tier 1,2024-07-15
CUST_04691,Kunal Kumar,Male,Ahmedabad,Gujarat,Tier 2,2024-11-15
CUST_04692,Divya Reddy,Female,Guwahati,Assam,Tier 3,2024-09-02
CUST_04693,Kabir Patel,Male,Bhopal,Madhya Pradesh,Tier 3,2023-09-18
CUST_04694,Priya Verma,Female,Hyderabad,Telangana,Tier 1,2024-05-09
CUST_04695,Kavya Nair,Female,Ahmedabad,Gujarat,Tier 2,2024-11-29
CUST_04696,Aarav Gupta,Male,Mumbai,Maharashtra,Tier 1,2024-04-16
CUST_04697,Pooja Verma,Female,Bhopal,Madhya Pradesh,Tier 3,2023-09-05
CUST_04698,Varun Reddy,Male,Patna,Bihar,Tier 3,2024-05-26
CUST_04699,Sneha Gupta,Female,Pune,Maharashtra,Tier 1,2024-04-08
CUST_04700,Pooja Reddy,Female,Guwahati,Assam,Tier 3,2023-08-12
CUST_04701,Varun Mehta,Male,Kochi,Kerala,Tier 2,2023-07-25
CUST_04702,Ishita Patel,Female,Jaipur,Rajasthan,Tier 2,2023-12-30
CUST_04703,Kunal Verma,Male,Hyderabad,Telangana,Tier 1,2024-05-22
CUST_04704,Rahul Verma,Male,Chennai,Tamil Nadu,Tier 1,2023-12-17
CUST_04705,Priya Mehta,Female,Pune,Maharashtra,Tier 1,2024-11-21
CUST_04706,Riya Iyer,Female,Bengaluru,Karnataka,Tier 1,2024-04-13
CUST_04707,Aditya Reddy,Male,Ahmedabad,Gujarat,Tier 2,2024-05-31
CUST_04708,Kavya Nair,Female,Ahmedabad,Gujarat,Tier 2,2024-01-17
CUST_04709,Tanvi Mehta,Female,Ahmedabad,Gujarat,Tier 2,2023-10-05
CUST_04710,Kunal Singh,Male,Bhopal,Madhya Pradesh,Tier 3,2023-11-05
CUST_04711,Kabir Kumar,Male,Delhi,Delhi,Tier 1,2023-08-11
CUST_04712,Kabir Nair,Male,Varanasi,Uttar Pradesh,Tier 3,2024-02-16
CUST_04713,Tanvi Patel,Female,Varanasi,Uttar Pradesh,Tier 3,2023-12-04
CUST_04714,Arjun Sharma,Male,Pune,Maharashtra,Tier 1,2024-07-09
CUST_04715,Varun Iyer,Male,Delhi,Delhi,Tier 1,2023-09-09
CUST_04716,Amit Singh,Male,Bengaluru,Karnataka,Tier 1,2024-04-17
CUST_04717,Pooja Sharma,Female,Jaipur,Rajasthan,Tier 2,2024-09-24
CUST_04718,Ishita Kumar,Female,Ahmedabad,Gujarat,Tier 2,2023-07-18
CUST_04719,Riya Kumar,Female,Guwahati,Assam,Tier 3,2024-09-18
CUST_04720,Vikram Sharma,Male,Kochi,Kerala,Tier 2,2023-11-28
CUST_04721,Kunal Reddy,Male,Lucknow,Uttar Pradesh,Tier 2,2024-05-02
CUST_04722,Arjun Gupta,Male,Jaipur,Rajasthan,Tier 2,2023-12-29
CUST_04723,Varun Reddy,Male,Hyderabad,Telangana,Tier 1,2024-09-06
CUST_04724,Kunal Patel,Male,Chennai,Tamil Nadu,Tier 1,2024-01-18
CUST_04725,Ananya Patel,Female,Chennai,Tamil Nadu,Tier 1,2023-11-23
CUST_04726,Vikram Verma,Male,Ahmedabad,Gujarat,Tier 2,2024-01-22
CUST_04727,Arjun Mehta,Male,Mumbai,Maharashtra,Tier 1,2024-08-18
CUST_04728,Riya Sharma,Female,Pune,Maharashtra,Tier 1,2023-09-11
CUST_04729,Riya Singh,Female,Pune,Maharashtra,Tier 1,2024-03-04
CUST_04730,Aarav Patel,Male,Lucknow,Uttar Pradesh,Tier 2,2024-06-11
CUST_04731,Varun Singh,Male,Delhi,Delhi,Tier 1,2023-09-02
CUST_04732,Amit Gupta,Male,Indore,Madhya Pradesh,Tier 2,2024-07-31
CUST_04733,Ananya Iyer,Female,Patna,Bihar,Tier 3,2023-09-14
CUST_04734,Neha Kumar,Female,Pune,Maharashtra,Tier 1,2023-08-06
CUST_04735,Kunal Sharma,Male,Chennai,Tamil Nadu,Tier 1,2023-10-16
CUST_04736,Kavya Verma,Female,Ahmedabad,Gujarat,Tier 2,2023-07-28
CUST_04737,Arjun Verma,Male,Jaipur,Rajasthan,Tier 2,2023-06-28
CUST_04738,Kabir Gupta,Male,Delhi,Delhi,Tier 1,2023-12-03
CUST_04739,Aarav Patel,Male,Hyderabad,Telangana,Tier 1,2024-06-25
CUST_04740,Divya Gupta,Female,Lucknow,Uttar Pradesh,Tier 2,2024-05-21
CUST_04741,Aditya Nair,Male,Pune,Maharashtra,Tier 1,2024-02-12
CUST_04742,Rohan Nair,Male,Lucknow,Uttar Pradesh,Tier 2,2023-06-17
CUST_04743,Vikram Patel,Male,Chennai,Tamil Nadu,Tier 1,2023-10-31
CUST_04744,Ananya Gupta,Female,Mumbai,Maharashtra,Tier 1,2024-11-06
CUST_04745,Vikram Gupta,Male,Delhi,Delhi,Tier 1,2024-11-11
CUST_04746,Aditya Singh,Male,Delhi,Delhi,Tier 1,2023-09-13
CUST_04747,Tanvi Iyer,Female,Bengaluru,Karnataka,Tier 1,2024-11-01
CUST_04748,Kavya Singh,Female,Mumbai,Maharashtra,Tier 1,2023-11-28
CUST_04749,Divya Patel,Female,Indore,Madhya Pradesh,Tier 2,2023-06-22
CUST_04750,Riya Mehta,Female,Bengaluru,Karnataka,Tier 1,2024-05-21
CUST_04751,Amit Nair,Male,Patna,Bihar,Tier 3,2024-03-05
CUST_04752,Ananya Mehta,Female,Ahmedabad,Gujarat,Tier 2,2024-08-06
CUST_04753,Kavya Mehta,Female,Bengaluru,Karnataka,Tier 1,2024-09-24
CUST_04754,Kavya Sharma,Female,Bengaluru,Karnataka,Tier 1,2024-11-17
CUST_04755,Aarav Sharma,Male,Ahmedabad,Gujarat,Tier 2,2024-05-14
CUST_04756,Sneha Nair,Female,Chandigarh,Punjab,Tier 2,2024-01-04
CUST_04757,Riya Iyer,Female,Kochi,Kerala,Tier 2,2024-06-21
CUST_04758,Tanvi Reddy,Female,Ahmedabad,Gujarat,Tier 2,2024-02-20
CUST_04759,Ananya Gupta,Female,Chandigarh,Punjab,Tier 2,2023-06-23
CUST_04760,Divya Sharma,Female,Delhi,Delhi,Tier 1,2024-08-24
CUST_04761,Rohan Sharma,Male,Bhopal,Madhya Pradesh,Tier 3,2024-11-18
CUST_04762,Neha Verma,Female,Hyderabad,Telangana,Tier 1,2024-06-02
CUST_04763,Tanvi Kumar,Female,Delhi,Delhi,Tier 1,2023-08-18
CUST_04764,Ananya Verma,Female,Chennai,Tamil Nadu,Tier 1,2024-03-26
CUST_04765,Divya Patel,Female,Chennai,Tamil Nadu,Tier 1,2023-12-30
CUST_04766,Divya Gupta,Female,Indore,Madhya Pradesh,Tier 2,2023-06-20
CUST_04767,Kavya Sharma,Female,Chandigarh,Punjab,Tier 2,2024-07-23
CUST_04768,Kunal Kumar,Male,Mumbai,Maharashtra,Tier 1,2024-02-26
CUST_04769,Amit Gupta,Male,Chennai,Tamil Nadu,Tier 1,2024-12-01
CUST_04770,Kabir Reddy,Male,Bengaluru,Karnataka,Tier 1,2023-10-12
CUST_04771,Ananya Mehta,Female,Kochi,Kerala,Tier 2,2024-10-15
CUST_04772,Sneha Gupta,Female,Patna,Bihar,Tier 3,2024-11-08
CUST_04773,Arjun Mehta,Male,Indore,Madhya Pradesh,Tier 2,2024-02-06
CUST_04774,Ishita Sharma,Female,Lucknow,Uttar Pradesh,Tier 2,2024-04-26
CUST_04775,Pooja Sharma,Female,Jaipur,Rajasthan,Tier 2,2023-06-23
CUST_04776,Rahul Reddy,Male,Chandigarh,Punjab,Tier 2,2024-05-07
CUST_04777,Varun Mehta,Male,Delhi,Delhi,Tier 1,2024-10-28
CUST_04778,Sneha Reddy,Female,Ahmedabad,Gujarat,Tier 2,2024-06-20
CUST_04779,Ananya Mehta,Female,Hyderabad,Telangana,Tier 1,2023-10-29
CUST_04780,Aditya Gupta,Male,Delhi,Delhi,Tier 1,2024-03-15
CUST_04781,Varun Singh,Male,Pune,Maharashtra,Tier 1,2024-06-21
CUST_04782,Aditya Verma,Male,Kochi,Kerala,Tier 2,2023-11-02
CUST_04783,Aditya Kumar,Male,Hyderabad,Telangana,Tier 1,2023-08-30
CUST_04784,Ananya Reddy,Female,Varanasi,Uttar Pradesh,Tier 3,2024-08-31
CUST_04785,Riya Kumar,Female,Chandigarh,Punjab,Tier 2,2023-11-25
CUST_04786,Sneha Gupta,Female,Hyderabad,Telangana,Tier 1,2024-08-29
CUST_04787,Ananya Nair,Female,Ahmedabad,Gujarat,Tier 2,2024-10-13
CUST_04788,Riya Reddy,Female,Patna,Bihar,Tier 3,2024-03-06
CUST_04789,Pooja Singh,Female,Dehradun,Uttarakhand,Tier 3,2024-05-08
CUST_04790,Varun Kumar,Male,Ranchi,Jharkhand,Tier 3,2024-09-13
CUST_04791,Ananya Mehta,Female,Chandigarh,Punjab,Tier 2,2024-08-03
CUST_04792,Riya Sharma,Female,Mumbai,Maharashtra,Tier 1,2023-06-24
CUST_04793,Tanvi Reddy,Female,Delhi,Delhi,Tier 1,2024-08-29
CUST_04794,Pooja Singh,Female,Delhi,Delhi,Tier 1,2024-09-25
CUST_04795,Aditya Sharma,Male,Jaipur,Rajasthan,Tier 2,2023-07-04
CUST_04796,Varun Singh,Male,Chandigarh,Punjab,Tier 2,2024-06-16
CUST_04797,Kavya Nair,Female,Chennai,Tamil Nadu,Tier 1,2024-03-24
CUST_04798,Kavya Mehta,Female,Indore,Madhya Pradesh,Tier 2,2024-08-06
CUST_04799,Pooja Kumar,Female,Bhopal,Madhya Pradesh,Tier 3,2023-10-12
CUST_04800,Tanvi Sharma,Female,Kochi,Kerala,Tier 2,2023-06-14
CUST_04801,Vikram Reddy,Male,Pune,Maharashtra,Tier 1,2023-08-20
CUST_04802,Aarav Mehta,Male,Guwahati,Assam,Tier 3,2024-06-05
CUST_04803,Priya Verma,Female,Ahmedabad,Gujarat,Tier 2,2024-10-26
CUST_04804,Kavya Verma,Female,Bengaluru,Karnataka,Tier 1,2024-04-21
CUST_04805,Kunal Singh,Male,Bengaluru,Karnataka,Tier 1,2024-04-15
CUST_04806,Neha Reddy,Female,Bengaluru,Karnataka,Tier 1,2024-11-04
CUST_04807,Ishita Reddy,Female,Indore,Madhya Pradesh,Tier 2,2024-09-15
CUST_04808,Tanvi Gupta,Female,Lucknow,Uttar Pradesh,Tier 2,2023-06-17
CUST_04809,Sneha Kumar,Female,Pune,Maharashtra,Tier 1,2024-06-18
CUST_04810,Amit Iyer,Male,Chennai,Tamil Nadu,Tier 1,2023-11-16
CUST_04811,Aditya Sharma,Male,Ahmedabad,Gujarat,Tier 2,2023-12-08
CUST_04812,Tanvi Singh,Female,Patna,Bihar,Tier 3,2024-03-11
CUST_04813,Pooja Iyer,Female,Lucknow,Uttar Pradesh,Tier 2,2023-11-07
CUST_04814,Vikram Sharma,Male,Mumbai,Maharashtra,Tier 1,2023-08-30
CUST_04815,Tanvi Sharma,Female,Delhi,Delhi,Tier 1,2024-09-04
CUST_04816,Aditya Nair,Male,Jaipur,Rajasthan,Tier 2,2024-02-15
CUST_04817,Ishita Kumar,Female,Hyderabad,Telangana,Tier 1,2024-04-02
CUST_04818,Sneha Sharma,Female,Pune,Maharashtra,Tier 1,2024-02-24
CUST_04819,Priya Sharma,Female,Dehradun,Uttarakhand,Tier 3,2023-11-18
CUST_04820,Amit Reddy,Male,Indore,Madhya Pradesh,Tier 2,2023-08-24
CUST_04821,Tanvi Singh,Female,Ranchi,Jharkhand,Tier 3,2024-10-03
CUST_04822,Priya Mehta,Female,Mumbai,Maharashtra,Tier 1,2024-06-10
CUST_04823,Amit Mehta,Male,Delhi,Delhi,Tier 1,2024-11-08
CUST_04824,Pooja Singh,Female,Ranchi,Jharkhand,Tier 3,2024-04-21
CUST_04825,Kabir Mehta,Male,Guwahati,Assam,Tier 3,2024-12-02
CUST_04826,Sneha Verma,Female,Ahmedabad,Gujarat,Tier 2,2024-05-01
CUST_04827,Divya Iyer,Female,Pune,Maharashtra,Tier 1,2024-11-17
CUST_04828,Priya Patel,Female,Guwahati,Assam,Tier 3,2024-06-19
CUST_04829,Kavya Nair,Female,Varanasi,Uttar Pradesh,Tier 3,2024-06-20
CUST_04830,Kavya Iyer,Female,Pune,Maharashtra,Tier 1,2023-12-28
CUST_04831,Varun Mehta,Male,Pune,Maharashtra,Tier 1,2023-09-02
CUST_04832,Aarav Mehta,Male,Varanasi,Uttar Pradesh,Tier 3,2024-02-20
CUST_04833,Pooja Singh,Female,Pune,Maharashtra,Tier 1,2023-11-25
CUST_04834,Sneha Verma,Female,Indore,Madhya Pradesh,Tier 2,2024-09-17
CUST_04835,Aarav Iyer,Male,Jaipur,Rajasthan,Tier 2,2023-11-25
CUST_04836,Amit Kumar,Male,Mumbai,Maharashtra,Tier 1,2024-03-29
CUST_04837,Rohan Singh,Male,Jaipur,Rajasthan,Tier 2,2023-12-19
CUST_04838,Rohan Kumar,Male,Patna,Bihar,Tier 3,2024-06-06
CUST_04839,Aarav Verma,Male,Bengaluru,Karnataka,Tier 1,2023-12-12
CUST_04840,Vikram Singh,Male,Hyderabad,Telangana,Tier 1,2024-11-27
CUST_04841,Rohan Sharma,Male,Kochi,Kerala,Tier 2,2024-07-22
CUST_04842,Divya Nair,Female,Delhi,Delhi,Tier 1,2024-04-23
CUST_04843,Tanvi Gupta,Female,Delhi,Delhi,Tier 1,2024-04-29
CUST_04844,Priya Nair,Female,Lucknow,Uttar Pradesh,Tier 2,2023-09-09
CUST_04845,Arjun Iyer,Male,Guwahati,Assam,Tier 3,2024-02-29
CUST_04846,Sneha Sharma,Female,Chennai,Tamil Nadu,Tier 1,2023-08-24
CUST_04847,Aarav Gupta,Male,Dehradun,Uttarakhand,Tier 3,2024-06-26
CUST_04848,Divya Verma,Female,Chennai,Tamil Nadu,Tier 1,2024-11-21
CUST_04849,Rahul Singh,Male,Chennai,Tamil Nadu,Tier 1,2023-10-05
CUST_04850,Ishita Patel,Female,Pune,Maharashtra,Tier 1,2023-10-07
CUST_04851,Rohan Reddy,Male,Chennai,Tamil Nadu,Tier 1,2024-07-16
CUST_04852,Arjun Iyer,Male,Chandigarh,Punjab,Tier 2,2023-10-28
CUST_04853,Amit Mehta,Male,Chandigarh,Punjab,Tier 2,2023-08-28
CUST_04854,Aarav Kumar,Male,Lucknow,Uttar Pradesh,Tier 2,2024-05-26
CUST_04855,Sneha Patel,Female,Chandigarh,Punjab,Tier 2,2023-07-21
CUST_04856,Rahul Patel,Male,Chennai,Tamil Nadu,Tier 1,2024-09-17
CUST_04857,Ishita Kumar,Female,Kochi,Kerala,Tier 2,2023-10-10
CUST_04858,Pooja Nair,Female,Jaipur,Rajasthan,Tier 2,2023-10-27
CUST_04859,Priya Singh,Female,Chennai,Tamil Nadu,Tier 1,2023-07-16
CUST_04860,Ishita Sharma,Female,Lucknow,Uttar Pradesh,Tier 2,2024-11-10
CUST_04861,Ananya Gupta,Female,Pune,Maharashtra,Tier 1,2023-06-30
CUST_04862,Rahul Singh,Male,Delhi,Delhi,Tier 1,2024-04-03
CUST_04863,Riya Reddy,Female,Ranchi,Jharkhand,Tier 3,2024-05-15
CUST_04864,Varun Sharma,Male,Bengaluru,Karnataka,Tier 1,2024-10-27
CUST_04865,Tanvi Gupta,Female,Patna,Bihar,Tier 3,2023-12-27
CUST_04866,Rohan Gupta,Male,Delhi,Delhi,Tier 1,2024-08-15
CUST_04867,Aditya Nair,Male,Ahmedabad,Gujarat,Tier 2,2024-11-02
CUST_04868,Tanvi Kumar,Female,Pune,Maharashtra,Tier 1,2024-01-30
CUST_04869,Aditya Gupta,Male,Jaipur,Rajasthan,Tier 2,2024-07-31
CUST_04870,Rahul Iyer,Male,Bengaluru,Karnataka,Tier 1,2023-09-09
CUST_04871,Amit Gupta,Male,Delhi,Delhi,Tier 1,2024-10-06
CUST_04872,Neha Verma,Female,Ahmedabad,Gujarat,Tier 2,2023-06-16
CUST_04873,Amit Sharma,Male,Bengaluru,Karnataka,Tier 1,2024-02-18
CUST_04874,Pooja Nair,Female,Chennai,Tamil Nadu,Tier 1,2024-03-23
CUST_04875,Priya Iyer,Female,Jaipur,Rajasthan,Tier 2,2024-02-21
CUST_04876,Divya Sharma,Female,Bhopal,Madhya Pradesh,Tier 3,2024-04-11
CUST_04877,Sneha Nair,Female,Delhi,Delhi,Tier 1,2023-09-04
CUST_04878,Neha Mehta,Female,Ahmedabad,Gujarat,Tier 2,2024-05-05
CUST_04879,Rahul Gupta,Male,Ahmedabad,Gujarat,Tier 2,2024-02-17
CUST_04880,Ishita Gupta,Female,Patna,Bihar,Tier 3,2024-06-24
CUST_04881,Varun Patel,Male,Chennai,Tamil Nadu,Tier 1,2024-11-29
CUST_04882,Rahul Nair,Male,Dehradun,Uttarakhand,Tier 3,2024-12-01
CUST_04883,Rohan Nair,Male,Mumbai,Maharashtra,Tier 1,2024-06-17
CUST_04884,Aarav Gupta,Male,Guwahati,Assam,Tier 3,2024-05-17
CUST_04885,Ishita Singh,Female,Chandigarh,Punjab,Tier 2,2024-10-09
CUST_04886,Neha Nair,Female,Hyderabad,Telangana,Tier 1,2024-03-12
CUST_04887,Ishita Mehta,Female,Indore,Madhya Pradesh,Tier 2,2024-03-14
CUST_04888,Divya Reddy,Female,Bengaluru,Karnataka,Tier 1,2024-01-23
CUST_04889,Pooja Verma,Female,Patna,Bihar,Tier 3,2024-05-18
CUST_04890,Divya Patel,Female,Dehradun,Uttarakhand,Tier 3,2024-10-13
CUST_04891,Ishita Reddy,Female,Varanasi,Uttar Pradesh,Tier 3,2023-08-05
CUST_04892,Ishita Gupta,Female,Lucknow,Uttar Pradesh,Tier 2,2024-08-12
CUST_04893,Kavya Verma,Female,Dehradun,Uttarakhand,Tier 3,2023-09-29
CUST_04894,Tanvi Singh,Female,Delhi,Delhi,Tier 1,2024-07-21
CUST_04895,Kavya Verma,Female,Kochi,Kerala,Tier 2,2024-08-20
CUST_04896,Priya Iyer,Female,Pune,Maharashtra,Tier 1,2024-08-11
CUST_04897,Aarav Sharma,Male,Lucknow,Uttar Pradesh,Tier 2,2024-05-25
CUST_04898,Aarav Verma,Male,Mumbai,Maharashtra,Tier 1,2023-07-09
CUST_04899,Kabir Iyer,Male,Kochi,Kerala,Tier 2,2023-11-06
CUST_04900,Vikram Patel,Male,Delhi,Delhi,Tier 1,2024-01-07
CUST_04901,Divya Patel,Female,Chandigarh,Punjab,Tier 2,2023-07-20
CUST_04902,Tanvi Sharma,Female,Dehradun,Uttarakhand,Tier 3,2024-10-31
CUST_04903,Vikram Sharma,Male,Lucknow,Uttar Pradesh,Tier 2,2024-04-03
CUST_04904,Rohan Kumar,Male,Ranchi,Jharkhand,Tier 3,2024-02-03
CUST_04905,Ishita Gupta,Female,Chennai,Tamil Nadu,Tier 1,2024-10-10
CUST_04906,Kabir Kumar,Male,Hyderabad,Telangana,Tier 1,2023-06-17
CUST_04907,Pooja Iyer,Female,Hyderabad,Telangana,Tier 1,2023-07-12
CUST_04908,Neha Singh,Female,Ranchi,Jharkhand,Tier 3,2023-10-20
CUST_04909,Sneha Sharma,Female,Kochi,Kerala,Tier 2,2023-12-29
CUST_04910,Riya Iyer,Female,Jaipur,Rajasthan,Tier 2,2023-11-04
CUST_04911,Tanvi Reddy,Female,Kochi,Kerala,Tier 2,2023-11-05
CUST_04912,Ananya Patel,Female,Patna,Bihar,Tier 3,2024-04-24
CUST_04913,Amit Mehta,Male,Dehradun,Uttarakhand,Tier 3,2024-10-22
CUST_04914,Kavya Kumar,Female,Jaipur,Rajasthan,Tier 2,2023-11-10
CUST_04915,Sneha Gupta,Female,Pune,Maharashtra,Tier 1,2024-06-14
CUST_04916,Neha Nair,Female,Chennai,Tamil Nadu,Tier 1,2024-07-09
CUST_04917,Kunal Nair,Male,Jaipur,Rajasthan,Tier 2,2024-10-05
CUST_04918,Priya Iyer,Female,Jaipur,Rajasthan,Tier 2,2024-10-29
CUST_04919,Kunal Reddy,Male,Bengaluru,Karnataka,Tier 1,2023-11-04
CUST_04920,Riya Verma,Female,Ahmedabad,Gujarat,Tier 2,2023-11-17
CUST_04921,Pooja Verma,Female,Delhi,Delhi,Tier 1,2023-11-30
CUST_04922,Amit Kumar,Male,Chandigarh,Punjab,Tier 2,2024-03-05
CUST_04923,Neha Gupta,Female,Delhi,Delhi,Tier 1,2023-07-08
CUST_04924,Ananya Kumar,Female,Chennai,Tamil Nadu,Tier 1,2024-02-25
CUST_04925,Vikram Mehta,Male,Ranchi,Jharkhand,Tier 3,2024-12-01
CUST_04926,Neha Verma,Female,Hyderabad,Telangana,Tier 1,2023-11-26
CUST_04927,Aarav Iyer,Male,Pune,Maharashtra,Tier 1,2023-07-26
CUST_04928,Tanvi Mehta,Female,Bengaluru,Karnataka,Tier 1,2024-05-20
CUST_04929,Kabir Iyer,Male,Jaipur,Rajasthan,Tier 2,2023-07-23
CUST_04930,Rohan Verma,Male,Dehradun,Uttarakhand,Tier 3,2024-02-14
CUST_04931,Neha Mehta,Female,Ahmedabad,Gujarat,Tier 2,2024-02-25
CUST_04932,Rohan Singh,Male,Chandigarh,Punjab,Tier 2,2023-10-15
CUST_04933,Kabir Kumar,Male,Ahmedabad,Gujarat,Tier 2,2024-05-10
CUST_04934,Riya Verma,Female,Delhi,Delhi,Tier 1,2024-10-12
CUST_04935,Priya Gupta,Female,Kochi,Kerala,Tier 2,2024-06-18
CUST_04936,Pooja Iyer,Female,Lucknow,Uttar Pradesh,Tier 2,2024-01-30
CUST_04937,Amit Kumar,Male,Patna,Bihar,Tier 3,2023-06-19
CUST_04938,Neha Iyer,Female,Hyderabad,Telangana,Tier 1,2024-06-05
CUST_04939,Arjun Gupta,Male,Pune,Maharashtra,Tier 1,2024-02-24
CUST_04940,Aditya Gupta,Male,Mumbai,Maharashtra,Tier 1,2024-04-05
CUST_04941,Ananya Singh,Female,Bengaluru,Karnataka,Tier 1,2024-02-13
CUST_04942,Divya Reddy,Female,Jaipur,Rajasthan,Tier 2,2024-02-16
CUST_04943,Divya Reddy,Female,Kochi,Kerala,Tier 2,2024-02-07
CUST_04944,Priya Nair,Female,Delhi,Delhi,Tier 1,2024-05-14
CUST_04945,Amit Mehta,Male,Indore,Madhya Pradesh,Tier 2,2024-06-16
CUST_04946,Ananya Verma,Female,Lucknow,Uttar Pradesh,Tier 2,2024-07-02
CUST_04947,Aarav Verma,Male,Ahmedabad,Gujarat,Tier 2,2023-07-02
CUST_04948,Rohan Reddy,Male,Chandigarh,Punjab,Tier 2,2024-09-14
CUST_04949,Divya Sharma,Female,Chandigarh,Punjab,Tier 2,2023-11-30
CUST_04950,Kavya Verma,Female,Chennai,Tamil Nadu,Tier 1,2023-11-07
CUST_04951,Kabir Iyer,Male,Bhopal,Madhya Pradesh,Tier 3,2024-08-08
CUST_04952,Tanvi Mehta,Female,Mumbai,Maharashtra,Tier 1,2024-08-12
CUST_04953,Pooja Kumar,Female,Patna,Bihar,Tier 3,2024-11-21
CUST_04954,Ananya Reddy,Female,Mumbai,Maharashtra,Tier 1,2023-10-15
CUST_04955,Vikram Verma,Male,Bhopal,Madhya Pradesh,Tier 3,2024-05-19
CUST_04956,Aditya Iyer,Male,Delhi,Delhi,Tier 1,2023-12-12
CUST_04957,Varun Reddy,Male,Patna,Bihar,Tier 3,2023-11-16
CUST_04958,Riya Iyer,Female,Hyderabad,Telangana,Tier 1,2024-01-17
CUST_04959,Neha Iyer,Female,Bengaluru,Karnataka,Tier 1,2024-03-01
CUST_04960,Aditya Sharma,Male,Chandigarh,Punjab,Tier 2,2024-01-20
CUST_04961,Tanvi Kumar,Female,Lucknow,Uttar Pradesh,Tier 2,2024-07-04
CUST_04962,Amit Patel,Male,Patna,Bihar,Tier 3,2023-12-03
CUST_04963,Pooja Reddy,Female,Patna,Bihar,Tier 3,2023-08-09
CUST_04964,Amit Nair,Male,Pune,Maharashtra,Tier 1,2023-09-15
CUST_04965,Rahul Patel,Male,Bhopal,Madhya Pradesh,Tier 3,2023-08-17
CUST_04966,Sneha Kumar,Female,Ranchi,Jharkhand,Tier 3,2023-08-24
CUST_04967,Varun Reddy,Male,Ahmedabad,Gujarat,Tier 2,2023-10-29
CUST_04968,Divya Singh,Female,Delhi,Delhi,Tier 1,2024-09-05
CUST_04969,Riya Gupta,Female,Dehradun,Uttarakhand,Tier 3,2024-01-06
CUST_04970,Kabir Kumar,Male,Bengaluru,Karnataka,Tier 1,2023-09-21
CUST_04971,Amit Kumar,Male,Hyderabad,Telangana,Tier 1,2024-09-03
CUST_04972,Amit Sharma,Male,Lucknow,Uttar Pradesh,Tier 2,2023-07-30
CUST_04973,Amit Nair,Male,Pune,Maharashtra,Tier 1,2024-01-08
CUST_04974,Tanvi Nair,Female,Bengaluru,Karnataka,Tier 1,2024-12-01
CUST_04975,Neha Verma,Female,Chennai,Tamil Nadu,Tier 1,2023-10-16
CUST_04976,Aarav Verma,Male,Pune,Maharashtra,Tier 1,2024-02-05
CUST_04977,Aditya Kumar,Male,Bengaluru,Karnataka,Tier 1,2023-09-08
CUST_04978,Rahul Reddy,Male,Mumbai,Maharashtra,Tier 1,2024-07-03
CUST_04979,Aditya Sharma,Male,Chandigarh,Punjab,Tier 2,2024-03-25
CUST_04980,Neha Sharma,Female,Jaipur,Rajasthan,Tier 2,2024-08-05
CUST_04981,Tanvi Verma,Female,Bhopal,Madhya Pradesh,Tier 3,2024-09-19
CUST_04982,Sneha Iyer,Female,Hyderabad,Telangana,Tier 1,2024-08-05
CUST_04983,Priya Gupta,Female,Bengaluru,Karnataka,Tier 1,2024-10-23
CUST_04984,Aarav Singh,Male,Ahmedabad,Gujarat,Tier 2,2024-07-09
CUST_04985,Vikram Verma,Male,Ahmedabad,Gujarat,Tier 2,2024-01-14
CUST_04986,Aditya Patel,Male,Delhi,Delhi,Tier 1,2024-05-02
CUST_04987,Riya Iyer,Female,Delhi,Delhi,Tier 1,2023-09-20
CUST_04988,Arjun Sharma,Male,Chennai,Tamil Nadu,Tier 1,2024-01-23
CUST_04989,Arjun Singh,Male,Ahmedabad,Gujarat,Tier 2,2023-07-04
CUST_04990,Ananya Mehta,Female,Delhi,Delhi,Tier 1,2023-09-26
CUST_04991,Ananya Verma,Female,Kochi,Kerala,Tier 2,2024-06-17
CUST_04992,Aditya Gupta,Male,Bhopal,Madhya Pradesh,Tier 3,2024-07-05
CUST_04993,Ananya Reddy,Female,Bengaluru,Karnataka,Tier 1,2024-05-06
CUST_04994,Rohan Iyer,Male,Hyderabad,Telangana,Tier 1,2023-10-20
CUST_04995,Sneha Gupta,Female,Lucknow,Uttar Pradesh,Tier 2,2023-11-26
CUST_04996,Arjun Iyer,Male,Jaipur,Rajasthan,Tier 2,2024-11-04
CUST_04997,Kavya Singh,Female,Lucknow,Uttar Pradesh,Tier 2,2024-01-24
CUST_04998,Kabir Nair,Male,Pune,Maharashtra,Tier 1,2024-04-01
CUST_04999,Varun Verma,Male,Delhi,Delhi,Tier 1,2024-09-02
CUST_05000,Kabir Verma,Male,Indore,Madhya Pradesh,Tier 2,2024-02-15
CUST_05001,Divya Mehta,Female,Kochi,Kerala,Tier 2,2024-05-19
CUST_05002,Aarav Patel,Male,Indore,Madhya Pradesh,Tier 2,2023-07-19
CUST_05003,Rahul Nair,Male,Bengaluru,Karnataka,Tier 1,2024-05-04
CUST_05004,Ishita Iyer,Female,Ahmedabad,Gujarat,Tier 2,2023-06-13
CUST_05005,Kabir Iyer,Male,Chandigarh,Punjab,Tier 2,2024-10-17
CUST_05006,Kunal Sharma,Male,Delhi,Delhi,Tier 1,2024-07-25
CUST_05007,Ananya Iyer,Female,Mumbai,Maharashtra,Tier 1,2024-02-15
CUST_05008,Ananya Kumar,Female,Hyderabad,Telangana,Tier 1,2024-02-15
CUST_05009,Amit Iyer,Male,Mumbai,Maharashtra,Tier 1,2024-09-01
CUST_05010,Ishita Singh,Female,Pune,Maharashtra,Tier 1,2024-09-07
CUST_05011,Neha Reddy,Female,Ranchi,Jharkhand,Tier 3,2023-08-02
CUST_05012,Arjun Singh,Male,Delhi,Delhi,Tier 1,2024-09-08
CUST_05013,Rohan Reddy,Male,Jaipur,Rajasthan,Tier 2,2024-01-20
CUST_05014,Rahul Singh,Male,Chandigarh,Punjab,Tier 2,2024-09-05
CUST_05015,Neha Singh,Female,Patna,Bihar,Tier 3,2023-09-28
CUST_05016,Vikram Nair,Male,Pune,Maharashtra,Tier 1,2023-07-15
CUST_05017,Neha Mehta,Female,Guwahati,Assam,Tier 3,2023-09-03
CUST_05018,Tanvi Sharma,Female,Patna,Bihar,Tier 3,2023-11-14
CUST_05019,Ananya Reddy,Female,Ahmedabad,Gujarat,Tier 2,2024-06-03
CUST_05020,Neha Gupta,Female,Varanasi,Uttar Pradesh,Tier 3,2023-09-19
CUST_05021,Kunal Iyer,Male,Indore,Madhya Pradesh,Tier 2,2024-09-03
CUST_05022,Riya Kumar,Female,Hyderabad,Telangana,Tier 1,2023-11-01
CUST_05023,Sneha Patel,Female,Pune,Maharashtra,Tier 1,2024-01-02
CUST_05024,Ishita Kumar,Female,Chennai,Tamil Nadu,Tier 1,2023-06-26
CUST_05025,Varun Sharma,Male,Indore,Madhya Pradesh,Tier 2,2024-06-24
CUST_05026,Tanvi Sharma,Female,Ranchi,Jharkhand,Tier 3,2023-12-04
CUST_05027,Priya Mehta,Female,Chandigarh,Punjab,Tier 2,2024-09-30
CUST_05028,Varun Reddy,Male,Ranchi,Jharkhand,Tier 3,2024-08-23
CUST_05029,Neha Sharma,Female,Lucknow,Uttar Pradesh,Tier 2,2024-07-21
CUST_05030,Arjun Mehta,Male,Ahmedabad,Gujarat,Tier 2,2023-12-06
CUST_05031,Priya Verma,Female,Hyderabad,Telangana,Tier 1,2024-01-31
CUST_05032,Priya Patel,Female,Chandigarh,Punjab,Tier 2,2023-11-24
CUST_05033,Aarav Gupta,Male,Kochi,Kerala,Tier 2,2023-11-19
CUST_05034,Pooja Patel,Female,Chennai,Tamil Nadu,Tier 1,2024-02-03
CUST_05035,Rahul Mehta,Male,Lucknow,Uttar Pradesh,Tier 2,2024-02-14
CUST_05036,Tanvi Sharma,Female,Kochi,Kerala,Tier 2,2023-06-29
CUST_05037,Divya Singh,Female,Kochi,Kerala,Tier 2,2023-06-03
CUST_05038,Divya Kumar,Female,Lucknow,Uttar Pradesh,Tier 2,2024-05-15
CUST_05039,Ishita Gupta,Female,Mumbai,Maharashtra,Tier 1,2024-04-08
CUST_05040,Rahul Nair,Male,Hyderabad,Telangana,Tier 1,2023-07-20
CUST_05041,Arjun Singh,Male,Pune,Maharashtra,Tier 1,2024-05-10
CUST_05042,Ishita Reddy,Female,Indore,Madhya Pradesh,Tier 2,2024-02-07
CUST_05043,Rohan Iyer,Male,Ahmedabad,Gujarat,Tier 2,2023-06-11
CUST_05044,Sneha Kumar,Female,Delhi,Delhi,Tier 1,2023-10-25
CUST_05045,Kabir Mehta,Male,Ranchi,Jharkhand,Tier 3,2024-04-05
CUST_05046,Kabir Kumar,Male,Ranchi,Jharkhand,Tier 3,2024-08-08
CUST_05047,Ishita Gupta,Female,Mumbai,Maharashtra,Tier 1,2023-07-14
CUST_05048,Varun Patel,Male,Mumbai,Maharashtra,Tier 1,2023-08-16
CUST_05049,Ananya Verma,Female,Kochi,Kerala,Tier 2,2024-04-29
CUST_05050,Tanvi Mehta,Female,Guwahati,Assam,Tier 3,2023-10-13
CUST_05051,Divya Nair,Female,Lucknow,Uttar Pradesh,Tier 2,2024-11-13
CUST_05052,Pooja Verma,Female,Mumbai,Maharashtra,Tier 1,2024-04-13
CUST_05053,Tanvi Patel,Female,Jaipur,Rajasthan,Tier 2,2024-09-28
CUST_05054,Riya Singh,Female,Bengaluru,Karnataka,Tier 1,2024-01-27
CUST_05055,Rahul Nair,Male,Jaipur,Rajasthan,Tier 2,2024-09-25
CUST_05056,Aarav Kumar,Male,Bengaluru,Karnataka,Tier 1,2023-12-01
CUST_05057,Riya Kumar,Female,Lucknow,Uttar Pradesh,Tier 2,2023-06-22
CUST_05058,Rahul Sharma,Male,Hyderabad,Telangana,Tier 1,2024-06-04
CUST_05059,Kavya Singh,Female,Delhi,Delhi,Tier 1,2024-11-24
CUST_05060,Divya Patel,Female,Kochi,Kerala,Tier 2,2023-08-09
CUST_05061,Vikram Gupta,Male,Hyderabad,Telangana,Tier 1,2024-04-23
CUST_05062,Rohan Kumar,Male,Chennai,Tamil Nadu,Tier 1,2024-09-01
CUST_05063,Riya Patel,Female,Bhopal,Madhya Pradesh,Tier 3,2024-07-12
CUST_05064,Kunal Nair,Male,Patna,Bihar,Tier 3,2024-03-26
CUST_05065,Aditya Sharma,Male,Indore,Madhya Pradesh,Tier 2,2024-11-01
CUST_05066,Sneha Mehta,Female,Lucknow,Uttar Pradesh,Tier 2,2024-07-12
CUST_05067,Arjun Sharma,Male,Indore,Madhya Pradesh,Tier 2,2024-05-09
CUST_05068,Divya Patel,Female,Hyderabad,Telangana,Tier 1,2024-10-10
CUST_05069,Vikram Nair,Male,Chennai,Tamil Nadu,Tier 1,2023-09-11
CUST_05070,Ananya Verma,Female,Chennai,Tamil Nadu,Tier 1,2023-09-18
CUST_05071,Neha Iyer,Female,Ranchi,Jharkhand,Tier 3,2023-10-14
CUST_05072,Varun Patel,Male,Pune,Maharashtra,Tier 1,2023-10-12
CUST_05073,Rohan Nair,Male,Chennai,Tamil Nadu,Tier 1,2024-05-27
CUST_05074,Aditya Mehta,Male,Ahmedabad,Gujarat,Tier 2,2024-09-03
CUST_05075,Vikram Iyer,Male,Lucknow,Uttar Pradesh,Tier 2,2024-10-01
CUST_05076,Ishita Patel,Female,Jaipur,Rajasthan,Tier 2,2024-05-17
CUST_05077,Kavya Verma,Female,Mumbai,Maharashtra,Tier 1,2024-08-28
CUST_05078,Vikram Iyer,Male,Bengaluru,Karnataka,Tier 1,2024-09-20
CUST_05079,Neha Singh,Female,Jaipur,Rajasthan,Tier 2,2024-04-13
CUST_05080,Vikram Nair,Male,Bhopal,Madhya Pradesh,Tier 3,2024-07-26
CUST_05081,Arjun Patel,Male,Bengaluru,Karnataka,Tier 1,2024-11-11
CUST_05082,Rohan Patel,Male,Pune,Maharashtra,Tier 1,2024-09-24
CUST_05083,Pooja Gupta,Female,Chandigarh,Punjab,Tier 2,2024-10-04
CUST_05084,Vikram Singh,Male,Delhi,Delhi,Tier 1,2023-12-20
CUST_05085,Riya Iyer,Female,Guwahati,Assam,Tier 3,2024-10-20
CUST_05086,Varun Gupta,Male,Bengaluru,Karnataka,Tier 1,2024-05-11
CUST_05087,Riya Mehta,Female,Dehradun,Uttarakhand,Tier 3,2023-07-15
CUST_05088,Varun Iyer,Male,Mumbai,Maharashtra,Tier 1,2024-03-03
CUST_05089,Vikram Patel,Male,Pune,Maharashtra,Tier 1,2024-08-02
CUST_05090,Aarav Sharma,Male,Jaipur,Rajasthan,Tier 2,2023-08-07
CUST_05091,Kavya Reddy,Female,Hyderabad,Telangana,Tier 1,2023-10-09
CUST_05092,Sneha Gupta,Female,Chennai,Tamil Nadu,Tier 1,2023-10-20
CUST_05093,Kabir Singh,Male,Jaipur,Rajasthan,Tier 2,2024-01-13
CUST_05094,Divya Mehta,Female,Bengaluru,Karnataka,Tier 1,2024-03-01
CUST_05095,Rohan Kumar,Male,Mumbai,Maharashtra,Tier 1,2023-09-20
CUST_05096,Kunal Patel,Male,Ranchi,Jharkhand,Tier 3,2024-04-14
CUST_05097,Vikram Reddy,Male,Patna,Bihar,Tier 3,2024-08-05
CUST_05098,Aarav Verma,Male,Lucknow,Uttar Pradesh,Tier 2,2024-01-15
CUST_05099,Kabir Iyer,Male,Kochi,Kerala,Tier 2,2024-03-06
CUST_05100,Riya Patel,Female,Pune,Maharashtra,Tier 1,2024-02-04
CUST_05101,Divya Gupta,Female,Kochi,Kerala,Tier 2,2024-10-05
CUST_05102,Priya Kumar,Female,Pune,Maharashtra,Tier 1,2023-06-21
CUST_05103,Rahul Gupta,Male,Lucknow,Uttar Pradesh,Tier 2,2024-04-04
CUST_05104,Pooja Gupta,Female,Bengaluru,Karnataka,Tier 1,2023-12-25
CUST_05105,Varun Iyer,Male,Bengaluru,Karnataka,Tier 1,2023-07-27
CUST_05106,Riya Reddy,Female,Chennai,Tamil Nadu,Tier 1,2024-04-15
CUST_05107,Sneha Reddy,Female,Lucknow,Uttar Pradesh,Tier 2,2024-04-28
CUST_05108,Riya Sharma,Female,Indore,Madhya Pradesh,Tier 2,2023-11-28
CUST_05109,Rohan Gupta,Male,Ahmedabad,Gujarat,Tier 2,2023-10-26
CUST_05110,Arjun Reddy,Male,Patna,Bihar,Tier 3,2024-01-17
CUST_05111,Vikram Mehta,Male,Chandigarh,Punjab,Tier 2,2023-06-20
CUST_05112,Kavya Mehta,Female,Kochi,Kerala,Tier 2,2023-12-05
CUST_05113,Sneha Nair,Female,Kochi,Kerala,Tier 2,2024-01-14
CUST_05114,Neha Mehta,Female,Pune,Maharashtra,Tier 1,2023-09-09
CUST_05115,Aditya Sharma,Male,Bhopal,Madhya Pradesh,Tier 3,2024-03-10
CUST_05116,Pooja Mehta,Female,Mumbai,Maharashtra,Tier 1,2024-08-07
CUST_05117,Priya Patel,Female,Hyderabad,Telangana,Tier 1,2024-02-15
CUST_05118,Varun Nair,Male,Chennai,Tamil Nadu,Tier 1,2024-09-12
CUST_05119,Aarav Mehta,Male,Bengaluru,Karnataka,Tier 1,2024-04-27
CUST_05120,Arjun Sharma,Male,Mumbai,Maharashtra,Tier 1,2024-04-30
CUST_05121,Aarav Reddy,Male,Indore,Madhya Pradesh,Tier 2,2024-05-31
CUST_05122,Ishita Reddy,Female,Pune,Maharashtra,Tier 1,2024-02-29
CUST_05123,Vikram Patel,Male,Chennai,Tamil Nadu,Tier 1,2024-04-02
CUST_05124,Tanvi Singh,Female,Pune,Maharashtra,Tier 1,2023-11-08
CUST_05125,Kavya Verma,Female,Mumbai,Maharashtra,Tier 1,2024-11-04
CUST_05126,Kunal Nair,Male,Bengaluru,Karnataka,Tier 1,2024-02-11
CUST_05127,Ananya Kumar,Female,Lucknow,Uttar Pradesh,Tier 2,2024-04-13
CUST_05128,Priya Iyer,Female,Chandigarh,Punjab,Tier 2,2023-09-21
CUST_05129,Neha Kumar,Female,Bengaluru,Karnataka,Tier 1,2024-07-06
CUST_05130,Pooja Patel,Female,Dehradun,Uttarakhand,Tier 3,2023-10-13
CUST_05131,Tanvi Mehta,Female,Hyderabad,Telangana,Tier 1,2023-10-02
CUST_05132,Sneha Verma,Female,Ahmedabad,Gujarat,Tier 2,2024-06-08
CUST_05133,Pooja Kumar,Female,Bengaluru,Karnataka,Tier 1,2024-09-12
CUST_05134,Priya Kumar,Female,Mumbai,Maharashtra,Tier 1,2023-07-27
CUST_05135,Divya Nair,Female,Ahmedabad,Gujarat,Tier 2,2024-06-02
CUST_05136,Divya Reddy,Female,Jaipur,Rajasthan,Tier 2,2024-04-09
CUST_05137,Aditya Gupta,Male,Pune,Maharashtra,Tier 1,2023-07-14
CUST_05138,Rohan Sharma,Male,Delhi,Delhi,Tier 1,2024-08-01
CUST_05139,Aarav Mehta,Male,Chandigarh,Punjab,Tier 2,2024-11-07
CUST_05140,Amit Iyer,Male,Delhi,Delhi,Tier 1,2024-07-05
CUST_05141,Arjun Mehta,Male,Jaipur,Rajasthan,Tier 2,2024-07-22
CUST_05142,Ishita Kumar,Female,Chennai,Tamil Nadu,Tier 1,2024-05-27
CUST_05143,Divya Sharma,Female,Dehradun,Uttarakhand,Tier 3,2023-07-07
CUST_05144,Kavya Gupta,Female,Ahmedabad,Gujarat,Tier 2,2023-11-12
CUST_05145,Neha Patel,Female,Jaipur,Rajasthan,Tier 2,2024-10-03
CUST_05146,Kunal Patel,Male,Dehradun,Uttarakhand,Tier 3,2023-09-23
CUST_05147,Neha Patel,Female,Chandigarh,Punjab,Tier 2,2024-01-02
CUST_05148,Tanvi Singh,Female,Pune,Maharashtra,Tier 1,2024-01-15
CUST_05149,Amit Mehta,Male,Hyderabad,Telangana,Tier 1,2024-08-28
CUST_05150,Priya Singh,Female,Delhi,Delhi,Tier 1,2023-12-27
CUST_05151,Neha Verma,Female,Hyderabad,Telangana,Tier 1,2024-02-25
CUST_05152,Arjun Gupta,Male,Kochi,Kerala,Tier 2,2024-08-01
CUST_05153,Kavya Verma,Female,Patna,Bihar,Tier 3,2024-10-16
CUST_05154,Rohan Gupta,Male,Hyderabad,Telangana,Tier 1,2023-07-17
CUST_05155,Divya Kumar,Female,Bhopal,Madhya Pradesh,Tier 3,2024-04-06
CUST_05156,Rohan Nair,Male,Chennai,Tamil Nadu,Tier 1,2024-08-23
CUST_05157,Varun Patel,Male,Bengaluru,Karnataka,Tier 1,2023-10-16
CUST_05158,Ishita Kumar,Female,Mumbai,Maharashtra,Tier 1,2024-02-01
CUST_05159,Neha Reddy,Female,Jaipur,Rajasthan,Tier 2,2023-12-22
CUST_05160,Arjun Reddy,Male,Chandigarh,Punjab,Tier 2,2023-09-19
CUST_05161,Arjun Verma,Male,Pune,Maharashtra,Tier 1,2024-10-05
CUST_05162,Aarav Verma,Male,Chennai,Tamil Nadu,Tier 1,2023-07-29
CUST_05163,Kabir Singh,Male,Bengaluru,Karnataka,Tier 1,2023-07-30
CUST_05164,Riya Iyer,Female,Guwahati,Assam,Tier 3,2023-07-08
CUST_05165,Varun Reddy,Male,Hyderabad,Telangana,Tier 1,2024-01-29
CUST_05166,Sneha Singh,Female,Hyderabad,Telangana,Tier 1,2024-01-06
CUST_05167,Aditya Singh,Male,Mumbai,Maharashtra,Tier 1,2023-07-31
CUST_05168,Aarav Iyer,Male,Mumbai,Maharashtra,Tier 1,2024-04-16
CUST_05169,Varun Singh,Male,Lucknow,Uttar Pradesh,Tier 2,2023-06-19
CUST_05170,Riya Verma,Female,Pune,Maharashtra,Tier 1,2024-07-27
CUST_05171,Riya Gupta,Female,Lucknow,Uttar Pradesh,Tier 2,2024-11-06
CUST_05172,Pooja Kumar,Female,Pune,Maharashtra,Tier 1,2024-06-21
CUST_05173,Rahul Kumar,Male,Delhi,Delhi,Tier 1,2024-07-18
CUST_05174,Aarav Patel,Male,Bengaluru,Karnataka,Tier 1,2023-10-11
CUST_05175,Vikram Sharma,Male,Chennai,Tamil Nadu,Tier 1,2024-09-22
CUST_05176,Priya Patel,Female,Chennai,Tamil Nadu,Tier 1,2024-06-12
CUST_05177,Vikram Verma,Male,Dehradun,Uttarakhand,Tier 3,2023-11-17
CUST_05178,Kabir Verma,Male,Hyderabad,Telangana,Tier 1,2023-07-15
CUST_05179,Rahul Mehta,Male,Chandigarh,Punjab,Tier 2,2024-11-21
CUST_05180,Riya Reddy,Female,Jaipur,Rajasthan,Tier 2,2024-06-25
CUST_05181,Arjun Verma,Male,Hyderabad,Telangana,Tier 1,2024-07-05
CUST_05182,Ishita Singh,Female,Mumbai,Maharashtra,Tier 1,2023-06-16
CUST_05183,Rahul Singh,Male,Lucknow,Uttar Pradesh,Tier 2,2024-02-13
CUST_05184,Pooja Verma,Female,Hyderabad,Telangana,Tier 1,2024-01-27
CUST_05185,Priya Singh,Female,Mumbai,Maharashtra,Tier 1,2023-08-15
CUST_05186,Amit Sharma,Male,Chandigarh,Punjab,Tier 2,2024-06-24
CUST_05187,Vikram Verma,Male,Lucknow,Uttar Pradesh,Tier 2,2024-07-23
CUST_05188,Arjun Verma,Male,Hyderabad,Telangana,Tier 1,2023-09-03
CUST_05189,Rohan Iyer,Male,Guwahati,Assam,Tier 3,2023-10-07
CUST_05190,Tanvi Iyer,Female,Delhi,Delhi,Tier 1,2024-10-10
CUST_05191,Ishita Nair,Female,Lucknow,Uttar Pradesh,Tier 2,2024-03-23
CUST_05192,Aarav Mehta,Male,Delhi,Delhi,Tier 1,2023-09-04
CUST_05193,Rohan Nair,Male,Pune,Maharashtra,Tier 1,2023-09-15
CUST_05194,Ananya Kumar,Female,Dehradun,Uttarakhand,Tier 3,2024-01-24
CUST_05195,Kabir Verma,Male,Pune,Maharashtra,Tier 1,2023-06-03
CUST_05196,Riya Reddy,Female,Delhi,Delhi,Tier 1,2024-07-29
CUST_05197,Varun Singh,Male,Chandigarh,Punjab,Tier 2,2024-09-07
CUST_05198,Vikram Nair,Male,Lucknow,Uttar Pradesh,Tier 2,2023-08-10
CUST_05199,Aditya Verma,Male,Delhi,Delhi,Tier 1,2024-07-04
CUST_05200,Kavya Reddy,Female,Mumbai,Maharashtra,Tier 1,2024-09-11
CUST_05201,Neha Iyer,Female,Bengaluru,Karnataka,Tier 1,2024-09-08
CUST_05202,Ananya Mehta,Female,Hyderabad,Telangana,Tier 1,2024-02-27
CUST_05203,Divya Iyer,Female,Ahmedabad,Gujarat,Tier 2,2024-09-03
CUST_05204,Varun Mehta,Male,Bengaluru,Karnataka,Tier 1,2024-01-21
CUST_05205,Divya Singh,Female,Chennai,Tamil Nadu,Tier 1,2024-07-19
CUST_05206,Priya Sharma,Female,Varanasi,Uttar Pradesh,Tier 3,2024-01-16
CUST_05207,Arjun Reddy,Male,Bengaluru,Karnataka,Tier 1,2023-07-17
CUST_05208,Neha Gupta,Female,Chennai,Tamil Nadu,Tier 1,2023-07-08
CUST_05209,Aarav Nair,Male,Kochi,Kerala,Tier 2,2024-05-06
CUST_05210,Tanvi Verma,Female,Mumbai,Maharashtra,Tier 1,2024-07-10
CUST_05211,Arjun Singh,Male,Delhi,Delhi,Tier 1,2024-08-25
CUST_05212,Ishita Gupta,Female,Indore,Madhya Pradesh,Tier 2,2024-06-22
CUST_05213,Ishita Singh,Female,Chandigarh,Punjab,Tier 2,2023-06-13
CUST_05214,Arjun Verma,Male,Bengaluru,Karnataka,Tier 1,2024-09-09
CUST_05215,Ananya Verma,Female,Mumbai,Maharashtra,Tier 1,2024-10-05
CUST_05216,Divya Singh,Female,Lucknow,Uttar Pradesh,Tier 2,2023-07-08
CUST_05217,Ishita Verma,Female,Bengaluru,Karnataka,Tier 1,2024-08-26
CUST_05218,Varun Gupta,Male,Varanasi,Uttar Pradesh,Tier 3,2024-03-11
CUST_05219,Rahul Verma,Male,Delhi,Delhi,Tier 1,2023-08-28
CUST_05220,Kavya Iyer,Female,Delhi,Delhi,Tier 1,2024-01-19
CUST_05221,Aditya Nair,Male,Pune,Maharashtra,Tier 1,2024-07-21
CUST_05222,Kavya Patel,Female,Bengaluru,Karnataka,Tier 1,2024-10-04
CUST_05223,Aditya Mehta,Male,Bengaluru,Karnataka,Tier 1,2023-07-27
CUST_05224,Divya Iyer,Female,Chandigarh,Punjab,Tier 2,2024-07-18
CUST_05225,Pooja Gupta,Female,Kochi,Kerala,Tier 2,2024-10-02
CUST_05226,Pooja Verma,Female,Bhopal,Madhya Pradesh,Tier 3,2024-04-06
CUST_05227,Sneha Singh,Female,Kochi,Kerala,Tier 2,2023-11-03
CUST_05228,Amit Kumar,Male,Ranchi,Jharkhand,Tier 3,2024-05-03
CUST_05229,Varun Patel,Male,Dehradun,Uttarakhand,Tier 3,2024-07-02
CUST_05230,Priya Singh,Female,Lucknow,Uttar Pradesh,Tier 2,2024-03-07
CUST_05231,Rohan Reddy,Male,Ranchi,Jharkhand,Tier 3,2024-08-24
CUST_05232,Arjun Sharma,Male,Pune,Maharashtra,Tier 1,2023-09-12
CUST_05233,Pooja Kumar,Female,Lucknow,Uttar Pradesh,Tier 2,2023-09-30
CUST_05234,Arjun Patel,Male,Hyderabad,Telangana,Tier 1,2023-12-10
CUST_05235,Riya Gupta,Female,Mumbai,Maharashtra,Tier 1,2024-11-29
CUST_05236,Ananya Verma,Female,Dehradun,Uttarakhand,Tier 3,2024-05-01
CUST_05237,Neha Sharma,Female,Bhopal,Madhya Pradesh,Tier 3,2024-01-30
CUST_05238,Sneha Reddy,Female,Jaipur,Rajasthan,Tier 2,2024-07-09
CUST_05239,Divya Patel,Female,Mumbai,Maharashtra,Tier 1,2023-07-27
CUST_05240,Ananya Iyer,Female,Ranchi,Jharkhand,Tier 3,2023-07-25
CUST_05241,Aarav Verma,Male,Jaipur,Rajasthan,Tier 2,2023-07-27
CUST_05242,Kabir Gupta,Male,Bengaluru,Karnataka,Tier 1,2024-09-13
CUST_05243,Amit Singh,Male,Kochi,Kerala,Tier 2,2024-11-08
CUST_05244,Rahul Verma,Male,Varanasi,Uttar Pradesh,Tier 3,2023-07-19
CUST_05245,Aditya Nair,Male,Dehradun,Uttarakhand,Tier 3,2024-06-19
CUST_05246,Amit Gupta,Male,Lucknow,Uttar Pradesh,Tier 2,2024-01-10
CUST_05247,Aarav Singh,Male,Ahmedabad,Gujarat,Tier 2,2023-10-06
CUST_05248,Neha Mehta,Female,Chandigarh,Punjab,Tier 2,2024-06-06
CUST_05249,Tanvi Verma,Female,Lucknow,Uttar Pradesh,Tier 2,2023-08-13
CUST_05250,Rahul Sharma,Male,Bengaluru,Karnataka,Tier 1,2024-11-20
CUST_05251,Riya Verma,Female,Jaipur,Rajasthan,Tier 2,2024-01-15
CUST_05252,Rahul Mehta,Male,Bengaluru,Karnataka,Tier 1,2024-08-20
CUST_05253,Arjun Nair,Male,Chennai,Tamil Nadu,Tier 1,2023-08-07
CUST_05254,Neha Gupta,Female,Mumbai,Maharashtra,Tier 1,2023-10-29
CUST_05255,Varun Verma,Male,Kochi,Kerala,Tier 2,2024-01-20
CUST_05256,Kabir Patel,Male,Ahmedabad,Gujarat,Tier 2,2023-10-31
CUST_05257,Neha Verma,Female,Pune,Maharashtra,Tier 1,2024-02-02
CUST_05258,Divya Singh,Female,Ahmedabad,Gujarat,Tier 2,2024-04-24
CUST_05259,Rahul Kumar,Male,Pune,Maharashtra,Tier 1,2024-07-29
CUST_05260,Riya Singh,Female,Indore,Madhya Pradesh,Tier 2,2024-02-10
CUST_05261,Ishita Gupta,Female,Jaipur,Rajasthan,Tier 2,2023-08-16
CUST_05262,Pooja Mehta,Female,Delhi,Delhi,Tier 1,2023-06-25
CUST_05263,Kabir Nair,Male,Jaipur,Rajasthan,Tier 2,2024-05-07
CUST_05264,Kavya Iyer,Female,Kochi,Kerala,Tier 2,2023-07-28
CUST_05265,Sneha Reddy,Female,Ahmedabad,Gujarat,Tier 2,2023-07-24
CUST_05266,Kabir Iyer,Male,Mumbai,Maharashtra,Tier 1,2023-06-17
CUST_05267,Tanvi Mehta,Female,Jaipur,Rajasthan,Tier 2,2024-07-27
CUST_05268,Arjun Gupta,Male,Lucknow,Uttar Pradesh,Tier 2,2023-10-28
CUST_05269,Kabir Nair,Male,Pune,Maharashtra,Tier 1,2023-06-07
CUST_05270,Varun Kumar,Male,Pune,Maharashtra,Tier 1,2024-10-14
CUST_05271,Pooja Reddy,Female,Guwahati,Assam,Tier 3,2023-12-18
CUST_05272,Neha Iyer,Female,Delhi,Delhi,Tier 1,2023-08-09
CUST_05273,Vikram Reddy,Male,Bengaluru,Karnataka,Tier 1,2023-08-15
CUST_05274,Kunal Mehta,Male,Ranchi,Jharkhand,Tier 3,2023-06-13
CUST_05275,Amit Gupta,Male,Delhi,Delhi,Tier 1,2024-07-07
CUST_05276,Tanvi Verma,Female,Delhi,Delhi,Tier 1,2024-03-25
CUST_05277,Aditya Mehta,Male,Bengaluru,Karnataka,Tier 1,2023-07-14
CUST_05278,Tanvi Mehta,Female,Pune,Maharashtra,Tier 1,2023-10-28
CUST_05279,Vikram Nair,Male,Hyderabad,Telangana,Tier 1,2024-01-15
CUST_05280,Rohan Sharma,Male,Dehradun,Uttarakhand,Tier 3,2024-11-16
CUST_05281,Rohan Patel,Male,Lucknow,Uttar Pradesh,Tier 2,2024-08-11
CUST_05282,Riya Nair,Female,Mumbai,Maharashtra,Tier 1,2023-06-03
CUST_05283,Sneha Sharma,Female,Hyderabad,Telangana,Tier 1,2023-06-24
CUST_05284,Sneha Nair,Female,Kochi,Kerala,Tier 2,2023-08-11
CUST_05285,Sneha Reddy,Female,Chandigarh,Punjab,Tier 2,2024-01-01
CUST_05286,Kavya Verma,Female,Chennai,Tamil Nadu,Tier 1,2024-05-01
CUST_05287,Kavya Verma,Female,Jaipur,Rajasthan,Tier 2,2023-06-19
CUST_05288,Priya Sharma,Female,Ahmedabad,Gujarat,Tier 2,2024-04-06
CUST_05289,Sneha Patel,Female,Mumbai,Maharashtra,Tier 1,2023-12-30
CUST_05290,Aarav Mehta,Male,Hyderabad,Telangana,Tier 1,2023-10-16
CUST_05291,Aditya Kumar,Male,Chennai,Tamil Nadu,Tier 1,2024-11-23
CUST_05292,Aarav Mehta,Male,Kochi,Kerala,Tier 2,2023-10-24
CUST_05293,Pooja Reddy,Female,Mumbai,Maharashtra,Tier 1,2023-09-26
CUST_05294,Divya Patel,Female,Guwahati,Assam,Tier 3,2023-07-01
CUST_05295,Arjun Gupta,Male,Hyderabad,Telangana,Tier 1,2024-08-10
CUST_05296,Ishita Reddy,Female,Indore,Madhya Pradesh,Tier 2,2023-06-10
CUST_05297,Aditya Sharma,Male,Delhi,Delhi,Tier 1,2024-02-14
CUST_05298,Aarav Gupta,Male,Hyderabad,Telangana,Tier 1,2024-02-26
CUST_05299,Ananya Sharma,Female,Indore,Madhya Pradesh,Tier 2,2024-03-24
CUST_05300,Ishita Sharma,Female,Chennai,Tamil Nadu,Tier 1,2023-09-06
CUST_05301,Tanvi Singh,Female,Hyderabad,Telangana,Tier 1,2023-11-22
CUST_05302,Varun Patel,Male,Bengaluru,Karnataka,Tier 1,2024-06-02
CUST_05303,Kabir Sharma,Male,Chandigarh,Punjab,Tier 2,2024-07-30
CUST_05304,Aditya Verma,Male,Mumbai,Maharashtra,Tier 1,2024-05-05
CUST_05305,Sneha Mehta,Female,Lucknow,Uttar Pradesh,Tier 2,2023-07-20
CUST_05306,Ishita Nair,Female,Hyderabad,Telangana,Tier 1,2024-08-29
CUST_05307,Pooja Kumar,Female,Dehradun,Uttarakhand,Tier 3,2023-07-29
CUST_05308,Neha Gupta,Female,Delhi,Delhi,Tier 1,2023-12-21
CUST_05309,Ananya Verma,Female,Delhi,Delhi,Tier 1,2023-11-10
CUST_05310,Kavya Nair,Female,Lucknow,Uttar Pradesh,Tier 2,2024-09-17
CUST_05311,Ishita Nair,Female,Chandigarh,Punjab,Tier 2,2023-07-12
CUST_05312,Rohan Reddy,Male,Pune,Maharashtra,Tier 1,2023-06-20
CUST_05313,Aarav Singh,Male,Patna,Bihar,Tier 3,2024-11-28
CUST_05314,Varun Reddy,Male,Pune,Maharashtra,Tier 1,2024-08-16
CUST_05315,Vikram Patel,Male,Mumbai,Maharashtra,Tier 1,2024-06-11
CUST_05316,Riya Kumar,Female,Lucknow,Uttar Pradesh,Tier 2,2023-07-17
CUST_05317,Kavya Iyer,Female,Delhi,Delhi,Tier 1,2024-08-29
CUST_05318,Divya Iyer,Female,Varanasi,Uttar Pradesh,Tier 3,2023-09-18
CUST_05319,Kunal Iyer,Male,Lucknow,Uttar Pradesh,Tier 2,2023-06-19
CUST_05320,Kavya Reddy,Female,Mumbai,Maharashtra,Tier 1,2024-08-26
CUST_05321,Kavya Verma,Female,Hyderabad,Telangana,Tier 1,2023-06-01
CUST_05322,Ishita Iyer,Female,Jaipur,Rajasthan,Tier 2,2023-09-20
CUST_05323,Sneha Patel,Female,Mumbai,Maharashtra,Tier 1,2023-12-24
CUST_05324,Ishita Iyer,Female,Jaipur,Rajasthan,Tier 2,2023-06-08
CUST_05325,Vikram Reddy,Male,Chennai,Tamil Nadu,Tier 1,2023-08-12
CUST_05326,Amit Iyer,Male,Guwahati,Assam,Tier 3,2024-01-19
CUST_05327,Kunal Singh,Male,Bengaluru,Karnataka,Tier 1,2023-09-28
CUST_05328,Varun Iyer,Male,Chandigarh,Punjab,Tier 2,2023-10-08
CUST_05329,Priya Kumar,Female,Jaipur,Rajasthan,Tier 2,2024-01-12
CUST_05330,Amit Reddy,Male,Ahmedabad,Gujarat,Tier 2,2024-05-27
CUST_05331,Amit Kumar,Male,Ahmedabad,Gujarat,Tier 2,2024-11-06
CUST_05332,Ishita Verma,Female,Indore,Madhya Pradesh,Tier 2,2024-01-27
CUST_05333,Tanvi Mehta,Female,Pune,Maharashtra,Tier 1,2023-06-09
CUST_05334,Kunal Mehta,Male,Indore,Madhya Pradesh,Tier 2,2024-03-31
CUST_05335,Kavya Reddy,Female,Kochi,Kerala,Tier 2,2024-02-14
CUST_05336,Riya Verma,Female,Varanasi,Uttar Pradesh,Tier 3,2024-09-05
CUST_05337,Divya Patel,Female,Lucknow,Uttar Pradesh,Tier 2,2024-06-29
CUST_05338,Riya Mehta,Female,Hyderabad,Telangana,Tier 1,2024-05-29
CUST_05339,Arjun Sharma,Male,Dehradun,Uttarakhand,Tier 3,2024-02-21
CUST_05340,Kabir Iyer,Male,Ahmedabad,Gujarat,Tier 2,2024-01-01
CUST_05341,Divya Sharma,Female,Ahmedabad,Gujarat,Tier 2,2024-08-13
CUST_05342,Ishita Kumar,Female,Lucknow,Uttar Pradesh,Tier 2,2024-10-21
CUST_05343,Tanvi Nair,Female,Hyderabad,Telangana,Tier 1,2024-11-20
CUST_05344,Pooja Singh,Female,Chandigarh,Punjab,Tier 2,2024-01-02
CUST_05345,Kunal Verma,Male,Ranchi,Jharkhand,Tier 3,2024-09-19
CUST_05346,Priya Mehta,Female,Bengaluru,Karnataka,Tier 1,2023-06-03
CUST_05347,Ishita Nair,Female,Pune,Maharashtra,Tier 1,2023-11-08
CUST_05348,Aditya Mehta,Male,Ahmedabad,Gujarat,Tier 2,2024-04-25
CUST_05349,Ananya Mehta,Female,Ranchi,Jharkhand,Tier 3,2024-05-14
CUST_05350,Amit Kumar,Male,Jaipur,Rajasthan,Tier 2,2023-12-09
CUST_05351,Rohan Patel,Male,Dehradun,Uttarakhand,Tier 3,2024-07-07
CUST_05352,Pooja Patel,Female,Indore,Madhya Pradesh,Tier 2,2024-05-04
CUST_05353,Vikram Iyer,Male,Indore,Madhya Pradesh,Tier 2,2023-07-25
CUST_05354,Rahul Patel,Male,Hyderabad,Telangana,Tier 1,2024-10-11
CUST_05355,Vikram Gupta,Male,Indore,Madhya Pradesh,Tier 2,2023-07-05
CUST_05356,Kabir Kumar,Male,Chennai,Tamil Nadu,Tier 1,2024-09-05
CUST_05357,Rahul Sharma,Male,Bengaluru,Karnataka,Tier 1,2024-09-24
CUST_05358,Priya Mehta,Female,Delhi,Delhi,Tier 1,2024-02-27
CUST_05359,Divya Singh,Female,Chandigarh,Punjab,Tier 2,2023-09-22
CUST_05360,Rohan Nair,Male,Kochi,Kerala,Tier 2,2023-09-04
CUST_05361,Kunal Sharma,Male,Patna,Bihar,Tier 3,2023-07-01
CUST_05362,Tanvi Verma,Female,Bhopal,Madhya Pradesh,Tier 3,2023-11-01
CUST_05363,Aarav Kumar,Male,Delhi,Delhi,Tier 1,2024-08-03
CUST_05364,Pooja Sharma,Female,Patna,Bihar,Tier 3,2024-06-13
CUST_05365,Kavya Iyer,Female,Mumbai,Maharashtra,Tier 1,2024-07-22
CUST_05366,Kabir Gupta,Male,Hyderabad,Telangana,Tier 1,2024-10-11
CUST_05367,Pooja Mehta,Female,Chandigarh,Punjab,Tier 2,2024-07-24
CUST_05368,Varun Iyer,Male,Chennai,Tamil Nadu,Tier 1,2024-07-25
CUST_05369,Aarav Nair,Male,Chennai,Tamil Nadu,Tier 1,2024-02-06
CUST_05370,Divya Gupta,Female,Lucknow,Uttar Pradesh,Tier 2,2024-08-08
CUST_05371,Rahul Patel,Male,Pune,Maharashtra,Tier 1,2024-08-28
CUST_05372,Kavya Sharma,Female,Hyderabad,Telangana,Tier 1,2023-07-09
CUST_05373,Neha Sharma,Female,Varanasi,Uttar Pradesh,Tier 3,2024-05-14
CUST_05374,Rahul Sharma,Male,Pune,Maharashtra,Tier 1,2023-12-31
CUST_05375,Riya Iyer,Female,Hyderabad,Telangana,Tier 1,2024-09-30
CUST_05376,Rohan Gupta,Male,Bengaluru,Karnataka,Tier 1,2023-12-16
CUST_05377,Aditya Iyer,Male,Jaipur,Rajasthan,Tier 2,2023-11-09
CUST_05378,Divya Patel,Female,Delhi,Delhi,Tier 1,2024-01-16
CUST_05379,Kunal Verma,Male,Hyderabad,Telangana,Tier 1,2023-07-14
CUST_05380,Amit Patel,Male,Guwahati,Assam,Tier 3,2024-01-25
CUST_05381,Neha Singh,Female,Bengaluru,Karnataka,Tier 1,2024-04-19
CUST_05382,Divya Nair,Female,Chennai,Tamil Nadu,Tier 1,2024-11-30
CUST_05383,Sneha Nair,Female,Varanasi,Uttar Pradesh,Tier 3,2024-07-14
CUST_05384,Rahul Patel,Male,Ahmedabad,Gujarat,Tier 2,2023-06-27
CUST_05385,Rahul Gupta,Male,Guwahati,Assam,Tier 3,2023-07-25
CUST_05386,Riya Gupta,Female,Indore,Madhya Pradesh,Tier 2,2024-10-28
CUST_05387,Sneha Singh,Female,Jaipur,Rajasthan,Tier 2,2024-07-31
CUST_05388,Arjun Singh,Male,Chennai,Tamil Nadu,Tier 1,2024-02-19
CUST_05389,Sneha Kumar,Female,Chandigarh,Punjab,Tier 2,2024-09-19
CUST_05390,Neha Reddy,Female,Ahmedabad,Gujarat,Tier 2,2024-02-23
CUST_05391,Kunal Sharma,Male,Dehradun,Uttarakhand,Tier 3,2024-03-06
CUST_05392,Kavya Reddy,Female,Jaipur,Rajasthan,Tier 2,2024-08-18
CUST_05393,Rahul Iyer,Male,Ahmedabad,Gujarat,Tier 2,2024-09-07
CUST_05394,Amit Singh,Male,Pune,Maharashtra,Tier 1,2023-08-02
CUST_05395,Amit Patel,Male,Dehradun,Uttarakhand,Tier 3,2023-08-12
CUST_05396,Riya Verma,Female,Bengaluru,Karnataka,Tier 1,2024-05-15
CUST_05397,Kunal Verma,Male,Chandigarh,Punjab,Tier 2,2023-07-05
CUST_05398,Tanvi Gupta,Female,Jaipur,Rajasthan,Tier 2,2023-12-24
CUST_05399,Arjun Gupta,Male,Hyderabad,Telangana,Tier 1,2024-06-11
CUST_05400,Rahul Reddy,Male,Lucknow,Uttar Pradesh,Tier 2,2023-10-05
CUST_05401,Vikram Patel,Male,Indore,Madhya Pradesh,Tier 2,2024-01-30
CUST_05402,Riya Verma,Female,Varanasi,Uttar Pradesh,Tier 3,2023-08-26
CUST_05403,Varun Nair,Male,Ahmedabad,Gujarat,Tier 2,2023-06-21
CUST_05404,Ananya Verma,Female,Kochi,Kerala,Tier 2,2024-11-08
CUST_05405,Neha Verma,Female,Bengaluru,Karnataka,Tier 1,2024-10-04
CUST_05406,Priya Sharma,Female,Indore,Madhya Pradesh,Tier 2,2023-07-30
CUST_05407,Pooja Mehta,Female,Pune,Maharashtra,Tier 1,2024-06-16
CUST_05408,Divya Gupta,Female,Lucknow,Uttar Pradesh,Tier 2,2024-03-27
CUST_05409,Priya Sharma,Female,Bengaluru,Karnataka,Tier 1,2023-09-02
CUST_05410,Varun Sharma,Male,Hyderabad,Telangana,Tier 1,2023-07-23
CUST_05411,Kunal Nair,Male,Jaipur,Rajasthan,Tier 2,2023-11-28
CUST_05412,Kabir Sharma,Male,Chennai,Tamil Nadu,Tier 1,2024-03-22
CUST_05413,Sneha Mehta,Female,Ahmedabad,Gujarat,Tier 2,2023-11-27
CUST_05414,Rohan Sharma,Male,Bhopal,Madhya Pradesh,Tier 3,2024-09-24
CUST_05415,Divya Iyer,Female,Kochi,Kerala,Tier 2,2024-09-14
CUST_05416,Pooja Iyer,Female,Pune,Maharashtra,Tier 1,2024-09-05
CUST_05417,Riya Patel,Female,Hyderabad,Telangana,Tier 1,2024-02-20
CUST_05418,Aarav Singh,Male,Delhi,Delhi,Tier 1,2023-09-24
CUST_05419,Pooja Reddy,Female,Chennai,Tamil Nadu,Tier 1,2024-06-10
CUST_05420,Aditya Mehta,Male,Ahmedabad,Gujarat,Tier 2,2024-01-22
CUST_05421,Tanvi Gupta,Female,Kochi,Kerala,Tier 2,2024-09-01
CUST_05422,Ishita Verma,Female,Chandigarh,Punjab,Tier 2,2023-06-05
CUST_05423,Kavya Reddy,Female,Chandigarh,Punjab,Tier 2,2024-04-04
CUST_05424,Kabir Nair,Male,Chennai,Tamil Nadu,Tier 1,2024-07-05
CUST_05425,Vikram Singh,Male,Jaipur,Rajasthan,Tier 2,2024-11-09
CUST_05426,Aditya Kumar,Male,Lucknow,Uttar Pradesh,Tier 2,2024-03-17
CUST_05427,Kabir Reddy,Male,Delhi,Delhi,Tier 1,2023-06-28
CUST_05428,Pooja Patel,Female,Mumbai,Maharashtra,Tier 1,2024-04-20
CUST_05429,Kunal Iyer,Male,Bengaluru,Karnataka,Tier 1,2023-09-01
CUST_05430,Amit Kumar,Male,Varanasi,Uttar Pradesh,Tier 3,2024-11-29
CUST_05431,Tanvi Gupta,Female,Guwahati,Assam,Tier 3,2024-04-25
CUST_05432,Rahul Verma,Male,Pune,Maharashtra,Tier 1,2024-07-26
CUST_05433,Amit Mehta,Male,Chennai,Tamil Nadu,Tier 1,2024-09-07
CUST_05434,Vikram Nair,Male,Bengaluru,Karnataka,Tier 1,2023-11-07
CUST_05435,Arjun Singh,Male,Pune,Maharashtra,Tier 1,2024-10-20
CUST_05436,Aarav Kumar,Male,Patna,Bihar,Tier 3,2023-11-15
CUST_05437,Ishita Verma,Female,Lucknow,Uttar Pradesh,Tier 2,2023-08-05
CUST_05438,Neha Singh,Female,Ahmedabad,Gujarat,Tier 2,2024-03-13
CUST_05439,Riya Gupta,Female,Mumbai,Maharashtra,Tier 1,2024-02-09
CUST_05440,Priya Reddy,Female,Indore,Madhya Pradesh,Tier 2,2024-09-28
CUST_05441,Rohan Singh,Male,Hyderabad,Telangana,Tier 1,2023-12-05
CUST_05442,Kavya Nair,Female,Delhi,Delhi,Tier 1,2024-05-18
CUST_05443,Varun Patel,Male,Hyderabad,Telangana,Tier 1,2024-10-28
CUST_05444,Divya Nair,Female,Chandigarh,Punjab,Tier 2,2024-05-04
CUST_05445,Riya Kumar,Female,Chandigarh,Punjab,Tier 2,2024-03-28
CUST_05446,Aditya Singh,Male,Pune,Maharashtra,Tier 1,2023-10-18
CUST_05447,Arjun Sharma,Male,Ahmedabad,Gujarat,Tier 2,2024-08-19
CUST_05448,Kunal Kumar,Male,Jaipur,Rajasthan,Tier 2,2023-12-31
CUST_05449,Tanvi Mehta,Female,Jaipur,Rajasthan,Tier 2,2023-09-22
CUST_05450,Vikram Nair,Male,Delhi,Delhi,Tier 1,2024-10-03
CUST_05451,Arjun Kumar,Male,Bengaluru,Karnataka,Tier 1,2024-06-03
CUST_05452,Ishita Gupta,Female,Mumbai,Maharashtra,Tier 1,2024-02-01
CUST_05453,Kunal Sharma,Male,Indore,Madhya Pradesh,Tier 2,2024-02-14
CUST_05454,Kabir Mehta,Male,Bengaluru,Karnataka,Tier 1,2023-10-13
CUST_05455,Kunal Singh,Male,Bengaluru,Karnataka,Tier 1,2024-01-05
CUST_05456,Sneha Reddy,Female,Hyderabad,Telangana,Tier 1,2023-11-13
CUST_05457,Riya Reddy,Female,Patna,Bihar,Tier 3,2024-08-02
CUST_05458,Rohan Verma,Male,Bengaluru,Karnataka,Tier 1,2024-01-01
CUST_05459,Kunal Nair,Male,Guwahati,Assam,Tier 3,2024-10-12
CUST_05460,Arjun Gupta,Male,Chennai,Tamil Nadu,Tier 1,2024-04-01
CUST_05461,Divya Nair,Female,Hyderabad,Telangana,Tier 1,2024-06-20
CUST_05462,Kabir Gupta,Male,Delhi,Delhi,Tier 1,2023-08-21
CUST_05463,Rahul Nair,Male,Lucknow,Uttar Pradesh,Tier 2,2024-05-12
CUST_05464,Rohan Patel,Male,Guwahati,Assam,Tier 3,2024-06-25
CUST_05465,Divya Sharma,Female,Patna,Bihar,Tier 3,2024-03-06
CUST_05466,Divya Iyer,Female,Indore,Madhya Pradesh,Tier 2,2023-11-27
CUST_05467,Amit Singh,Male,Bengaluru,Karnataka,Tier 1,2024-05-02
CUST_05468,Aarav Mehta,Male,Mumbai,Maharashtra,Tier 1,2023-11-19
CUST_05469,Priya Patel,Female,Mumbai,Maharashtra,Tier 1,2023-06-18
CUST_05470,Arjun Gupta,Male,Indore,Madhya Pradesh,Tier 2,2023-10-08
CUST_05471,Neha Nair,Female,Hyderabad,Telangana,Tier 1,2024-05-12
CUST_05472,Kunal Patel,Male,Kochi,Kerala,Tier 2,2024-06-22
CUST_05473,Aditya Patel,Male,Hyderabad,Telangana,Tier 1,2024-09-02
CUST_05474,Vikram Reddy,Male,Dehradun,Uttarakhand,Tier 3,2023-06-08
CUST_05475,Sneha Nair,Female,Mumbai,Maharashtra,Tier 1,2024-02-28
CUST_05476,Kavya Reddy,Female,Hyderabad,Telangana,Tier 1,2023-11-25
CUST_05477,Rahul Reddy,Male,Kochi,Kerala,Tier 2,2023-07-08
CUST_05478,Vikram Kumar,Male,Pune,Maharashtra,Tier 1,2024-05-31
CUST_05479,Pooja Sharma,Female,Ranchi,Jharkhand,Tier 3,2024-01-12
CUST_05480,Rahul Nair,Male,Hyderabad,Telangana,Tier 1,2023-06-24
CUST_05481,Sneha Singh,Female,Chennai,Tamil Nadu,Tier 1,2023-11-04
CUST_05482,Kavya Kumar,Female,Hyderabad,Telangana,Tier 1,2024-11-15
CUST_05483,Varun Reddy,Male,Ranchi,Jharkhand,Tier 3,2023-07-10
CUST_05484,Priya Verma,Female,Pune,Maharashtra,Tier 1,2024-12-02
CUST_05485,Kabir Iyer,Male,Delhi,Delhi,Tier 1,2024-07-14
CUST_05486,Pooja Nair,Female,Delhi,Delhi,Tier 1,2024-06-24
CUST_05487,Vikram Singh,Male,Indore,Madhya Pradesh,Tier 2,2024-08-15
CUST_05488,Pooja Mehta,Female,Mumbai,Maharashtra,Tier 1,2023-08-12
CUST_05489,Vikram Nair,Male,Indore,Madhya Pradesh,Tier 2,2024-11-29
CUST_05490,Neha Sharma,Female,Hyderabad,Telangana,Tier 1,2023-11-13
CUST_05491,Varun Singh,Male,Guwahati,Assam,Tier 3,2024-03-12
CUST_05492,Arjun Singh,Male,Hyderabad,Telangana,Tier 1,2023-06-25
CUST_05493,Pooja Sharma,Female,Chennai,Tamil Nadu,Tier 1,2023-07-19
CUST_05494,Aditya Iyer,Male,Kochi,Kerala,Tier 2,2023-09-29
CUST_05495,Amit Reddy,Male,Hyderabad,Telangana,Tier 1,2023-10-26
CUST_05496,Aditya Kumar,Male,Pune,Maharashtra,Tier 1,2023-07-25
CUST_05497,Ishita Verma,Female,Chennai,Tamil Nadu,Tier 1,2023-06-18
CUST_05498,Kabir Mehta,Male,Delhi,Delhi,Tier 1,2023-12-20
CUST_05499,Tanvi Reddy,Female,Chennai,Tamil Nadu,Tier 1,2024-09-03
CUST_05500,Sneha Nair,Female,Jaipur,Rajasthan,Tier 2,2024-04-22
CUST_05501,Kavya Iyer,Female,Pune,Maharashtra,Tier 1,2024-06-11
CUST_05502,Divya Singh,Female,Hyderabad,Telangana,Tier 1,2024-05-14
CUST_05503,Divya Iyer,Female,Delhi,Delhi,Tier 1,2023-06-27
CUST_05504,Kavya Mehta,Female,Chandigarh,Punjab,Tier 2,2023-10-16
CUST_05505,Kunal Verma,Male,Delhi,Delhi,Tier 1,2024-03-20
CUST_05506,Amit Mehta,Male,Lucknow,Uttar Pradesh,Tier 2,2024-04-16
CUST_05507,Kabir Patel,Male,Varanasi,Uttar Pradesh,Tier 3,2024-09-07
CUST_05508,Rohan Gupta,Male,Jaipur,Rajasthan,Tier 2,2023-08-08
CUST_05509,Rohan Singh,Male,Patna,Bihar,Tier 3,2024-10-16
CUST_05510,Riya Kumar,Female,Mumbai,Maharashtra,Tier 1,2023-07-12
CUST_05511,Kunal Gupta,Male,Indore,Madhya Pradesh,Tier 2,2024-09-17
CUST_05512,Aarav Nair,Male,Ahmedabad,Gujarat,Tier 2,2023-10-23
CUST_05513,Ananya Mehta,Female,Patna,Bihar,Tier 3,2024-02-03
CUST_05514,Rohan Patel,Male,Indore,Madhya Pradesh,Tier 2,2024-03-19
CUST_05515,Rahul Iyer,Male,Hyderabad,Telangana,Tier 1,2024-01-26
CUST_05516,Ananya Iyer,Female,Mumbai,Maharashtra,Tier 1,2023-08-30
CUST_05517,Kabir Patel,Male,Pune,Maharashtra,Tier 1,2024-04-20
CUST_05518,Aarav Singh,Male,Ranchi,Jharkhand,Tier 3,2024-02-14
CUST_05519,Rahul Mehta,Male,Patna,Bihar,Tier 3,2024-04-05
CUST_05520,Ananya Verma,Female,Ahmedabad,Gujarat,Tier 2,2023-08-29
CUST_05521,Aditya Singh,Male,Kochi,Kerala,Tier 2,2024-01-25
CUST_05522,Ishita Kumar,Female,Lucknow,Uttar Pradesh,Tier 2,2024-01-06
CUST_05523,Sneha Reddy,Female,Hyderabad,Telangana,Tier 1,2023-08-29
CUST_05524,Kunal Mehta,Male,Mumbai,Maharashtra,Tier 1,2023-09-27
CUST_05525,Rahul Sharma,Male,Ahmedabad,Gujarat,Tier 2,2023-08-28
CUST_05526,Amit Verma,Male,Varanasi,Uttar Pradesh,Tier 3,2023-09-03
CUST_05527,Divya Singh,Female,Lucknow,Uttar Pradesh,Tier 2,2024-11-20
CUST_05528,Amit Nair,Male,Kochi,Kerala,Tier 2,2023-08-11
CUST_05529,Tanvi Singh,Female,Bhopal,Madhya Pradesh,Tier 3,2023-12-10
CUST_05530,Varun Verma,Male,Ahmedabad,Gujarat,Tier 2,2023-07-07
CUST_05531,Rohan Mehta,Male,Hyderabad,Telangana,Tier 1,2023-12-29
CUST_05532,Kunal Patel,Male,Hyderabad,Telangana,Tier 1,2024-07-13
CUST_05533,Ananya Singh,Female,Dehradun,Uttarakhand,Tier 3,2023-08-10
CUST_05534,Priya Sharma,Female,Bhopal,Madhya Pradesh,Tier 3,2023-09-03
CUST_05535,Amit Reddy,Male,Delhi,Delhi,Tier 1,2023-07-01
CUST_05536,Aditya Mehta,Male,Jaipur,Rajasthan,Tier 2,2024-02-10
CUST_05537,Riya Iyer,Female,Bengaluru,Karnataka,Tier 1,2024-10-17
CUST_05538,Vikram Nair,Male,Chandigarh,Punjab,Tier 2,2024-05-19
CUST_05539,Kunal Reddy,Male,Chennai,Tamil Nadu,Tier 1,2023-11-05
CUST_05540,Neha Patel,Female,Hyderabad,Telangana,Tier 1,2023-12-31
CUST_05541,Arjun Sharma,Male,Dehradun,Uttarakhand,Tier 3,2024-10-22
CUST_05542,Rohan Sharma,Male,Chennai,Tamil Nadu,Tier 1,2024-08-24
CUST_05543,Aditya Iyer,Male,Lucknow,Uttar Pradesh,Tier 2,2023-08-01
CUST_05544,Tanvi Reddy,Female,Delhi,Delhi,Tier 1,2024-03-14
CUST_05545,Divya Gupta,Female,Pune,Maharashtra,Tier 1,2024-02-07
CUST_05546,Aditya Mehta,Male,Jaipur,Rajasthan,Tier 2,2023-06-30
CUST_05547,Priya Kumar,Female,Jaipur,Rajasthan,Tier 2,2023-06-28
CUST_05548,Priya Singh,Female,Ahmedabad,Gujarat,Tier 2,2024-08-04
CUST_05549,Aditya Patel,Male,Mumbai,Maharashtra,Tier 1,2023-07-02
CUST_05550,Kavya Nair,Female,Indore,Madhya Pradesh,Tier 2,2024-03-19
CUST_05551,Varun Patel,Male,Delhi,Delhi,Tier 1,2023-06-06
CUST_05552,Sneha Patel,Female,Indore,Madhya Pradesh,Tier 2,2023-10-23
CUST_05553,Ishita Kumar,Female,Indore,Madhya Pradesh,Tier 2,2024-04-19
CUST_05554,Aditya Iyer,Male,Ahmedabad,Gujarat,Tier 2,2024-08-04
CUST_05555,Aditya Singh,Male,Lucknow,Uttar Pradesh,Tier 2,2024-01-27
CUST_05556,Neha Nair,Female,Lucknow,Uttar Pradesh,Tier 2,2024-10-13
CUST_05557,Arjun Iyer,Male,Bhopal,Madhya Pradesh,Tier 3,2023-10-27
CUST_05558,Amit Sharma,Male,Chennai,Tamil Nadu,Tier 1,2024-01-28
CUST_05559,Riya Reddy,Female,Delhi,Delhi,Tier 1,2024-07-28
CUST_05560,Riya Nair,Female,Hyderabad,Telangana,Tier 1,2024-02-28
CUST_05561,Arjun Mehta,Male,Jaipur,Rajasthan,Tier 2,2023-10-12
CUST_05562,Arjun Mehta,Male,Delhi,Delhi,Tier 1,2024-05-19
CUST_05563,Varun Reddy,Male,Jaipur,Rajasthan,Tier 2,2023-10-03
CUST_05564,Kavya Nair,Female,Pune,Maharashtra,Tier 1,2023-09-14
CUST_05565,Vikram Singh,Male,Indore,Madhya Pradesh,Tier 2,2024-08-23
CUST_05566,Amit Verma,Male,Kochi,Kerala,Tier 2,2024-01-06
CUST_05567,Priya Verma,Female,Hyderabad,Telangana,Tier 1,2023-09-30
CUST_05568,Vikram Gupta,Male,Bhopal,Madhya Pradesh,Tier 3,2024-06-19
CUST_05569,Rohan Nair,Male,Chandigarh,Punjab,Tier 2,2023-06-23
CUST_05570,Kavya Kumar,Female,Indore,Madhya Pradesh,Tier 2,2024-06-23
CUST_05571,Riya Patel,Female,Ahmedabad,Gujarat,Tier 2,2024-02-08
CUST_05572,Ishita Singh,Female,Bhopal,Madhya Pradesh,Tier 3,2024-10-24
CUST_05573,Priya Singh,Female,Bhopal,Madhya Pradesh,Tier 3,2024-03-24
CUST_05574,Kavya Singh,Female,Guwahati,Assam,Tier 3,2024-05-28
CUST_05575,Tanvi Sharma,Female,Bengaluru,Karnataka,Tier 1,2023-08-28
CUST_05576,Varun Gupta,Male,Lucknow,Uttar Pradesh,Tier 2,2023-11-03
CUST_05577,Sneha Mehta,Female,Ranchi,Jharkhand,Tier 3,2024-09-25
CUST_05578,Sneha Verma,Female,Kochi,Kerala,Tier 2,2024-08-29
CUST_05579,Arjun Nair,Male,Delhi,Delhi,Tier 1,2023-07-27
CUST_05580,Neha Sharma,Female,Guwahati,Assam,Tier 3,2023-12-16
CUST_05581,Ananya Iyer,Female,Chandigarh,Punjab,Tier 2,2024-06-04
CUST_05582,Amit Verma,Male,Hyderabad,Telangana,Tier 1,2024-02-21
CUST_05583,Aditya Singh,Male,Dehradun,Uttarakhand,Tier 3,2024-02-13
CUST_05584,Pooja Reddy,Female,Varanasi,Uttar Pradesh,Tier 3,2023-06-16
CUST_05585,Sneha Reddy,Female,Patna,Bihar,Tier 3,2024-05-09
CUST_05586,Vikram Patel,Male,Indore,Madhya Pradesh,Tier 2,2024-02-17
CUST_05587,Divya Gupta,Female,Delhi,Delhi,Tier 1,2024-03-27
CUST_05588,Rohan Reddy,Male,Dehradun,Uttarakhand,Tier 3,2024-05-28
CUST_05589,Sneha Reddy,Female,Pune,Maharashtra,Tier 1,2023-06-08
CUST_05590,Rohan Gupta,Male,Dehradun,Uttarakhand,Tier 3,2023-08-08
CUST_05591,Pooja Singh,Female,Pune,Maharashtra,Tier 1,2024-03-18
CUST_05592,Divya Patel,Female,Chennai,Tamil Nadu,Tier 1,2023-09-29
CUST_05593,Pooja Nair,Female,Mumbai,Maharashtra,Tier 1,2024-08-06
CUST_05594,Ishita Iyer,Female,Jaipur,Rajasthan,Tier 2,2023-07-18
CUST_05595,Rohan Reddy,Male,Pune,Maharashtra,Tier 1,2023-09-14
CUST_05596,Varun Singh,Male,Indore,Madhya Pradesh,Tier 2,2024-09-02
CUST_05597,Priya Mehta,Female,Delhi,Delhi,Tier 1,2024-04-04
CUST_05598,Priya Singh,Female,Chennai,Tamil Nadu,Tier 1,2024-02-07
CUST_05599,Kavya Patel,Female,Ahmedabad,Gujarat,Tier 2,2023-12-24
CUST_05600,Kunal Patel,Male,Chandigarh,Punjab,Tier 2,2024-06-02
CUST_05601,Neha Iyer,Female,Varanasi,Uttar Pradesh,Tier 3,2023-12-31
CUST_05602,Rahul Gupta,Male,Ranchi,Jharkhand,Tier 3,2024-03-07
CUST_05603,Neha Verma,Female,Patna,Bihar,Tier 3,2024-11-12
CUST_05604,Rohan Nair,Male,Ranchi,Jharkhand,Tier 3,2023-07-09
CUST_05605,Priya Sharma,Female,Ahmedabad,Gujarat,Tier 2,2023-10-02
CUST_05606,Arjun Verma,Male,Hyderabad,Telangana,Tier 1,2024-02-19
CUST_05607,Tanvi Verma,Female,Guwahati,Assam,Tier 3,2024-10-29
CUST_05608,Aarav Iyer,Male,Indore,Madhya Pradesh,Tier 2,2023-11-24
CUST_05609,Neha Mehta,Female,Dehradun,Uttarakhand,Tier 3,2024-11-10
CUST_05610,Sneha Mehta,Female,Kochi,Kerala,Tier 2,2024-10-07
CUST_05611,Ishita Reddy,Female,Jaipur,Rajasthan,Tier 2,2024-09-23
CUST_05612,Rahul Kumar,Male,Delhi,Delhi,Tier 1,2023-09-06
CUST_05613,Rohan Nair,Male,Guwahati,Assam,Tier 3,2023-11-15
CUST_05614,Arjun Reddy,Male,Ahmedabad,Gujarat,Tier 2,2023-08-01
CUST_05615,Tanvi Gupta,Female,Lucknow,Uttar Pradesh,Tier 2,2024-08-14
CUST_05616,Pooja Nair,Female,Guwahati,Assam,Tier 3,2024-06-04
CUST_05617,Priya Gupta,Female,Chennai,Tamil Nadu,Tier 1,2024-11-24
CUST_05618,Rohan Sharma,Male,Bhopal,Madhya Pradesh,Tier 3,2024-09-26
CUST_05619,Varun Sharma,Male,Mumbai,Maharashtra,Tier 1,2024-10-12
CUST_05620,Amit Nair,Male,Chandigarh,Punjab,Tier 2,2024-08-19
CUST_05621,Rahul Sharma,Male,Kochi,Kerala,Tier 2,2023-07-06
CUST_05622,Vikram Nair,Male,Mumbai,Maharashtra,Tier 1,2024-08-19
CUST_05623,Riya Nair,Female,Hyderabad,Telangana,Tier 1,2023-11-28
CUST_05624,Kavya Sharma,Female,Patna,Bihar,Tier 3,2024-03-02
CUST_05625,Tanvi Kumar,Female,Hyderabad,Telangana,Tier 1,2024-09-25
CUST_05626,Kavya Singh,Female,Pune,Maharashtra,Tier 1,2024-11-04
CUST_05627,Amit Verma,Male,Pune,Maharashtra,Tier 1,2024-03-04
CUST_05628,Neha Iyer,Female,Bengaluru,Karnataka,Tier 1,2023-12-16
CUST_05629,Kavya Patel,Female,Jaipur,Rajasthan,Tier 2,2023-12-08
CUST_05630,Sneha Gupta,Female,Lucknow,Uttar Pradesh,Tier 2,2023-07-30
CUST_05631,Rahul Gupta,Male,Indore,Madhya Pradesh,Tier 2,2024-05-19
CUST_05632,Kabir Reddy,Male,Bengaluru,Karnataka,Tier 1,2023-07-04
CUST_05633,Riya Sharma,Female,Lucknow,Uttar Pradesh,Tier 2,2024-05-09
CUST_05634,Arjun Nair,Male,Chennai,Tamil Nadu,Tier 1,2023-10-31
CUST_05635,Neha Gupta,Female,Indore,Madhya Pradesh,Tier 2,2023-10-04
CUST_05636,Kabir Nair,Male,Chennai,Tamil Nadu,Tier 1,2023-06-26
CUST_05637,Kabir Mehta,Male,Hyderabad,Telangana,Tier 1,2023-12-31
CUST_05638,Rahul Reddy,Male,Mumbai,Maharashtra,Tier 1,2024-02-20
CUST_05639,Rahul Nair,Male,Dehradun,Uttarakhand,Tier 3,2024-07-14
CUST_05640,Amit Mehta,Male,Lucknow,Uttar Pradesh,Tier 2,2024-10-22
CUST_05641,Rahul Kumar,Male,Lucknow,Uttar Pradesh,Tier 2,2023-09-13
CUST_05642,Aditya Mehta,Male,Kochi,Kerala,Tier 2,2023-07-25
CUST_05643,Amit Iyer,Male,Chennai,Tamil Nadu,Tier 1,2023-12-30
CUST_05644,Ananya Mehta,Female,Jaipur,Rajasthan,Tier 2,2024-02-29
CUST_05645,Aditya Mehta,Male,Bhopal,Madhya Pradesh,Tier 3,2023-10-05
CUST_05646,Amit Singh,Male,Chennai,Tamil Nadu,Tier 1,2023-08-24
CUST_05647,Kabir Reddy,Male,Dehradun,Uttarakhand,Tier 3,2023-06-13
CUST_05648,Neha Mehta,Female,Pune,Maharashtra,Tier 1,2024-11-18
CUST_05649,Priya Reddy,Female,Guwahati,Assam,Tier 3,2024-06-29
CUST_05650,Arjun Singh,Male,Chennai,Tamil Nadu,Tier 1,2024-05-31
CUST_05651,Riya Patel,Female,Hyderabad,Telangana,Tier 1,2024-01-14
CUST_05652,Divya Patel,Female,Bengaluru,Karnataka,Tier 1,2024-04-26
CUST_05653,Rahul Reddy,Male,Pune,Maharashtra,Tier 1,2024-08-12
CUST_05654,Divya Mehta,Female,Mumbai,Maharashtra,Tier 1,2024-11-20
CUST_05655,Varun Sharma,Male,Hyderabad,Telangana,Tier 1,2024-09-22
CUST_05656,Aditya Verma,Male,Jaipur,Rajasthan,Tier 2,2024-01-30
CUST_05657,Rohan Iyer,Male,Ahmedabad,Gujarat,Tier 2,2024-08-04
CUST_05658,Kavya Verma,Female,Kochi,Kerala,Tier 2,2023-07-01
CUST_05659,Kabir Sharma,Male,Hyderabad,Telangana,Tier 1,2024-11-18
CUST_05660,Ananya Gupta,Female,Lucknow,Uttar Pradesh,Tier 2,2024-03-31
CUST_05661,Tanvi Reddy,Female,Delhi,Delhi,Tier 1,2024-11-26
CUST_05662,Pooja Patel,Female,Indore,Madhya Pradesh,Tier 2,2023-08-31
CUST_05663,Aditya Nair,Male,Delhi,Delhi,Tier 1,2023-10-29
CUST_05664,Tanvi Patel,Female,Delhi,Delhi,Tier 1,2024-05-26
CUST_05665,Pooja Reddy,Female,Pune,Maharashtra,Tier 1,2024-07-29
CUST_05666,Varun Iyer,Male,Delhi,Delhi,Tier 1,2024-03-22
CUST_05667,Aditya Nair,Male,Indore,Madhya Pradesh,Tier 2,2024-03-19
CUST_05668,Kavya Gupta,Female,Kochi,Kerala,Tier 2,2024-06-11
CUST_05669,Rohan Reddy,Male,Hyderabad,Telangana,Tier 1,2024-01-09
CUST_05670,Aarav Patel,Male,Jaipur,Rajasthan,Tier 2,2023-06-17
CUST_05671,Kunal Mehta,Male,Hyderabad,Telangana,Tier 1,2024-01-13
CUST_05672,Kabir Gupta,Male,Chandigarh,Punjab,Tier 2,2023-12-27
CUST_05673,Rahul Mehta,Male,Pune,Maharashtra,Tier 1,2024-09-05
CUST_05674,Divya Mehta,Female,Jaipur,Rajasthan,Tier 2,2024-08-10
CUST_05675,Ananya Verma,Female,Jaipur,Rajasthan,Tier 2,2023-06-11
CUST_05676,Ishita Nair,Female,Chennai,Tamil Nadu,Tier 1,2023-06-24
CUST_05677,Pooja Patel,Female,Delhi,Delhi,Tier 1,2024-09-01
CUST_05678,Kunal Nair,Male,Delhi,Delhi,Tier 1,2024-03-13
CUST_05679,Kunal Gupta,Male,Ahmedabad,Gujarat,Tier 2,2023-06-24
CUST_05680,Kunal Verma,Male,Patna,Bihar,Tier 3,2024-06-09
CUST_05681,Aarav Singh,Male,Hyderabad,Telangana,Tier 1,2024-02-08
CUST_05682,Tanvi Gupta,Female,Patna,Bihar,Tier 3,2024-02-17
CUST_05683,Pooja Mehta,Female,Ahmedabad,Gujarat,Tier 2,2023-07-29
CUST_05684,Sneha Nair,Female,Varanasi,Uttar Pradesh,Tier 3,2024-05-05
CUST_05685,Tanvi Kumar,Female,Varanasi,Uttar Pradesh,Tier 3,2023-12-13
CUST_05686,Ishita Singh,Female,Chandigarh,Punjab,Tier 2,2023-09-01
CUST_05687,Kunal Singh,Male,Delhi,Delhi,Tier 1,2024-05-29
CUST_05688,Varun Gupta,Male,Ahmedabad,Gujarat,Tier 2,2024-01-06
CUST_05689,Arjun Patel,Male,Jaipur,Rajasthan,Tier 2,2023-11-01
CUST_05690,Aarav Nair,Male,Dehradun,Uttarakhand,Tier 3,2024-07-04
CUST_05691,Tanvi Iyer,Female,Bhopal,Madhya Pradesh,Tier 3,2024-02-27
CUST_05692,Vikram Mehta,Male,Pune,Maharashtra,Tier 1,2024-07-20
CUST_05693,Sneha Verma,Female,Bengaluru,Karnataka,Tier 1,2024-05-30
CUST_05694,Ananya Mehta,Female,Jaipur,Rajasthan,Tier 2,2023-06-06
CUST_05695,Aditya Kumar,Male,Ranchi,Jharkhand,Tier 3,2024-03-24
CUST_05696,Tanvi Sharma,Female,Guwahati,Assam,Tier 3,2023-07-31
CUST_05697,Kunal Gupta,Male,Delhi,Delhi,Tier 1,2024-09-13
CUST_05698,Divya Verma,Female,Jaipur,Rajasthan,Tier 2,2024-08-10
CUST_05699,Rahul Patel,Male,Delhi,Delhi,Tier 1,2023-07-16
CUST_05700,Varun Gupta,Male,Indore,Madhya Pradesh,Tier 2,2024-07-23
CUST_05701,Varun Sharma,Male,Delhi,Delhi,Tier 1,2023-10-04
CUST_05702,Ishita Iyer,Female,Mumbai,Maharashtra,Tier 1,2024-06-16
CUST_05703,Amit Gupta,Male,Kochi,Kerala,Tier 2,2024-07-15
CUST_05704,Rohan Mehta,Male,Indore,Madhya Pradesh,Tier 2,2023-06-01
CUST_05705,Rahul Iyer,Male,Hyderabad,Telangana,Tier 1,2023-12-15
CUST_05706,Rohan Sharma,Male,Delhi,Delhi,Tier 1,2024-05-28
CUST_05707,Priya Nair,Female,Delhi,Delhi,Tier 1,2023-07-27
CUST_05708,Priya Iyer,Female,Pune,Maharashtra,Tier 1,2023-09-27
CUST_05709,Arjun Kumar,Male,Delhi,Delhi,Tier 1,2024-05-10
CUST_05710,Varun Verma,Male,Kochi,Kerala,Tier 2,2024-01-14
CUST_05711,Ishita Reddy,Female,Hyderabad,Telangana,Tier 1,2024-10-17
CUST_05712,Kunal Sharma,Male,Kochi,Kerala,Tier 2,2024-04-14
CUST_05713,Varun Mehta,Male,Ahmedabad,Gujarat,Tier 2,2024-06-09
CUST_05714,Kunal Verma,Male,Jaipur,Rajasthan,Tier 2,2023-11-05
CUST_05715,Aditya Patel,Male,Mumbai,Maharashtra,Tier 1,2024-03-13
CUST_05716,Sneha Patel,Female,Delhi,Delhi,Tier 1,2023-07-13
CUST_05717,Aditya Reddy,Male,Varanasi,Uttar Pradesh,Tier 3,2024-09-25
CUST_05718,Kavya Nair,Female,Chandigarh,Punjab,Tier 2,2023-11-06
CUST_05719,Riya Nair,Female,Hyderabad,Telangana,Tier 1,2023-09-17
CUST_05720,Rahul Gupta,Male,Kochi,Kerala,Tier 2,2023-10-13
CUST_05721,Aditya Sharma,Male,Guwahati,Assam,Tier 3,2024-06-14
CUST_05722,Arjun Kumar,Male,Jaipur,Rajasthan,Tier 2,2023-11-20
CUST_05723,Rohan Nair,Male,Chennai,Tamil Nadu,Tier 1,2023-08-04
CUST_05724,Rohan Patel,Male,Dehradun,Uttarakhand,Tier 3,2024-01-22
CUST_05725,Aditya Sharma,Male,Delhi,Delhi,Tier 1,2024-11-02
CUST_05726,Divya Patel,Female,Mumbai,Maharashtra,Tier 1,2024-01-13
CUST_05727,Vikram Kumar,Male,Ahmedabad,Gujarat,Tier 2,2024-10-30
CUST_05728,Aarav Iyer,Male,Kochi,Kerala,Tier 2,2023-09-19
CUST_05729,Ishita Sharma,Female,Patna,Bihar,Tier 3,2023-07-02
CUST_05730,Sneha Verma,Female,Bengaluru,Karnataka,Tier 1,2024-01-09
CUST_05731,Ananya Nair,Female,Delhi,Delhi,Tier 1,2023-09-14
CUST_05732,Vikram Singh,Male,Chandigarh,Punjab,Tier 2,2023-07-14
CUST_05733,Varun Reddy,Male,Patna,Bihar,Tier 3,2023-07-10
CUST_05734,Vikram Gupta,Male,Indore,Madhya Pradesh,Tier 2,2024-03-14
CUST_05735,Ananya Gupta,Female,Chennai,Tamil Nadu,Tier 1,2024-05-06
CUST_05736,Arjun Patel,Male,Chandigarh,Punjab,Tier 2,2024-02-24
CUST_05737,Tanvi Gupta,Female,Lucknow,Uttar Pradesh,Tier 2,2024-05-22
CUST_05738,Kunal Singh,Male,Delhi,Delhi,Tier 1,2023-08-20
CUST_05739,Sneha Iyer,Female,Indore,Madhya Pradesh,Tier 2,2024-06-02
CUST_05740,Neha Gupta,Female,Mumbai,Maharashtra,Tier 1,2024-11-28
CUST_05741,Neha Gupta,Female,Ahmedabad,Gujarat,Tier 2,2023-08-27
CUST_05742,Pooja Sharma,Female,Delhi,Delhi,Tier 1,2024-10-20
CUST_05743,Amit Gupta,Male,Delhi,Delhi,Tier 1,2024-06-19
CUST_05744,Divya Sharma,Female,Chennai,Tamil Nadu,Tier 1,2024-07-01
CUST_05745,Varun Reddy,Male,Varanasi,Uttar Pradesh,Tier 3,2023-10-02
CUST_05746,Tanvi Patel,Female,Ahmedabad,Gujarat,Tier 2,2024-07-13
CUST_05747,Ananya Mehta,Female,Pune,Maharashtra,Tier 1,2023-10-09
CUST_05748,Tanvi Nair,Female,Kochi,Kerala,Tier 2,2024-07-27
CUST_05749,Ananya Verma,Female,Hyderabad,Telangana,Tier 1,2023-11-09
CUST_05750,Neha Singh,Female,Bengaluru,Karnataka,Tier 1,2024-06-07
CUST_05751,Sneha Mehta,Female,Mumbai,Maharashtra,Tier 1,2024-04-26
CUST_05752,Vikram Patel,Male,Patna,Bihar,Tier 3,2023-11-03
CUST_05753,Tanvi Sharma,Female,Delhi,Delhi,Tier 1,2024-11-17
CUST_05754,Divya Gupta,Female,Ranchi,Jharkhand,Tier 3,2023-12-02
CUST_05755,Kabir Sharma,Male,Mumbai,Maharashtra,Tier 1,2023-06-09
CUST_05756,Pooja Kumar,Female,Bengaluru,Karnataka,Tier 1,2023-12-10
CUST_05757,Amit Singh,Male,Hyderabad,Telangana,Tier 1,2023-06-18
CUST_05758,Divya Iyer,Female,Chennai,Tamil Nadu,Tier 1,2023-10-31
CUST_05759,Rahul Patel,Male,Kochi,Kerala,Tier 2,2023-10-05
CUST_05760,Varun Verma,Male,Guwahati,Assam,Tier 3,2024-03-04
CUST_05761,Pooja Verma,Female,Indore,Madhya Pradesh,Tier 2,2023-08-16
CUST_05762,Ananya Nair,Female,Ranchi,Jharkhand,Tier 3,2024-11-06
CUST_05763,Vikram Mehta,Male,Kochi,Kerala,Tier 2,2024-09-19
CUST_05764,Divya Nair,Female,Delhi,Delhi,Tier 1,2023-07-17
CUST_05765,Rohan Verma,Male,Pune,Maharashtra,Tier 1,2023-10-29
CUST_05766,Rohan Mehta,Male,Ahmedabad,Gujarat,Tier 2,2024-11-11
CUST_05767,Amit Verma,Male,Jaipur,Rajasthan,Tier 2,2024-06-27
CUST_05768,Vikram Patel,Male,Patna,Bihar,Tier 3,2024-09-17
CUST_05769,Pooja Kumar,Female,Hyderabad,Telangana,Tier 1,2024-09-05
CUST_05770,Kavya Patel,Female,Chennai,Tamil Nadu,Tier 1,2024-04-03
CUST_05771,Aditya Reddy,Male,Bhopal,Madhya Pradesh,Tier 3,2024-04-18
CUST_05772,Riya Patel,Female,Delhi,Delhi,Tier 1,2023-12-25
CUST_05773,Priya Verma,Female,Guwahati,Assam,Tier 3,2023-12-09
CUST_05774,Kabir Sharma,Male,Patna,Bihar,Tier 3,2024-05-10
CUST_05775,Pooja Nair,Female,Lucknow,Uttar Pradesh,Tier 2,2024-11-05
CUST_05776,Sneha Sharma,Female,Ranchi,Jharkhand,Tier 3,2024-07-11
CUST_05777,Tanvi Gupta,Female,Dehradun,Uttarakhand,Tier 3,2023-07-16
CUST_05778,Amit Nair,Male,Patna,Bihar,Tier 3,2024-04-24
CUST_05779,Priya Patel,Female,Hyderabad,Telangana,Tier 1,2024-04-16
CUST_05780,Rohan Mehta,Male,Chandigarh,Punjab,Tier 2,2024-06-03
CUST_05781,Rohan Kumar,Male,Kochi,Kerala,Tier 2,2023-10-18
CUST_05782,Sneha Verma,Female,Jaipur,Rajasthan,Tier 2,2024-10-05
CUST_05783,Priya Singh,Female,Indore,Madhya Pradesh,Tier 2,2024-01-12
CUST_05784,Rohan Sharma,Male,Varanasi,Uttar Pradesh,Tier 3,2024-03-11
CUST_05785,Kavya Patel,Female,Ahmedabad,Gujarat,Tier 2,2024-06-26
CUST_05786,Kavya Reddy,Female,Mumbai,Maharashtra,Tier 1,2024-01-05
CUST_05787,Varun Iyer,Male,Varanasi,Uttar Pradesh,Tier 3,2023-10-04
CUST_05788,Pooja Mehta,Female,Patna,Bihar,Tier 3,2024-09-04
CUST_05789,Varun Gupta,Male,Ranchi,Jharkhand,Tier 3,2023-06-30
CUST_05790,Aarav Sharma,Male,Kochi,Kerala,Tier 2,2024-04-05
CUST_05791,Vikram Singh,Male,Chandigarh,Punjab,Tier 2,2024-06-08
CUST_05792,Ishita Gupta,Female,Kochi,Kerala,Tier 2,2024-11-25
CUST_05793,Kunal Nair,Male,Chennai,Tamil Nadu,Tier 1,2023-10-12
CUST_05794,Kabir Iyer,Male,Chandigarh,Punjab,Tier 2,2024-02-17
CUST_05795,Kunal Gupta,Male,Bhopal,Madhya Pradesh,Tier 3,2024-11-09
CUST_05796,Kunal Singh,Male,Jaipur,Rajasthan,Tier 2,2024-01-02
CUST_05797,Rohan Patel,Male,Mumbai,Maharashtra,Tier 1,2024-04-25
CUST_05798,Ishita Sharma,Female,Ranchi,Jharkhand,Tier 3,2023-06-15
CUST_05799,Neha Mehta,Female,Indore,Madhya Pradesh,Tier 2,2024-11-19
CUST_05800,Arjun Nair,Male,Chandigarh,Punjab,Tier 2,2024-09-25
CUST_05801,Riya Sharma,Female,Lucknow,Uttar Pradesh,Tier 2,2024-07-17
CUST_05802,Tanvi Kumar,Female,Bengaluru,Karnataka,Tier 1,2024-09-03
CUST_05803,Sneha Patel,Female,Guwahati,Assam,Tier 3,2023-11-06
CUST_05804,Rahul Nair,Male,Pune,Maharashtra,Tier 1,2024-01-04
CUST_05805,Ishita Patel,Female,Indore,Madhya Pradesh,Tier 2,2024-08-24
CUST_05806,Arjun Singh,Male,Lucknow,Uttar Pradesh,Tier 2,2023-12-28
CUST_05807,Aarav Singh,Male,Indore,Madhya Pradesh,Tier 2,2024-08-15
CUST_05808,Aarav Gupta,Male,Hyderabad,Telangana,Tier 1,2023-07-04
CUST_05809,Ishita Kumar,Female,Varanasi,Uttar Pradesh,Tier 3,2023-12-04
CUST_05810,Vikram Singh,Male,Delhi,Delhi,Tier 1,2024-11-15
CUST_05811,Divya Nair,Female,Pune,Maharashtra,Tier 1,2024-04-12
CUST_05812,Kavya Verma,Female,Delhi,Delhi,Tier 1,2023-12-03
CUST_05813,Aarav Gupta,Male,Chandigarh,Punjab,Tier 2,2023-08-30
CUST_05814,Ananya Singh,Female,Kochi,Kerala,Tier 2,2024-01-17
CUST_05815,Riya Nair,Female,Chennai,Tamil Nadu,Tier 1,2024-07-25
CUST_05816,Divya Kumar,Female,Dehradun,Uttarakhand,Tier 3,2024-06-16
CUST_05817,Sneha Verma,Female,Chandigarh,Punjab,Tier 2,2023-12-20
CUST_05818,Aditya Gupta,Male,Chennai,Tamil Nadu,Tier 1,2024-07-08
CUST_05819,Divya Reddy,Female,Hyderabad,Telangana,Tier 1,2024-09-15
CUST_05820,Ishita Reddy,Female,Indore,Madhya Pradesh,Tier 2,2024-01-01
CUST_05821,Ishita Gupta,Female,Delhi,Delhi,Tier 1,2023-08-31
CUST_05822,Riya Iyer,Female,Delhi,Delhi,Tier 1,2024-01-12
CUST_05823,Amit Nair,Male,Lucknow,Uttar Pradesh,Tier 2,2024-08-16
CUST_05824,Sneha Mehta,Female,Pune,Maharashtra,Tier 1,2023-06-14
CUST_05825,Tanvi Verma,Female,Bengaluru,Karnataka,Tier 1,2023-07-04
CUST_05826,Rohan Verma,Male,Bengaluru,Karnataka,Tier 1,2024-05-08
CUST_05827,Ishita Sharma,Female,Mumbai,Maharashtra,Tier 1,2023-12-21
CUST_05828,Riya Reddy,Female,Jaipur,Rajasthan,Tier 2,2024-02-23
CUST_05829,Rohan Sharma,Male,Guwahati,Assam,Tier 3,2024-07-08
CUST_05830,Arjun Singh,Male,Dehradun,Uttarakhand,Tier 3,2023-06-19
CUST_05831,Divya Iyer,Female,Patna,Bihar,Tier 3,2024-10-05
CUST_05832,Amit Sharma,Male,Pune,Maharashtra,Tier 1,2024-06-25
CUST_05833,Pooja Gupta,Female,Jaipur,Rajasthan,Tier 2,2024-07-08
CUST_05834,Aarav Patel,Male,Chandigarh,Punjab,Tier 2,2023-12-03
CUST_05835,Riya Mehta,Female,Jaipur,Rajasthan,Tier 2,2024-06-07
CUST_05836,Divya Iyer,Female,Mumbai,Maharashtra,Tier 1,2024-02-29
CUST_05837,Divya Reddy,Female,Chennai,Tamil Nadu,Tier 1,2024-06-07
CUST_05838,Neha Iyer,Female,Hyderabad,Telangana,Tier 1,2024-09-21
CUST_05839,Rohan Verma,Male,Indore,Madhya Pradesh,Tier 2,2023-09-07
CUST_05840,Neha Mehta,Female,Lucknow,Uttar Pradesh,Tier 2,2024-07-28
CUST_05841,Varun Gupta,Male,Chandigarh,Punjab,Tier 2,2024-11-02
CUST_05842,Priya Sharma,Female,Guwahati,Assam,Tier 3,2024-05-17
CUST_05843,Pooja Kumar,Female,Chandigarh,Punjab,Tier 2,2024-03-27
CUST_05844,Aditya Gupta,Male,Hyderabad,Telangana,Tier 1,2023-07-23
CUST_05845,Arjun Mehta,Male,Hyderabad,Telangana,Tier 1,2024-10-17
CUST_05846,Kavya Iyer,Female,Delhi,Delhi,Tier 1,2024-05-08
CUST_05847,Tanvi Gupta,Female,Ahmedabad,Gujarat,Tier 2,2024-02-27
CUST_05848,Priya Kumar,Female,Chennai,Tamil Nadu,Tier 1,2024-01-31
CUST_05849,Neha Singh,Female,Dehradun,Uttarakhand,Tier 3,2023-07-07
CUST_05850,Vikram Sharma,Male,Lucknow,Uttar Pradesh,Tier 2,2024-08-27
CUST_05851,Sneha Iyer,Female,Ahmedabad,Gujarat,Tier 2,2024-03-06
CUST_05852,Kavya Mehta,Female,Indore,Madhya Pradesh,Tier 2,2024-05-06
CUST_05853,Aditya Reddy,Male,Patna,Bihar,Tier 3,2024-03-13
CUST_05854,Kunal Nair,Male,Mumbai,Maharashtra,Tier 1,2024-11-26
CUST_05855,Aditya Nair,Male,Hyderabad,Telangana,Tier 1,2023-12-11
CUST_05856,Varun Verma,Male,Pune,Maharashtra,Tier 1,2024-06-23
CUST_05857,Ishita Sharma,Female,Indore,Madhya Pradesh,Tier 2,2023-06-30
CUST_05858,Pooja Reddy,Female,Delhi,Delhi,Tier 1,2023-08-29
CUST_05859,Ananya Gupta,Female,Chennai,Tamil Nadu,Tier 1,2024-02-19
CUST_05860,Kabir Verma,Male,Chennai,Tamil Nadu,Tier 1,2023-10-23
CUST_05861,Kavya Nair,Female,Pune,Maharashtra,Tier 1,2024-09-05
CUST_05862,Pooja Mehta,Female,Ranchi,Jharkhand,Tier 3,2024-09-21
CUST_05863,Tanvi Singh,Female,Chandigarh,Punjab,Tier 2,2024-08-16
CUST_05864,Aditya Mehta,Male,Bhopal,Madhya Pradesh,Tier 3,2024-10-10
CUST_05865,Varun Iyer,Male,Jaipur,Rajasthan,Tier 2,2024-05-09
CUST_05866,Aarav Iyer,Male,Bengaluru,Karnataka,Tier 1,2023-07-25
CUST_05867,Aarav Patel,Male,Chandigarh,Punjab,Tier 2,2023-07-16
CUST_05868,Ishita Verma,Female,Ahmedabad,Gujarat,Tier 2,2024-05-01
CUST_05869,Arjun Singh,Male,Patna,Bihar,Tier 3,2024-09-15
CUST_05870,Divya Reddy,Female,Mumbai,Maharashtra,Tier 1,2024-01-28
CUST_05871,Arjun Verma,Male,Mumbai,Maharashtra,Tier 1,2024-04-25
CUST_05872,Kavya Singh,Female,Chandigarh,Punjab,Tier 2,2024-11-22
CUST_05873,Kabir Sharma,Male,Patna,Bihar,Tier 3,2023-12-05
CUST_05874,Ananya Patel,Female,Jaipur,Rajasthan,Tier 2,2024-07-18
CUST_05875,Kavya Gupta,Female,Jaipur,Rajasthan,Tier 2,2024-10-05
CUST_05876,Amit Verma,Male,Guwahati,Assam,Tier 3,2023-12-04
CUST_05877,Arjun Verma,Male,Guwahati,Assam,Tier 3,2023-09-21
CUST_05878,Aditya Reddy,Male,Indore,Madhya Pradesh,Tier 2,2024-11-15
CUST_05879,Priya Mehta,Female,Bhopal,Madhya Pradesh,Tier 3,2024-10-23
CUST_05880,Ishita Reddy,Female,Chennai,Tamil Nadu,Tier 1,2024-10-30
CUST_05881,Kunal Iyer,Male,Bengaluru,Karnataka,Tier 1,2024-07-19
CUST_05882,Priya Sharma,Female,Patna,Bihar,Tier 3,2023-07-12
CUST_05883,Ananya Reddy,Female,Ahmedabad,Gujarat,Tier 2,2024-04-04
CUST_05884,Ishita Singh,Female,Lucknow,Uttar Pradesh,Tier 2,2023-06-11
CUST_05885,Vikram Nair,Male,Patna,Bihar,Tier 3,2024-09-16
CUST_05886,Arjun Kumar,Male,Kochi,Kerala,Tier 2,2023-06-08
CUST_05887,Riya Iyer,Female,Mumbai,Maharashtra,Tier 1,2024-11-08
CUST_05888,Varun Sharma,Male,Hyderabad,Telangana,Tier 1,2024-10-31
CUST_05889,Arjun Singh,Male,Bengaluru,Karnataka,Tier 1,2024-08-12
CUST_05890,Ishita Kumar,Female,Ahmedabad,Gujarat,Tier 2,2024-02-29
CUST_05891,Riya Sharma,Female,Kochi,Kerala,Tier 2,2024-04-19
CUST_05892,Aarav Mehta,Male,Dehradun,Uttarakhand,Tier 3,2023-07-05
CUST_05893,Kavya Gupta,Female,Chennai,Tamil Nadu,Tier 1,2024-05-16
CUST_05894,Arjun Iyer,Male,Jaipur,Rajasthan,Tier 2,2023-10-06
CUST_05895,Sneha Mehta,Female,Dehradun,Uttarakhand,Tier 3,2023-07-09
CUST_05896,Varun Iyer,Male,Chandigarh,Punjab,Tier 2,2024-06-25
CUST_05897,Aditya Sharma,Male,Bhopal,Madhya Pradesh,Tier 3,2024-02-07
CUST_05898,Tanvi Kumar,Female,Bengaluru,Karnataka,Tier 1,2024-02-06
CUST_05899,Kunal Iyer,Male,Jaipur,Rajasthan,Tier 2,2024-05-27
CUST_05900,Ananya Patel,Female,Lucknow,Uttar Pradesh,Tier 2,2023-11-15
CUST_05901,Rohan Patel,Male,Dehradun,Uttarakhand,Tier 3,2024-05-31
CUST_05902,Rohan Nair,Male,Patna,Bihar,Tier 3,2023-06-05
CUST_05903,Vikram Patel,Male,Chennai,Tamil Nadu,Tier 1,2024-11-26
CUST_05904,Aarav Gupta,Male,Bhopal,Madhya Pradesh,Tier 3,2023-07-27
CUST_05905,Ishita Verma,Female,Jaipur,Rajasthan,Tier 2,2024-01-30
CUST_05906,Kabir Singh,Male,Kochi,Kerala,Tier 2,2024-09-02
CUST_05907,Amit Kumar,Male,Hyderabad,Telangana,Tier 1,2024-08-31
CUST_05908,Varun Nair,Male,Bhopal,Madhya Pradesh,Tier 3,2024-03-04
CUST_05909,Kavya Mehta,Female,Jaipur,Rajasthan,Tier 2,2024-06-18
CUST_05910,Amit Patel,Male,Kochi,Kerala,Tier 2,2023-12-10
CUST_05911,Arjun Singh,Male,Guwahati,Assam,Tier 3,2024-05-29
CUST_05912,Amit Kumar,Male,Delhi,Delhi,Tier 1,2024-06-08
CUST_05913,Tanvi Nair,Female,Kochi,Kerala,Tier 2,2023-08-21
CUST_05914,Kavya Iyer,Female,Bengaluru,Karnataka,Tier 1,2024-11-07
CUST_05915,Varun Gupta,Male,Ahmedabad,Gujarat,Tier 2,2024-05-02
CUST_05916,Riya Nair,Female,Jaipur,Rajasthan,Tier 2,2024-05-12
CUST_05917,Vikram Nair,Male,Ahmedabad,Gujarat,Tier 2,2023-09-26
CUST_05918,Ananya Nair,Female,Kochi,Kerala,Tier 2,2024-02-17
CUST_05919,Tanvi Singh,Female,Delhi,Delhi,Tier 1,2023-06-28
CUST_05920,Tanvi Iyer,Female,Patna,Bihar,Tier 3,2024-05-26
CUST_05921,Kabir Kumar,Male,Jaipur,Rajasthan,Tier 2,2023-08-03
CUST_05922,Rahul Reddy,Male,Delhi,Delhi,Tier 1,2024-04-03
CUST_05923,Neha Reddy,Female,Patna,Bihar,Tier 3,2024-06-16
CUST_05924,Kabir Singh,Male,Varanasi,Uttar Pradesh,Tier 3,2023-10-08
CUST_05925,Amit Reddy,Male,Delhi,Delhi,Tier 1,2024-02-10
CUST_05926,Divya Reddy,Female,Jaipur,Rajasthan,Tier 2,2024-10-18
CUST_05927,Vikram Kumar,Male,Guwahati,Assam,Tier 3,2024-03-18
CUST_05928,Divya Gupta,Female,Indore,Madhya Pradesh,Tier 2,2023-09-17
CUST_05929,Tanvi Patel,Female,Pune,Maharashtra,Tier 1,2024-05-15
CUST_05930,Neha Verma,Female,Delhi,Delhi,Tier 1,2024-01-13
CUST_05931,Ananya Patel,Female,Chandigarh,Punjab,Tier 2,2024-08-31
CUST_05932,Divya Sharma,Female,Bengaluru,Karnataka,Tier 1,2023-11-06
CUST_05933,Kunal Patel,Male,Chandigarh,Punjab,Tier 2,2024-06-04
CUST_05934,Rohan Singh,Male,Varanasi,Uttar Pradesh,Tier 3,2023-12-24
CUST_05935,Priya Reddy,Female,Dehradun,Uttarakhand,Tier 3,2023-07-21
CUST_05936,Kabir Singh,Male,Patna,Bihar,Tier 3,2024-02-02
CUST_05937,Kavya Kumar,Female,Indore,Madhya Pradesh,Tier 2,2024-06-07
CUST_05938,Sneha Verma,Female,Pune,Maharashtra,Tier 1,2024-01-06
CUST_05939,Kabir Reddy,Male,Chandigarh,Punjab,Tier 2,2024-07-29
CUST_05940,Amit Iyer,Male,Bengaluru,Karnataka,Tier 1,2024-04-04
CUST_05941,Aarav Nair,Male,Chennai,Tamil Nadu,Tier 1,2023-07-23
CUST_05942,Pooja Verma,Female,Indore,Madhya Pradesh,Tier 2,2024-05-03
CUST_05943,Ishita Kumar,Female,Jaipur,Rajasthan,Tier 2,2024-09-10
CUST_05944,Aditya Gupta,Male,Jaipur,Rajasthan,Tier 2,2024-02-04
CUST_05945,Arjun Sharma,Male,Ahmedabad,Gujarat,Tier 2,2024-10-31
CUST_05946,Ananya Verma,Female,Delhi,Delhi,Tier 1,2023-12-19
CUST_05947,Rohan Verma,Male,Mumbai,Maharashtra,Tier 1,2023-11-25
CUST_05948,Rahul Gupta,Male,Bengaluru,Karnataka,Tier 1,2023-12-12
CUST_05949,Aditya Iyer,Male,Hyderabad,Telangana,Tier 1,2023-07-14
CUST_05950,Aarav Mehta,Male,Kochi,Kerala,Tier 2,2024-09-01
CUST_05951,Rohan Nair,Male,Lucknow,Uttar Pradesh,Tier 2,2024-11-22
CUST_05952,Riya Reddy,Female,Chandigarh,Punjab,Tier 2,2024-09-06
CUST_05953,Tanvi Mehta,Female,Indore,Madhya Pradesh,Tier 2,2023-10-17
CUST_05954,Amit Mehta,Male,Chennai,Tamil Nadu,Tier 1,2023-09-03
CUST_05955,Vikram Patel,Male,Chandigarh,Punjab,Tier 2,2024-08-19
CUST_05956,Neha Singh,Female,Hyderabad,Telangana,Tier 1,2024-04-10
CUST_05957,Ananya Singh,Female,Ahmedabad,Gujarat,Tier 2,2023-12-16
CUST_05958,Kunal Iyer,Male,Ranchi,Jharkhand,Tier 3,2024-02-01
CUST_05959,Divya Kumar,Female,Kochi,Kerala,Tier 2,2024-09-28
CUST_05960,Riya Singh,Female,Lucknow,Uttar Pradesh,Tier 2,2024-04-14
CUST_05961,Ishita Reddy,Female,Indore,Madhya Pradesh,Tier 2,2024-02-19
CUST_05962,Divya Mehta,Female,Guwahati,Assam,Tier 3,2024-05-08
CUST_05963,Rohan Kumar,Male,Hyderabad,Telangana,Tier 1,2024-07-18
CUST_05964,Sneha Mehta,Female,Jaipur,Rajasthan,Tier 2,2023-11-04
CUST_05965,Divya Sharma,Female,Guwahati,Assam,Tier 3,2024-06-19
CUST_05966,Divya Gupta,Female,Chennai,Tamil Nadu,Tier 1,2024-11-13
CUST_05967,Rohan Nair,Male,Mumbai,Maharashtra,Tier 1,2023-10-28
CUST_05968,Rahul Singh,Male,Hyderabad,Telangana,Tier 1,2023-10-19
CUST_05969,Aarav Mehta,Male,Lucknow,Uttar Pradesh,Tier 2,2024-10-10
CUST_05970,Ananya Gupta,Female,Jaipur,Rajasthan,Tier 2,2023-12-26
CUST_05971,Neha Singh,Female,Ahmedabad,Gujarat,Tier 2,2024-04-30
CUST_05972,Ishita Mehta,Female,Delhi,Delhi,Tier 1,2024-05-03
CUST_05973,Divya Gupta,Female,Indore,Madhya Pradesh,Tier 2,2024-09-03
CUST_05974,Kavya Reddy,Female,Ahmedabad,Gujarat,Tier 2,2023-06-03
CUST_05975,Kabir Kumar,Male,Chennai,Tamil Nadu,Tier 1,2023-10-13
CUST_05976,Neha Gupta,Female,Delhi,Delhi,Tier 1,2024-02-26
CUST_05977,Arjun Mehta,Male,Bengaluru,Karnataka,Tier 1,2024-06-11
CUST_05978,Priya Singh,Female,Patna,Bihar,Tier 3,2023-12-15
CUST_05979,Riya Patel,Female,Delhi,Delhi,Tier 1,2023-11-02
CUST_05980,Amit Gupta,Male,Hyderabad,Telangana,Tier 1,2023-09-11
CUST_05981,Sneha Sharma,Female,Bengaluru,Karnataka,Tier 1,2023-09-03
CUST_05982,Ananya Kumar,Female,Chennai,Tamil Nadu,Tier 1,2023-09-12
CUST_05983,Aditya Kumar,Male,Guwahati,Assam,Tier 3,2024-04-23
CUST_05984,Amit Verma,Male,Lucknow,Uttar Pradesh,Tier 2,2023-12-08
CUST_05985,Varun Nair,Male,Ranchi,Jharkhand,Tier 3,2024-08-07
CUST_05986,Pooja Patel,Female,Dehradun,Uttarakhand,Tier 3,2023-07-19
CUST_05987,Sneha Mehta,Female,Bengaluru,Karnataka,Tier 1,2023-06-02
CUST_05988,Ananya Nair,Female,Jaipur,Rajasthan,Tier 2,2024-10-15
CUST_05989,Aarav Kumar,Male,Pune,Maharashtra,Tier 1,2023-08-23
CUST_05990,Kavya Reddy,Female,Dehradun,Uttarakhand,Tier 3,2024-03-29
CUST_05991,Kavya Iyer,Female,Indore,Madhya Pradesh,Tier 2,2023-10-14
CUST_05992,Ananya Patel,Female,Pune,Maharashtra,Tier 1,2024-08-13
CUST_05993,Rohan Singh,Male,Pune,Maharashtra,Tier 1,2023-12-16
CUST_05994,Vikram Sharma,Male,Chandigarh,Punjab,Tier 2,2024-06-10
CUST_05995,Aditya Sharma,Male,Bengaluru,Karnataka,Tier 1,2023-11-04
CUST_05996,Rohan Gupta,Male,Chandigarh,Punjab,Tier 2,2024-03-21
CUST_05997,Pooja Reddy,Female,Hyderabad,Telangana,Tier 1,2024-01-31
CUST_05998,Aarav Singh,Male,Pune,Maharashtra,Tier 1,2023-10-08
CUST_05999,Riya Mehta,Female,Lucknow,Uttar Pradesh,Tier 2,2024-07-28
CUST_06000,Tanvi Kumar,Female,Bengaluru,Karnataka,Tier 1,2023-11-27
CUST_06001,Aditya Gupta,Male,Hyderabad,Telangana,Tier 1,2024-05-30
CUST_06002,Ishita Sharma,Female,Mumbai,Maharashtra,Tier 1,2024-02-12
CUST_06003,Kavya Kumar,Female,Hyderabad,Telangana,Tier 1,2024-09-10
CUST_06004,Aarav Mehta,Male,Hyderabad,Telangana,Tier 1,2023-07-29
CUST_06005,Kunal Kumar,Male,Bengaluru,Karnataka,Tier 1,2024-05-30
CUST_06006,Ishita Reddy,Female,Pune,Maharashtra,Tier 1,2023-06-03
CUST_06007,Neha Verma,Female,Lucknow,Uttar Pradesh,Tier 2,2023-08-25
CUST_06008,Arjun Reddy,Male,Guwahati,Assam,Tier 3,2023-12-25
CUST_06009,Aditya Kumar,Male,Lucknow,Uttar Pradesh,Tier 2,2024-01-22
CUST_06010,Aarav Kumar,Male,Delhi,Delhi,Tier 1,2024-04-23
CUST_06011,Arjun Kumar,Male,Jaipur,Rajasthan,Tier 2,2024-08-26
CUST_06012,Pooja Patel,Female,Dehradun,Uttarakhand,Tier 3,2024-11-22
CUST_06013,Aarav Patel,Male,Hyderabad,Telangana,Tier 1,2024-02-27
CUST_06014,Ishita Kumar,Female,Kochi,Kerala,Tier 2,2024-05-04
CUST_06015,Varun Sharma,Male,Bengaluru,Karnataka,Tier 1,2024-04-07
CUST_06016,Rohan Kumar,Male,Ahmedabad,Gujarat,Tier 2,2024-10-29
CUST_06017,Kabir Verma,Male,Mumbai,Maharashtra,Tier 1,2023-12-12
CUST_06018,Tanvi Kumar,Female,Lucknow,Uttar Pradesh,Tier 2,2024-07-31
CUST_06019,Aditya Sharma,Male,Chennai,Tamil Nadu,Tier 1,2024-06-12
CUST_06020,Pooja Reddy,Female,Jaipur,Rajasthan,Tier 2,2023-06-03
CUST_06021,Priya Gupta,Female,Indore,Madhya Pradesh,Tier 2,2024-01-25
CUST_06022,Neha Sharma,Female,Lucknow,Uttar Pradesh,Tier 2,2023-09-07
CUST_06023,Ananya Singh,Female,Bengaluru,Karnataka,Tier 1,2023-12-06
CUST_06024,Divya Patel,Female,Kochi,Kerala,Tier 2,2024-01-16
CUST_06025,Varun Reddy,Male,Chennai,Tamil Nadu,Tier 1,2024-06-18
CUST_06026,Ishita Verma,Female,Ahmedabad,Gujarat,Tier 2,2024-08-29
CUST_06027,Ananya Kumar,Female,Chandigarh,Punjab,Tier 2,2024-01-29
CUST_06028,Aarav Verma,Male,Dehradun,Uttarakhand,Tier 3,2024-05-21
CUST_06029,Divya Verma,Female,Ahmedabad,Gujarat,Tier 2,2023-12-11
CUST_06030,Rohan Reddy,Male,Chandigarh,Punjab,Tier 2,2024-03-21
CUST_06031,Ananya Nair,Female,Indore,Madhya Pradesh,Tier 2,2024-04-03
CUST_06032,Arjun Kumar,Male,Kochi,Kerala,Tier 2,2024-03-30
CUST_06033,Sneha Kumar,Female,Indore,Madhya Pradesh,Tier 2,2024-09-21
CUST_06034,Kunal Gupta,Male,Varanasi,Uttar Pradesh,Tier 3,2024-02-23
CUST_06035,Sneha Sharma,Female,Kochi,Kerala,Tier 2,2024-04-24
CUST_06036,Sneha Patel,Female,Ahmedabad,Gujarat,Tier 2,2023-11-11
CUST_06037,Ananya Patel,Female,Dehradun,Uttarakhand,Tier 3,2024-06-27
CUST_06038,Rohan Nair,Male,Bengaluru,Karnataka,Tier 1,2023-09-29
CUST_06039,Varun Mehta,Male,Bengaluru,Karnataka,Tier 1,2023-08-09
CUST_06040,Divya Sharma,Female,Varanasi,Uttar Pradesh,Tier 3,2024-09-21
CUST_06041,Aarav Mehta,Male,Ranchi,Jharkhand,Tier 3,2024-07-20
CUST_06042,Amit Sharma,Male,Chennai,Tamil Nadu,Tier 1,2024-11-18
CUST_06043,Neha Reddy,Female,Varanasi,Uttar Pradesh,Tier 3,2023-08-26
CUST_06044,Divya Reddy,Female,Hyderabad,Telangana,Tier 1,2024-10-31
CUST_06045,Rohan Verma,Male,Chandigarh,Punjab,Tier 2,2024-07-15
CUST_06046,Tanvi Sharma,Female,Ranchi,Jharkhand,Tier 3,2023-12-25
CUST_06047,Divya Kumar,Female,Pune,Maharashtra,Tier 1,2023-09-23
CUST_06048,Rahul Sharma,Male,Bengaluru,Karnataka,Tier 1,2023-12-27
CUST_06049,Tanvi Mehta,Female,Dehradun,Uttarakhand,Tier 3,2024-09-13
CUST_06050,Ishita Iyer,Female,Bengaluru,Karnataka,Tier 1,2023-07-20
CUST_06051,Kavya Verma,Female,Chennai,Tamil Nadu,Tier 1,2024-02-28
CUST_06052,Neha Mehta,Female,Bengaluru,Karnataka,Tier 1,2023-10-12
CUST_06053,Kunal Reddy,Male,Hyderabad,Telangana,Tier 1,2024-03-15
CUST_06054,Neha Iyer,Female,Pune,Maharashtra,Tier 1,2024-05-07
CUST_06055,Pooja Nair,Female,Hyderabad,Telangana,Tier 1,2024-09-23
CUST_06056,Rahul Kumar,Male,Bengaluru,Karnataka,Tier 1,2023-08-22
CUST_06057,Aarav Gupta,Male,Ranchi,Jharkhand,Tier 3,2023-10-05
CUST_06058,Arjun Reddy,Male,Bengaluru,Karnataka,Tier 1,2024-08-04
CUST_06059,Aditya Kumar,Male,Bengaluru,Karnataka,Tier 1,2024-01-04
CUST_06060,Aditya Nair,Male,Lucknow,Uttar Pradesh,Tier 2,2023-07-11
CUST_06061,Tanvi Nair,Female,Chennai,Tamil Nadu,Tier 1,2024-10-01
CUST_06062,Pooja Mehta,Female,Delhi,Delhi,Tier 1,2023-11-30
CUST_06063,Sneha Sharma,Female,Chennai,Tamil Nadu,Tier 1,2024-03-10
CUST_06064,Riya Reddy,Female,Jaipur,Rajasthan,Tier 2,2023-12-08
CUST_06065,Arjun Iyer,Male,Guwahati,Assam,Tier 3,2023-12-19
CUST_06066,Kavya Verma,Female,Ahmedabad,Gujarat,Tier 2,2023-11-17
CUST_06067,Rahul Iyer,Male,Hyderabad,Telangana,Tier 1,2024-09-14
CUST_06068,Kavya Sharma,Female,Ahmedabad,Gujarat,Tier 2,2024-03-10
CUST_06069,Kavya Sharma,Female,Hyderabad,Telangana,Tier 1,2024-10-19
CUST_06070,Divya Verma,Female,Lucknow,Uttar Pradesh,Tier 2,2023-08-15
CUST_06071,Vikram Mehta,Male,Delhi,Delhi,Tier 1,2023-12-29
CUST_06072,Pooja Nair,Female,Varanasi,Uttar Pradesh,Tier 3,2023-08-10
CUST_06073,Neha Kumar,Female,Pune,Maharashtra,Tier 1,2023-10-23
CUST_06074,Sneha Sharma,Female,Ahmedabad,Gujarat,Tier 2,2023-07-06
CUST_06075,Arjun Iyer,Male,Indore,Madhya Pradesh,Tier 2,2024-09-04
CUST_06076,Tanvi Patel,Female,Patna,Bihar,Tier 3,2023-12-19
CUST_06077,Varun Verma,Male,Hyderabad,Telangana,Tier 1,2024-09-14
CUST_06078,Amit Nair,Male,Bengaluru,Karnataka,Tier 1,2024-07-14
CUST_06079,Pooja Iyer,Female,Indore,Madhya Pradesh,Tier 2,2024-02-28
CUST_06080,Aarav Verma,Male,Mumbai,Maharashtra,Tier 1,2024-10-11
CUST_06081,Riya Iyer,Female,Delhi,Delhi,Tier 1,2023-11-01
CUST_06082,Aarav Verma,Male,Varanasi,Uttar Pradesh,Tier 3,2024-10-30
CUST_06083,Divya Iyer,Female,Lucknow,Uttar Pradesh,Tier 2,2023-11-07
CUST_06084,Kabir Reddy,Male,Patna,Bihar,Tier 3,2024-01-02
CUST_06085,Ishita Verma,Female,Delhi,Delhi,Tier 1,2024-10-24
CUST_06086,Aditya Singh,Male,Chandigarh,Punjab,Tier 2,2023-07-25
CUST_06087,Arjun Singh,Male,Dehradun,Uttarakhand,Tier 3,2023-11-13
CUST_06088,Sneha Singh,Female,Patna,Bihar,Tier 3,2024-04-27
CUST_06089,Tanvi Patel,Female,Mumbai,Maharashtra,Tier 1,2023-10-05
CUST_06090,Kabir Singh,Male,Ahmedabad,Gujarat,Tier 2,2023-11-21
CUST_06091,Aditya Iyer,Male,Hyderabad,Telangana,Tier 1,2023-08-25
CUST_06092,Pooja Singh,Female,Hyderabad,Telangana,Tier 1,2024-06-27
CUST_06093,Varun Kumar,Male,Patna,Bihar,Tier 3,2024-09-26
CUST_06094,Aarav Gupta,Male,Mumbai,Maharashtra,Tier 1,2024-11-20
CUST_06095,Aarav Reddy,Male,Indore,Madhya Pradesh,Tier 2,2023-09-19
CUST_06096,Pooja Kumar,Female,Delhi,Delhi,Tier 1,2023-08-27
CUST_06097,Aarav Patel,Male,Chennai,Tamil Nadu,Tier 1,2023-09-18
CUST_06098,Kavya Gupta,Female,Pune,Maharashtra,Tier 1,2023-07-13
CUST_06099,Tanvi Singh,Female,Jaipur,Rajasthan,Tier 2,2024-11-23
CUST_06100,Riya Verma,Female,Chennai,Tamil Nadu,Tier 1,2023-12-19
CUST_06101,Tanvi Kumar,Female,Jaipur,Rajasthan,Tier 2,2023-10-22
CUST_06102,Divya Verma,Female,Hyderabad,Telangana,Tier 1,2024-04-23
CUST_06103,Kunal Iyer,Male,Delhi,Delhi,Tier 1,2024-09-27
CUST_06104,Varun Sharma,Male,Lucknow,Uttar Pradesh,Tier 2,2024-04-07
CUST_06105,Rahul Verma,Male,Varanasi,Uttar Pradesh,Tier 3,2023-09-14
CUST_06106,Sneha Iyer,Female,Ahmedabad,Gujarat,Tier 2,2024-03-03
CUST_06107,Vikram Verma,Male,Bengaluru,Karnataka,Tier 1,2024-01-08
CUST_06108,Tanvi Iyer,Female,Ahmedabad,Gujarat,Tier 2,2023-10-02
CUST_06109,Sneha Gupta,Female,Bengaluru,Karnataka,Tier 1,2023-10-02
CUST_06110,Aarav Verma,Male,Jaipur,Rajasthan,Tier 2,2023-11-03
CUST_06111,Varun Nair,Male,Kochi,Kerala,Tier 2,2024-04-10
CUST_06112,Divya Nair,Female,Ahmedabad,Gujarat,Tier 2,2024-07-05
CUST_06113,Kavya Iyer,Female,Bengaluru,Karnataka,Tier 1,2023-10-29
CUST_06114,Sneha Iyer,Female,Chennai,Tamil Nadu,Tier 1,2024-06-29
CUST_06115,Kavya Iyer,Female,Ranchi,Jharkhand,Tier 3,2024-04-15
CUST_06116,Divya Verma,Female,Patna,Bihar,Tier 3,2023-12-13
CUST_06117,Rohan Nair,Male,Jaipur,Rajasthan,Tier 2,2023-09-09
CUST_06118,Aarav Nair,Male,Mumbai,Maharashtra,Tier 1,2024-01-09
CUST_06119,Kabir Gupta,Male,Guwahati,Assam,Tier 3,2023-11-22
CUST_06120,Vikram Patel,Male,Kochi,Kerala,Tier 2,2023-06-13
CUST_06121,Rahul Singh,Male,Hyderabad,Telangana,Tier 1,2024-10-01
CUST_06122,Aditya Patel,Male,Mumbai,Maharashtra,Tier 1,2024-04-16
CUST_06123,Vikram Patel,Male,Hyderabad,Telangana,Tier 1,2024-08-25
CUST_06124,Kunal Reddy,Male,Delhi,Delhi,Tier 1,2023-10-16
CUST_06125,Varun Nair,Male,Kochi,Kerala,Tier 2,2024-08-10
CUST_06126,Neha Singh,Female,Pune,Maharashtra,Tier 1,2024-10-24
CUST_06127,Sneha Verma,Female,Chennai,Tamil Nadu,Tier 1,2024-05-12
CUST_06128,Vikram Sharma,Male,Mumbai,Maharashtra,Tier 1,2023-07-07
CUST_06129,Priya Sharma,Female,Ahmedabad,Gujarat,Tier 2,2024-10-17
CUST_06130,Vikram Reddy,Male,Bhopal,Madhya Pradesh,Tier 3,2024-05-18
CUST_06131,Sneha Gupta,Female,Bengaluru,Karnataka,Tier 1,2024-08-21
CUST_06132,Varun Patel,Male,Chandigarh,Punjab,Tier 2,2024-01-26
CUST_06133,Sneha Mehta,Female,Jaipur,Rajasthan,Tier 2,2023-11-21
CUST_06134,Arjun Mehta,Male,Dehradun,Uttarakhand,Tier 3,2023-11-18
CUST_06135,Ishita Gupta,Female,Chandigarh,Punjab,Tier 2,2023-07-11
CUST_06136,Sneha Mehta,Female,Hyderabad,Telangana,Tier 1,2024-01-23
CUST_06137,Amit Iyer,Male,Ahmedabad,Gujarat,Tier 2,2024-01-27
CUST_06138,Rohan Gupta,Male,Ahmedabad,Gujarat,Tier 2,2023-12-09
CUST_06139,Aditya Kumar,Male,Chennai,Tamil Nadu,Tier 1,2024-09-21
CUST_06140,Kabir Sharma,Male,Dehradun,Uttarakhand,Tier 3,2023-06-04
CUST_06141,Neha Kumar,Female,Pune,Maharashtra,Tier 1,2024-03-31
CUST_06142,Divya Iyer,Female,Chandigarh,Punjab,Tier 2,2023-12-20
CUST_06143,Neha Gupta,Female,Kochi,Kerala,Tier 2,2024-07-29
CUST_06144,Rohan Mehta,Male,Jaipur,Rajasthan,Tier 2,2024-04-29
CUST_06145,Priya Iyer,Female,Indore,Madhya Pradesh,Tier 2,2024-03-13
CUST_06146,Riya Patel,Female,Delhi,Delhi,Tier 1,2024-05-06
CUST_06147,Priya Mehta,Female,Bhopal,Madhya Pradesh,Tier 3,2023-07-06
CUST_06148,Divya Verma,Female,Bengaluru,Karnataka,Tier 1,2024-07-28
CUST_06149,Kabir Verma,Male,Dehradun,Uttarakhand,Tier 3,2023-09-10
CUST_06150,Varun Gupta,Male,Indore,Madhya Pradesh,Tier 2,2023-09-18
CUST_06151,Arjun Mehta,Male,Delhi,Delhi,Tier 1,2023-06-11
CUST_06152,Ananya Singh,Female,Mumbai,Maharashtra,Tier 1,2024-10-21
CUST_06153,Rahul Mehta,Male,Hyderabad,Telangana,Tier 1,2024-10-11
CUST_06154,Ananya Mehta,Female,Dehradun,Uttarakhand,Tier 3,2023-11-24
CUST_06155,Amit Verma,Male,Bengaluru,Karnataka,Tier 1,2024-08-25
CUST_06156,Amit Iyer,Male,Ahmedabad,Gujarat,Tier 2,2024-01-22
CUST_06157,Riya Reddy,Female,Kochi,Kerala,Tier 2,2024-04-23
CUST_06158,Rohan Verma,Male,Ranchi,Jharkhand,Tier 3,2024-04-20
CUST_06159,Pooja Reddy,Female,Bhopal,Madhya Pradesh,Tier 3,2023-08-12
CUST_06160,Vikram Iyer,Male,Bhopal,Madhya Pradesh,Tier 3,2024-01-31
CUST_06161,Aarav Nair,Male,Lucknow,Uttar Pradesh,Tier 2,2024-02-02
CUST_06162,Arjun Kumar,Male,Ahmedabad,Gujarat,Tier 2,2024-02-21
CUST_06163,Aarav Mehta,Male,Guwahati,Assam,Tier 3,2023-09-06
CUST_06164,Aditya Gupta,Male,Delhi,Delhi,Tier 1,2023-09-03
CUST_06165,Aarav Patel,Male,Mumbai,Maharashtra,Tier 1,2024-04-07
CUST_06166,Vikram Sharma,Male,Chandigarh,Punjab,Tier 2,2023-07-17
CUST_06167,Amit Singh,Male,Varanasi,Uttar Pradesh,Tier 3,2024-08-08
CUST_06168,Ishita Reddy,Female,Kochi,Kerala,Tier 2,2023-12-14
CUST_06169,Rohan Singh,Male,Ahmedabad,Gujarat,Tier 2,2024-10-02
CUST_06170,Aditya Patel,Male,Patna,Bihar,Tier 3,2023-12-10
CUST_06171,Neha Singh,Female,Mumbai,Maharashtra,Tier 1,2024-04-10
CUST_06172,Sneha Verma,Female,Delhi,Delhi,Tier 1,2023-08-07
CUST_06173,Aarav Singh,Male,Varanasi,Uttar Pradesh,Tier 3,2023-08-07
CUST_06174,Vikram Verma,Male,Mumbai,Maharashtra,Tier 1,2024-05-10
CUST_06175,Kavya Reddy,Female,Lucknow,Uttar Pradesh,Tier 2,2023-07-19
CUST_06176,Sneha Patel,Female,Ahmedabad,Gujarat,Tier 2,2024-05-31
CUST_06177,Neha Patel,Female,Chandigarh,Punjab,Tier 2,2024-06-21
CUST_06178,Amit Iyer,Male,Guwahati,Assam,Tier 3,2024-10-21
CUST_06179,Neha Gupta,Female,Chandigarh,Punjab,Tier 2,2024-06-14
CUST_06180,Aditya Nair,Male,Kochi,Kerala,Tier 2,2023-08-18
CUST_06181,Aditya Iyer,Male,Ahmedabad,Gujarat,Tier 2,2024-01-15
CUST_06182,Sneha Sharma,Female,Hyderabad,Telangana,Tier 1,2024-01-17
CUST_06183,Vikram Kumar,Male,Delhi,Delhi,Tier 1,2024-04-22
CUST_06184,Ishita Gupta,Female,Varanasi,Uttar Pradesh,Tier 3,2024-09-10
CUST_06185,Vikram Verma,Male,Kochi,Kerala,Tier 2,2023-07-02
CUST_06186,Divya Gupta,Female,Kochi,Kerala,Tier 2,2023-07-12
CUST_06187,Rohan Kumar,Male,Patna,Bihar,Tier 3,2024-11-04
CUST_06188,Divya Mehta,Female,Varanasi,Uttar Pradesh,Tier 3,2024-04-29
CUST_06189,Arjun Patel,Male,Delhi,Delhi,Tier 1,2024-04-09
CUST_06190,Aditya Iyer,Male,Bengaluru,Karnataka,Tier 1,2024-04-19
CUST_06191,Ananya Gupta,Female,Delhi,Delhi,Tier 1,2024-08-04
CUST_06192,Ananya Patel,Female,Dehradun,Uttarakhand,Tier 3,2024-09-22
CUST_06193,Kabir Mehta,Male,Kochi,Kerala,Tier 2,2024-03-12
CUST_06194,Aarav Kumar,Male,Chennai,Tamil Nadu,Tier 1,2024-05-22
CUST_06195,Pooja Kumar,Female,Bengaluru,Karnataka,Tier 1,2024-09-03
CUST_06196,Neha Reddy,Female,Ahmedabad,Gujarat,Tier 2,2024-11-20
CUST_06197,Rahul Verma,Male,Jaipur,Rajasthan,Tier 2,2023-07-10
CUST_06198,Sneha Sharma,Female,Varanasi,Uttar Pradesh,Tier 3,2024-04-13
CUST_06199,Priya Verma,Female,Indore,Madhya Pradesh,Tier 2,2024-07-17
CUST_06200,Kunal Kumar,Male,Ahmedabad,Gujarat,Tier 2,2023-06-16
CUST_06201,Priya Sharma,Female,Patna,Bihar,Tier 3,2024-08-11
CUST_06202,Neha Verma,Female,Indore,Madhya Pradesh,Tier 2,2024-03-06
CUST_06203,Arjun Patel,Male,Indore,Madhya Pradesh,Tier 2,2024-10-22
CUST_06204,Vikram Iyer,Male,Chandigarh,Punjab,Tier 2,2023-08-24
CUST_06205,Aarav Verma,Male,Chandigarh,Punjab,Tier 2,2023-06-15
CUST_06206,Aditya Patel,Male,Bengaluru,Karnataka,Tier 1,2024-03-19
CUST_06207,Pooja Sharma,Female,Lucknow,Uttar Pradesh,Tier 2,2024-04-11
CUST_06208,Tanvi Nair,Female,Ahmedabad,Gujarat,Tier 2,2024-10-07
CUST_06209,Divya Sharma,Female,Kochi,Kerala,Tier 2,2023-07-29
CUST_06210,Pooja Nair,Female,Ranchi,Jharkhand,Tier 3,2024-08-26
CUST_06211,Vikram Gupta,Male,Bhopal,Madhya Pradesh,Tier 3,2024-03-17
CUST_06212,Ananya Singh,Female,Varanasi,Uttar Pradesh,Tier 3,2023-09-16
CUST_06213,Aarav Verma,Male,Indore,Madhya Pradesh,Tier 2,2024-02-06
CUST_06214,Aditya Verma,Male,Patna,Bihar,Tier 3,2024-06-23
CUST_06215,Priya Nair,Female,Lucknow,Uttar Pradesh,Tier 2,2024-09-17
CUST_06216,Divya Verma,Female,Ranchi,Jharkhand,Tier 3,2023-07-29
CUST_06217,Aditya Singh,Male,Hyderabad,Telangana,Tier 1,2024-03-04
CUST_06218,Rahul Kumar,Male,Dehradun,Uttarakhand,Tier 3,2024-09-23
CUST_06219,Ananya Kumar,Female,Mumbai,Maharashtra,Tier 1,2024-04-18
CUST_06220,Rahul Mehta,Male,Delhi,Delhi,Tier 1,2024-02-20
CUST_06221,Rohan Verma,Male,Jaipur,Rajasthan,Tier 2,2023-10-19
CUST_06222,Arjun Sharma,Male,Lucknow,Uttar Pradesh,Tier 2,2024-07-16
CUST_06223,Aarav Sharma,Male,Mumbai,Maharashtra,Tier 1,2023-11-28
CUST_06224,Vikram Singh,Male,Hyderabad,Telangana,Tier 1,2024-08-22
CUST_06225,Kabir Mehta,Male,Kochi,Kerala,Tier 2,2023-10-18
CUST_06226,Tanvi Verma,Female,Hyderabad,Telangana,Tier 1,2023-09-20
CUST_06227,Divya Iyer,Female,Indore,Madhya Pradesh,Tier 2,2024-03-03
CUST_06228,Arjun Verma,Male,Indore,Madhya Pradesh,Tier 2,2024-04-18
CUST_06229,Kunal Kumar,Male,Lucknow,Uttar Pradesh,Tier 2,2024-07-16
CUST_06230,Varun Kumar,Male,Bengaluru,Karnataka,Tier 1,2024-03-03
CUST_06231,Ananya Patel,Female,Lucknow,Uttar Pradesh,Tier 2,2023-12-17
CUST_06232,Ishita Kumar,Female,Indore,Madhya Pradesh,Tier 2,2024-11-05
CUST_06233,Aditya Kumar,Male,Bhopal,Madhya Pradesh,Tier 3,2024-11-02
CUST_06234,Kabir Sharma,Male,Ranchi,Jharkhand,Tier 3,2024-04-19
CUST_06235,Kunal Nair,Male,Chennai,Tamil Nadu,Tier 1,2024-09-04
CUST_06236,Kabir Singh,Male,Indore,Madhya Pradesh,Tier 2,2023-10-13
CUST_06237,Sneha Singh,Female,Chandigarh,Punjab,Tier 2,2024-10-17
CUST_06238,Neha Singh,Female,Delhi,Delhi,Tier 1,2024-07-04
CUST_06239,Divya Mehta,Female,Hyderabad,Telangana,Tier 1,2024-03-16
CUST_06240,Aarav Gupta,Male,Pune,Maharashtra,Tier 1,2024-11-26
CUST_06241,Arjun Singh,Male,Lucknow,Uttar Pradesh,Tier 2,2024-09-11
CUST_06242,Kavya Mehta,Female,Ahmedabad,Gujarat,Tier 2,2024-01-20
CUST_06243,Riya Gupta,Female,Bengaluru,Karnataka,Tier 1,2023-10-22
CUST_06244,Aarav Singh,Male,Mumbai,Maharashtra,Tier 1,2024-06-04
CUST_06245,Kavya Mehta,Female,Jaipur,Rajasthan,Tier 2,2023-09-03
CUST_06246,Ananya Iyer,Female,Guwahati,Assam,Tier 3,2024-01-14
CUST_06247,Vikram Reddy,Male,Pune,Maharashtra,Tier 1,2023-10-25
CUST_06248,Sneha Kumar,Female,Jaipur,Rajasthan,Tier 2,2024-10-01
CUST_06249,Pooja Verma,Female,Jaipur,Rajasthan,Tier 2,2024-01-09
CUST_06250,Kabir Sharma,Male,Lucknow,Uttar Pradesh,Tier 2,2024-03-31
CUST_06251,Varun Nair,Male,Patna,Bihar,Tier 3,2024-02-29
CUST_06252,Kunal Nair,Male,Lucknow,Uttar Pradesh,Tier 2,2024-02-04
CUST_06253,Priya Reddy,Female,Indore,Madhya Pradesh,Tier 2,2024-07-29
CUST_06254,Kavya Singh,Female,Kochi,Kerala,Tier 2,2024-05-28
CUST_06255,Neha Nair,Female,Bhopal,Madhya Pradesh,Tier 3,2024-09-02
CUST_06256,Rohan Reddy,Male,Indore,Madhya Pradesh,Tier 2,2023-10-26
CUST_06257,Priya Nair,Female,Mumbai,Maharashtra,Tier 1,2024-03-13
CUST_06258,Rahul Mehta,Male,Lucknow,Uttar Pradesh,Tier 2,2024-07-08
CUST_06259,Kunal Gupta,Male,Hyderabad,Telangana,Tier 1,2024-03-04
CUST_06260,Vikram Sharma,Male,Hyderabad,Telangana,Tier 1,2024-05-10
CUST_06261,Priya Verma,Female,Hyderabad,Telangana,Tier 1,2024-01-23
CUST_06262,Rohan Sharma,Male,Mumbai,Maharashtra,Tier 1,2023-10-13
CUST_06263,Aarav Reddy,Male,Indore,Madhya Pradesh,Tier 2,2024-05-12
CUST_06264,Sneha Nair,Female,Bhopal,Madhya Pradesh,Tier 3,2024-08-26
CUST_06265,Neha Reddy,Female,Lucknow,Uttar Pradesh,Tier 2,2023-12-29
CUST_06266,Kabir Singh,Male,Mumbai,Maharashtra,Tier 1,2024-09-10
CUST_06267,Rahul Reddy,Male,Lucknow,Uttar Pradesh,Tier 2,2024-08-02
CUST_06268,Rohan Kumar,Male,Bengaluru,Karnataka,Tier 1,2023-10-20
CUST_06269,Ananya Reddy,Female,Mumbai,Maharashtra,Tier 1,2023-08-09
CUST_06270,Pooja Singh,Female,Dehradun,Uttarakhand,Tier 3,2024-11-16
CUST_06271,Divya Gupta,Female,Patna,Bihar,Tier 3,2024-01-08
CUST_06272,Priya Kumar,Female,Ranchi,Jharkhand,Tier 3,2024-02-10
CUST_06273,Aarav Kumar,Male,Pune,Maharashtra,Tier 1,2023-12-17
CUST_06274,Amit Reddy,Male,Chennai,Tamil Nadu,Tier 1,2024-06-05
CUST_06275,Kunal Iyer,Male,Mumbai,Maharashtra,Tier 1,2024-09-21
CUST_06276,Pooja Verma,Female,Guwahati,Assam,Tier 3,2024-09-30
CUST_06277,Vikram Verma,Male,Ahmedabad,Gujarat,Tier 2,2024-05-14
CUST_06278,Rahul Reddy,Male,Indore,Madhya Pradesh,Tier 2,2023-06-28
CUST_06279,Arjun Nair,Male,Jaipur,Rajasthan,Tier 2,2023-07-31
CUST_06280,Sneha Patel,Female,Chennai,Tamil Nadu,Tier 1,2024-10-02
CUST_06281,Rahul Verma,Male,Indore,Madhya Pradesh,Tier 2,2024-05-21
CUST_06282,Aditya Iyer,Male,Dehradun,Uttarakhand,Tier 3,2024-04-27
CUST_06283,Ananya Patel,Female,Bengaluru,Karnataka,Tier 1,2024-05-01
CUST_06284,Kavya Verma,Female,Chandigarh,Punjab,Tier 2,2023-07-01
CUST_06285,Rahul Mehta,Male,Pune,Maharashtra,Tier 1,2024-11-20
CUST_06286,Arjun Sharma,Male,Patna,Bihar,Tier 3,2023-08-08
CUST_06287,Kavya Sharma,Female,Chennai,Tamil Nadu,Tier 1,2024-03-13
CUST_06288,Aditya Sharma,Male,Pune,Maharashtra,Tier 1,2024-08-07
CUST_06289,Kavya Nair,Female,Chandigarh,Punjab,Tier 2,2024-04-28
CUST_06290,Ishita Kumar,Female,Varanasi,Uttar Pradesh,Tier 3,2024-05-12
CUST_06291,Vikram Kumar,Male,Pune,Maharashtra,Tier 1,2024-08-22
CUST_06292,Aditya Gupta,Male,Delhi,Delhi,Tier 1,2024-07-07
CUST_06293,Kunal Patel,Male,Indore,Madhya Pradesh,Tier 2,2023-09-15
CUST_06294,Vikram Patel,Male,Mumbai,Maharashtra,Tier 1,2024-03-03
CUST_06295,Ananya Singh,Female,Bhopal,Madhya Pradesh,Tier 3,2023-09-17
CUST_06296,Tanvi Singh,Female,Indore,Madhya Pradesh,Tier 2,2023-12-24
CUST_06297,Priya Gupta,Female,Kochi,Kerala,Tier 2,2024-06-21
CUST_06298,Riya Sharma,Female,Chennai,Tamil Nadu,Tier 1,2024-08-03
CUST_06299,Ishita Kumar,Female,Pune,Maharashtra,Tier 1,2023-08-17
CUST_06300,Aarav Gupta,Male,Chandigarh,Punjab,Tier 2,2024-09-11
CUST_06301,Arjun Singh,Male,Guwahati,Assam,Tier 3,2024-09-01
CUST_06302,Varun Reddy,Male,Indore,Madhya Pradesh,Tier 2,2024-01-08
CUST_06303,Neha Sharma,Female,Mumbai,Maharashtra,Tier 1,2024-03-12
CUST_06304,Rohan Gupta,Male,Indore,Madhya Pradesh,Tier 2,2024-11-16
CUST_06305,Vikram Mehta,Male,Ranchi,Jharkhand,Tier 3,2023-06-15
CUST_06306,Neha Sharma,Female,Hyderabad,Telangana,Tier 1,2023-12-23
CUST_06307,Kavya Verma,Female,Ranchi,Jharkhand,Tier 3,2024-06-17
CUST_06308,Divya Patel,Female,Dehradun,Uttarakhand,Tier 3,2023-10-21
CUST_06309,Aditya Patel,Male,Lucknow,Uttar Pradesh,Tier 2,2024-05-16
CUST_06310,Priya Patel,Female,Hyderabad,Telangana,Tier 1,2023-12-07
CUST_06311,Rahul Mehta,Male,Pune,Maharashtra,Tier 1,2024-05-15
CUST_06312,Ishita Iyer,Female,Pune,Maharashtra,Tier 1,2023-09-26
CUST_06313,Pooja Patel,Female,Lucknow,Uttar Pradesh,Tier 2,2024-05-14
CUST_06314,Tanvi Sharma,Female,Pune,Maharashtra,Tier 1,2023-06-01
CUST_06315,Neha Nair,Female,Chennai,Tamil Nadu,Tier 1,2023-07-18
CUST_06316,Aarav Mehta,Male,Patna,Bihar,Tier 3,2023-08-14
CUST_06317,Arjun Kumar,Male,Lucknow,Uttar Pradesh,Tier 2,2024-11-09
CUST_06318,Tanvi Nair,Female,Chennai,Tamil Nadu,Tier 1,2024-08-28
CUST_06319,Ananya Reddy,Female,Ranchi,Jharkhand,Tier 3,2023-07-16
CUST_06320,Kunal Singh,Male,Varanasi,Uttar Pradesh,Tier 3,2024-03-11
CUST_06321,Aditya Reddy,Male,Bengaluru,Karnataka,Tier 1,2024-03-11
CUST_06322,Kunal Singh,Male,Patna,Bihar,Tier 3,2023-12-19
CUST_06323,Ishita Reddy,Female,Chennai,Tamil Nadu,Tier 1,2024-06-25
CUST_06324,Amit Reddy,Male,Bengaluru,Karnataka,Tier 1,2024-06-01
CUST_06325,Neha Singh,Female,Dehradun,Uttarakhand,Tier 3,2024-04-28
CUST_06326,Kavya Nair,Female,Bengaluru,Karnataka,Tier 1,2024-11-18
CUST_06327,Vikram Nair,Male,Indore,Madhya Pradesh,Tier 2,2023-08-08
CUST_06328,Sneha Reddy,Female,Lucknow,Uttar Pradesh,Tier 2,2023-08-05
CUST_06329,Priya Iyer,Female,Chandigarh,Punjab,Tier 2,2023-11-25
CUST_06330,Pooja Singh,Female,Lucknow,Uttar Pradesh,Tier 2,2023-08-24
CUST_06331,Rahul Mehta,Male,Ahmedabad,Gujarat,Tier 2,2024-11-18
CUST_06332,Rohan Kumar,Male,Jaipur,Rajasthan,Tier 2,2023-06-15
CUST_06333,Priya Mehta,Female,Bhopal,Madhya Pradesh,Tier 3,2023-06-07
CUST_06334,Riya Nair,Female,Delhi,Delhi,Tier 1,2024-08-03
CUST_06335,Neha Verma,Female,Chennai,Tamil Nadu,Tier 1,2024-02-28
CUST_06336,Kunal Gupta,Male,Delhi,Delhi,Tier 1,2024-04-19
CUST_06337,Ishita Iyer,Female,Guwahati,Assam,Tier 3,2023-08-26
CUST_06338,Arjun Singh,Male,Chennai,Tamil Nadu,Tier 1,2024-07-15
CUST_06339,Neha Gupta,Female,Ranchi,Jharkhand,Tier 3,2024-08-17
CUST_06340,Tanvi Singh,Female,Chandigarh,Punjab,Tier 2,2023-07-18
CUST_06341,Sneha Sharma,Female,Kochi,Kerala,Tier 2,2024-05-16
CUST_06342,Varun Gupta,Male,Delhi,Delhi,Tier 1,2023-12-07
CUST_06343,Kunal Kumar,Male,Pune,Maharashtra,Tier 1,2024-12-02
CUST_06344,Ishita Patel,Female,Ahmedabad,Gujarat,Tier 2,2024-10-12
CUST_06345,Kunal Kumar,Male,Delhi,Delhi,Tier 1,2023-10-24
CUST_06346,Aarav Gupta,Male,Chennai,Tamil Nadu,Tier 1,2024-06-05
CUST_06347,Arjun Iyer,Male,Pune,Maharashtra,Tier 1,2024-09-21
CUST_06348,Amit Gupta,Male,Indore,Madhya Pradesh,Tier 2,2023-07-06
CUST_06349,Arjun Reddy,Male,Hyderabad,Telangana,Tier 1,2024-08-16
CUST_06350,Varun Sharma,Male,Bengaluru,Karnataka,Tier 1,2024-02-19
CUST_06351,Aarav Mehta,Male,Chennai,Tamil Nadu,Tier 1,2023-12-12
CUST_06352,Aditya Sharma,Male,Varanasi,Uttar Pradesh,Tier 3,2023-09-23
CUST_06353,Ananya Gupta,Female,Pune,Maharashtra,Tier 1,2024-11-26
CUST_06354,Kavya Nair,Female,Indore,Madhya Pradesh,Tier 2,2023-10-15
CUST_06355,Kavya Patel,Female,Jaipur,Rajasthan,Tier 2,2024-05-17
CUST_06356,Vikram Mehta,Male,Hyderabad,Telangana,Tier 1,2024-02-15
CUST_06357,Neha Nair,Female,Bengaluru,Karnataka,Tier 1,2024-09-06
CUST_06358,Amit Reddy,Male,Jaipur,Rajasthan,Tier 2,2024-02-03
CUST_06359,Kavya Gupta,Female,Guwahati,Assam,Tier 3,2024-08-16
CUST_06360,Aditya Nair,Male,Ahmedabad,Gujarat,Tier 2,2024-05-29
CUST_06361,Riya Verma,Female,Ahmedabad,Gujarat,Tier 2,2023-10-23
CUST_06362,Tanvi Sharma,Female,Ahmedabad,Gujarat,Tier 2,2023-09-22
CUST_06363,Sneha Singh,Female,Guwahati,Assam,Tier 3,2024-04-09
CUST_06364,Tanvi Patel,Female,Chandigarh,Punjab,Tier 2,2024-12-01
CUST_06365,Sneha Gupta,Female,Indore,Madhya Pradesh,Tier 2,2023-09-28
CUST_06366,Divya Reddy,Female,Hyderabad,Telangana,Tier 1,2023-07-20
CUST_06367,Aarav Patel,Male,Chandigarh,Punjab,Tier 2,2023-08-18
CUST_06368,Varun Kumar,Male,Dehradun,Uttarakhand,Tier 3,2023-10-09
CUST_06369,Aditya Nair,Male,Ranchi,Jharkhand,Tier 3,2023-11-10
CUST_06370,Rahul Verma,Male,Indore,Madhya Pradesh,Tier 2,2023-08-17
CUST_06371,Vikram Kumar,Male,Chandigarh,Punjab,Tier 2,2023-11-23
CUST_06372,Riya Gupta,Female,Lucknow,Uttar Pradesh,Tier 2,2023-07-07
CUST_06373,Arjun Kumar,Male,Mumbai,Maharashtra,Tier 1,2024-01-28
CUST_06374,Kabir Sharma,Male,Indore,Madhya Pradesh,Tier 2,2023-12-11
CUST_06375,Arjun Patel,Male,Chennai,Tamil Nadu,Tier 1,2023-09-02
CUST_06376,Ananya Mehta,Female,Hyderabad,Telangana,Tier 1,2024-04-17
CUST_06377,Divya Nair,Female,Varanasi,Uttar Pradesh,Tier 3,2024-03-07
CUST_06378,Aarav Patel,Male,Guwahati,Assam,Tier 3,2024-03-31
CUST_06379,Kabir Sharma,Male,Indore,Madhya Pradesh,Tier 2,2023-06-15
CUST_06380,Aditya Patel,Male,Ahmedabad,Gujarat,Tier 2,2024-09-19
CUST_06381,Rahul Singh,Male,Delhi,Delhi,Tier 1,2023-12-25
CUST_06382,Aarav Iyer,Male,Hyderabad,Telangana,Tier 1,2023-09-07
CUST_06383,Aditya Kumar,Male,Lucknow,Uttar Pradesh,Tier 2,2023-10-11
CUST_06384,Neha Mehta,Female,Indore,Madhya Pradesh,Tier 2,2024-05-17
CUST_06385,Neha Gupta,Female,Mumbai,Maharashtra,Tier 1,2024-08-28
CUST_06386,Neha Mehta,Female,Delhi,Delhi,Tier 1,2023-09-18
CUST_06387,Neha Verma,Female,Hyderabad,Telangana,Tier 1,2024-07-21
CUST_06388,Priya Kumar,Female,Bhopal,Madhya Pradesh,Tier 3,2024-01-09
CUST_06389,Varun Singh,Male,Chennai,Tamil Nadu,Tier 1,2023-07-23
CUST_06390,Rohan Kumar,Male,Chennai,Tamil Nadu,Tier 1,2023-09-09
CUST_06391,Vikram Mehta,Male,Ahmedabad,Gujarat,Tier 2,2023-07-22
CUST_06392,Sneha Reddy,Female,Kochi,Kerala,Tier 2,2024-05-04
CUST_06393,Vikram Reddy,Male,Lucknow,Uttar Pradesh,Tier 2,2023-08-11
CUST_06394,Varun Iyer,Male,Bhopal,Madhya Pradesh,Tier 3,2024-09-03
CUST_06395,Varun Verma,Male,Hyderabad,Telangana,Tier 1,2024-05-20
CUST_06396,Varun Kumar,Male,Chennai,Tamil Nadu,Tier 1,2023-08-29
CUST_06397,Sneha Verma,Female,Jaipur,Rajasthan,Tier 2,2024-08-05
CUST_06398,Rahul Sharma,Male,Dehradun,Uttarakhand,Tier 3,2024-07-05
CUST_06399,Divya Verma,Female,Chennai,Tamil Nadu,Tier 1,2024-03-09
CUST_06400,Pooja Gupta,Female,Mumbai,Maharashtra,Tier 1,2024-07-06
CUST_06401,Riya Singh,Female,Mumbai,Maharashtra,Tier 1,2024-08-02
CUST_06402,Vikram Patel,Male,Chennai,Tamil Nadu,Tier 1,2023-06-08
CUST_06403,Kunal Patel,Male,Hyderabad,Telangana,Tier 1,2024-07-12
CUST_06404,Kabir Patel,Male,Jaipur,Rajasthan,Tier 2,2024-11-01
CUST_06405,Ishita Kumar,Female,Jaipur,Rajasthan,Tier 2,2023-07-28
CUST_06406,Aditya Nair,Male,Lucknow,Uttar Pradesh,Tier 2,2023-07-11
CUST_06407,Aarav Iyer,Male,Bengaluru,Karnataka,Tier 1,2024-08-07
CUST_06408,Rahul Kumar,Male,Chandigarh,Punjab,Tier 2,2024-09-30
CUST_06409,Kavya Singh,Female,Pune,Maharashtra,Tier 1,2024-07-28
CUST_06410,Kunal Patel,Male,Indore,Madhya Pradesh,Tier 2,2024-09-16
CUST_06411,Aditya Singh,Male,Hyderabad,Telangana,Tier 1,2024-01-08
CUST_06412,Rahul Singh,Male,Patna,Bihar,Tier 3,2024-07-28
CUST_06413,Priya Kumar,Female,Hyderabad,Telangana,Tier 1,2023-12-23
CUST_06414,Priya Reddy,Female,Mumbai,Maharashtra,Tier 1,2024-04-17
CUST_06415,Amit Kumar,Male,Chennai,Tamil Nadu,Tier 1,2024-10-24
CUST_06416,Divya Gupta,Female,Pune,Maharashtra,Tier 1,2024-06-04
CUST_06417,Kavya Gupta,Female,Chennai,Tamil Nadu,Tier 1,2024-01-21
CUST_06418,Kunal Kumar,Male,Pune,Maharashtra,Tier 1,2024-07-09
CUST_06419,Ishita Singh,Female,Jaipur,Rajasthan,Tier 2,2023-06-09
CUST_06420,Rahul Patel,Male,Chennai,Tamil Nadu,Tier 1,2024-02-27
CUST_06421,Kavya Reddy,Female,Dehradun,Uttarakhand,Tier 3,2024-06-12
CUST_06422,Kunal Patel,Male,Hyderabad,Telangana,Tier 1,2024-07-28
CUST_06423,Vikram Verma,Male,Hyderabad,Telangana,Tier 1,2024-04-10
CUST_06424,Aarav Patel,Male,Chandigarh,Punjab,Tier 2,2023-07-18
CUST_06425,Aditya Reddy,Male,Pune,Maharashtra,Tier 1,2023-10-25
CUST_06426,Aarav Iyer,Male,Indore,Madhya Pradesh,Tier 2,2023-10-31
CUST_06427,Pooja Iyer,Female,Pune,Maharashtra,Tier 1,2024-06-13
CUST_06428,Rohan Singh,Male,Lucknow,Uttar Pradesh,Tier 2,2024-02-22
CUST_06429,Kunal Gupta,Male,Kochi,Kerala,Tier 2,2024-05-02
CUST_06430,Varun Sharma,Male,Ranchi,Jharkhand,Tier 3,2024-01-04
CUST_06431,Neha Gupta,Female,Ahmedabad,Gujarat,Tier 2,2023-06-25
CUST_06432,Kunal Nair,Male,Delhi,Delhi,Tier 1,2024-07-13
CUST_06433,Tanvi Gupta,Female,Kochi,Kerala,Tier 2,2024-01-14
CUST_06434,Ananya Iyer,Female,Lucknow,Uttar Pradesh,Tier 2,2024-11-12
CUST_06435,Ishita Patel,Female,Dehradun,Uttarakhand,Tier 3,2024-05-30
CUST_06436,Amit Kumar,Male,Mumbai,Maharashtra,Tier 1,2024-05-08
CUST_06437,Sneha Iyer,Female,Lucknow,Uttar Pradesh,Tier 2,2024-06-21
CUST_06438,Divya Patel,Female,Mumbai,Maharashtra,Tier 1,2024-05-01
CUST_06439,Sneha Reddy,Female,Delhi,Delhi,Tier 1,2024-07-27
CUST_06440,Kunal Sharma,Male,Indore,Madhya Pradesh,Tier 2,2024-09-21
CUST_06441,Aditya Mehta,Male,Delhi,Delhi,Tier 1,2024-08-14
CUST_06442,Tanvi Verma,Female,Bengaluru,Karnataka,Tier 1,2024-04-01
CUST_06443,Priya Nair,Female,Hyderabad,Telangana,Tier 1,2024-11-07
CUST_06444,Sneha Nair,Female,Ranchi,Jharkhand,Tier 3,2024-11-14
CUST_06445,Divya Patel,Female,Delhi,Delhi,Tier 1,2024-02-16
CUST_06446,Aditya Iyer,Male,Pune,Maharashtra,Tier 1,2024-08-11
CUST_06447,Tanvi Verma,Female,Delhi,Delhi,Tier 1,2024-03-06
CUST_06448,Amit Nair,Male,Chennai,Tamil Nadu,Tier 1,2024-01-27
CUST_06449,Amit Mehta,Male,Jaipur,Rajasthan,Tier 2,2024-07-09
CUST_06450,Vikram Reddy,Male,Bengaluru,Karnataka,Tier 1,2023-10-17
CUST_06451,Kunal Reddy,Male,Lucknow,Uttar Pradesh,Tier 2,2023-06-03
CUST_06452,Rahul Patel,Male,Varanasi,Uttar Pradesh,Tier 3,2023-08-18
CUST_06453,Pooja Verma,Female,Indore,Madhya Pradesh,Tier 2,2023-12-02
CUST_06454,Aarav Patel,Male,Bengaluru,Karnataka,Tier 1,2024-06-07
CUST_06455,Aditya Verma,Male,Bhopal,Madhya Pradesh,Tier 3,2024-07-09
CUST_06456,Rohan Singh,Male,Ahmedabad,Gujarat,Tier 2,2023-11-29
CUST_06457,Rahul Reddy,Male,Mumbai,Maharashtra,Tier 1,2023-10-04
CUST_06458,Neha Patel,Female,Bengaluru,Karnataka,Tier 1,2023-12-05
CUST_06459,Divya Sharma,Female,Bhopal,Madhya Pradesh,Tier 3,2023-09-09
CUST_06460,Neha Kumar,Female,Pune,Maharashtra,Tier 1,2023-06-15
CUST_06461,Aarav Verma,Male,Kochi,Kerala,Tier 2,2023-08-21
CUST_06462,Tanvi Kumar,Female,Bhopal,Madhya Pradesh,Tier 3,2023-11-26
CUST_06463,Riya Nair,Female,Mumbai,Maharashtra,Tier 1,2024-11-04
CUST_06464,Priya Kumar,Female,Patna,Bihar,Tier 3,2024-03-18
CUST_06465,Riya Gupta,Female,Jaipur,Rajasthan,Tier 2,2024-09-19
CUST_06466,Amit Reddy,Male,Hyderabad,Telangana,Tier 1,2023-10-23
CUST_06467,Aarav Singh,Male,Pune,Maharashtra,Tier 1,2024-01-30
CUST_06468,Amit Mehta,Male,Chennai,Tamil Nadu,Tier 1,2023-09-25
CUST_06469,Aditya Patel,Male,Chennai,Tamil Nadu,Tier 1,2023-06-13
CUST_06470,Kabir Iyer,Male,Bhopal,Madhya Pradesh,Tier 3,2023-11-30
CUST_06471,Priya Nair,Female,Chennai,Tamil Nadu,Tier 1,2024-05-24
CUST_06472,Kunal Gupta,Male,Mumbai,Maharashtra,Tier 1,2023-07-14
CUST_06473,Rohan Mehta,Male,Hyderabad,Telangana,Tier 1,2024-09-21
CUST_06474,Riya Patel,Female,Kochi,Kerala,Tier 2,2024-01-07
CUST_06475,Arjun Reddy,Male,Jaipur,Rajasthan,Tier 2,2023-08-25
CUST_06476,Neha Nair,Female,Hyderabad,Telangana,Tier 1,2024-09-22
CUST_06477,Sneha Iyer,Female,Delhi,Delhi,Tier 1,2023-09-07
CUST_06478,Pooja Nair,Female,Delhi,Delhi,Tier 1,2023-11-21
CUST_06479,Neha Mehta,Female,Lucknow,Uttar Pradesh,Tier 2,2023-11-23
CUST_06480,Varun Iyer,Male,Hyderabad,Telangana,Tier 1,2024-05-12
CUST_06481,Aarav Singh,Male,Varanasi,Uttar Pradesh,Tier 3,2024-06-04
CUST_06482,Rohan Iyer,Male,Jaipur,Rajasthan,Tier 2,2023-08-02
CUST_06483,Ananya Reddy,Female,Delhi,Delhi,Tier 1,2023-06-03
CUST_06484,Ishita Kumar,Female,Delhi,Delhi,Tier 1,2024-07-27
CUST_06485,Neha Sharma,Female,Hyderabad,Telangana,Tier 1,2024-10-29
CUST_06486,Tanvi Reddy,Female,Jaipur,Rajasthan,Tier 2,2023-06-08
CUST_06487,Aarav Reddy,Male,Chennai,Tamil Nadu,Tier 1,2024-03-28
CUST_06488,Kabir Nair,Male,Delhi,Delhi,Tier 1,2023-06-08
CUST_06489,Kunal Patel,Male,Hyderabad,Telangana,Tier 1,2024-08-27
CUST_06490,Rahul Nair,Male,Bengaluru,Karnataka,Tier 1,2023-09-29
CUST_06491,Rahul Sharma,Male,Bengaluru,Karnataka,Tier 1,2023-11-09
CUST_06492,Aditya Singh,Male,Mumbai,Maharashtra,Tier 1,2024-06-27
CUST_06493,Rohan Iyer,Male,Indore,Madhya Pradesh,Tier 2,2023-07-01
CUST_06494,Vikram Sharma,Male,Bengaluru,Karnataka,Tier 1,2023-08-07
CUST_06495,Riya Reddy,Female,Dehradun,Uttarakhand,Tier 3,2023-08-30
CUST_06496,Ananya Gupta,Female,Delhi,Delhi,Tier 1,2024-08-24
CUST_06497,Ishita Nair,Female,Mumbai,Maharashtra,Tier 1,2023-08-31
CUST_06498,Vikram Sharma,Male,Chennai,Tamil Nadu,Tier 1,2023-06-26
CUST_06499,Riya Nair,Female,Lucknow,Uttar Pradesh,Tier 2,2024-11-15
CUST_06500,Varun Sharma,Male,Varanasi,Uttar Pradesh,Tier 3,2024-03-07
CUST_06501,Tanvi Reddy,Female,Chandigarh,Punjab,Tier 2,2024-09-18
CUST_06502,Tanvi Verma,Female,Indore,Madhya Pradesh,Tier 2,2023-10-11
CUST_06503,Divya Gupta,Female,Jaipur,Rajasthan,Tier 2,2024-10-08
CUST_06504,Varun Patel,Male,Chandigarh,Punjab,Tier 2,2024-08-06
CUST_06505,Kavya Verma,Female,Ranchi,Jharkhand,Tier 3,2024-09-20
CUST_06506,Rahul Patel,Male,Ahmedabad,Gujarat,Tier 2,2023-06-05
CUST_06507,Kavya Mehta,Female,Pune,Maharashtra,Tier 1,2023-11-14
CUST_06508,Neha Patel,Female,Mumbai,Maharashtra,Tier 1,2023-10-31
CUST_06509,Varun Kumar,Male,Kochi,Kerala,Tier 2,2023-12-04
CUST_06510,Ishita Iyer,Female,Lucknow,Uttar Pradesh,Tier 2,2024-06-04
CUST_06511,Sneha Reddy,Female,Guwahati,Assam,Tier 3,2023-12-12
CUST_06512,Kabir Reddy,Male,Dehradun,Uttarakhand,Tier 3,2023-06-17
CUST_06513,Vikram Sharma,Male,Guwahati,Assam,Tier 3,2024-02-04
CUST_06514,Tanvi Mehta,Female,Ahmedabad,Gujarat,Tier 2,2024-04-11
CUST_06515,Riya Nair,Female,Mumbai,Maharashtra,Tier 1,2024-09-08
CUST_06516,Varun Nair,Male,Chennai,Tamil Nadu,Tier 1,2024-07-07
CUST_06517,Sneha Mehta,Female,Ahmedabad,Gujarat,Tier 2,2024-07-31
CUST_06518,Tanvi Patel,Female,Lucknow,Uttar Pradesh,Tier 2,2024-09-27
CUST_06519,Kabir Mehta,Male,Patna,Bihar,Tier 3,2023-06-04
CUST_06520,Sneha Sharma,Female,Ranchi,Jharkhand,Tier 3,2024-08-08
CUST_06521,Aditya Singh,Male,Jaipur,Rajasthan,Tier 2,2024-02-24
CUST_06522,Rohan Kumar,Male,Mumbai,Maharashtra,Tier 1,2024-02-17
CUST_06523,Sneha Gupta,Female,Mumbai,Maharashtra,Tier 1,2024-11-22
CUST_06524,Sneha Mehta,Female,Hyderabad,Telangana,Tier 1,2023-07-03
CUST_06525,Riya Singh,Female,Chennai,Tamil Nadu,Tier 1,2023-09-29
CUST_06526,Pooja Singh,Female,Bhopal,Madhya Pradesh,Tier 3,2023-08-26
CUST_06527,Rohan Reddy,Male,Pune,Maharashtra,Tier 1,2024-02-27
CUST_06528,Divya Kumar,Female,Indore,Madhya Pradesh,Tier 2,2023-11-18
CUST_06529,Amit Nair,Male,Lucknow,Uttar Pradesh,Tier 2,2024-04-03
CUST_06530,Pooja Nair,Female,Delhi,Delhi,Tier 1,2023-08-16
CUST_06531,Varun Verma,Male,Hyderabad,Telangana,Tier 1,2024-03-06
CUST_06532,Divya Patel,Female,Dehradun,Uttarakhand,Tier 3,2024-07-01
CUST_06533,Sneha Iyer,Female,Ahmedabad,Gujarat,Tier 2,2024-08-26
CUST_06534,Vikram Reddy,Male,Indore,Madhya Pradesh,Tier 2,2024-01-06
CUST_06535,Kavya Iyer,Female,Patna,Bihar,Tier 3,2024-02-01
CUST_06536,Aarav Reddy,Male,Bengaluru,Karnataka,Tier 1,2024-02-23
CUST_06537,Priya Nair,Female,Delhi,Delhi,Tier 1,2024-10-04
CUST_06538,Aditya Sharma,Male,Hyderabad,Telangana,Tier 1,2023-11-23
CUST_06539,Kavya Mehta,Female,Varanasi,Uttar Pradesh,Tier 3,2024-10-28
CUST_06540,Rahul Singh,Male,Delhi,Delhi,Tier 1,2024-01-31
CUST_06541,Ishita Gupta,Female,Patna,Bihar,Tier 3,2023-12-28
CUST_06542,Rohan Singh,Male,Jaipur,Rajasthan,Tier 2,2024-08-09
CUST_06543,Divya Gupta,Female,Bengaluru,Karnataka,Tier 1,2024-06-21
CUST_06544,Pooja Reddy,Female,Guwahati,Assam,Tier 3,2023-09-13
CUST_06545,Rohan Nair,Male,Guwahati,Assam,Tier 3,2023-07-08
CUST_06546,Kavya Sharma,Female,Delhi,Delhi,Tier 1,2024-08-22
CUST_06547,Kabir Iyer,Male,Bengaluru,Karnataka,Tier 1,2023-11-16
CUST_06548,Ananya Patel,Female,Lucknow,Uttar Pradesh,Tier 2,2023-08-23
CUST_06549,Ananya Sharma,Female,Varanasi,Uttar Pradesh,Tier 3,2023-12-09
CUST_06550,Sneha Nair,Female,Guwahati,Assam,Tier 3,2024-07-30
CUST_06551,Rahul Verma,Male,Varanasi,Uttar Pradesh,Tier 3,2024-07-05
CUST_06552,Vikram Iyer,Male,Lucknow,Uttar Pradesh,Tier 2,2024-06-15
CUST_06553,Kunal Iyer,Male,Hyderabad,Telangana,Tier 1,2024-09-06
CUST_06554,Sneha Sharma,Female,Dehradun,Uttarakhand,Tier 3,2023-08-09
CUST_06555,Priya Singh,Female,Bhopal,Madhya Pradesh,Tier 3,2024-02-19
CUST_06556,Ananya Reddy,Female,Hyderabad,Telangana,Tier 1,2023-11-21
CUST_06557,Amit Gupta,Male,Delhi,Delhi,Tier 1,2024-06-12
CUST_06558,Amit Kumar,Male,Kochi,Kerala,Tier 2,2024-03-06
CUST_06559,Kavya Reddy,Female,Lucknow,Uttar Pradesh,Tier 2,2024-10-14
CUST_06560,Varun Mehta,Male,Delhi,Delhi,Tier 1,2024-10-23
CUST_06561,Divya Reddy,Female,Ahmedabad,Gujarat,Tier 2,2024-11-29
CUST_06562,Arjun Reddy,Male,Hyderabad,Telangana,Tier 1,2024-04-15
CUST_06563,Aarav Kumar,Male,Ahmedabad,Gujarat,Tier 2,2024-03-06
CUST_06564,Kabir Sharma,Male,Lucknow,Uttar Pradesh,Tier 2,2023-07-28
CUST_06565,Kabir Gupta,Male,Lucknow,Uttar Pradesh,Tier 2,2024-11-25
CUST_06566,Ishita Gupta,Female,Chandigarh,Punjab,Tier 2,2024-08-09
CUST_06567,Varun Gupta,Male,Delhi,Delhi,Tier 1,2024-09-22
CUST_06568,Ananya Reddy,Female,Bengaluru,Karnataka,Tier 1,2023-11-23
CUST_06569,Aarav Verma,Male,Lucknow,Uttar Pradesh,Tier 2,2024-07-03
CUST_06570,Rahul Gupta,Male,Chennai,Tamil Nadu,Tier 1,2024-03-19
CUST_06571,Amit Sharma,Male,Bhopal,Madhya Pradesh,Tier 3,2024-03-11
CUST_06572,Divya Singh,Female,Delhi,Delhi,Tier 1,2024-01-26
CUST_06573,Tanvi Kumar,Female,Mumbai,Maharashtra,Tier 1,2024-03-10
CUST_06574,Kunal Reddy,Male,Ahmedabad,Gujarat,Tier 2,2024-05-04
CUST_06575,Kunal Gupta,Male,Patna,Bihar,Tier 3,2024-04-26
CUST_06576,Pooja Reddy,Female,Patna,Bihar,Tier 3,2024-05-27
CUST_06577,Kabir Verma,Male,Delhi,Delhi,Tier 1,2024-03-24
CUST_06578,Neha Iyer,Female,Varanasi,Uttar Pradesh,Tier 3,2023-08-24
CUST_06579,Kavya Patel,Female,Ranchi,Jharkhand,Tier 3,2023-11-27
CUST_06580,Divya Gupta,Female,Mumbai,Maharashtra,Tier 1,2024-01-01
CUST_06581,Neha Singh,Female,Ahmedabad,Gujarat,Tier 2,2023-07-25
CUST_06582,Aarav Mehta,Male,Indore,Madhya Pradesh,Tier 2,2024-03-02
CUST_06583,Kunal Sharma,Male,Delhi,Delhi,Tier 1,2023-08-31
CUST_06584,Divya Verma,Female,Patna,Bihar,Tier 3,2023-10-25
CUST_06585,Divya Kumar,Female,Indore,Madhya Pradesh,Tier 2,2024-01-13
CUST_06586,Priya Mehta,Female,Ahmedabad,Gujarat,Tier 2,2024-10-06
CUST_06587,Pooja Kumar,Female,Delhi,Delhi,Tier 1,2024-08-01
CUST_06588,Vikram Patel,Male,Kochi,Kerala,Tier 2,2023-11-19
CUST_06589,Vikram Sharma,Male,Lucknow,Uttar Pradesh,Tier 2,2023-06-23
CUST_06590,Pooja Mehta,Female,Hyderabad,Telangana,Tier 1,2023-08-18
CUST_06591,Amit Iyer,Male,Chandigarh,Punjab,Tier 2,2023-12-11
CUST_06592,Sneha Nair,Female,Hyderabad,Telangana,Tier 1,2024-05-23
CUST_06593,Aditya Nair,Male,Bengaluru,Karnataka,Tier 1,2023-08-07
CUST_06594,Priya Gupta,Female,Mumbai,Maharashtra,Tier 1,2023-12-25
CUST_06595,Aarav Nair,Male,Patna,Bihar,Tier 3,2024-03-15
CUST_06596,Amit Singh,Male,Chennai,Tamil Nadu,Tier 1,2024-08-14
CUST_06597,Rahul Sharma,Male,Lucknow,Uttar Pradesh,Tier 2,2023-08-29
CUST_06598,Kunal Nair,Male,Kochi,Kerala,Tier 2,2023-11-10
CUST_06599,Aarav Iyer,Male,Hyderabad,Telangana,Tier 1,2024-10-10
CUST_06600,Neha Reddy,Female,Chandigarh,Punjab,Tier 2,2024-02-01
CUST_06601,Kavya Reddy,Female,Delhi,Delhi,Tier 1,2024-05-22
CUST_06602,Kavya Iyer,Female,Bhopal,Madhya Pradesh,Tier 3,2024-02-12
CUST_06603,Varun Kumar,Male,Dehradun,Uttarakhand,Tier 3,2024-02-12
CUST_06604,Kabir Verma,Male,Bengaluru,Karnataka,Tier 1,2023-10-22
CUST_06605,Divya Mehta,Female,Indore,Madhya Pradesh,Tier 2,2023-12-28
CUST_06606,Aarav Nair,Male,Lucknow,Uttar Pradesh,Tier 2,2023-12-14
CUST_06607,Aditya Verma,Male,Chennai,Tamil Nadu,Tier 1,2023-08-11
CUST_06608,Ishita Kumar,Female,Bengaluru,Karnataka,Tier 1,2024-09-18
CUST_06609,Rahul Gupta,Male,Hyderabad,Telangana,Tier 1,2023-10-20
CUST_06610,Ananya Gupta,Female,Chennai,Tamil Nadu,Tier 1,2023-09-17
CUST_06611,Priya Singh,Female,Pune,Maharashtra,Tier 1,2024-10-01
CUST_06612,Sneha Verma,Female,Ranchi,Jharkhand,Tier 3,2024-03-19
CUST_06613,Vikram Patel,Male,Ahmedabad,Gujarat,Tier 2,2024-09-07
CUST_06614,Aarav Patel,Male,Jaipur,Rajasthan,Tier 2,2024-08-21
CUST_06615,Neha Patel,Female,Chennai,Tamil Nadu,Tier 1,2023-07-05
CUST_06616,Aditya Kumar,Male,Lucknow,Uttar Pradesh,Tier 2,2024-09-07
CUST_06617,Priya Patel,Female,Mumbai,Maharashtra,Tier 1,2024-12-01
CUST_06618,Ishita Nair,Female,Jaipur,Rajasthan,Tier 2,2024-04-03
CUST_06619,Priya Gupta,Female,Indore,Madhya Pradesh,Tier 2,2023-08-08
CUST_06620,Kavya Gupta,Female,Indore,Madhya Pradesh,Tier 2,2024-04-01
CUST_06621,Riya Kumar,Female,Pune,Maharashtra,Tier 1,2023-06-07
CUST_06622,Vikram Verma,Male,Bhopal,Madhya Pradesh,Tier 3,2024-04-06
CUST_06623,Amit Gupta,Male,Indore,Madhya Pradesh,Tier 2,2024-05-04
CUST_06624,Neha Sharma,Female,Ahmedabad,Gujarat,Tier 2,2024-09-24
CUST_06625,Divya Kumar,Female,Jaipur,Rajasthan,Tier 2,2024-04-04
CUST_06626,Neha Sharma,Female,Ahmedabad,Gujarat,Tier 2,2024-01-20
CUST_06627,Neha Patel,Female,Indore,Madhya Pradesh,Tier 2,2023-07-16
CUST_06628,Amit Sharma,Male,Chennai,Tamil Nadu,Tier 1,2024-04-13
CUST_06629,Kunal Reddy,Male,Varanasi,Uttar Pradesh,Tier 3,2024-10-20
CUST_06630,Vikram Gupta,Male,Mumbai,Maharashtra,Tier 1,2023-09-17
CUST_06631,Priya Mehta,Female,Jaipur,Rajasthan,Tier 2,2024-10-12
CUST_06632,Rohan Gupta,Male,Patna,Bihar,Tier 3,2024-10-05
CUST_06633,Sneha Reddy,Female,Chennai,Tamil Nadu,Tier 1,2023-12-01
CUST_06634,Rahul Nair,Male,Chandigarh,Punjab,Tier 2,2024-10-27
CUST_06635,Priya Kumar,Female,Chandigarh,Punjab,Tier 2,2024-07-05
CUST_06636,Kabir Kumar,Male,Jaipur,Rajasthan,Tier 2,2024-04-28
CUST_06637,Tanvi Gupta,Female,Hyderabad,Telangana,Tier 1,2024-07-29
CUST_06638,Ananya Iyer,Female,Chennai,Tamil Nadu,Tier 1,2024-01-31
CUST_06639,Riya Gupta,Female,Indore,Madhya Pradesh,Tier 2,2024-06-14
CUST_06640,Priya Gupta,Female,Bengaluru,Karnataka,Tier 1,2024-01-11
CUST_06641,Varun Kumar,Male,Mumbai,Maharashtra,Tier 1,2023-12-09
CUST_06642,Vikram Kumar,Male,Guwahati,Assam,Tier 3,2023-10-31
CUST_06643,Tanvi Iyer,Female,Pune,Maharashtra,Tier 1,2023-10-10
CUST_06644,Rahul Gupta,Male,Ranchi,Jharkhand,Tier 3,2024-04-15
CUST_06645,Divya Reddy,Female,Ahmedabad,Gujarat,Tier 2,2024-10-06
CUST_06646,Pooja Verma,Female,Lucknow,Uttar Pradesh,Tier 2,2023-07-30
CUST_06647,Sneha Reddy,Female,Indore,Madhya Pradesh,Tier 2,2023-12-27
CUST_06648,Divya Patel,Female,Delhi,Delhi,Tier 1,2023-08-20
CUST_06649,Riya Patel,Female,Bengaluru,Karnataka,Tier 1,2023-10-16
CUST_06650,Riya Gupta,Female,Kochi,Kerala,Tier 2,2023-06-11
CUST_06651,Kunal Gupta,Male,Bengaluru,Karnataka,Tier 1,2023-09-01
CUST_06652,Pooja Reddy,Female,Dehradun,Uttarakhand,Tier 3,2023-06-18
CUST_06653,Kavya Mehta,Female,Varanasi,Uttar Pradesh,Tier 3,2024-08-04
CUST_06654,Rahul Mehta,Male,Mumbai,Maharashtra,Tier 1,2024-05-22
CUST_06655,Neha Mehta,Female,Indore,Madhya Pradesh,Tier 2,2024-10-15
CUST_06656,Kavya Gupta,Female,Indore,Madhya Pradesh,Tier 2,2023-11-18
CUST_06657,Priya Sharma,Female,Jaipur,Rajasthan,Tier 2,2023-07-07
CUST_06658,Rahul Reddy,Male,Mumbai,Maharashtra,Tier 1,2023-10-09
CUST_06659,Ishita Patel,Female,Indore,Madhya Pradesh,Tier 2,2024-06-25
CUST_06660,Kabir Patel,Male,Lucknow,Uttar Pradesh,Tier 2,2024-05-15
CUST_06661,Priya Verma,Female,Kochi,Kerala,Tier 2,2023-11-02
CUST_06662,Aditya Nair,Male,Hyderabad,Telangana,Tier 1,2024-05-03
CUST_06663,Sneha Verma,Female,Lucknow,Uttar Pradesh,Tier 2,2023-08-05
CUST_06664,Rohan Patel,Male,Jaipur,Rajasthan,Tier 2,2024-09-20
CUST_06665,Divya Sharma,Female,Bhopal,Madhya Pradesh,Tier 3,2024-07-05
CUST_06666,Tanvi Gupta,Female,Chennai,Tamil Nadu,Tier 1,2024-04-07
CUST_06667,Sneha Nair,Female,Mumbai,Maharashtra,Tier 1,2023-11-10
CUST_06668,Kavya Iyer,Female,Indore,Madhya Pradesh,Tier 2,2023-06-11
CUST_06669,Aditya Reddy,Male,Kochi,Kerala,Tier 2,2023-11-25
CUST_06670,Ananya Mehta,Female,Lucknow,Uttar Pradesh,Tier 2,2024-05-19
CUST_06671,Rohan Mehta,Male,Delhi,Delhi,Tier 1,2024-05-17
CUST_06672,Kunal Kumar,Male,Bengaluru,Karnataka,Tier 1,2024-05-16
CUST_06673,Aditya Sharma,Male,Pune,Maharashtra,Tier 1,2024-09-08
CUST_06674,Kunal Verma,Male,Hyderabad,Telangana,Tier 1,2024-05-03
CUST_06675,Vikram Iyer,Male,Pune,Maharashtra,Tier 1,2023-08-13
CUST_06676,Sneha Iyer,Female,Bhopal,Madhya Pradesh,Tier 3,2024-11-01
CUST_06677,Aarav Verma,Male,Delhi,Delhi,Tier 1,2024-09-21
CUST_06678,Neha Gupta,Female,Bengaluru,Karnataka,Tier 1,2024-02-07
CUST_06679,Priya Gupta,Female,Ranchi,Jharkhand,Tier 3,2024-07-28
CUST_06680,Sneha Nair,Female,Bhopal,Madhya Pradesh,Tier 3,2023-10-16
CUST_06681,Priya Iyer,Female,Kochi,Kerala,Tier 2,2024-03-02
CUST_06682,Rahul Iyer,Male,Delhi,Delhi,Tier 1,2024-03-30
CUST_06683,Vikram Kumar,Male,Chandigarh,Punjab,Tier 2,2024-07-09
CUST_06684,Aditya Nair,Male,Chandigarh,Punjab,Tier 2,2024-05-17
CUST_06685,Ananya Sharma,Female,Ahmedabad,Gujarat,Tier 2,2023-09-01
CUST_06686,Divya Kumar,Female,Kochi,Kerala,Tier 2,2024-08-28
CUST_06687,Rahul Mehta,Male,Kochi,Kerala,Tier 2,2024-06-08
CUST_06688,Arjun Sharma,Male,Guwahati,Assam,Tier 3,2024-03-18
CUST_06689,Rahul Reddy,Male,Hyderabad,Telangana,Tier 1,2023-09-17
CUST_06690,Pooja Gupta,Female,Pune,Maharashtra,Tier 1,2024-10-17
CUST_06691,Kunal Patel,Male,Mumbai,Maharashtra,Tier 1,2023-06-30
CUST_06692,Aditya Nair,Male,Varanasi,Uttar Pradesh,Tier 3,2023-08-08
CUST_06693,Aarav Iyer,Male,Chandigarh,Punjab,Tier 2,2024-10-01
CUST_06694,Pooja Reddy,Female,Bengaluru,Karnataka,Tier 1,2023-12-22
CUST_06695,Pooja Singh,Female,Ahmedabad,Gujarat,Tier 2,2024-01-16
CUST_06696,Kavya Gupta,Female,Chandigarh,Punjab,Tier 2,2023-09-12
CUST_06697,Kabir Gupta,Male,Indore,Madhya Pradesh,Tier 2,2024-10-15
CUST_06698,Pooja Iyer,Female,Hyderabad,Telangana,Tier 1,2023-07-05
CUST_06699,Riya Gupta,Female,Bhopal,Madhya Pradesh,Tier 3,2024-02-05
CUST_06700,Arjun Singh,Male,Jaipur,Rajasthan,Tier 2,2024-05-15
CUST_06701,Tanvi Nair,Female,Chandigarh,Punjab,Tier 2,2024-02-02
CUST_06702,Kabir Nair,Male,Ranchi,Jharkhand,Tier 3,2024-11-28
CUST_06703,Aarav Patel,Male,Bengaluru,Karnataka,Tier 1,2023-10-18
CUST_06704,Arjun Gupta,Male,Delhi,Delhi,Tier 1,2024-10-20
CUST_06705,Aarav Iyer,Male,Bengaluru,Karnataka,Tier 1,2024-04-09
CUST_06706,Rohan Singh,Male,Delhi,Delhi,Tier 1,2024-09-21
CUST_06707,Aarav Sharma,Male,Pune,Maharashtra,Tier 1,2023-07-27
CUST_06708,Kunal Mehta,Male,Indore,Madhya Pradesh,Tier 2,2024-02-19
CUST_06709,Neha Mehta,Female,Kochi,Kerala,Tier 2,2024-10-21
CUST_06710,Pooja Gupta,Female,Lucknow,Uttar Pradesh,Tier 2,2023-07-04
CUST_06711,Priya Mehta,Female,Pune,Maharashtra,Tier 1,2024-04-21
CUST_06712,Neha Verma,Female,Lucknow,Uttar Pradesh,Tier 2,2023-09-20
CUST_06713,Aarav Kumar,Male,Chennai,Tamil Nadu,Tier 1,2024-02-15
CUST_06714,Kabir Verma,Male,Pune,Maharashtra,Tier 1,2023-07-13
CUST_06715,Kabir Iyer,Male,Chennai,Tamil Nadu,Tier 1,2023-06-15
CUST_06716,Sneha Iyer,Female,Mumbai,Maharashtra,Tier 1,2024-04-17
CUST_06717,Divya Iyer,Female,Ahmedabad,Gujarat,Tier 2,2023-07-08
CUST_06718,Rahul Mehta,Male,Kochi,Kerala,Tier 2,2024-09-01
CUST_06719,Neha Gupta,Female,Varanasi,Uttar Pradesh,Tier 3,2024-07-01
CUST_06720,Amit Iyer,Male,Varanasi,Uttar Pradesh,Tier 3,2023-12-24
CUST_06721,Ananya Mehta,Female,Chandigarh,Punjab,Tier 2,2024-01-10
CUST_06722,Riya Singh,Female,Kochi,Kerala,Tier 2,2023-12-17
CUST_06723,Amit Verma,Male,Chandigarh,Punjab,Tier 2,2024-01-31
CUST_06724,Varun Mehta,Male,Kochi,Kerala,Tier 2,2024-09-01
CUST_06725,Rahul Gupta,Male,Lucknow,Uttar Pradesh,Tier 2,2024-11-04
CUST_06726,Aarav Reddy,Male,Delhi,Delhi,Tier 1,2023-08-21
CUST_06727,Priya Mehta,Female,Bengaluru,Karnataka,Tier 1,2023-08-19
CUST_06728,Ishita Gupta,Female,Hyderabad,Telangana,Tier 1,2024-09-02
CUST_06729,Neha Reddy,Female,Mumbai,Maharashtra,Tier 1,2023-10-17
CUST_06730,Aditya Sharma,Male,Guwahati,Assam,Tier 3,2024-08-28
CUST_06731,Neha Singh,Female,Pune,Maharashtra,Tier 1,2023-12-08
CUST_06732,Aarav Mehta,Male,Hyderabad,Telangana,Tier 1,2024-08-22
CUST_06733,Ishita Reddy,Female,Chennai,Tamil Nadu,Tier 1,2023-11-21
CUST_06734,Divya Reddy,Female,Lucknow,Uttar Pradesh,Tier 2,2024-06-22
CUST_06735,Kavya Reddy,Female,Hyderabad,Telangana,Tier 1,2024-03-15
CUST_06736,Neha Singh,Female,Jaipur,Rajasthan,Tier 2,2024-04-12
CUST_06737,Pooja Reddy,Female,Mumbai,Maharashtra,Tier 1,2024-05-29
CUST_06738,Riya Singh,Female,Ahmedabad,Gujarat,Tier 2,2024-11-26
CUST_06739,Kabir Patel,Male,Kochi,Kerala,Tier 2,2023-07-20
CUST_06740,Amit Kumar,Male,Varanasi,Uttar Pradesh,Tier 3,2023-09-23
CUST_06741,Tanvi Reddy,Female,Bhopal,Madhya Pradesh,Tier 3,2024-05-18
CUST_06742,Kabir Reddy,Male,Chennai,Tamil Nadu,Tier 1,2024-08-04
CUST_06743,Ananya Kumar,Female,Hyderabad,Telangana,Tier 1,2024-11-26
CUST_06744,Varun Nair,Male,Chennai,Tamil Nadu,Tier 1,2024-01-01
CUST_06745,Varun Mehta,Male,Delhi,Delhi,Tier 1,2023-08-01
CUST_06746,Kunal Kumar,Male,Chandigarh,Punjab,Tier 2,2023-07-23
CUST_06747,Vikram Kumar,Male,Chennai,Tamil Nadu,Tier 1,2024-02-02
CUST_06748,Amit Iyer,Male,Delhi,Delhi,Tier 1,2024-06-03
CUST_06749,Vikram Kumar,Male,Indore,Madhya Pradesh,Tier 2,2023-08-18
CUST_06750,Kavya Reddy,Female,Dehradun,Uttarakhand,Tier 3,2023-10-15
CUST_06751,Pooja Nair,Female,Kochi,Kerala,Tier 2,2023-12-25
CUST_06752,Vikram Patel,Male,Chandigarh,Punjab,Tier 2,2023-09-21
CUST_06753,Sneha Nair,Female,Ranchi,Jharkhand,Tier 3,2024-09-16
CUST_06754,Neha Gupta,Female,Lucknow,Uttar Pradesh,Tier 2,2024-01-07
CUST_06755,Ananya Mehta,Female,Indore,Madhya Pradesh,Tier 2,2024-03-12
CUST_06756,Ishita Reddy,Female,Kochi,Kerala,Tier 2,2023-12-07
CUST_06757,Ishita Verma,Female,Lucknow,Uttar Pradesh,Tier 2,2023-10-04
CUST_06758,Rahul Iyer,Male,Varanasi,Uttar Pradesh,Tier 3,2023-11-27
CUST_06759,Rahul Nair,Male,Jaipur,Rajasthan,Tier 2,2024-07-06
CUST_06760,Kabir Mehta,Male,Indore,Madhya Pradesh,Tier 2,2023-09-06
CUST_06761,Riya Kumar,Female,Bengaluru,Karnataka,Tier 1,2023-11-16
CUST_06762,Ishita Nair,Female,Bhopal,Madhya Pradesh,Tier 3,2023-08-27
CUST_06763,Ananya Sharma,Female,Patna,Bihar,Tier 3,2024-07-16
CUST_06764,Aarav Mehta,Male,Bhopal,Madhya Pradesh,Tier 3,2024-10-30
CUST_06765,Arjun Reddy,Male,Chennai,Tamil Nadu,Tier 1,2024-04-06
CUST_06766,Vikram Reddy,Male,Ahmedabad,Gujarat,Tier 2,2024-06-24
CUST_06767,Neha Verma,Female,Pune,Maharashtra,Tier 1,2024-08-21
CUST_06768,Rohan Mehta,Male,Chennai,Tamil Nadu,Tier 1,2024-06-10
CUST_06769,Amit Gupta,Male,Pune,Maharashtra,Tier 1,2024-07-22
CUST_06770,Tanvi Singh,Female,Bhopal,Madhya Pradesh,Tier 3,2024-04-01
CUST_06771,Tanvi Sharma,Female,Ahmedabad,Gujarat,Tier 2,2023-11-27
CUST_06772,Aarav Iyer,Male,Delhi,Delhi,Tier 1,2024-08-23
CUST_06773,Amit Iyer,Male,Kochi,Kerala,Tier 2,2024-03-23
CUST_06774,Neha Mehta,Female,Bengaluru,Karnataka,Tier 1,2024-07-11
CUST_06775,Aditya Sharma,Male,Patna,Bihar,Tier 3,2024-07-01
CUST_06776,Rohan Reddy,Male,Hyderabad,Telangana,Tier 1,2023-11-03
CUST_06777,Aditya Mehta,Male,Chandigarh,Punjab,Tier 2,2024-04-15
CUST_06778,Amit Singh,Male,Kochi,Kerala,Tier 2,2024-10-24
CUST_06779,Divya Verma,Female,Chandigarh,Punjab,Tier 2,2024-02-01
CUST_06780,Pooja Sharma,Female,Bengaluru,Karnataka,Tier 1,2023-08-02
CUST_06781,Arjun Gupta,Male,Hyderabad,Telangana,Tier 1,2024-08-15
CUST_06782,Rahul Nair,Male,Delhi,Delhi,Tier 1,2024-04-09
CUST_06783,Vikram Sharma,Male,Indore,Madhya Pradesh,Tier 2,2024-09-07
CUST_06784,Sneha Patel,Female,Patna,Bihar,Tier 3,2023-08-17
CUST_06785,Aarav Nair,Male,Hyderabad,Telangana,Tier 1,2023-08-21
CUST_06786,Arjun Gupta,Male,Kochi,Kerala,Tier 2,2023-08-01
CUST_06787,Arjun Sharma,Male,Pune,Maharashtra,Tier 1,2023-06-19
CUST_06788,Kunal Singh,Male,Indore,Madhya Pradesh,Tier 2,2023-12-22
CUST_06789,Arjun Patel,Male,Patna,Bihar,Tier 3,2023-08-14
CUST_06790,Arjun Gupta,Male,Ahmedabad,Gujarat,Tier 2,2024-03-21
CUST_06791,Neha Mehta,Female,Bhopal,Madhya Pradesh,Tier 3,2023-08-17
CUST_06792,Kavya Sharma,Female,Dehradun,Uttarakhand,Tier 3,2024-03-07
CUST_06793,Aditya Nair,Male,Indore,Madhya Pradesh,Tier 2,2024-02-28
CUST_06794,Ananya Reddy,Female,Bengaluru,Karnataka,Tier 1,2023-06-16
CUST_06795,Sneha Iyer,Female,Jaipur,Rajasthan,Tier 2,2023-11-20
CUST_06796,Aarav Kumar,Male,Kochi,Kerala,Tier 2,2023-07-02
CUST_06797,Tanvi Reddy,Female,Pune,Maharashtra,Tier 1,2024-05-13
CUST_06798,Aditya Mehta,Male,Chandigarh,Punjab,Tier 2,2023-08-22
CUST_06799,Neha Iyer,Female,Indore,Madhya Pradesh,Tier 2,2024-02-17
CUST_06800,Rahul Iyer,Male,Guwahati,Assam,Tier 3,2023-11-17
CUST_06801,Divya Patel,Female,Mumbai,Maharashtra,Tier 1,2024-11-01
CUST_06802,Kabir Patel,Male,Pune,Maharashtra,Tier 1,2024-05-28
CUST_06803,Rohan Reddy,Male,Guwahati,Assam,Tier 3,2023-06-04
CUST_06804,Rahul Gupta,Male,Lucknow,Uttar Pradesh,Tier 2,2024-05-08
CUST_06805,Kabir Sharma,Male,Lucknow,Uttar Pradesh,Tier 2,2023-10-18
CUST_06806,Divya Verma,Female,Pune,Maharashtra,Tier 1,2024-03-29
CUST_06807,Aarav Mehta,Male,Dehradun,Uttarakhand,Tier 3,2023-11-20
CUST_06808,Ananya Patel,Female,Ahmedabad,Gujarat,Tier 2,2024-07-11
CUST_06809,Aditya Nair,Male,Delhi,Delhi,Tier 1,2024-03-29
CUST_06810,Aditya Reddy,Male,Indore,Madhya Pradesh,Tier 2,2024-02-19
CUST_06811,Varun Iyer,Male,Lucknow,Uttar Pradesh,Tier 2,2024-05-30
CUST_06812,Aditya Mehta,Male,Guwahati,Assam,Tier 3,2024-07-25
CUST_06813,Priya Singh,Female,Kochi,Kerala,Tier 2,2024-02-07
CUST_06814,Varun Sharma,Male,Jaipur,Rajasthan,Tier 2,2024-05-06
CUST_06815,Vikram Nair,Male,Dehradun,Uttarakhand,Tier 3,2023-09-17
CUST_06816,Divya Sharma,Female,Varanasi,Uttar Pradesh,Tier 3,2023-10-07
CUST_06817,Kunal Reddy,Male,Bengaluru,Karnataka,Tier 1,2023-07-24
CUST_06818,Riya Singh,Female,Pune,Maharashtra,Tier 1,2024-01-24
CUST_06819,Rohan Reddy,Male,Delhi,Delhi,Tier 1,2023-06-11
CUST_06820,Aditya Singh,Male,Pune,Maharashtra,Tier 1,2024-10-29
CUST_06821,Ishita Gupta,Female,Hyderabad,Telangana,Tier 1,2023-12-31
CUST_06822,Riya Singh,Female,Chandigarh,Punjab,Tier 2,2024-06-21
CUST_06823,Kunal Patel,Male,Hyderabad,Telangana,Tier 1,2023-07-30
CUST_06824,Neha Singh,Female,Bengaluru,Karnataka,Tier 1,2023-09-17
CUST_06825,Aditya Gupta,Male,Lucknow,Uttar Pradesh,Tier 2,2024-10-26
CUST_06826,Kabir Patel,Male,Kochi,Kerala,Tier 2,2024-03-15
CUST_06827,Vikram Mehta,Male,Indore,Madhya Pradesh,Tier 2,2023-09-28
CUST_06828,Ananya Patel,Female,Chennai,Tamil Nadu,Tier 1,2024-05-02
CUST_06829,Neha Kumar,Female,Hyderabad,Telangana,Tier 1,2024-08-02
CUST_06830,Ishita Sharma,Female,Chennai,Tamil Nadu,Tier 1,2023-09-10
CUST_06831,Pooja Gupta,Female,Jaipur,Rajasthan,Tier 2,2024-09-13
CUST_06832,Sneha Singh,Female,Guwahati,Assam,Tier 3,2023-08-08
CUST_06833,Kabir Mehta,Male,Indore,Madhya Pradesh,Tier 2,2023-11-08
CUST_06834,Varun Mehta,Male,Pune,Maharashtra,Tier 1,2024-06-01
CUST_06835,Varun Kumar,Male,Chennai,Tamil Nadu,Tier 1,2024-07-11
CUST_06836,Amit Nair,Male,Bhopal,Madhya Pradesh,Tier 3,2023-12-03
CUST_06837,Pooja Singh,Female,Jaipur,Rajasthan,Tier 2,2023-09-04
CUST_06838,Vikram Iyer,Male,Ranchi,Jharkhand,Tier 3,2024-04-07
CUST_06839,Kavya Singh,Female,Lucknow,Uttar Pradesh,Tier 2,2024-09-03
CUST_06840,Ananya Singh,Female,Ahmedabad,Gujarat,Tier 2,2023-07-11
CUST_06841,Neha Nair,Female,Delhi,Delhi,Tier 1,2024-06-08
CUST_06842,Kavya Iyer,Female,Chandigarh,Punjab,Tier 2,2024-01-25
CUST_06843,Priya Sharma,Female,Kochi,Kerala,Tier 2,2024-02-12
CUST_06844,Kabir Reddy,Male,Hyderabad,Telangana,Tier 1,2023-09-07
CUST_06845,Amit Sharma,Male,Bengaluru,Karnataka,Tier 1,2024-10-21
CUST_06846,Tanvi Iyer,Female,Lucknow,Uttar Pradesh,Tier 2,2023-07-03
CUST_06847,Sneha Verma,Female,Guwahati,Assam,Tier 3,2024-10-31
CUST_06848,Neha Verma,Female,Chandigarh,Punjab,Tier 2,2023-09-12
CUST_06849,Kavya Nair,Female,Lucknow,Uttar Pradesh,Tier 2,2024-07-25
CUST_06850,Vikram Verma,Male,Delhi,Delhi,Tier 1,2024-12-02
CUST_06851,Neha Nair,Female,Ranchi,Jharkhand,Tier 3,2024-09-03
CUST_06852,Rahul Gupta,Male,Hyderabad,Telangana,Tier 1,2023-11-11
CUST_06853,Amit Patel,Male,Guwahati,Assam,Tier 3,2023-09-29
CUST_06854,Kunal Nair,Male,Ahmedabad,Gujarat,Tier 2,2024-11-03
CUST_06855,Sneha Singh,Female,Kochi,Kerala,Tier 2,2023-08-05
CUST_06856,Ananya Nair,Female,Chennai,Tamil Nadu,Tier 1,2024-05-22
CUST_06857,Kavya Mehta,Female,Lucknow,Uttar Pradesh,Tier 2,2023-08-03
CUST_06858,Pooja Reddy,Female,Bhopal,Madhya Pradesh,Tier 3,2023-10-05
CUST_06859,Kavya Iyer,Female,Hyderabad,Telangana,Tier 1,2023-06-23
CUST_06860,Priya Gupta,Female,Indore,Madhya Pradesh,Tier 2,2024-02-17
CUST_06861,Vikram Singh,Male,Bengaluru,Karnataka,Tier 1,2024-03-05
CUST_06862,Kunal Kumar,Male,Mumbai,Maharashtra,Tier 1,2024-01-31
CUST_06863,Aarav Gupta,Male,Bengaluru,Karnataka,Tier 1,2024-08-29
CUST_06864,Sneha Iyer,Female,Chennai,Tamil Nadu,Tier 1,2023-11-13
CUST_06865,Amit Nair,Male,Indore,Madhya Pradesh,Tier 2,2024-04-08
CUST_06866,Kunal Mehta,Male,Indore,Madhya Pradesh,Tier 2,2024-10-10
CUST_06867,Kabir Verma,Male,Kochi,Kerala,Tier 2,2024-10-04
CUST_06868,Arjun Gupta,Male,Indore,Madhya Pradesh,Tier 2,2024-03-09
CUST_06869,Kavya Nair,Female,Ranchi,Jharkhand,Tier 3,2024-02-05
CUST_06870,Priya Sharma,Female,Patna,Bihar,Tier 3,2023-12-10
CUST_06871,Kabir Iyer,Male,Hyderabad,Telangana,Tier 1,2024-10-20
CUST_06872,Priya Nair,Female,Chennai,Tamil Nadu,Tier 1,2024-07-15
CUST_06873,Rohan Reddy,Male,Mumbai,Maharashtra,Tier 1,2023-06-21
CUST_06874,Ananya Patel,Female,Bengaluru,Karnataka,Tier 1,2023-07-18
CUST_06875,Priya Mehta,Female,Ranchi,Jharkhand,Tier 3,2024-07-11
CUST_06876,Neha Kumar,Female,Bengaluru,Karnataka,Tier 1,2024-08-22
CUST_06877,Rahul Reddy,Male,Kochi,Kerala,Tier 2,2024-09-22
CUST_06878,Kunal Gupta,Male,Delhi,Delhi,Tier 1,2023-06-10
CUST_06879,Riya Patel,Female,Ranchi,Jharkhand,Tier 3,2023-11-09
CUST_06880,Vikram Mehta,Male,Kochi,Kerala,Tier 2,2023-09-12
CUST_06881,Tanvi Reddy,Female,Mumbai,Maharashtra,Tier 1,2024-08-22
CUST_06882,Rahul Kumar,Male,Bengaluru,Karnataka,Tier 1,2024-07-10
CUST_06883,Varun Verma,Male,Delhi,Delhi,Tier 1,2024-08-05
CUST_06884,Neha Patel,Female,Bengaluru,Karnataka,Tier 1,2024-03-16
CUST_06885,Neha Nair,Female,Chennai,Tamil Nadu,Tier 1,2023-07-16
CUST_06886,Arjun Iyer,Male,Chennai,Tamil Nadu,Tier 1,2023-09-19
CUST_06887,Kavya Sharma,Female,Lucknow,Uttar Pradesh,Tier 2,2024-07-07
CUST_06888,Aditya Singh,Male,Pune,Maharashtra,Tier 1,2024-09-25
CUST_06889,Rohan Patel,Male,Chennai,Tamil Nadu,Tier 1,2023-07-27
CUST_06890,Tanvi Reddy,Female,Delhi,Delhi,Tier 1,2024-03-20
CUST_06891,Kabir Mehta,Male,Lucknow,Uttar Pradesh,Tier 2,2024-03-11
CUST_06892,Rohan Gupta,Male,Patna,Bihar,Tier 3,2024-01-13
CUST_06893,Pooja Patel,Female,Guwahati,Assam,Tier 3,2024-08-18
CUST_06894,Kunal Nair,Male,Indore,Madhya Pradesh,Tier 2,2023-08-09
CUST_06895,Amit Sharma,Male,Ranchi,Jharkhand,Tier 3,2024-01-16
CUST_06896,Rohan Mehta,Male,Hyderabad,Telangana,Tier 1,2024-06-29
CUST_06897,Kavya Kumar,Female,Bhopal,Madhya Pradesh,Tier 3,2024-07-23
CUST_06898,Kabir Verma,Male,Bengaluru,Karnataka,Tier 1,2024-05-22
CUST_06899,Neha Sharma,Female,Mumbai,Maharashtra,Tier 1,2024-06-17
CUST_06900,Amit Gupta,Male,Indore,Madhya Pradesh,Tier 2,2024-03-23
CUST_06901,Rahul Mehta,Male,Chennai,Tamil Nadu,Tier 1,2024-08-18
CUST_06902,Kabir Nair,Male,Mumbai,Maharashtra,Tier 1,2024-07-13
CUST_06903,Kabir Gupta,Male,Hyderabad,Telangana,Tier 1,2023-12-09
CUST_06904,Kavya Verma,Female,Hyderabad,Telangana,Tier 1,2024-08-31
CUST_06905,Priya Iyer,Female,Pune,Maharashtra,Tier 1,2024-02-12
CUST_06906,Pooja Verma,Female,Bhopal,Madhya Pradesh,Tier 3,2024-09-08
CUST_06907,Vikram Singh,Male,Patna,Bihar,Tier 3,2024-11-24
CUST_06908,Rohan Iyer,Male,Ranchi,Jharkhand,Tier 3,2023-11-11
CUST_06909,Aditya Singh,Male,Bengaluru,Karnataka,Tier 1,2024-07-11
CUST_06910,Tanvi Verma,Female,Chennai,Tamil Nadu,Tier 1,2024-08-15
CUST_06911,Pooja Patel,Female,Bhopal,Madhya Pradesh,Tier 3,2024-02-23
CUST_06912,Ananya Nair,Female,Bengaluru,Karnataka,Tier 1,2023-09-18
CUST_06913,Ishita Verma,Female,Chennai,Tamil Nadu,Tier 1,2024-08-27
CUST_06914,Varun Nair,Male,Jaipur,Rajasthan,Tier 2,2024-02-13
CUST_06915,Kunal Singh,Male,Kochi,Kerala,Tier 2,2023-10-01
CUST_06916,Arjun Nair,Male,Pune,Maharashtra,Tier 1,2024-02-11
CUST_06917,Aarav Nair,Male,Patna,Bihar,Tier 3,2024-11-09
CUST_06918,Kabir Nair,Male,Bengaluru,Karnataka,Tier 1,2024-03-01
CUST_06919,Aditya Mehta,Male,Bengaluru,Karnataka,Tier 1,2024-05-14
CUST_06920,Amit Verma,Male,Jaipur,Rajasthan,Tier 2,2024-05-13
CUST_06921,Pooja Kumar,Female,Guwahati,Assam,Tier 3,2024-08-16
CUST_06922,Rahul Verma,Male,Jaipur,Rajasthan,Tier 2,2023-09-08
CUST_06923,Tanvi Iyer,Female,Bengaluru,Karnataka,Tier 1,2023-10-19
CUST_06924,Rahul Singh,Male,Ranchi,Jharkhand,Tier 3,2024-08-06
CUST_06925,Sneha Nair,Female,Chennai,Tamil Nadu,Tier 1,2024-05-21
CUST_06926,Arjun Patel,Male,Delhi,Delhi,Tier 1,2024-11-03
CUST_06927,Divya Kumar,Female,Lucknow,Uttar Pradesh,Tier 2,2024-07-03
CUST_06928,Varun Patel,Male,Mumbai,Maharashtra,Tier 1,2023-08-20
CUST_06929,Tanvi Kumar,Female,Chennai,Tamil Nadu,Tier 1,2024-05-28
CUST_06930,Priya Gupta,Female,Hyderabad,Telangana,Tier 1,2024-11-06
CUST_06931,Aditya Sharma,Male,Pune,Maharashtra,Tier 1,2024-05-19
CUST_06932,Vikram Mehta,Male,Guwahati,Assam,Tier 3,2024-07-10
CUST_06933,Priya Gupta,Female,Bengaluru,Karnataka,Tier 1,2024-11-23
CUST_06934,Sneha Iyer,Female,Bhopal,Madhya Pradesh,Tier 3,2023-10-12
CUST_06935,Aditya Sharma,Male,Lucknow,Uttar Pradesh,Tier 2,2024-03-04
CUST_06936,Tanvi Singh,Female,Mumbai,Maharashtra,Tier 1,2024-07-28
CUST_06937,Aditya Iyer,Male,Delhi,Delhi,Tier 1,2024-10-14
CUST_06938,Kavya Nair,Female,Pune,Maharashtra,Tier 1,2023-06-14
CUST_06939,Ishita Mehta,Female,Indore,Madhya Pradesh,Tier 2,2023-07-08
CUST_06940,Kabir Singh,Male,Indore,Madhya Pradesh,Tier 2,2023-10-23
CUST_06941,Ishita Nair,Female,Pune,Maharashtra,Tier 1,2024-11-04
CUST_06942,Varun Patel,Male,Pune,Maharashtra,Tier 1,2024-06-27
CUST_06943,Tanvi Iyer,Female,Delhi,Delhi,Tier 1,2024-07-29
CUST_06944,Kunal Gupta,Male,Lucknow,Uttar Pradesh,Tier 2,2024-02-01
CUST_06945,Ishita Mehta,Female,Mumbai,Maharashtra,Tier 1,2024-09-24
CUST_06946,Pooja Singh,Female,Mumbai,Maharashtra,Tier 1,2024-05-18
CUST_06947,Neha Nair,Female,Varanasi,Uttar Pradesh,Tier 3,2023-11-12
CUST_06948,Amit Sharma,Male,Hyderabad,Telangana,Tier 1,2024-10-22
CUST_06949,Aarav Gupta,Male,Delhi,Delhi,Tier 1,2024-06-06
CUST_06950,Rahul Gupta,Male,Ahmedabad,Gujarat,Tier 2,2024-03-20
CUST_06951,Neha Mehta,Female,Kochi,Kerala,Tier 2,2024-01-05
CUST_06952,Priya Singh,Female,Ahmedabad,Gujarat,Tier 2,2023-08-14
CUST_06953,Aditya Patel,Male,Dehradun,Uttarakhand,Tier 3,2023-10-05
CUST_06954,Tanvi Reddy,Female,Dehradun,Uttarakhand,Tier 3,2023-07-22
CUST_06955,Tanvi Reddy,Female,Patna,Bihar,Tier 3,2024-09-24
CUST_06956,Sneha Sharma,Female,Jaipur,Rajasthan,Tier 2,2023-08-21
CUST_06957,Vikram Sharma,Male,Ahmedabad,Gujarat,Tier 2,2024-02-12
CUST_06958,Kunal Nair,Male,Bengaluru,Karnataka,Tier 1,2023-08-26
CUST_06959,Neha Reddy,Female,Indore,Madhya Pradesh,Tier 2,2024-01-14
CUST_06960,Vikram Patel,Male,Mumbai,Maharashtra,Tier 1,2024-01-18
CUST_06961,Rahul Singh,Male,Hyderabad,Telangana,Tier 1,2024-10-01
CUST_06962,Sneha Reddy,Female,Indore,Madhya Pradesh,Tier 2,2024-08-30
CUST_06963,Ananya Patel,Female,Dehradun,Uttarakhand,Tier 3,2024-11-15
CUST_06964,Sneha Verma,Female,Delhi,Delhi,Tier 1,2024-11-20
CUST_06965,Tanvi Sharma,Female,Hyderabad,Telangana,Tier 1,2023-12-12
CUST_06966,Varun Gupta,Male,Ahmedabad,Gujarat,Tier 2,2024-10-13
CUST_06967,Sneha Sharma,Female,Kochi,Kerala,Tier 2,2024-03-19
CUST_06968,Kavya Iyer,Female,Lucknow,Uttar Pradesh,Tier 2,2024-06-12
CUST_06969,Neha Reddy,Female,Hyderabad,Telangana,Tier 1,2024-02-06
CUST_06970,Amit Kumar,Male,Chennai,Tamil Nadu,Tier 1,2023-07-26
CUST_06971,Kabir Singh,Male,Hyderabad,Telangana,Tier 1,2024-09-28
CUST_06972,Tanvi Reddy,Female,Ahmedabad,Gujarat,Tier 2,2023-08-09
CUST_06973,Pooja Gupta,Female,Jaipur,Rajasthan,Tier 2,2024-01-17
CUST_06974,Divya Singh,Female,Indore,Madhya Pradesh,Tier 2,2023-10-17
CUST_06975,Rohan Nair,Male,Hyderabad,Telangana,Tier 1,2023-11-25
CUST_06976,Kabir Sharma,Male,Delhi,Delhi,Tier 1,2024-09-14
CUST_06977,Kunal Reddy,Male,Lucknow,Uttar Pradesh,Tier 2,2024-07-15
CUST_06978,Amit Iyer,Male,Delhi,Delhi,Tier 1,2024-03-26
CUST_06979,Neha Iyer,Female,Hyderabad,Telangana,Tier 1,2023-11-05
CUST_06980,Aarav Sharma,Male,Kochi,Kerala,Tier 2,2023-10-05
CUST_06981,Aarav Verma,Male,Lucknow,Uttar Pradesh,Tier 2,2024-10-29
CUST_06982,Tanvi Iyer,Female,Mumbai,Maharashtra,Tier 1,2024-04-23
CUST_06983,Kabir Reddy,Male,Delhi,Delhi,Tier 1,2023-09-19
CUST_06984,Divya Sharma,Female,Chandigarh,Punjab,Tier 2,2024-08-29
CUST_06985,Aarav Nair,Male,Chennai,Tamil Nadu,Tier 1,2024-02-27
CUST_06986,Ishita Reddy,Female,Patna,Bihar,Tier 3,2023-11-08
CUST_06987,Kunal Singh,Male,Dehradun,Uttarakhand,Tier 3,2024-07-08
CUST_06988,Kavya Patel,Female,Ahmedabad,Gujarat,Tier 2,2023-12-21
CUST_06989,Kabir Verma,Male,Ahmedabad,Gujarat,Tier 2,2024-09-18
CUST_06990,Kabir Verma,Male,Mumbai,Maharashtra,Tier 1,2024-02-18
CUST_06991,Aditya Kumar,Male,Hyderabad,Telangana,Tier 1,2024-09-17
CUST_06992,Neha Reddy,Female,Lucknow,Uttar Pradesh,Tier 2,2024-02-12
CUST_06993,Arjun Kumar,Male,Chandigarh,Punjab,Tier 2,2024-04-26
CUST_06994,Aditya Verma,Male,Chennai,Tamil Nadu,Tier 1,2024-08-22
CUST_06995,Vikram Sharma,Male,Chandigarh,Punjab,Tier 2,2023-08-16
CUST_06996,Amit Sharma,Male,Ranchi,Jharkhand,Tier 3,2023-08-27
CUST_06997,Kunal Singh,Male,Ranchi,Jharkhand,Tier 3,2024-07-27
CUST_06998,Riya Reddy,Female,Chennai,Tamil Nadu,Tier 1,2023-09-01
CUST_06999,Priya Patel,Female,Mumbai,Maharashtra,Tier 1,2024-06-12
CUST_07000,Tanvi Nair,Female,Lucknow,Uttar Pradesh,Tier 2,2023-07-22
CUST_07001,Rahul Kumar,Male,Chandigarh,Punjab,Tier 2,2024-06-15
CUST_07002,Kabir Kumar,Male,Kochi,Kerala,Tier 2,2024-06-23
CUST_07003,Pooja Kumar,Female,Chandigarh,Punjab,Tier 2,2023-09-04
CUST_07004,Kunal Patel,Male,Lucknow,Uttar Pradesh,Tier 2,2024-03-31
CUST_07005,Tanvi Singh,Female,Ranchi,Jharkhand,Tier 3,2023-08-13
CUST_07006,Arjun Verma,Male,Chennai,Tamil Nadu,Tier 1,2023-12-27
CUST_07007,Pooja Verma,Female,Chandigarh,Punjab,Tier 2,2023-11-28
CUST_07008,Kavya Gupta,Female,Indore,Madhya Pradesh,Tier 2,2024-01-15
CUST_07009,Varun Kumar,Male,Pune,Maharashtra,Tier 1,2024-05-10
CUST_07010,Tanvi Mehta,Female,Varanasi,Uttar Pradesh,Tier 3,2024-07-08
CUST_07011,Arjun Patel,Male,Jaipur,Rajasthan,Tier 2,2023-07-26
CUST_07012,Priya Gupta,Female,Hyderabad,Telangana,Tier 1,2024-11-04
CUST_07013,Ananya Singh,Female,Guwahati,Assam,Tier 3,2023-09-19
CUST_07014,Aditya Kumar,Male,Lucknow,Uttar Pradesh,Tier 2,2024-09-30
CUST_07015,Varun Gupta,Male,Mumbai,Maharashtra,Tier 1,2024-10-07
CUST_07016,Varun Kumar,Male,Ahmedabad,Gujarat,Tier 2,2024-07-06
CUST_07017,Neha Reddy,Female,Indore,Madhya Pradesh,Tier 2,2024-06-04
CUST_07018,Ishita Iyer,Female,Jaipur,Rajasthan,Tier 2,2024-09-28
CUST_07019,Rahul Iyer,Male,Ranchi,Jharkhand,Tier 3,2023-09-07
CUST_07020,Riya Nair,Female,Hyderabad,Telangana,Tier 1,2023-06-10
CUST_07021,Rahul Iyer,Male,Chennai,Tamil Nadu,Tier 1,2023-09-16
CUST_07022,Rahul Gupta,Male,Lucknow,Uttar Pradesh,Tier 2,2024-09-25
CUST_07023,Tanvi Sharma,Female,Mumbai,Maharashtra,Tier 1,2024-08-18
CUST_07024,Priya Kumar,Female,Jaipur,Rajasthan,Tier 2,2023-10-17
CUST_07025,Amit Singh,Male,Chennai,Tamil Nadu,Tier 1,2024-06-18
CUST_07026,Varun Kumar,Male,Jaipur,Rajasthan,Tier 2,2024-09-27
CUST_07027,Kavya Kumar,Female,Lucknow,Uttar Pradesh,Tier 2,2023-11-06
CUST_07028,Kabir Kumar,Male,Dehradun,Uttarakhand,Tier 3,2024-04-26
CUST_07029,Ananya Gupta,Female,Chennai,Tamil Nadu,Tier 1,2023-11-02
CUST_07030,Amit Patel,Male,Lucknow,Uttar Pradesh,Tier 2,2024-01-28
CUST_07031,Sneha Nair,Female,Guwahati,Assam,Tier 3,2024-10-22
CUST_07032,Kabir Mehta,Male,Pune,Maharashtra,Tier 1,2024-07-24
CUST_07033,Neha Patel,Female,Chennai,Tamil Nadu,Tier 1,2024-04-13
CUST_07034,Riya Gupta,Female,Delhi,Delhi,Tier 1,2024-04-24
CUST_07035,Kunal Patel,Male,Bhopal,Madhya Pradesh,Tier 3,2023-09-14
CUST_07036,Rohan Nair,Male,Dehradun,Uttarakhand,Tier 3,2023-07-21
CUST_07037,Amit Reddy,Male,Chennai,Tamil Nadu,Tier 1,2024-04-13
CUST_07038,Ananya Kumar,Female,Kochi,Kerala,Tier 2,2023-06-13
CUST_07039,Ishita Sharma,Female,Pune,Maharashtra,Tier 1,2024-08-04
CUST_07040,Divya Reddy,Female,Patna,Bihar,Tier 3,2024-02-15
CUST_07041,Tanvi Verma,Female,Chandigarh,Punjab,Tier 2,2024-11-26
CUST_07042,Tanvi Mehta,Female,Dehradun,Uttarakhand,Tier 3,2024-03-29
CUST_07043,Kavya Mehta,Female,Bhopal,Madhya Pradesh,Tier 3,2024-04-03
CUST_07044,Neha Singh,Female,Chandigarh,Punjab,Tier 2,2024-01-21
CUST_07045,Kunal Iyer,Male,Bhopal,Madhya Pradesh,Tier 3,2023-11-07
CUST_07046,Sneha Nair,Female,Bengaluru,Karnataka,Tier 1,2024-05-19
CUST_07047,Rahul Mehta,Male,Lucknow,Uttar Pradesh,Tier 2,2024-10-23
CUST_07048,Vikram Kumar,Male,Mumbai,Maharashtra,Tier 1,2023-09-27
CUST_07049,Ananya Kumar,Female,Varanasi,Uttar Pradesh,Tier 3,2024-02-14
CUST_07050,Sneha Gupta,Female,Hyderabad,Telangana,Tier 1,2024-08-11
CUST_07051,Varun Verma,Male,Pune,Maharashtra,Tier 1,2024-10-11
CUST_07052,Pooja Gupta,Female,Pune,Maharashtra,Tier 1,2024-11-27
CUST_07053,Divya Verma,Female,Jaipur,Rajasthan,Tier 2,2024-08-23
CUST_07054,Neha Mehta,Female,Delhi,Delhi,Tier 1,2023-12-27
CUST_07055,Ishita Nair,Female,Hyderabad,Telangana,Tier 1,2024-04-02
CUST_07056,Kavya Reddy,Female,Bengaluru,Karnataka,Tier 1,2024-11-30
CUST_07057,Riya Singh,Female,Dehradun,Uttarakhand,Tier 3,2024-07-04
CUST_07058,Arjun Mehta,Male,Patna,Bihar,Tier 3,2023-12-03
CUST_07059,Neha Singh,Female,Chandigarh,Punjab,Tier 2,2024-03-11
CUST_07060,Kunal Patel,Male,Mumbai,Maharashtra,Tier 1,2024-11-01
CUST_07061,Ishita Reddy,Female,Hyderabad,Telangana,Tier 1,2023-08-14
CUST_07062,Amit Iyer,Male,Ranchi,Jharkhand,Tier 3,2024-05-06
CUST_07063,Neha Iyer,Female,Guwahati,Assam,Tier 3,2024-01-13
CUST_07064,Rahul Iyer,Male,Bengaluru,Karnataka,Tier 1,2023-08-01
CUST_07065,Divya Sharma,Female,Delhi,Delhi,Tier 1,2023-09-25
CUST_07066,Pooja Gupta,Female,Delhi,Delhi,Tier 1,2024-03-18
CUST_07067,Kabir Iyer,Male,Mumbai,Maharashtra,Tier 1,2024-03-10
CUST_07068,Sneha Singh,Female,Chennai,Tamil Nadu,Tier 1,2024-09-23
CUST_07069,Rahul Mehta,Male,Lucknow,Uttar Pradesh,Tier 2,2023-07-27
CUST_07070,Kavya Mehta,Female,Mumbai,Maharashtra,Tier 1,2024-06-12
CUST_07071,Kavya Iyer,Female,Jaipur,Rajasthan,Tier 2,2024-07-10
CUST_07072,Amit Patel,Male,Jaipur,Rajasthan,Tier 2,2024-07-18
CUST_07073,Amit Reddy,Male,Kochi,Kerala,Tier 2,2024-04-29
CUST_07074,Ishita Nair,Female,Chennai,Tamil Nadu,Tier 1,2024-09-30
CUST_07075,Kunal Gupta,Male,Pune,Maharashtra,Tier 1,2024-09-23
CUST_07076,Pooja Iyer,Female,Ahmedabad,Gujarat,Tier 2,2024-02-09
CUST_07077,Tanvi Gupta,Female,Hyderabad,Telangana,Tier 1,2024-10-23
CUST_07078,Kavya Sharma,Female,Jaipur,Rajasthan,Tier 2,2024-03-26
CUST_07079,Kavya Sharma,Female,Mumbai,Maharashtra,Tier 1,2024-07-14
CUST_07080,Varun Sharma,Male,Jaipur,Rajasthan,Tier 2,2024-08-26
CUST_07081,Rahul Patel,Male,Mumbai,Maharashtra,Tier 1,2024-09-02
CUST_07082,Kabir Singh,Male,Bengaluru,Karnataka,Tier 1,2024-05-06
CUST_07083,Priya Kumar,Female,Bengaluru,Karnataka,Tier 1,2023-08-09
CUST_07084,Neha Kumar,Female,Pune,Maharashtra,Tier 1,2024-08-26
CUST_07085,Vikram Kumar,Male,Kochi,Kerala,Tier 2,2024-09-14
CUST_07086,Amit Nair,Male,Hyderabad,Telangana,Tier 1,2024-05-03
CUST_07087,Pooja Nair,Female,Patna,Bihar,Tier 3,2023-12-18
CUST_07088,Kavya Iyer,Female,Lucknow,Uttar Pradesh,Tier 2,2024-08-21
CUST_07089,Varun Kumar,Male,Hyderabad,Telangana,Tier 1,2023-06-25
CUST_07090,Priya Mehta,Female,Ranchi,Jharkhand,Tier 3,2024-07-30
CUST_07091,Sneha Verma,Female,Ahmedabad,Gujarat,Tier 2,2023-09-18
CUST_07092,Tanvi Nair,Female,Hyderabad,Telangana,Tier 1,2023-06-29
CUST_07093,Kunal Nair,Male,Bhopal,Madhya Pradesh,Tier 3,2024-09-03
CUST_07094,Rohan Singh,Male,Dehradun,Uttarakhand,Tier 3,2023-11-22
CUST_07095,Priya Mehta,Female,Chandigarh,Punjab,Tier 2,2024-02-03
CUST_07096,Arjun Mehta,Male,Ahmedabad,Gujarat,Tier 2,2024-06-15
CUST_07097,Aarav Gupta,Male,Kochi,Kerala,Tier 2,2024-10-26
CUST_07098,Arjun Nair,Male,Ranchi,Jharkhand,Tier 3,2024-08-27
CUST_07099,Aditya Nair,Male,Delhi,Delhi,Tier 1,2024-07-28
CUST_07100,Arjun Reddy,Male,Indore,Madhya Pradesh,Tier 2,2024-05-30
CUST_07101,Pooja Kumar,Female,Bengaluru,Karnataka,Tier 1,2024-04-22
CUST_07102,Neha Patel,Female,Bengaluru,Karnataka,Tier 1,2024-03-27
CUST_07103,Rahul Kumar,Male,Kochi,Kerala,Tier 2,2024-11-27
CUST_07104,Aarav Nair,Male,Patna,Bihar,Tier 3,2024-11-23
CUST_07105,Sneha Mehta,Female,Pune,Maharashtra,Tier 1,2024-03-25
CUST_07106,Neha Patel,Female,Bengaluru,Karnataka,Tier 1,2023-11-04
CUST_07107,Priya Sharma,Female,Jaipur,Rajasthan,Tier 2,2024-06-13
CUST_07108,Kunal Singh,Male,Jaipur,Rajasthan,Tier 2,2024-07-20
CUST_07109,Ananya Nair,Female,Chandigarh,Punjab,Tier 2,2023-09-26
CUST_07110,Kabir Kumar,Male,Chandigarh,Punjab,Tier 2,2023-08-31
CUST_07111,Vikram Sharma,Male,Chandigarh,Punjab,Tier 2,2024-05-30
CUST_07112,Aarav Sharma,Male,Patna,Bihar,Tier 3,2024-05-09
CUST_07113,Ananya Nair,Female,Lucknow,Uttar Pradesh,Tier 2,2024-10-02
CUST_07114,Arjun Iyer,Male,Jaipur,Rajasthan,Tier 2,2024-06-28
CUST_07115,Divya Singh,Female,Indore,Madhya Pradesh,Tier 2,2024-08-21
CUST_07116,Ishita Sharma,Female,Bhopal,Madhya Pradesh,Tier 3,2024-07-08
CUST_07117,Amit Mehta,Male,Hyderabad,Telangana,Tier 1,2023-10-22
CUST_07118,Vikram Kumar,Male,Pune,Maharashtra,Tier 1,2023-09-08
CUST_07119,Ananya Nair,Female,Lucknow,Uttar Pradesh,Tier 2,2024-05-23
CUST_07120,Vikram Patel,Male,Chennai,Tamil Nadu,Tier 1,2024-07-21
CUST_07121,Pooja Iyer,Female,Bengaluru,Karnataka,Tier 1,2023-07-06
CUST_07122,Kavya Mehta,Female,Kochi,Kerala,Tier 2,2023-06-19
CUST_07123,Ishita Nair,Female,Chandigarh,Punjab,Tier 2,2024-10-20
CUST_07124,Kabir Verma,Male,Chennai,Tamil Nadu,Tier 1,2024-06-20
CUST_07125,Kunal Sharma,Male,Ahmedabad,Gujarat,Tier 2,2024-09-01
CUST_07126,Rohan Reddy,Male,Guwahati,Assam,Tier 3,2024-10-26
CUST_07127,Arjun Gupta,Male,Guwahati,Assam,Tier 3,2023-09-14
CUST_07128,Aarav Mehta,Male,Guwahati,Assam,Tier 3,2024-03-28
CUST_07129,Divya Verma,Female,Ahmedabad,Gujarat,Tier 2,2023-09-07
CUST_07130,Ananya Verma,Female,Delhi,Delhi,Tier 1,2024-02-23
CUST_07131,Tanvi Patel,Female,Mumbai,Maharashtra,Tier 1,2023-09-23
CUST_07132,Kabir Mehta,Male,Mumbai,Maharashtra,Tier 1,2024-08-25
CUST_07133,Divya Nair,Female,Lucknow,Uttar Pradesh,Tier 2,2023-11-13
CUST_07134,Neha Iyer,Female,Ranchi,Jharkhand,Tier 3,2024-03-13
CUST_07135,Ananya Nair,Female,Pune,Maharashtra,Tier 1,2024-10-30
CUST_07136,Priya Reddy,Female,Dehradun,Uttarakhand,Tier 3,2024-01-12
CUST_07137,Kabir Reddy,Male,Hyderabad,Telangana,Tier 1,2023-07-08
CUST_07138,Sneha Gupta,Female,Varanasi,Uttar Pradesh,Tier 3,2024-02-27
CUST_07139,Neha Verma,Female,Patna,Bihar,Tier 3,2023-07-08
CUST_07140,Riya Verma,Female,Hyderabad,Telangana,Tier 1,2024-02-23
CUST_07141,Kavya Nair,Female,Lucknow,Uttar Pradesh,Tier 2,2024-07-29
CUST_07142,Kavya Singh,Female,Chennai,Tamil Nadu,Tier 1,2023-09-26
CUST_07143,Kunal Nair,Male,Pune,Maharashtra,Tier 1,2024-10-31
CUST_07144,Tanvi Patel,Female,Mumbai,Maharashtra,Tier 1,2023-12-14
CUST_07145,Pooja Iyer,Female,Delhi,Delhi,Tier 1,2023-11-16
CUST_07146,Sneha Reddy,Female,Jaipur,Rajasthan,Tier 2,2024-10-10
CUST_07147,Priya Singh,Female,Delhi,Delhi,Tier 1,2023-06-04
CUST_07148,Arjun Verma,Male,Mumbai,Maharashtra,Tier 1,2024-03-16
CUST_07149,Kabir Kumar,Male,Bengaluru,Karnataka,Tier 1,2023-12-20
CUST_07150,Arjun Patel,Male,Bhopal,Madhya Pradesh,Tier 3,2024-11-28
CUST_07151,Priya Kumar,Female,Bengaluru,Karnataka,Tier 1,2024-05-26
CUST_07152,Sneha Kumar,Female,Chandigarh,Punjab,Tier 2,2024-05-13
CUST_07153,Kabir Gupta,Male,Guwahati,Assam,Tier 3,2023-08-03
CUST_07154,Ishita Patel,Female,Chandigarh,Punjab,Tier 2,2023-11-08
CUST_07155,Priya Patel,Female,Mumbai,Maharashtra,Tier 1,2024-04-10
CUST_07156,Rahul Iyer,Male,Pune,Maharashtra,Tier 1,2023-09-16
CUST_07157,Rahul Gupta,Male,Chandigarh,Punjab,Tier 2,2024-02-09
CUST_07158,Rahul Gupta,Male,Hyderabad,Telangana,Tier 1,2024-08-13
CUST_07159,Riya Gupta,Female,Patna,Bihar,Tier 3,2024-10-31
CUST_07160,Varun Singh,Male,Ahmedabad,Gujarat,Tier 2,2024-08-31
CUST_07161,Riya Iyer,Female,Ahmedabad,Gujarat,Tier 2,2024-03-23
CUST_07162,Divya Iyer,Female,Bengaluru,Karnataka,Tier 1,2023-12-24
CUST_07163,Neha Kumar,Female,Chandigarh,Punjab,Tier 2,2023-11-08
CUST_07164,Tanvi Nair,Female,Pune,Maharashtra,Tier 1,2023-06-05
CUST_07165,Pooja Gupta,Female,Chandigarh,Punjab,Tier 2,2024-10-26
CUST_07166,Rahul Sharma,Male,Hyderabad,Telangana,Tier 1,2023-10-05
CUST_07167,Rohan Reddy,Male,Jaipur,Rajasthan,Tier 2,2024-05-15
CUST_07168,Vikram Sharma,Male,Guwahati,Assam,Tier 3,2024-11-28
CUST_07169,Aditya Mehta,Male,Delhi,Delhi,Tier 1,2023-09-07
CUST_07170,Rohan Gupta,Male,Pune,Maharashtra,Tier 1,2023-06-12
CUST_07171,Aditya Gupta,Male,Bengaluru,Karnataka,Tier 1,2023-10-01
CUST_07172,Amit Nair,Male,Dehradun,Uttarakhand,Tier 3,2024-06-09
CUST_07173,Rohan Verma,Male,Chennai,Tamil Nadu,Tier 1,2024-02-02
CUST_07174,Ishita Verma,Female,Mumbai,Maharashtra,Tier 1,2024-02-22
CUST_07175,Kabir Iyer,Male,Varanasi,Uttar Pradesh,Tier 3,2024-06-21
CUST_07176,Ananya Nair,Female,Mumbai,Maharashtra,Tier 1,2024-01-28
CUST_07177,Kavya Sharma,Female,Bengaluru,Karnataka,Tier 1,2023-10-23
CUST_07178,Sneha Patel,Female,Hyderabad,Telangana,Tier 1,2023-10-13
CUST_07179,Kabir Verma,Male,Ahmedabad,Gujarat,Tier 2,2023-10-28
CUST_07180,Priya Mehta,Female,Hyderabad,Telangana,Tier 1,2023-10-07
CUST_07181,Aarav Nair,Male,Bengaluru,Karnataka,Tier 1,2024-04-26
CUST_07182,Divya Iyer,Female,Kochi,Kerala,Tier 2,2023-06-19
CUST_07183,Sneha Iyer,Female,Varanasi,Uttar Pradesh,Tier 3,2023-07-09
CUST_07184,Kavya Patel,Female,Ranchi,Jharkhand,Tier 3,2024-11-25
CUST_07185,Tanvi Kumar,Female,Pune,Maharashtra,Tier 1,2024-01-06
CUST_07186,Ishita Verma,Female,Ahmedabad,Gujarat,Tier 2,2023-11-15
CUST_07187,Vikram Sharma,Male,Mumbai,Maharashtra,Tier 1,2024-09-25
CUST_07188,Aarav Nair,Male,Chandigarh,Punjab,Tier 2,2023-08-24
CUST_07189,Pooja Iyer,Female,Pune,Maharashtra,Tier 1,2023-06-11
CUST_07190,Aarav Sharma,Male,Chennai,Tamil Nadu,Tier 1,2024-07-05
CUST_07191,Arjun Sharma,Male,Kochi,Kerala,Tier 2,2023-11-29
CUST_07192,Neha Singh,Female,Indore,Madhya Pradesh,Tier 2,2024-09-02
CUST_07193,Rohan Mehta,Male,Mumbai,Maharashtra,Tier 1,2024-11-27
CUST_07194,Kabir Patel,Male,Mumbai,Maharashtra,Tier 1,2023-11-25
CUST_07195,Varun Reddy,Male,Lucknow,Uttar Pradesh,Tier 2,2024-05-01
CUST_07196,Ananya Verma,Female,Chennai,Tamil Nadu,Tier 1,2024-02-10
CUST_07197,Neha Kumar,Female,Chennai,Tamil Nadu,Tier 1,2023-08-27
CUST_07198,Riya Kumar,Female,Chandigarh,Punjab,Tier 2,2023-07-24
CUST_07199,Kunal Iyer,Male,Delhi,Delhi,Tier 1,2024-08-12
CUST_07200,Arjun Gupta,Male,Guwahati,Assam,Tier 3,2024-02-03
CUST_07201,Kavya Kumar,Female,Dehradun,Uttarakhand,Tier 3,2024-06-09
CUST_07202,Vikram Kumar,Male,Ahmedabad,Gujarat,Tier 2,2024-10-17
CUST_07203,Ananya Sharma,Female,Ranchi,Jharkhand,Tier 3,2024-09-18
CUST_07204,Varun Iyer,Male,Mumbai,Maharashtra,Tier 1,2023-09-27
CUST_07205,Sneha Verma,Female,Jaipur,Rajasthan,Tier 2,2024-01-19
CUST_07206,Divya Nair,Female,Mumbai,Maharashtra,Tier 1,2024-01-01
CUST_07207,Rohan Kumar,Male,Ahmedabad,Gujarat,Tier 2,2024-08-04
CUST_07208,Ananya Verma,Female,Delhi,Delhi,Tier 1,2024-07-20
CUST_07209,Rohan Iyer,Male,Lucknow,Uttar Pradesh,Tier 2,2024-04-30
CUST_07210,Aarav Gupta,Male,Mumbai,Maharashtra,Tier 1,2024-06-27
CUST_07211,Varun Mehta,Male,Hyderabad,Telangana,Tier 1,2024-03-09
CUST_07212,Arjun Gupta,Male,Bhopal,Madhya Pradesh,Tier 3,2024-01-23
CUST_07213,Arjun Verma,Male,Pune,Maharashtra,Tier 1,2023-11-07
CUST_07214,Rohan Sharma,Male,Bengaluru,Karnataka,Tier 1,2024-09-02
CUST_07215,Varun Iyer,Male,Hyderabad,Telangana,Tier 1,2024-02-12
CUST_07216,Kabir Verma,Male,Kochi,Kerala,Tier 2,2024-06-05
CUST_07217,Amit Verma,Male,Kochi,Kerala,Tier 2,2023-06-12
CUST_07218,Kabir Gupta,Male,Lucknow,Uttar Pradesh,Tier 2,2024-06-01
CUST_07219,Arjun Mehta,Male,Delhi,Delhi,Tier 1,2023-08-29
CUST_07220,Tanvi Mehta,Female,Delhi,Delhi,Tier 1,2023-09-21
CUST_07221,Aarav Patel,Male,Ahmedabad,Gujarat,Tier 2,2024-06-20
CUST_07222,Priya Sharma,Female,Delhi,Delhi,Tier 1,2024-08-07
CUST_07223,Rahul Singh,Male,Lucknow,Uttar Pradesh,Tier 2,2024-06-10
CUST_07224,Neha Reddy,Female,Chennai,Tamil Nadu,Tier 1,2024-04-04
CUST_07225,Kabir Reddy,Male,Delhi,Delhi,Tier 1,2023-12-14
CUST_07226,Rahul Reddy,Male,Guwahati,Assam,Tier 3,2024-10-18
CUST_07227,Sneha Gupta,Female,Patna,Bihar,Tier 3,2024-11-21
CUST_07228,Ishita Iyer,Female,Ahmedabad,Gujarat,Tier 2,2023-09-27
CUST_07229,Ishita Mehta,Female,Bengaluru,Karnataka,Tier 1,2024-04-20
CUST_07230,Rohan Verma,Male,Chennai,Tamil Nadu,Tier 1,2024-02-25
CUST_07231,Rahul Singh,Male,Ahmedabad,Gujarat,Tier 2,2024-04-15
CUST_07232,Riya Gupta,Female,Bengaluru,Karnataka,Tier 1,2023-12-26
CUST_07233,Priya Reddy,Female,Dehradun,Uttarakhand,Tier 3,2024-02-26
CUST_07234,Varun Sharma,Male,Chandigarh,Punjab,Tier 2,2024-04-24
CUST_07235,Kavya Sharma,Female,Chandigarh,Punjab,Tier 2,2023-06-06
CUST_07236,Vikram Sharma,Male,Dehradun,Uttarakhand,Tier 3,2023-09-01
CUST_07237,Tanvi Verma,Female,Chandigarh,Punjab,Tier 2,2023-09-15
CUST_07238,Aarav Verma,Male,Mumbai,Maharashtra,Tier 1,2024-09-05
CUST_07239,Amit Mehta,Male,Dehradun,Uttarakhand,Tier 3,2024-11-16
CUST_07240,Kunal Patel,Male,Mumbai,Maharashtra,Tier 1,2024-04-21
CUST_07241,Divya Gupta,Female,Hyderabad,Telangana,Tier 1,2024-02-21
CUST_07242,Aarav Verma,Male,Kochi,Kerala,Tier 2,2024-04-20
CUST_07243,Sneha Gupta,Female,Kochi,Kerala,Tier 2,2024-08-22
CUST_07244,Vikram Verma,Male,Delhi,Delhi,Tier 1,2023-12-28
CUST_07245,Sneha Singh,Female,Dehradun,Uttarakhand,Tier 3,2023-08-11
CUST_07246,Vikram Reddy,Male,Delhi,Delhi,Tier 1,2024-07-10
CUST_07247,Sneha Singh,Female,Guwahati,Assam,Tier 3,2023-10-28
CUST_07248,Aditya Sharma,Male,Indore,Madhya Pradesh,Tier 2,2023-10-08
CUST_07249,Rohan Gupta,Male,Patna,Bihar,Tier 3,2024-07-14
CUST_07250,Aditya Nair,Male,Guwahati,Assam,Tier 3,2024-05-22
CUST_07251,Kabir Iyer,Male,Delhi,Delhi,Tier 1,2024-08-06
CUST_07252,Kavya Patel,Female,Hyderabad,Telangana,Tier 1,2024-03-20
CUST_07253,Riya Kumar,Female,Mumbai,Maharashtra,Tier 1,2023-09-09
CUST_07254,Riya Iyer,Female,Jaipur,Rajasthan,Tier 2,2024-08-14
CUST_07255,Kabir Singh,Male,Chennai,Tamil Nadu,Tier 1,2024-01-05
CUST_07256,Priya Mehta,Female,Indore,Madhya Pradesh,Tier 2,2024-08-09
CUST_07257,Rohan Sharma,Male,Guwahati,Assam,Tier 3,2023-07-17
CUST_07258,Ishita Gupta,Female,Kochi,Kerala,Tier 2,2024-04-24
CUST_07259,Tanvi Sharma,Female,Pune,Maharashtra,Tier 1,2024-01-19
CUST_07260,Vikram Verma,Male,Indore,Madhya Pradesh,Tier 2,2024-03-11
CUST_07261,Neha Singh,Female,Bhopal,Madhya Pradesh,Tier 3,2024-01-30
CUST_07262,Pooja Kumar,Female,Dehradun,Uttarakhand,Tier 3,2024-09-23
CUST_07263,Arjun Iyer,Male,Jaipur,Rajasthan,Tier 2,2024-08-10
CUST_07264,Sneha Kumar,Female,Varanasi,Uttar Pradesh,Tier 3,2024-10-08
CUST_07265,Ananya Singh,Female,Guwahati,Assam,Tier 3,2024-01-06
CUST_07266,Ananya Verma,Female,Varanasi,Uttar Pradesh,Tier 3,2024-11-12
CUST_07267,Divya Gupta,Female,Kochi,Kerala,Tier 2,2024-09-01
CUST_07268,Ananya Iyer,Female,Pune,Maharashtra,Tier 1,2023-06-22
CUST_07269,Kavya Sharma,Female,Chandigarh,Punjab,Tier 2,2023-11-04
CUST_07270,Amit Singh,Male,Mumbai,Maharashtra,Tier 1,2024-07-04
CUST_07271,Ishita Sharma,Female,Mumbai,Maharashtra,Tier 1,2023-11-24
CUST_07272,Priya Gupta,Female,Varanasi,Uttar Pradesh,Tier 3,2023-09-01
CUST_07273,Riya Sharma,Female,Dehradun,Uttarakhand,Tier 3,2024-06-25
CUST_07274,Kunal Nair,Male,Ahmedabad,Gujarat,Tier 2,2023-06-27
CUST_07275,Arjun Nair,Male,Jaipur,Rajasthan,Tier 2,2023-10-04
CUST_07276,Rohan Reddy,Male,Patna,Bihar,Tier 3,2023-10-21
CUST_07277,Rahul Mehta,Male,Bengaluru,Karnataka,Tier 1,2023-12-07
CUST_07278,Tanvi Reddy,Female,Indore,Madhya Pradesh,Tier 2,2023-06-03
CUST_07279,Amit Kumar,Male,Ranchi,Jharkhand,Tier 3,2023-10-05
CUST_07280,Sneha Reddy,Female,Indore,Madhya Pradesh,Tier 2,2023-09-03
CUST_07281,Vikram Patel,Male,Kochi,Kerala,Tier 2,2024-10-19
CUST_07282,Rahul Mehta,Male,Hyderabad,Telangana,Tier 1,2024-01-25
CUST_07283,Riya Patel,Female,Varanasi,Uttar Pradesh,Tier 3,2024-04-12
CUST_07284,Aarav Iyer,Male,Bengaluru,Karnataka,Tier 1,2024-08-23
CUST_07285,Kunal Singh,Male,Chennai,Tamil Nadu,Tier 1,2024-11-02
CUST_07286,Priya Iyer,Female,Indore,Madhya Pradesh,Tier 2,2023-10-25
CUST_07287,Ananya Kumar,Female,Bhopal,Madhya Pradesh,Tier 3,2024-05-03
CUST_07288,Aarav Iyer,Male,Chennai,Tamil Nadu,Tier 1,2024-10-16
CUST_07289,Divya Iyer,Female,Delhi,Delhi,Tier 1,2023-12-04
CUST_07290,Pooja Reddy,Female,Chandigarh,Punjab,Tier 2,2023-10-31
CUST_07291,Amit Verma,Male,Chennai,Tamil Nadu,Tier 1,2023-08-13
CUST_07292,Varun Patel,Male,Delhi,Delhi,Tier 1,2023-09-15
CUST_07293,Rohan Mehta,Male,Jaipur,Rajasthan,Tier 2,2023-09-18
CUST_07294,Kunal Kumar,Male,Chennai,Tamil Nadu,Tier 1,2023-07-16
CUST_07295,Vikram Gupta,Male,Patna,Bihar,Tier 3,2024-11-19
CUST_07296,Priya Patel,Female,Chennai,Tamil Nadu,Tier 1,2023-10-08
CUST_07297,Aditya Patel,Male,Guwahati,Assam,Tier 3,2024-10-08
CUST_07298,Amit Kumar,Male,Ranchi,Jharkhand,Tier 3,2023-07-31
CUST_07299,Pooja Iyer,Female,Varanasi,Uttar Pradesh,Tier 3,2024-02-10
CUST_07300,Ananya Nair,Female,Guwahati,Assam,Tier 3,2024-08-24
CUST_07301,Kunal Iyer,Male,Mumbai,Maharashtra,Tier 1,2023-09-23
CUST_07302,Ishita Patel,Female,Chennai,Tamil Nadu,Tier 1,2023-07-26
CUST_07303,Varun Iyer,Male,Bengaluru,Karnataka,Tier 1,2024-06-16
CUST_07304,Varun Mehta,Male,Hyderabad,Telangana,Tier 1,2024-04-04
CUST_07305,Divya Nair,Female,Lucknow,Uttar Pradesh,Tier 2,2023-06-04
CUST_07306,Kunal Singh,Male,Ranchi,Jharkhand,Tier 3,2024-01-23
CUST_07307,Rohan Mehta,Male,Chandigarh,Punjab,Tier 2,2023-08-02
CUST_07308,Divya Singh,Female,Delhi,Delhi,Tier 1,2024-06-10
CUST_07309,Riya Sharma,Female,Hyderabad,Telangana,Tier 1,2023-06-16
CUST_07310,Kabir Mehta,Male,Patna,Bihar,Tier 3,2024-11-01
CUST_07311,Aditya Singh,Male,Jaipur,Rajasthan,Tier 2,2023-10-06
CUST_07312,Amit Patel,Male,Kochi,Kerala,Tier 2,2024-01-24
CUST_07313,Ananya Patel,Female,Ahmedabad,Gujarat,Tier 2,2024-03-14
CUST_07314,Neha Iyer,Female,Bhopal,Madhya Pradesh,Tier 3,2024-05-14
CUST_07315,Kavya Mehta,Female,Indore,Madhya Pradesh,Tier 2,2024-08-10
CUST_07316,Priya Kumar,Female,Bhopal,Madhya Pradesh,Tier 3,2024-01-08
CUST_07317,Kunal Sharma,Male,Hyderabad,Telangana,Tier 1,2024-10-18
CUST_07318,Arjun Mehta,Male,Lucknow,Uttar Pradesh,Tier 2,2023-09-01
CUST_07319,Varun Verma,Male,Kochi,Kerala,Tier 2,2023-09-04
CUST_07320,Varun Kumar,Male,Mumbai,Maharashtra,Tier 1,2023-06-27
CUST_07321,Kunal Mehta,Male,Lucknow,Uttar Pradesh,Tier 2,2024-02-17
CUST_07322,Aditya Reddy,Male,Jaipur,Rajasthan,Tier 2,2024-09-20
CUST_07323,Aditya Reddy,Male,Kochi,Kerala,Tier 2,2024-01-03
CUST_07324,Arjun Verma,Male,Guwahati,Assam,Tier 3,2023-10-19
CUST_07325,Aarav Singh,Male,Patna,Bihar,Tier 3,2024-11-11
CUST_07326,Aarav Reddy,Male,Bengaluru,Karnataka,Tier 1,2024-07-05
CUST_07327,Vikram Reddy,Male,Patna,Bihar,Tier 3,2023-10-09
CUST_07328,Tanvi Nair,Female,Hyderabad,Telangana,Tier 1,2024-02-05
CUST_07329,Kabir Kumar,Male,Hyderabad,Telangana,Tier 1,2024-05-02
CUST_07330,Varun Iyer,Male,Chennai,Tamil Nadu,Tier 1,2024-01-11
CUST_07331,Neha Iyer,Female,Lucknow,Uttar Pradesh,Tier 2,2023-06-25
CUST_07332,Sneha Sharma,Female,Chandigarh,Punjab,Tier 2,2023-06-24
CUST_07333,Kabir Kumar,Male,Pune,Maharashtra,Tier 1,2023-09-10
CUST_07334,Ishita Singh,Female,Hyderabad,Telangana,Tier 1,2024-04-30
CUST_07335,Ishita Verma,Female,Ranchi,Jharkhand,Tier 3,2024-02-25
CUST_07336,Sneha Sharma,Female,Patna,Bihar,Tier 3,2023-07-27
CUST_07337,Priya Kumar,Female,Dehradun,Uttarakhand,Tier 3,2024-04-29
CUST_07338,Neha Singh,Female,Mumbai,Maharashtra,Tier 1,2023-07-20
CUST_07339,Arjun Reddy,Male,Ahmedabad,Gujarat,Tier 2,2024-02-04
CUST_07340,Aarav Verma,Male,Delhi,Delhi,Tier 1,2023-08-20
CUST_07341,Ananya Kumar,Female,Ahmedabad,Gujarat,Tier 2,2023-07-24
CUST_07342,Neha Sharma,Female,Indore,Madhya Pradesh,Tier 2,2024-03-05
CUST_07343,Kavya Singh,Female,Jaipur,Rajasthan,Tier 2,2023-07-21
CUST_07344,Aarav Singh,Male,Delhi,Delhi,Tier 1,2024-07-27
CUST_07345,Kavya Singh,Female,Chandigarh,Punjab,Tier 2,2024-11-23
CUST_07346,Vikram Nair,Male,Patna,Bihar,Tier 3,2023-11-22
CUST_07347,Tanvi Sharma,Female,Pune,Maharashtra,Tier 1,2023-10-24
CUST_07348,Tanvi Gupta,Female,Hyderabad,Telangana,Tier 1,2024-08-06
CUST_07349,Rohan Mehta,Male,Kochi,Kerala,Tier 2,2024-09-24
CUST_07350,Priya Verma,Female,Varanasi,Uttar Pradesh,Tier 3,2023-11-22
CUST_07351,Arjun Kumar,Male,Chennai,Tamil Nadu,Tier 1,2024-06-16
CUST_07352,Amit Verma,Male,Delhi,Delhi,Tier 1,2023-06-24
CUST_07353,Pooja Verma,Female,Bengaluru,Karnataka,Tier 1,2024-08-23
CUST_07354,Kunal Singh,Male,Hyderabad,Telangana,Tier 1,2024-03-08
CUST_07355,Neha Gupta,Female,Varanasi,Uttar Pradesh,Tier 3,2023-07-11
CUST_07356,Rahul Mehta,Male,Hyderabad,Telangana,Tier 1,2024-07-16
CUST_07357,Ananya Patel,Female,Hyderabad,Telangana,Tier 1,2023-09-11
CUST_07358,Ishita Singh,Female,Patna,Bihar,Tier 3,2024-06-23
CUST_07359,Riya Kumar,Female,Kochi,Kerala,Tier 2,2024-10-30
CUST_07360,Vikram Singh,Male,Chennai,Tamil Nadu,Tier 1,2024-01-20
CUST_07361,Amit Verma,Male,Bhopal,Madhya Pradesh,Tier 3,2024-08-28
CUST_07362,Vikram Singh,Male,Kochi,Kerala,Tier 2,2023-11-08
CUST_07363,Kavya Iyer,Female,Delhi,Delhi,Tier 1,2024-04-02
CUST_07364,Ananya Sharma,Female,Indore,Madhya Pradesh,Tier 2,2024-06-28
CUST_07365,Ishita Singh,Female,Bhopal,Madhya Pradesh,Tier 3,2023-11-06
CUST_07366,Ishita Nair,Female,Jaipur,Rajasthan,Tier 2,2024-10-01
CUST_07367,Kunal Gupta,Male,Kochi,Kerala,Tier 2,2024-10-01
CUST_07368,Riya Iyer,Female,Lucknow,Uttar Pradesh,Tier 2,2024-09-06
CUST_07369,Kabir Mehta,Male,Mumbai,Maharashtra,Tier 1,2024-05-25
CUST_07370,Varun Verma,Male,Ranchi,Jharkhand,Tier 3,2023-10-04
CUST_07371,Sneha Nair,Female,Indore,Madhya Pradesh,Tier 2,2024-08-26
CUST_07372,Neha Gupta,Female,Hyderabad,Telangana,Tier 1,2023-07-29
CUST_07373,Varun Verma,Male,Indore,Madhya Pradesh,Tier 2,2023-11-15
CUST_07374,Riya Patel,Female,Chennai,Tamil Nadu,Tier 1,2024-01-02
CUST_07375,Kunal Gupta,Male,Ranchi,Jharkhand,Tier 3,2023-06-16
CUST_07376,Tanvi Reddy,Female,Bengaluru,Karnataka,Tier 1,2023-06-27
CUST_07377,Tanvi Mehta,Female,Kochi,Kerala,Tier 2,2024-07-30
CUST_07378,Ananya Singh,Female,Ranchi,Jharkhand,Tier 3,2024-10-01
CUST_07379,Priya Singh,Female,Hyderabad,Telangana,Tier 1,2024-09-22
CUST_07380,Rahul Kumar,Male,Dehradun,Uttarakhand,Tier 3,2023-06-19
CUST_07381,Kabir Kumar,Male,Patna,Bihar,Tier 3,2024-03-15
CUST_07382,Varun Iyer,Male,Patna,Bihar,Tier 3,2024-09-12
CUST_07383,Sneha Kumar,Female,Chennai,Tamil Nadu,Tier 1,2024-01-08
CUST_07384,Riya Singh,Female,Guwahati,Assam,Tier 3,2024-03-02
CUST_07385,Kavya Kumar,Female,Kochi,Kerala,Tier 2,2024-09-27
CUST_07386,Tanvi Mehta,Female,Delhi,Delhi,Tier 1,2024-03-05
CUST_07387,Aarav Kumar,Male,Pune,Maharashtra,Tier 1,2024-05-15
CUST_07388,Aarav Reddy,Male,Chennai,Tamil Nadu,Tier 1,2024-09-24
CUST_07389,Amit Patel,Male,Ahmedabad,Gujarat,Tier 2,2024-04-30
CUST_07390,Ananya Nair,Female,Indore,Madhya Pradesh,Tier 2,2023-11-09
CUST_07391,Tanvi Sharma,Female,Hyderabad,Telangana,Tier 1,2023-07-02
CUST_07392,Kunal Gupta,Male,Indore,Madhya Pradesh,Tier 2,2024-02-26
CUST_07393,Varun Singh,Male,Delhi,Delhi,Tier 1,2023-07-18
CUST_07394,Kunal Iyer,Male,Varanasi,Uttar Pradesh,Tier 3,2024-08-16
CUST_07395,Pooja Reddy,Female,Chandigarh,Punjab,Tier 2,2024-11-20
CUST_07396,Sneha Singh,Female,Chandigarh,Punjab,Tier 2,2024-03-21
CUST_07397,Varun Verma,Male,Chennai,Tamil Nadu,Tier 1,2024-08-12
CUST_07398,Ananya Reddy,Female,Patna,Bihar,Tier 3,2023-11-28
CUST_07399,Ananya Verma,Female,Bengaluru,Karnataka,Tier 1,2024-05-23
CUST_07400,Divya Reddy,Female,Chandigarh,Punjab,Tier 2,2024-11-03
CUST_07401,Aditya Sharma,Male,Jaipur,Rajasthan,Tier 2,2023-06-22
CUST_07402,Aditya Mehta,Male,Kochi,Kerala,Tier 2,2024-04-11
CUST_07403,Rahul Mehta,Male,Ranchi,Jharkhand,Tier 3,2024-04-02
CUST_07404,Rahul Gupta,Male,Kochi,Kerala,Tier 2,2023-11-27
CUST_07405,Divya Singh,Female,Bengaluru,Karnataka,Tier 1,2023-09-01
CUST_07406,Divya Kumar,Female,Guwahati,Assam,Tier 3,2023-09-29
CUST_07407,Rahul Iyer,Male,Ranchi,Jharkhand,Tier 3,2024-02-25
CUST_07408,Aditya Verma,Male,Guwahati,Assam,Tier 3,2023-11-07
CUST_07409,Divya Verma,Female,Delhi,Delhi,Tier 1,2024-05-23
CUST_07410,Rohan Patel,Male,Mumbai,Maharashtra,Tier 1,2024-01-23
CUST_07411,Kabir Iyer,Male,Ranchi,Jharkhand,Tier 3,2024-08-17
CUST_07412,Sneha Mehta,Female,Indore,Madhya Pradesh,Tier 2,2023-12-11
CUST_07413,Kunal Kumar,Male,Dehradun,Uttarakhand,Tier 3,2024-03-20
CUST_07414,Amit Nair,Male,Mumbai,Maharashtra,Tier 1,2024-09-28
CUST_07415,Pooja Singh,Female,Kochi,Kerala,Tier 2,2024-04-28
CUST_07416,Aditya Sharma,Male,Dehradun,Uttarakhand,Tier 3,2023-12-01
CUST_07417,Neha Patel,Female,Jaipur,Rajasthan,Tier 2,2024-09-07
CUST_07418,Rohan Gupta,Male,Bengaluru,Karnataka,Tier 1,2024-05-03
CUST_07419,Pooja Patel,Female,Pune,Maharashtra,Tier 1,2023-10-28
CUST_07420,Riya Nair,Female,Hyderabad,Telangana,Tier 1,2023-10-26
CUST_07421,Ishita Reddy,Female,Chandigarh,Punjab,Tier 2,2024-02-02
CUST_07422,Divya Verma,Female,Guwahati,Assam,Tier 3,2024-08-20
CUST_07423,Sneha Nair,Female,Indore,Madhya Pradesh,Tier 2,2024-10-22
CUST_07424,Divya Verma,Female,Bengaluru,Karnataka,Tier 1,2024-08-27
CUST_07425,Sneha Iyer,Female,Pune,Maharashtra,Tier 1,2024-06-25
CUST_07426,Sneha Singh,Female,Delhi,Delhi,Tier 1,2024-10-10
CUST_07427,Rohan Nair,Male,Bengaluru,Karnataka,Tier 1,2024-03-19
CUST_07428,Vikram Verma,Male,Jaipur,Rajasthan,Tier 2,2024-09-14
CUST_07429,Varun Verma,Male,Delhi,Delhi,Tier 1,2024-02-11
CUST_07430,Kunal Sharma,Male,Bhopal,Madhya Pradesh,Tier 3,2024-08-06
CUST_07431,Neha Nair,Female,Patna,Bihar,Tier 3,2024-07-10
CUST_07432,Kabir Kumar,Male,Pune,Maharashtra,Tier 1,2024-01-01
CUST_07433,Pooja Verma,Female,Jaipur,Rajasthan,Tier 2,2023-09-25
CUST_07434,Ishita Singh,Female,Hyderabad,Telangana,Tier 1,2024-01-17
CUST_07435,Aditya Reddy,Male,Bengaluru,Karnataka,Tier 1,2023-08-07
CUST_07436,Riya Iyer,Female,Hyderabad,Telangana,Tier 1,2024-06-03
CUST_07437,Ananya Reddy,Female,Varanasi,Uttar Pradesh,Tier 3,2023-12-07
CUST_07438,Kunal Mehta,Male,Lucknow,Uttar Pradesh,Tier 2,2024-10-05
CUST_07439,Rohan Sharma,Male,Delhi,Delhi,Tier 1,2023-11-23
CUST_07440,Sneha Verma,Female,Guwahati,Assam,Tier 3,2023-11-09
CUST_07441,Vikram Sharma,Male,Ranchi,Jharkhand,Tier 3,2023-08-19
CUST_07442,Amit Gupta,Male,Chennai,Tamil Nadu,Tier 1,2024-08-10
CUST_07443,Ananya Patel,Female,Patna,Bihar,Tier 3,2023-08-27
CUST_07444,Pooja Kumar,Female,Jaipur,Rajasthan,Tier 2,2024-03-10
CUST_07445,Priya Verma,Female,Dehradun,Uttarakhand,Tier 3,2023-07-02
CUST_07446,Vikram Kumar,Male,Delhi,Delhi,Tier 1,2024-02-04
CUST_07447,Rohan Iyer,Male,Guwahati,Assam,Tier 3,2024-07-21
CUST_07448,Rahul Reddy,Male,Mumbai,Maharashtra,Tier 1,2024-03-07
CUST_07449,Neha Iyer,Female,Bengaluru,Karnataka,Tier 1,2024-05-01
CUST_07450,Ishita Kumar,Female,Delhi,Delhi,Tier 1,2024-09-26
CUST_07451,Ananya Singh,Female,Delhi,Delhi,Tier 1,2024-07-15
CUST_07452,Ananya Gupta,Female,Indore,Madhya Pradesh,Tier 2,2024-10-25
CUST_07453,Priya Reddy,Female,Delhi,Delhi,Tier 1,2023-09-17
CUST_07454,Kunal Reddy,Male,Bengaluru,Karnataka,Tier 1,2024-04-03
CUST_07455,Arjun Sharma,Male,Pune,Maharashtra,Tier 1,2023-06-22
CUST_07456,Varun Reddy,Male,Indore,Madhya Pradesh,Tier 2,2024-05-28
CUST_07457,Ananya Nair,Female,Hyderabad,Telangana,Tier 1,2024-06-25
CUST_07458,Ananya Singh,Female,Delhi,Delhi,Tier 1,2023-09-02
CUST_07459,Riya Patel,Female,Indore,Madhya Pradesh,Tier 2,2023-10-27
CUST_07460,Neha Sharma,Female,Jaipur,Rajasthan,Tier 2,2024-05-20
CUST_07461,Rohan Kumar,Male,Bhopal,Madhya Pradesh,Tier 3,2024-08-22
CUST_07462,Sneha Gupta,Female,Ahmedabad,Gujarat,Tier 2,2024-08-28
CUST_07463,Vikram Patel,Male,Hyderabad,Telangana,Tier 1,2024-10-30
CUST_07464,Vikram Patel,Male,Varanasi,Uttar Pradesh,Tier 3,2024-08-29
CUST_07465,Ishita Verma,Female,Bengaluru,Karnataka,Tier 1,2023-07-16
CUST_07466,Ishita Verma,Female,Bhopal,Madhya Pradesh,Tier 3,2024-08-10
CUST_07467,Divya Reddy,Female,Mumbai,Maharashtra,Tier 1,2024-09-21
CUST_07468,Tanvi Verma,Female,Indore,Madhya Pradesh,Tier 2,2024-02-13
CUST_07469,Kunal Verma,Male,Bengaluru,Karnataka,Tier 1,2024-10-19
CUST_07470,Ananya Verma,Female,Chandigarh,Punjab,Tier 2,2024-05-22
CUST_07471,Amit Sharma,Male,Hyderabad,Telangana,Tier 1,2024-09-27
CUST_07472,Sneha Nair,Female,Delhi,Delhi,Tier 1,2024-06-06
CUST_07473,Tanvi Verma,Female,Chandigarh,Punjab,Tier 2,2024-10-07
CUST_07474,Ananya Gupta,Female,Mumbai,Maharashtra,Tier 1,2023-09-03
CUST_07475,Rahul Nair,Male,Indore,Madhya Pradesh,Tier 2,2023-09-29
CUST_07476,Pooja Sharma,Female,Guwahati,Assam,Tier 3,2023-11-02
CUST_07477,Kabir Patel,Male,Lucknow,Uttar Pradesh,Tier 2,2024-06-07
CUST_07478,Ishita Mehta,Female,Hyderabad,Telangana,Tier 1,2024-03-14
CUST_07479,Amit Iyer,Male,Chennai,Tamil Nadu,Tier 1,2023-07-17
CUST_07480,Divya Iyer,Female,Patna,Bihar,Tier 3,2024-09-19
CUST_07481,Divya Nair,Female,Guwahati,Assam,Tier 3,2023-06-30
CUST_07482,Rahul Patel,Male,Hyderabad,Telangana,Tier 1,2023-10-11
CUST_07483,Amit Mehta,Male,Chennai,Tamil Nadu,Tier 1,2023-06-15
CUST_07484,Rahul Kumar,Male,Kochi,Kerala,Tier 2,2023-07-10
CUST_07485,Arjun Patel,Male,Kochi,Kerala,Tier 2,2024-07-12
CUST_07486,Kunal Sharma,Male,Delhi,Delhi,Tier 1,2024-05-11
CUST_07487,Divya Verma,Female,Hyderabad,Telangana,Tier 1,2024-08-22
CUST_07488,Priya Gupta,Female,Lucknow,Uttar Pradesh,Tier 2,2024-07-20
CUST_07489,Ishita Gupta,Female,Dehradun,Uttarakhand,Tier 3,2023-12-15
CUST_07490,Ananya Patel,Female,Lucknow,Uttar Pradesh,Tier 2,2024-06-19
CUST_07491,Pooja Patel,Female,Guwahati,Assam,Tier 3,2023-10-30
CUST_07492,Kabir Singh,Male,Pune,Maharashtra,Tier 1,2023-06-21
CUST_07493,Divya Singh,Female,Hyderabad,Telangana,Tier 1,2024-09-17
CUST_07494,Amit Reddy,Male,Guwahati,Assam,Tier 3,2023-12-22
CUST_07495,Priya Sharma,Female,Dehradun,Uttarakhand,Tier 3,2023-06-05
CUST_07496,Tanvi Kumar,Female,Ahmedabad,Gujarat,Tier 2,2024-03-21
CUST_07497,Varun Mehta,Male,Varanasi,Uttar Pradesh,Tier 3,2024-03-10
CUST_07498,Ananya Mehta,Female,Indore,Madhya Pradesh,Tier 2,2024-07-29
CUST_07499,Amit Iyer,Male,Kochi,Kerala,Tier 2,2024-10-21
CUST_07500,Arjun Singh,Male,Kochi,Kerala,Tier 2,2024-02-06
CUST_07501,Kavya Iyer,Female,Indore,Madhya Pradesh,Tier 2,2024-03-16
CUST_07502,Divya Sharma,Female,Indore,Madhya Pradesh,Tier 2,2024-02-04
CUST_07503,Vikram Reddy,Male,Hyderabad,Telangana,Tier 1,2024-11-24
CUST_07504,Rahul Reddy,Male,Delhi,Delhi,Tier 1,2023-09-25
CUST_07505,Aarav Sharma,Male,Chennai,Tamil Nadu,Tier 1,2023-07-22
CUST_07506,Varun Nair,Male,Patna,Bihar,Tier 3,2024-10-15
CUST_07507,Riya Reddy,Female,Pune,Maharashtra,Tier 1,2024-11-02
CUST_07508,Amit Singh,Male,Delhi,Delhi,Tier 1,2023-06-25
CUST_07509,Sneha Nair,Female,Delhi,Delhi,Tier 1,2023-06-03
CUST_07510,Sneha Kumar,Female,Mumbai,Maharashtra,Tier 1,2023-06-14
CUST_07511,Sneha Nair,Female,Delhi,Delhi,Tier 1,2024-06-13
CUST_07512,Rohan Mehta,Male,Delhi,Delhi,Tier 1,2024-09-22
CUST_07513,Rohan Reddy,Male,Chandigarh,Punjab,Tier 2,2024-05-19
CUST_07514,Kabir Verma,Male,Pune,Maharashtra,Tier 1,2023-10-02
CUST_07515,Priya Nair,Female,Chennai,Tamil Nadu,Tier 1,2023-09-03
CUST_07516,Priya Patel,Female,Chennai,Tamil Nadu,Tier 1,2023-06-04
CUST_07517,Riya Sharma,Female,Dehradun,Uttarakhand,Tier 3,2024-06-17
CUST_07518,Kabir Gupta,Male,Lucknow,Uttar Pradesh,Tier 2,2024-01-08
CUST_07519,Kunal Gupta,Male,Lucknow,Uttar Pradesh,Tier 2,2024-06-26
CUST_07520,Neha Mehta,Female,Ahmedabad,Gujarat,Tier 2,2023-12-25
CUST_07521,Varun Patel,Male,Lucknow,Uttar Pradesh,Tier 2,2023-12-26
CUST_07522,Arjun Sharma,Male,Mumbai,Maharashtra,Tier 1,2024-07-26
CUST_07523,Kunal Verma,Male,Bengaluru,Karnataka,Tier 1,2023-12-26
CUST_07524,Pooja Iyer,Female,Guwahati,Assam,Tier 3,2023-08-28
CUST_07525,Kabir Nair,Male,Varanasi,Uttar Pradesh,Tier 3,2024-01-14
CUST_07526,Tanvi Iyer,Female,Mumbai,Maharashtra,Tier 1,2024-08-15
CUST_07527,Pooja Gupta,Female,Chennai,Tamil Nadu,Tier 1,2023-12-17
CUST_07528,Vikram Kumar,Male,Ahmedabad,Gujarat,Tier 2,2024-03-13
CUST_07529,Tanvi Nair,Female,Indore,Madhya Pradesh,Tier 2,2023-07-03
CUST_07530,Priya Singh,Female,Mumbai,Maharashtra,Tier 1,2023-09-19
CUST_07531,Divya Nair,Female,Chandigarh,Punjab,Tier 2,2024-01-20
CUST_07532,Aarav Patel,Male,Delhi,Delhi,Tier 1,2023-11-07
CUST_07533,Aditya Mehta,Male,Ahmedabad,Gujarat,Tier 2,2024-02-01
CUST_07534,Varun Gupta,Male,Mumbai,Maharashtra,Tier 1,2024-04-28
CUST_07535,Varun Patel,Male,Indore,Madhya Pradesh,Tier 2,2023-06-06
CUST_07536,Vikram Mehta,Male,Ahmedabad,Gujarat,Tier 2,2024-08-19
CUST_07537,Tanvi Nair,Female,Bengaluru,Karnataka,Tier 1,2024-10-24
CUST_07538,Arjun Sharma,Male,Chandigarh,Punjab,Tier 2,2024-04-18
CUST_07539,Ishita Iyer,Female,Hyderabad,Telangana,Tier 1,2023-12-25
CUST_07540,Ishita Sharma,Female,Hyderabad,Telangana,Tier 1,2023-12-16
CUST_07541,Amit Nair,Male,Bhopal,Madhya Pradesh,Tier 3,2023-12-24
CUST_07542,Aarav Iyer,Male,Jaipur,Rajasthan,Tier 2,2023-11-21
CUST_07543,Neha Reddy,Female,Chennai,Tamil Nadu,Tier 1,2024-09-20
CUST_07544,Priya Nair,Female,Chandigarh,Punjab,Tier 2,2023-10-20
CUST_07545,Aarav Iyer,Male,Kochi,Kerala,Tier 2,2024-07-28
CUST_07546,Arjun Reddy,Male,Kochi,Kerala,Tier 2,2023-11-26
CUST_07547,Arjun Nair,Male,Ranchi,Jharkhand,Tier 3,2023-06-12
CUST_07548,Arjun Gupta,Male,Guwahati,Assam,Tier 3,2024-11-18
CUST_07549,Rahul Reddy,Male,Indore,Madhya Pradesh,Tier 2,2023-11-15
CUST_07550,Sneha Nair,Female,Chandigarh,Punjab,Tier 2,2024-04-26
CUST_07551,Arjun Nair,Male,Kochi,Kerala,Tier 2,2024-09-03
CUST_07552,Rahul Singh,Male,Pune,Maharashtra,Tier 1,2024-09-10
CUST_07553,Ananya Mehta,Female,Pune,Maharashtra,Tier 1,2023-08-03
CUST_07554,Vikram Nair,Male,Ahmedabad,Gujarat,Tier 2,2024-05-20
CUST_07555,Riya Nair,Female,Guwahati,Assam,Tier 3,2023-07-16
CUST_07556,Ishita Mehta,Female,Hyderabad,Telangana,Tier 1,2024-04-21
CUST_07557,Neha Patel,Female,Mumbai,Maharashtra,Tier 1,2023-09-11
CUST_07558,Rohan Nair,Male,Chandigarh,Punjab,Tier 2,2024-08-06
CUST_07559,Riya Sharma,Female,Chennai,Tamil Nadu,Tier 1,2024-09-30
CUST_07560,Pooja Sharma,Female,Kochi,Kerala,Tier 2,2023-06-09
CUST_07561,Kunal Nair,Male,Chennai,Tamil Nadu,Tier 1,2024-05-08
CUST_07562,Kunal Verma,Male,Chennai,Tamil Nadu,Tier 1,2024-11-20
CUST_07563,Ananya Singh,Female,Varanasi,Uttar Pradesh,Tier 3,2024-05-07
CUST_07564,Neha Nair,Female,Varanasi,Uttar Pradesh,Tier 3,2024-01-27
CUST_07565,Pooja Verma,Female,Mumbai,Maharashtra,Tier 1,2023-10-01
CUST_07566,Kavya Gupta,Female,Patna,Bihar,Tier 3,2024-10-05
CUST_07567,Riya Mehta,Female,Bengaluru,Karnataka,Tier 1,2024-10-21
CUST_07568,Kunal Mehta,Male,Jaipur,Rajasthan,Tier 2,2024-05-26
CUST_07569,Tanvi Gupta,Female,Pune,Maharashtra,Tier 1,2024-04-12
CUST_07570,Kunal Nair,Male,Hyderabad,Telangana,Tier 1,2024-02-15
CUST_07571,Rohan Kumar,Male,Delhi,Delhi,Tier 1,2024-07-21
CUST_07572,Sneha Verma,Female,Kochi,Kerala,Tier 2,2024-10-10
CUST_07573,Tanvi Kumar,Female,Indore,Madhya Pradesh,Tier 2,2024-05-17
CUST_07574,Sneha Singh,Female,Hyderabad,Telangana,Tier 1,2024-07-16
CUST_07575,Sneha Iyer,Female,Pune,Maharashtra,Tier 1,2023-07-27
CUST_07576,Sneha Patel,Female,Ranchi,Jharkhand,Tier 3,2024-09-26
CUST_07577,Ananya Gupta,Female,Jaipur,Rajasthan,Tier 2,2024-04-17
CUST_07578,Priya Mehta,Female,Chandigarh,Punjab,Tier 2,2024-01-25
CUST_07579,Ishita Nair,Female,Mumbai,Maharashtra,Tier 1,2023-10-17
CUST_07580,Amit Iyer,Male,Lucknow,Uttar Pradesh,Tier 2,2023-11-06
CUST_07581,Riya Gupta,Female,Kochi,Kerala,Tier 2,2024-08-05
CUST_07582,Varun Gupta,Male,Varanasi,Uttar Pradesh,Tier 3,2023-08-01
CUST_07583,Kabir Gupta,Male,Delhi,Delhi,Tier 1,2023-07-24
CUST_07584,Pooja Reddy,Female,Jaipur,Rajasthan,Tier 2,2024-04-08
CUST_07585,Arjun Patel,Male,Kochi,Kerala,Tier 2,2024-06-09
CUST_07586,Arjun Sharma,Male,Bengaluru,Karnataka,Tier 1,2023-10-31
CUST_07587,Tanvi Singh,Female,Dehradun,Uttarakhand,Tier 3,2023-07-08
CUST_07588,Priya Singh,Female,Jaipur,Rajasthan,Tier 2,2023-08-25
CUST_07589,Aarav Iyer,Male,Hyderabad,Telangana,Tier 1,2024-05-30
CUST_07590,Riya Kumar,Female,Dehradun,Uttarakhand,Tier 3,2024-02-10
CUST_07591,Aarav Verma,Male,Ahmedabad,Gujarat,Tier 2,2024-03-02
CUST_07592,Sneha Reddy,Female,Kochi,Kerala,Tier 2,2023-11-08
CUST_07593,Kabir Patel,Male,Bhopal,Madhya Pradesh,Tier 3,2024-05-14
CUST_07594,Pooja Sharma,Female,Lucknow,Uttar Pradesh,Tier 2,2023-11-09
CUST_07595,Arjun Gupta,Male,Hyderabad,Telangana,Tier 1,2023-09-17
CUST_07596,Kunal Sharma,Male,Kochi,Kerala,Tier 2,2024-07-18
CUST_07597,Rohan Reddy,Male,Chennai,Tamil Nadu,Tier 1,2024-02-14
CUST_07598,Rahul Kumar,Male,Bengaluru,Karnataka,Tier 1,2024-07-21
CUST_07599,Sneha Patel,Female,Ranchi,Jharkhand,Tier 3,2024-02-19
CUST_07600,Vikram Iyer,Male,Kochi,Kerala,Tier 2,2024-07-28
CUST_07601,Sneha Gupta,Female,Indore,Madhya Pradesh,Tier 2,2023-08-02
CUST_07602,Pooja Singh,Female,Chandigarh,Punjab,Tier 2,2024-02-25
CUST_07603,Rohan Gupta,Male,Pune,Maharashtra,Tier 1,2024-06-17
CUST_07604,Pooja Nair,Female,Chandigarh,Punjab,Tier 2,2024-05-17
CUST_07605,Divya Nair,Female,Indore,Madhya Pradesh,Tier 2,2023-12-09
CUST_07606,Vikram Verma,Male,Indore,Madhya Pradesh,Tier 2,2023-11-15
CUST_07607,Aditya Sharma,Male,Varanasi,Uttar Pradesh,Tier 3,2024-07-13
CUST_07608,Pooja Sharma,Female,Bhopal,Madhya Pradesh,Tier 3,2023-10-16
CUST_07609,Neha Singh,Female,Delhi,Delhi,Tier 1,2024-01-19
CUST_07610,Rahul Iyer,Male,Indore,Madhya Pradesh,Tier 2,2024-09-10
CUST_07611,Neha Singh,Female,Varanasi,Uttar Pradesh,Tier 3,2024-03-29
CUST_07612,Neha Patel,Female,Chennai,Tamil Nadu,Tier 1,2024-07-07
CUST_07613,Divya Reddy,Female,Chennai,Tamil Nadu,Tier 1,2024-11-04
CUST_07614,Vikram Verma,Male,Jaipur,Rajasthan,Tier 2,2024-07-24
CUST_07615,Priya Sharma,Female,Pune,Maharashtra,Tier 1,2024-08-26
CUST_07616,Riya Patel,Female,Lucknow,Uttar Pradesh,Tier 2,2024-02-09
CUST_07617,Arjun Singh,Male,Mumbai,Maharashtra,Tier 1,2024-10-27
CUST_07618,Arjun Kumar,Male,Ahmedabad,Gujarat,Tier 2,2024-09-24
CUST_07619,Rahul Singh,Male,Jaipur,Rajasthan,Tier 2,2023-06-02
CUST_07620,Kavya Reddy,Female,Ahmedabad,Gujarat,Tier 2,2023-08-30
CUST_07621,Ishita Singh,Female,Chennai,Tamil Nadu,Tier 1,2024-05-25
CUST_07622,Kavya Verma,Female,Lucknow,Uttar Pradesh,Tier 2,2024-03-20
CUST_07623,Vikram Singh,Male,Hyderabad,Telangana,Tier 1,2023-06-28
CUST_07624,Arjun Mehta,Male,Chennai,Tamil Nadu,Tier 1,2024-02-01
CUST_07625,Divya Singh,Female,Hyderabad,Telangana,Tier 1,2024-03-02
CUST_07626,Divya Sharma,Female,Lucknow,Uttar Pradesh,Tier 2,2023-10-05
CUST_07627,Amit Patel,Male,Bengaluru,Karnataka,Tier 1,2023-08-13
CUST_07628,Arjun Singh,Male,Jaipur,Rajasthan,Tier 2,2024-11-05
CUST_07629,Kabir Singh,Male,Hyderabad,Telangana,Tier 1,2024-10-30
CUST_07630,Kunal Reddy,Male,Bengaluru,Karnataka,Tier 1,2024-06-13
CUST_07631,Kunal Sharma,Male,Kochi,Kerala,Tier 2,2023-06-21
CUST_07632,Sneha Gupta,Female,Lucknow,Uttar Pradesh,Tier 2,2024-08-28
CUST_07633,Sneha Singh,Female,Lucknow,Uttar Pradesh,Tier 2,2023-10-12
CUST_07634,Kavya Reddy,Female,Hyderabad,Telangana,Tier 1,2024-11-19
CUST_07635,Vikram Reddy,Male,Pune,Maharashtra,Tier 1,2024-02-03
CUST_07636,Divya Nair,Female,Kochi,Kerala,Tier 2,2024-05-02
CUST_07637,Aditya Iyer,Male,Chandigarh,Punjab,Tier 2,2023-12-17
CUST_07638,Divya Verma,Female,Patna,Bihar,Tier 3,2024-06-05
CUST_07639,Riya Verma,Female,Guwahati,Assam,Tier 3,2024-01-16
CUST_07640,Neha Iyer,Female,Mumbai,Maharashtra,Tier 1,2024-07-14
CUST_07641,Varun Sharma,Male,Delhi,Delhi,Tier 1,2023-09-16
CUST_07642,Divya Iyer,Female,Hyderabad,Telangana,Tier 1,2024-03-17
CUST_07643,Ishita Reddy,Female,Patna,Bihar,Tier 3,2024-05-05
CUST_07644,Aditya Mehta,Male,Chennai,Tamil Nadu,Tier 1,2024-08-30
CUST_07645,Rohan Mehta,Male,Chandigarh,Punjab,Tier 2,2024-05-03
CUST_07646,Priya Iyer,Female,Dehradun,Uttarakhand,Tier 3,2023-09-06
CUST_07647,Tanvi Kumar,Female,Lucknow,Uttar Pradesh,Tier 2,2023-09-24
CUST_07648,Aarav Sharma,Male,Pune,Maharashtra,Tier 1,2024-08-08
CUST_07649,Divya Iyer,Female,Pune,Maharashtra,Tier 1,2024-09-18
CUST_07650,Aarav Kumar,Male,Mumbai,Maharashtra,Tier 1,2024-04-29
CUST_07651,Amit Sharma,Male,Ranchi,Jharkhand,Tier 3,2023-12-15
CUST_07652,Varun Sharma,Male,Mumbai,Maharashtra,Tier 1,2024-10-20
CUST_07653,Divya Mehta,Female,Pune,Maharashtra,Tier 1,2024-09-21
CUST_07654,Kunal Singh,Male,Chandigarh,Punjab,Tier 2,2023-12-09
CUST_07655,Arjun Nair,Male,Chandigarh,Punjab,Tier 2,2024-04-20
CUST_07656,Rohan Verma,Male,Indore,Madhya Pradesh,Tier 2,2023-11-15
CUST_07657,Pooja Nair,Female,Kochi,Kerala,Tier 2,2023-06-27
CUST_07658,Kavya Reddy,Female,Kochi,Kerala,Tier 2,2023-09-08
CUST_07659,Riya Singh,Female,Indore,Madhya Pradesh,Tier 2,2023-09-26
CUST_07660,Riya Kumar,Female,Guwahati,Assam,Tier 3,2024-06-28
CUST_07661,Vikram Mehta,Male,Jaipur,Rajasthan,Tier 2,2023-10-23
CUST_07662,Neha Verma,Female,Ranchi,Jharkhand,Tier 3,2024-01-21
CUST_07663,Ishita Kumar,Female,Hyderabad,Telangana,Tier 1,2023-07-31
CUST_07664,Priya Nair,Female,Bengaluru,Karnataka,Tier 1,2023-09-30
CUST_07665,Aditya Verma,Male,Chandigarh,Punjab,Tier 2,2024-09-06
CUST_07666,Aarav Reddy,Male,Bengaluru,Karnataka,Tier 1,2024-03-07
CUST_07667,Kavya Gupta,Female,Bengaluru,Karnataka,Tier 1,2024-07-22
CUST_07668,Neha Gupta,Female,Jaipur,Rajasthan,Tier 2,2024-05-06
CUST_07669,Vikram Mehta,Male,Bengaluru,Karnataka,Tier 1,2023-08-23
CUST_07670,Rahul Gupta,Male,Indore,Madhya Pradesh,Tier 2,2024-09-07
CUST_07671,Riya Reddy,Female,Chennai,Tamil Nadu,Tier 1,2024-07-09
CUST_07672,Neha Mehta,Female,Ahmedabad,Gujarat,Tier 2,2024-10-01
CUST_07673,Riya Verma,Female,Indore,Madhya Pradesh,Tier 2,2023-06-03
CUST_07674,Ishita Kumar,Female,Kochi,Kerala,Tier 2,2023-11-03
CUST_07675,Aditya Sharma,Male,Indore,Madhya Pradesh,Tier 2,2024-08-10
CUST_07676,Rohan Singh,Male,Kochi,Kerala,Tier 2,2023-06-24
CUST_07677,Priya Gupta,Female,Patna,Bihar,Tier 3,2024-01-12
CUST_07678,Pooja Sharma,Female,Delhi,Delhi,Tier 1,2023-11-16
CUST_07679,Kunal Nair,Male,Hyderabad,Telangana,Tier 1,2023-10-31
CUST_07680,Aarav Iyer,Male,Ranchi,Jharkhand,Tier 3,2023-09-23
CUST_07681,Ananya Reddy,Female,Bengaluru,Karnataka,Tier 1,2024-08-16
CUST_07682,Priya Gupta,Female,Lucknow,Uttar Pradesh,Tier 2,2024-08-17
CUST_07683,Ananya Kumar,Female,Indore,Madhya Pradesh,Tier 2,2023-09-30
CUST_07684,Kunal Iyer,Male,Kochi,Kerala,Tier 2,2024-09-23
CUST_07685,Divya Gupta,Female,Jaipur,Rajasthan,Tier 2,2024-03-18
CUST_07686,Neha Sharma,Female,Ahmedabad,Gujarat,Tier 2,2024-07-01
CUST_07687,Amit Reddy,Male,Hyderabad,Telangana,Tier 1,2023-08-10
CUST_07688,Rahul Iyer,Male,Guwahati,Assam,Tier 3,2024-01-11
CUST_07689,Amit Reddy,Male,Indore,Madhya Pradesh,Tier 2,2024-09-23
CUST_07690,Divya Nair,Female,Ahmedabad,Gujarat,Tier 2,2023-11-04
CUST_07691,Pooja Reddy,Female,Hyderabad,Telangana,Tier 1,2024-11-25
CUST_07692,Ishita Gupta,Female,Ranchi,Jharkhand,Tier 3,2024-02-15
CUST_07693,Aditya Sharma,Male,Varanasi,Uttar Pradesh,Tier 3,2024-08-24
CUST_07694,Kabir Singh,Male,Indore,Madhya Pradesh,Tier 2,2024-05-29
CUST_07695,Rohan Mehta,Male,Bhopal,Madhya Pradesh,Tier 3,2024-06-28
CUST_07696,Sneha Verma,Female,Delhi,Delhi,Tier 1,2024-06-26
CUST_07697,Ishita Verma,Female,Pune,Maharashtra,Tier 1,2023-11-11
CUST_07698,Vikram Gupta,Male,Pune,Maharashtra,Tier 1,2023-09-30
CUST_07699,Kunal Verma,Male,Delhi,Delhi,Tier 1,2023-07-28
CUST_07700,Sneha Mehta,Female,Indore,Madhya Pradesh,Tier 2,2024-07-23
CUST_07701,Kunal Nair,Male,Mumbai,Maharashtra,Tier 1,2023-09-29
CUST_07702,Kabir Verma,Male,Jaipur,Rajasthan,Tier 2,2024-02-03
CUST_07703,Divya Sharma,Female,Hyderabad,Telangana,Tier 1,2023-07-20
CUST_07704,Tanvi Singh,Female,Delhi,Delhi,Tier 1,2023-08-01
CUST_07705,Ishita Verma,Female,Pune,Maharashtra,Tier 1,2024-01-15
CUST_07706,Sneha Reddy,Female,Jaipur,Rajasthan,Tier 2,2023-08-14
CUST_07707,Arjun Nair,Male,Jaipur,Rajasthan,Tier 2,2024-10-25
CUST_07708,Ananya Gupta,Female,Guwahati,Assam,Tier 3,2023-08-14
CUST_07709,Riya Verma,Female,Chennai,Tamil Nadu,Tier 1,2024-08-10
CUST_07710,Priya Verma,Female,Chandigarh,Punjab,Tier 2,2023-11-03
CUST_07711,Sneha Sharma,Female,Hyderabad,Telangana,Tier 1,2023-07-22
CUST_07712,Kabir Nair,Male,Indore,Madhya Pradesh,Tier 2,2023-11-05
CUST_07713,Ananya Singh,Female,Chandigarh,Punjab,Tier 2,2024-10-09
CUST_07714,Neha Patel,Female,Bengaluru,Karnataka,Tier 1,2023-07-05
CUST_07715,Aarav Mehta,Male,Bengaluru,Karnataka,Tier 1,2024-11-14
CUST_07716,Priya Reddy,Female,Pune,Maharashtra,Tier 1,2024-08-19
CUST_07717,Rahul Singh,Male,Kochi,Kerala,Tier 2,2024-09-22
CUST_07718,Riya Verma,Female,Ahmedabad,Gujarat,Tier 2,2024-05-20
CUST_07719,Rahul Kumar,Male,Pune,Maharashtra,Tier 1,2023-07-09
CUST_07720,Aarav Patel,Male,Ranchi,Jharkhand,Tier 3,2024-01-24
CUST_07721,Vikram Iyer,Male,Bhopal,Madhya Pradesh,Tier 3,2024-08-27
CUST_07722,Neha Sharma,Female,Ahmedabad,Gujarat,Tier 2,2024-04-09
CUST_07723,Arjun Nair,Male,Pune,Maharashtra,Tier 1,2024-06-04
CUST_07724,Riya Mehta,Female,Indore,Madhya Pradesh,Tier 2,2023-12-04
CUST_07725,Aditya Nair,Male,Jaipur,Rajasthan,Tier 2,2023-10-02
CUST_07726,Kavya Reddy,Female,Delhi,Delhi,Tier 1,2023-09-11
CUST_07727,Priya Mehta,Female,Indore,Madhya Pradesh,Tier 2,2024-06-12
CUST_07728,Rahul Mehta,Male,Jaipur,Rajasthan,Tier 2,2024-10-29
CUST_07729,Varun Reddy,Male,Hyderabad,Telangana,Tier 1,2024-04-23
CUST_07730,Kabir Patel,Male,Kochi,Kerala,Tier 2,2024-01-12
CUST_07731,Vikram Mehta,Male,Mumbai,Maharashtra,Tier 1,2023-09-07
CUST_07732,Varun Kumar,Male,Chandigarh,Punjab,Tier 2,2024-08-16
CUST_07733,Tanvi Patel,Female,Chandigarh,Punjab,Tier 2,2023-12-20
CUST_07734,Kabir Sharma,Male,Chennai,Tamil Nadu,Tier 1,2024-02-21
CUST_07735,Kavya Nair,Female,Delhi,Delhi,Tier 1,2024-11-12
CUST_07736,Varun Singh,Male,Chennai,Tamil Nadu,Tier 1,2023-11-11
CUST_07737,Sneha Kumar,Female,Ahmedabad,Gujarat,Tier 2,2024-08-25
CUST_07738,Varun Mehta,Male,Dehradun,Uttarakhand,Tier 3,2024-09-05
CUST_07739,Arjun Patel,Male,Indore,Madhya Pradesh,Tier 2,2024-10-31
CUST_07740,Pooja Gupta,Female,Bengaluru,Karnataka,Tier 1,2024-06-11
CUST_07741,Ishita Patel,Female,Bhopal,Madhya Pradesh,Tier 3,2024-08-02
CUST_07742,Aditya Verma,Male,Ranchi,Jharkhand,Tier 3,2024-06-17
CUST_07743,Rohan Verma,Male,Mumbai,Maharashtra,Tier 1,2024-09-03
CUST_07744,Aditya Singh,Male,Indore,Madhya Pradesh,Tier 2,2024-08-28
CUST_07745,Kavya Gupta,Female,Guwahati,Assam,Tier 3,2024-11-03
CUST_07746,Pooja Reddy,Female,Hyderabad,Telangana,Tier 1,2024-12-02
CUST_07747,Ananya Nair,Female,Chennai,Tamil Nadu,Tier 1,2024-05-06
CUST_07748,Amit Patel,Male,Ahmedabad,Gujarat,Tier 2,2023-08-17
CUST_07749,Rahul Mehta,Male,Guwahati,Assam,Tier 3,2024-07-04
CUST_07750,Neha Kumar,Female,Dehradun,Uttarakhand,Tier 3,2024-10-11
CUST_07751,Riya Singh,Female,Mumbai,Maharashtra,Tier 1,2024-05-01
CUST_07752,Sneha Patel,Female,Pune,Maharashtra,Tier 1,2023-12-28
CUST_07753,Tanvi Singh,Female,Lucknow,Uttar Pradesh,Tier 2,2024-06-30
CUST_07754,Aditya Nair,Male,Bengaluru,Karnataka,Tier 1,2024-06-20
CUST_07755,Arjun Iyer,Male,Kochi,Kerala,Tier 2,2023-12-25
CUST_07756,Kavya Verma,Female,Hyderabad,Telangana,Tier 1,2024-11-23
CUST_07757,Amit Patel,Male,Jaipur,Rajasthan,Tier 2,2024-06-25
CUST_07758,Varun Nair,Male,Ranchi,Jharkhand,Tier 3,2023-06-16
CUST_07759,Sneha Reddy,Female,Kochi,Kerala,Tier 2,2024-10-20
CUST_07760,Aarav Mehta,Male,Mumbai,Maharashtra,Tier 1,2023-06-13
CUST_07761,Tanvi Iyer,Female,Chennai,Tamil Nadu,Tier 1,2024-07-30
CUST_07762,Kabir Sharma,Male,Chandigarh,Punjab,Tier 2,2024-04-03
CUST_07763,Rahul Mehta,Male,Pune,Maharashtra,Tier 1,2024-11-23
CUST_07764,Amit Nair,Male,Ahmedabad,Gujarat,Tier 2,2024-06-27
CUST_07765,Amit Verma,Male,Bengaluru,Karnataka,Tier 1,2024-09-14
CUST_07766,Vikram Iyer,Male,Lucknow,Uttar Pradesh,Tier 2,2024-07-14
CUST_07767,Aditya Gupta,Male,Ahmedabad,Gujarat,Tier 2,2024-05-07
CUST_07768,Riya Singh,Female,Hyderabad,Telangana,Tier 1,2023-10-16
CUST_07769,Aditya Patel,Male,Chennai,Tamil Nadu,Tier 1,2024-10-19
CUST_07770,Tanvi Mehta,Female,Bhopal,Madhya Pradesh,Tier 3,2023-08-14
CUST_07771,Amit Sharma,Male,Bhopal,Madhya Pradesh,Tier 3,2024-11-06
CUST_07772,Pooja Sharma,Female,Chandigarh,Punjab,Tier 2,2024-10-12
CUST_07773,Tanvi Nair,Female,Indore,Madhya Pradesh,Tier 2,2023-11-28
CUST_07774,Amit Verma,Male,Jaipur,Rajasthan,Tier 2,2023-08-07
CUST_07775,Riya Reddy,Female,Bengaluru,Karnataka,Tier 1,2024-01-20
CUST_07776,Rohan Patel,Male,Patna,Bihar,Tier 3,2024-08-25
CUST_07777,Tanvi Sharma,Female,Mumbai,Maharashtra,Tier 1,2024-01-04
CUST_07778,Rahul Verma,Male,Jaipur,Rajasthan,Tier 2,2024-09-01
CUST_07779,Vikram Patel,Male,Lucknow,Uttar Pradesh,Tier 2,2024-10-18
CUST_07780,Ishita Nair,Female,Jaipur,Rajasthan,Tier 2,2024-11-27
CUST_07781,Divya Patel,Female,Mumbai,Maharashtra,Tier 1,2023-06-25
CUST_07782,Priya Gupta,Female,Hyderabad,Telangana,Tier 1,2023-11-19
CUST_07783,Priya Nair,Female,Varanasi,Uttar Pradesh,Tier 3,2023-06-10
CUST_07784,Pooja Verma,Female,Varanasi,Uttar Pradesh,Tier 3,2023-08-11
CUST_07785,Divya Patel,Female,Jaipur,Rajasthan,Tier 2,2024-01-17
CUST_07786,Sneha Patel,Female,Chennai,Tamil Nadu,Tier 1,2023-06-19
CUST_07787,Aditya Reddy,Male,Bhopal,Madhya Pradesh,Tier 3,2023-07-01
CUST_07788,Varun Singh,Male,Delhi,Delhi,Tier 1,2024-07-02
CUST_07789,Priya Mehta,Female,Varanasi,Uttar Pradesh,Tier 3,2024-09-19
CUST_07790,Sneha Reddy,Female,Chennai,Tamil Nadu,Tier 1,2024-03-16
CUST_07791,Ananya Iyer,Female,Varanasi,Uttar Pradesh,Tier 3,2024-08-18
CUST_07792,Kabir Mehta,Male,Mumbai,Maharashtra,Tier 1,2024-06-06
CUST_07793,Rohan Gupta,Male,Chandigarh,Punjab,Tier 2,2023-10-14
CUST_07794,Priya Sharma,Female,Pune,Maharashtra,Tier 1,2024-03-05
CUST_07795,Priya Reddy,Female,Delhi,Delhi,Tier 1,2023-08-16
CUST_07796,Priya Mehta,Female,Mumbai,Maharashtra,Tier 1,2023-07-01
CUST_07797,Neha Mehta,Female,Pune,Maharashtra,Tier 1,2023-11-01
CUST_07798,Ananya Reddy,Female,Chennai,Tamil Nadu,Tier 1,2023-12-24
CUST_07799,Divya Gupta,Female,Mumbai,Maharashtra,Tier 1,2024-01-29
CUST_07800,Aditya Gupta,Male,Pune,Maharashtra,Tier 1,2024-06-05
CUST_07801,Riya Mehta,Female,Bengaluru,Karnataka,Tier 1,2024-04-23
CUST_07802,Aarav Sharma,Male,Indore,Madhya Pradesh,Tier 2,2023-09-13
CUST_07803,Sneha Gupta,Female,Jaipur,Rajasthan,Tier 2,2023-09-03
CUST_07804,Tanvi Nair,Female,Bengaluru,Karnataka,Tier 1,2024-03-01
CUST_07805,Kavya Sharma,Female,Varanasi,Uttar Pradesh,Tier 3,2024-01-17
CUST_07806,Kavya Kumar,Female,Kochi,Kerala,Tier 2,2024-03-24
CUST_07807,Riya Patel,Female,Pune,Maharashtra,Tier 1,2023-09-17
CUST_07808,Rahul Mehta,Male,Bengaluru,Karnataka,Tier 1,2024-06-19
CUST_07809,Priya Iyer,Female,Ahmedabad,Gujarat,Tier 2,2023-06-08
CUST_07810,Ananya Iyer,Female,Hyderabad,Telangana,Tier 1,2024-05-23
CUST_07811,Kunal Kumar,Male,Chennai,Tamil Nadu,Tier 1,2023-11-13
CUST_07812,Neha Reddy,Female,Jaipur,Rajasthan,Tier 2,2024-03-14
CUST_07813,Priya Gupta,Female,Kochi,Kerala,Tier 2,2023-10-27
CUST_07814,Pooja Iyer,Female,Indore,Madhya Pradesh,Tier 2,2024-08-09
CUST_07815,Sneha Sharma,Female,Bengaluru,Karnataka,Tier 1,2024-02-19
CUST_07816,Priya Sharma,Female,Ranchi,Jharkhand,Tier 3,2024-05-13
CUST_07817,Vikram Reddy,Male,Delhi,Delhi,Tier 1,2023-08-30
CUST_07818,Riya Patel,Female,Kochi,Kerala,Tier 2,2024-09-23
CUST_07819,Varun Reddy,Male,Patna,Bihar,Tier 3,2024-01-10
CUST_07820,Vikram Kumar,Male,Indore,Madhya Pradesh,Tier 2,2023-06-16
CUST_07821,Aarav Patel,Male,Jaipur,Rajasthan,Tier 2,2024-08-10
CUST_07822,Riya Reddy,Female,Delhi,Delhi,Tier 1,2024-08-08
CUST_07823,Sneha Reddy,Female,Ahmedabad,Gujarat,Tier 2,2024-02-16
CUST_07824,Arjun Verma,Male,Pune,Maharashtra,Tier 1,2023-06-26
CUST_07825,Vikram Kumar,Male,Pune,Maharashtra,Tier 1,2023-09-28
CUST_07826,Tanvi Singh,Female,Mumbai,Maharashtra,Tier 1,2023-12-20
CUST_07827,Ananya Reddy,Female,Hyderabad,Telangana,Tier 1,2023-07-31
CUST_07828,Ananya Patel,Female,Mumbai,Maharashtra,Tier 1,2024-05-09
CUST_07829,Pooja Verma,Female,Chennai,Tamil Nadu,Tier 1,2023-09-04
CUST_07830,Tanvi Patel,Female,Guwahati,Assam,Tier 3,2023-06-29
CUST_07831,Riya Verma,Female,Indore,Madhya Pradesh,Tier 2,2023-07-03
CUST_07832,Arjun Mehta,Male,Ranchi,Jharkhand,Tier 3,2023-07-08
CUST_07833,Ishita Singh,Female,Ahmedabad,Gujarat,Tier 2,2023-09-25
CUST_07834,Pooja Iyer,Female,Pune,Maharashtra,Tier 1,2024-07-20
CUST_07835,Aarav Nair,Male,Pune,Maharashtra,Tier 1,2024-08-07
CUST_07836,Tanvi Verma,Female,Bengaluru,Karnataka,Tier 1,2024-06-26
CUST_07837,Tanvi Singh,Female,Chandigarh,Punjab,Tier 2,2024-06-20
CUST_07838,Neha Nair,Female,Ranchi,Jharkhand,Tier 3,2023-11-21
CUST_07839,Ananya Nair,Female,Delhi,Delhi,Tier 1,2023-07-30
CUST_07840,Vikram Mehta,Male,Ahmedabad,Gujarat,Tier 2,2023-11-06
CUST_07841,Neha Sharma,Female,Guwahati,Assam,Tier 3,2023-11-22
CUST_07842,Priya Sharma,Female,Delhi,Delhi,Tier 1,2024-05-08
CUST_07843,Vikram Mehta,Male,Lucknow,Uttar Pradesh,Tier 2,2024-04-26
CUST_07844,Sneha Sharma,Female,Chennai,Tamil Nadu,Tier 1,2024-07-24
CUST_07845,Divya Verma,Female,Jaipur,Rajasthan,Tier 2,2024-11-23
CUST_07846,Kabir Patel,Male,Lucknow,Uttar Pradesh,Tier 2,2023-07-14
CUST_07847,Pooja Sharma,Female,Ranchi,Jharkhand,Tier 3,2024-01-11
CUST_07848,Amit Mehta,Male,Bhopal,Madhya Pradesh,Tier 3,2024-11-21
CUST_07849,Ananya Verma,Female,Kochi,Kerala,Tier 2,2024-09-29
CUST_07850,Tanvi Iyer,Female,Chennai,Tamil Nadu,Tier 1,2023-08-06
CUST_07851,Aarav Kumar,Male,Hyderabad,Telangana,Tier 1,2023-09-12
CUST_07852,Ananya Iyer,Female,Hyderabad,Telangana,Tier 1,2024-03-27
CUST_07853,Kavya Singh,Female,Hyderabad,Telangana,Tier 1,2023-09-28
CUST_07854,Pooja Nair,Female,Chandigarh,Punjab,Tier 2,2024-09-25
CUST_07855,Amit Singh,Male,Chennai,Tamil Nadu,Tier 1,2024-04-21
CUST_07856,Tanvi Reddy,Female,Delhi,Delhi,Tier 1,2024-09-15
CUST_07857,Varun Gupta,Male,Hyderabad,Telangana,Tier 1,2024-01-19
CUST_07858,Kunal Mehta,Male,Delhi,Delhi,Tier 1,2024-01-20
CUST_07859,Ananya Mehta,Female,Kochi,Kerala,Tier 2,2023-08-20
CUST_07860,Kabir Gupta,Male,Delhi,Delhi,Tier 1,2023-09-20
CUST_07861,Priya Mehta,Female,Bengaluru,Karnataka,Tier 1,2024-09-02
CUST_07862,Ishita Mehta,Female,Pune,Maharashtra,Tier 1,2024-11-01
CUST_07863,Tanvi Nair,Female,Chennai,Tamil Nadu,Tier 1,2024-08-15
CUST_07864,Kabir Verma,Male,Chandigarh,Punjab,Tier 2,2023-06-08
CUST_07865,Vikram Patel,Male,Ranchi,Jharkhand,Tier 3,2024-02-02
CUST_07866,Riya Mehta,Female,Ahmedabad,Gujarat,Tier 2,2023-07-17
CUST_07867,Aditya Verma,Male,Indore,Madhya Pradesh,Tier 2,2023-12-15
CUST_07868,Priya Mehta,Female,Chennai,Tamil Nadu,Tier 1,2024-10-06
CUST_07869,Arjun Nair,Male,Bengaluru,Karnataka,Tier 1,2023-08-06
CUST_07870,Vikram Reddy,Male,Mumbai,Maharashtra,Tier 1,2023-06-26
CUST_07871,Pooja Singh,Female,Chandigarh,Punjab,Tier 2,2024-01-21
CUST_07872,Riya Verma,Female,Delhi,Delhi,Tier 1,2024-05-23
CUST_07873,Riya Reddy,Female,Bhopal,Madhya Pradesh,Tier 3,2023-08-05
CUST_07874,Arjun Nair,Male,Ahmedabad,Gujarat,Tier 2,2023-11-28
CUST_07875,Tanvi Mehta,Female,Kochi,Kerala,Tier 2,2023-06-20
CUST_07876,Amit Nair,Male,Patna,Bihar,Tier 3,2024-01-15
CUST_07877,Aarav Verma,Male,Chennai,Tamil Nadu,Tier 1,2024-06-09
CUST_07878,Ishita Verma,Female,Hyderabad,Telangana,Tier 1,2023-06-11
CUST_07879,Vikram Verma,Male,Ahmedabad,Gujarat,Tier 2,2023-07-09
CUST_07880,Vikram Singh,Male,Dehradun,Uttarakhand,Tier 3,2023-12-07
CUST_07881,Arjun Verma,Male,Indore,Madhya Pradesh,Tier 2,2024-06-21
CUST_07882,Amit Reddy,Male,Hyderabad,Telangana,Tier 1,2023-12-24
CUST_07883,Vikram Iyer,Male,Bengaluru,Karnataka,Tier 1,2024-11-10
CUST_07884,Aditya Reddy,Male,Bhopal,Madhya Pradesh,Tier 3,2023-12-24
CUST_07885,Vikram Kumar,Male,Mumbai,Maharashtra,Tier 1,2023-06-04
CUST_07886,Vikram Iyer,Male,Bengaluru,Karnataka,Tier 1,2024-07-16
CUST_07887,Neha Gupta,Female,Mumbai,Maharashtra,Tier 1,2024-10-01
CUST_07888,Amit Gupta,Male,Jaipur,Rajasthan,Tier 2,2023-12-26
CUST_07889,Kunal Patel,Male,Bhopal,Madhya Pradesh,Tier 3,2024-10-12
CUST_07890,Amit Verma,Male,Mumbai,Maharashtra,Tier 1,2023-12-07
CUST_07891,Ishita Nair,Female,Mumbai,Maharashtra,Tier 1,2023-08-30
CUST_07892,Arjun Reddy,Male,Bengaluru,Karnataka,Tier 1,2024-01-31
CUST_07893,Amit Singh,Male,Chennai,Tamil Nadu,Tier 1,2024-09-27
CUST_07894,Tanvi Sharma,Female,Hyderabad,Telangana,Tier 1,2024-04-13
CUST_07895,Kunal Patel,Male,Chennai,Tamil Nadu,Tier 1,2024-02-12
CUST_07896,Aarav Kumar,Male,Lucknow,Uttar Pradesh,Tier 2,2023-08-30
CUST_07897,Neha Nair,Female,Pune,Maharashtra,Tier 1,2024-11-04
CUST_07898,Kunal Iyer,Male,Ahmedabad,Gujarat,Tier 2,2024-05-02
CUST_07899,Aarav Nair,Male,Bhopal,Madhya Pradesh,Tier 3,2024-09-01
CUST_07900,Vikram Gupta,Male,Lucknow,Uttar Pradesh,Tier 2,2024-04-20
CUST_07901,Arjun Iyer,Male,Lucknow,Uttar Pradesh,Tier 2,2024-02-04
CUST_07902,Aarav Reddy,Male,Delhi,Delhi,Tier 1,2024-11-05
CUST_07903,Priya Verma,Female,Chennai,Tamil Nadu,Tier 1,2023-11-11
CUST_07904,Aarav Gupta,Male,Jaipur,Rajasthan,Tier 2,2023-08-06
CUST_07905,Tanvi Reddy,Female,Bengaluru,Karnataka,Tier 1,2024-03-10
CUST_07906,Rahul Nair,Male,Varanasi,Uttar Pradesh,Tier 3,2024-02-17
CUST_07907,Neha Verma,Female,Bhopal,Madhya Pradesh,Tier 3,2023-07-09
CUST_07908,Arjun Patel,Male,Hyderabad,Telangana,Tier 1,2024-04-10
CUST_07909,Tanvi Patel,Female,Hyderabad,Telangana,Tier 1,2024-08-09
CUST_07910,Kunal Mehta,Male,Bhopal,Madhya Pradesh,Tier 3,2024-09-05
CUST_07911,Tanvi Sharma,Female,Lucknow,Uttar Pradesh,Tier 2,2024-05-05
CUST_07912,Aditya Gupta,Male,Ahmedabad,Gujarat,Tier 2,2023-07-21
CUST_07913,Kavya Reddy,Female,Chennai,Tamil Nadu,Tier 1,2024-07-27
CUST_07914,Pooja Gupta,Female,Chennai,Tamil Nadu,Tier 1,2024-02-05
CUST_07915,Kunal Kumar,Male,Bengaluru,Karnataka,Tier 1,2024-11-01
CUST_07916,Kavya Mehta,Female,Hyderabad,Telangana,Tier 1,2024-10-06
CUST_07917,Ishita Kumar,Female,Kochi,Kerala,Tier 2,2024-03-10
CUST_07918,Ishita Mehta,Female,Pune,Maharashtra,Tier 1,2024-11-07
CUST_07919,Kunal Singh,Male,Pune,Maharashtra,Tier 1,2023-11-18
CUST_07920,Varun Gupta,Male,Mumbai,Maharashtra,Tier 1,2024-03-02
CUST_07921,Kavya Sharma,Female,Hyderabad,Telangana,Tier 1,2024-10-21
CUST_07922,Rahul Verma,Male,Guwahati,Assam,Tier 3,2023-11-25
CUST_07923,Divya Nair,Female,Jaipur,Rajasthan,Tier 2,2024-07-12
CUST_07924,Aarav Mehta,Male,Hyderabad,Telangana,Tier 1,2023-12-31
CUST_07925,Varun Singh,Male,Pune,Maharashtra,Tier 1,2023-07-02
CUST_07926,Pooja Reddy,Female,Chennai,Tamil Nadu,Tier 1,2023-11-08
CUST_07927,Divya Nair,Female,Guwahati,Assam,Tier 3,2024-06-19
CUST_07928,Kavya Verma,Female,Hyderabad,Telangana,Tier 1,2023-09-13
CUST_07929,Ananya Reddy,Female,Dehradun,Uttarakhand,Tier 3,2024-10-27
CUST_07930,Varun Mehta,Male,Lucknow,Uttar Pradesh,Tier 2,2023-10-09
CUST_07931,Ananya Patel,Female,Indore,Madhya Pradesh,Tier 2,2024-03-24
CUST_07932,Kabir Sharma,Male,Hyderabad,Telangana,Tier 1,2024-06-17
CUST_07933,Kavya Kumar,Female,Delhi,Delhi,Tier 1,2024-11-15
CUST_07934,Pooja Patel,Female,Jaipur,Rajasthan,Tier 2,2024-10-20
CUST_07935,Kabir Gupta,Male,Delhi,Delhi,Tier 1,2024-04-18
CUST_07936,Pooja Nair,Female,Indore,Madhya Pradesh,Tier 2,2023-09-27
CUST_07937,Varun Gupta,Male,Bengaluru,Karnataka,Tier 1,2024-08-15
CUST_07938,Priya Gupta,Female,Dehradun,Uttarakhand,Tier 3,2023-08-08
CUST_07939,Pooja Verma,Female,Hyderabad,Telangana,Tier 1,2023-06-22
CUST_07940,Vikram Singh,Male,Chandigarh,Punjab,Tier 2,2024-09-17
CUST_07941,Amit Verma,Male,Mumbai,Maharashtra,Tier 1,2024-07-01
CUST_07942,Kavya Reddy,Female,Delhi,Delhi,Tier 1,2024-02-25
CUST_07943,Ananya Gupta,Female,Indore,Madhya Pradesh,Tier 2,2023-12-02
CUST_07944,Ananya Kumar,Female,Pune,Maharashtra,Tier 1,2023-11-09
CUST_07945,Divya Iyer,Female,Guwahati,Assam,Tier 3,2024-07-14
CUST_07946,Ananya Nair,Female,Kochi,Kerala,Tier 2,2023-09-27
CUST_07947,Kavya Nair,Female,Indore,Madhya Pradesh,Tier 2,2023-09-19
CUST_07948,Ananya Mehta,Female,Mumbai,Maharashtra,Tier 1,2024-04-09
CUST_07949,Riya Kumar,Female,Chennai,Tamil Nadu,Tier 1,2024-07-04
CUST_07950,Varun Mehta,Male,Guwahati,Assam,Tier 3,2023-07-28
CUST_07951,Rahul Iyer,Male,Bengaluru,Karnataka,Tier 1,2024-03-25
CUST_07952,Pooja Verma,Female,Jaipur,Rajasthan,Tier 2,2023-12-20
CUST_07953,Kavya Kumar,Female,Guwahati,Assam,Tier 3,2023-07-02
CUST_07954,Kunal Patel,Male,Hyderabad,Telangana,Tier 1,2024-10-09
CUST_07955,Aditya Sharma,Male,Mumbai,Maharashtra,Tier 1,2024-08-03
CUST_07956,Neha Nair,Female,Ranchi,Jharkhand,Tier 3,2023-08-15
CUST_07957,Priya Sharma,Female,Mumbai,Maharashtra,Tier 1,2024-07-13
CUST_07958,Neha Reddy,Female,Ranchi,Jharkhand,Tier 3,2024-06-04
CUST_07959,Rahul Patel,Male,Pune,Maharashtra,Tier 1,2024-06-27
CUST_07960,Pooja Reddy,Female,Hyderabad,Telangana,Tier 1,2024-09-25
CUST_07961,Kavya Reddy,Female,Jaipur,Rajasthan,Tier 2,2023-10-14
CUST_07962,Varun Singh,Male,Chennai,Tamil Nadu,Tier 1,2023-06-25
CUST_07963,Amit Iyer,Male,Patna,Bihar,Tier 3,2024-04-01
CUST_07964,Amit Nair,Male,Pune,Maharashtra,Tier 1,2024-08-31
CUST_07965,Divya Singh,Female,Bhopal,Madhya Pradesh,Tier 3,2024-07-02
CUST_07966,Neha Singh,Female,Ahmedabad,Gujarat,Tier 2,2024-08-10
CUST_07967,Divya Sharma,Female,Chandigarh,Punjab,Tier 2,2024-11-12
CUST_07968,Pooja Iyer,Female,Patna,Bihar,Tier 3,2023-10-04
CUST_07969,Kabir Iyer,Male,Chennai,Tamil Nadu,Tier 1,2024-03-19
CUST_07970,Vikram Singh,Male,Delhi,Delhi,Tier 1,2023-12-08
CUST_07971,Ananya Reddy,Female,Delhi,Delhi,Tier 1,2024-03-06
CUST_07972,Sneha Reddy,Female,Jaipur,Rajasthan,Tier 2,2023-08-02
CUST_07973,Riya Reddy,Female,Bhopal,Madhya Pradesh,Tier 3,2024-09-29
CUST_07974,Ananya Reddy,Female,Bengaluru,Karnataka,Tier 1,2024-02-07
CUST_07975,Vikram Gupta,Male,Lucknow,Uttar Pradesh,Tier 2,2024-09-02
CUST_07976,Amit Sharma,Male,Hyderabad,Telangana,Tier 1,2024-11-17
CUST_07977,Aarav Nair,Male,Indore,Madhya Pradesh,Tier 2,2024-11-29
CUST_07978,Neha Reddy,Female,Chennai,Tamil Nadu,Tier 1,2024-09-23
CUST_07979,Ananya Verma,Female,Chennai,Tamil Nadu,Tier 1,2024-01-07
CUST_07980,Kabir Gupta,Male,Ranchi,Jharkhand,Tier 3,2024-10-02
CUST_07981,Tanvi Mehta,Female,Hyderabad,Telangana,Tier 1,2024-10-06
CUST_07982,Amit Gupta,Male,Hyderabad,Telangana,Tier 1,2024-08-24
CUST_07983,Priya Gupta,Female,Bhopal,Madhya Pradesh,Tier 3,2024-07-06
CUST_07984,Amit Verma,Male,Mumbai,Maharashtra,Tier 1,2023-10-24
CUST_07985,Sneha Singh,Female,Ahmedabad,Gujarat,Tier 2,2024-11-10
CUST_07986,Riya Sharma,Female,Chandigarh,Punjab,Tier 2,2024-07-11
CUST_07987,Riya Iyer,Female,Jaipur,Rajasthan,Tier 2,2024-04-16
CUST_07988,Arjun Singh,Male,Mumbai,Maharashtra,Tier 1,2024-02-18
CUST_07989,Riya Verma,Female,Chennai,Tamil Nadu,Tier 1,2024-09-19
CUST_07990,Sneha Sharma,Female,Dehradun,Uttarakhand,Tier 3,2023-07-03
CUST_07991,Rahul Nair,Male,Indore,Madhya Pradesh,Tier 2,2024-11-01
CUST_07992,Amit Sharma,Male,Dehradun,Uttarakhand,Tier 3,2023-11-14
CUST_07993,Kabir Mehta,Male,Patna,Bihar,Tier 3,2023-06-27
CUST_07994,Kavya Gupta,Female,Ahmedabad,Gujarat,Tier 2,2024-08-02
CUST_07995,Aarav Verma,Male,Lucknow,Uttar Pradesh,Tier 2,2023-12-10
CUST_07996,Kabir Patel,Male,Varanasi,Uttar Pradesh,Tier 3,2024-03-05
CUST_07997,Kabir Reddy,Male,Chennai,Tamil Nadu,Tier 1,2024-02-29
CUST_07998,Kunal Gupta,Male,Jaipur,Rajasthan,Tier 2,2023-11-26
CUST_07999,Neha Iyer,Female,Lucknow,Uttar Pradesh,Tier 2,2024-02-03
CUST_08000,Aditya Kumar,Male,Pune,Maharashtra,Tier 1,2024-04-14
CUST_08001,Aarav Verma,Male,Indore,Madhya Pradesh,Tier 2,2024-04-24
CUST_08002,Tanvi Gupta,Female,Chennai,Tamil Nadu,Tier 1,2023-11-27
CUST_08003,Ananya Gupta,Female,Bengaluru,Karnataka,Tier 1,2024-01-05
CUST_08004,Amit Singh,Male,Chennai,Tamil Nadu,Tier 1,2024-10-11
CUST_08005,Rahul Gupta,Male,Mumbai,Maharashtra,Tier 1,2024-01-04
CUST_08006,Tanvi Kumar,Female,Indore,Madhya Pradesh,Tier 2,2024-03-15
CUST_08007,Priya Patel,Female,Varanasi,Uttar Pradesh,Tier 3,2024-01-12
CUST_08008,Tanvi Reddy,Female,Chandigarh,Punjab,Tier 2,2024-02-22
CUST_08009,Ananya Verma,Female,Guwahati,Assam,Tier 3,2023-11-25
CUST_08010,Vikram Mehta,Male,Bhopal,Madhya Pradesh,Tier 3,2024-05-13
CUST_08011,Sneha Kumar,Female,Chandigarh,Punjab,Tier 2,2023-10-07
CUST_08012,Ananya Reddy,Female,Ahmedabad,Gujarat,Tier 2,2023-08-26
CUST_08013,Amit Singh,Male,Ranchi,Jharkhand,Tier 3,2024-05-07
CUST_08014,Aditya Singh,Male,Chandigarh,Punjab,Tier 2,2024-03-06
CUST_08015,Amit Kumar,Male,Chennai,Tamil Nadu,Tier 1,2024-11-30
CUST_08016,Vikram Sharma,Male,Kochi,Kerala,Tier 2,2024-04-18
CUST_08017,Tanvi Kumar,Female,Bengaluru,Karnataka,Tier 1,2024-07-16
CUST_08018,Arjun Verma,Male,Chennai,Tamil Nadu,Tier 1,2024-05-23
CUST_08019,Pooja Reddy,Female,Mumbai,Maharashtra,Tier 1,2023-06-02
CUST_08020,Rohan Kumar,Male,Chandigarh,Punjab,Tier 2,2024-04-12
CUST_08021,Varun Singh,Male,Mumbai,Maharashtra,Tier 1,2023-06-17
CUST_08022,Riya Sharma,Female,Mumbai,Maharashtra,Tier 1,2024-01-02
CUST_08023,Varun Kumar,Male,Varanasi,Uttar Pradesh,Tier 3,2024-09-26
CUST_08024,Pooja Sharma,Female,Patna,Bihar,Tier 3,2023-12-11
CUST_08025,Aarav Mehta,Male,Kochi,Kerala,Tier 2,2024-01-01
CUST_08026,Varun Patel,Male,Bhopal,Madhya Pradesh,Tier 3,2023-06-26
CUST_08027,Kavya Kumar,Female,Kochi,Kerala,Tier 2,2024-06-26
CUST_08028,Amit Singh,Male,Indore,Madhya Pradesh,Tier 2,2024-06-28
CUST_08029,Neha Nair,Female,Lucknow,Uttar Pradesh,Tier 2,2024-02-04
CUST_08030,Pooja Verma,Female,Chennai,Tamil Nadu,Tier 1,2024-05-25
CUST_08031,Amit Nair,Male,Chandigarh,Punjab,Tier 2,2024-08-24
CUST_08032,Amit Sharma,Male,Ahmedabad,Gujarat,Tier 2,2024-05-14
CUST_08033,Sneha Nair,Female,Hyderabad,Telangana,Tier 1,2024-11-12
CUST_08034,Aarav Verma,Male,Ahmedabad,Gujarat,Tier 2,2024-08-16
CUST_08035,Divya Nair,Female,Chennai,Tamil Nadu,Tier 1,2023-06-19
CUST_08036,Riya Kumar,Female,Bhopal,Madhya Pradesh,Tier 3,2024-04-23
CUST_08037,Neha Sharma,Female,Bhopal,Madhya Pradesh,Tier 3,2024-09-01
CUST_08038,Amit Nair,Male,Pune,Maharashtra,Tier 1,2024-09-05
CUST_08039,Ananya Iyer,Female,Jaipur,Rajasthan,Tier 2,2023-10-14
CUST_08040,Kunal Kumar,Male,Dehradun,Uttarakhand,Tier 3,2023-10-08
CUST_08041,Vikram Gupta,Male,Ahmedabad,Gujarat,Tier 2,2023-07-19
CUST_08042,Riya Mehta,Female,Kochi,Kerala,Tier 2,2024-07-13
CUST_08043,Ishita Singh,Female,Chandigarh,Punjab,Tier 2,2023-12-12
CUST_08044,Aarav Patel,Male,Delhi,Delhi,Tier 1,2024-03-02
CUST_08045,Kunal Mehta,Male,Ahmedabad,Gujarat,Tier 2,2024-10-08
CUST_08046,Amit Iyer,Male,Jaipur,Rajasthan,Tier 2,2023-10-02
CUST_08047,Rahul Sharma,Male,Chandigarh,Punjab,Tier 2,2024-10-13
CUST_08048,Varun Verma,Male,Ahmedabad,Gujarat,Tier 2,2024-02-14
CUST_08049,Arjun Verma,Male,Ranchi,Jharkhand,Tier 3,2024-07-30
CUST_08050,Riya Reddy,Female,Bengaluru,Karnataka,Tier 1,2024-10-13
CUST_08051,Kabir Patel,Male,Hyderabad,Telangana,Tier 1,2024-06-10
CUST_08052,Aarav Nair,Male,Chennai,Tamil Nadu,Tier 1,2023-12-15
CUST_08053,Aarav Verma,Male,Jaipur,Rajasthan,Tier 2,2024-11-19
CUST_08054,Rahul Verma,Male,Pune,Maharashtra,Tier 1,2023-07-18
CUST_08055,Kunal Singh,Male,Chennai,Tamil Nadu,Tier 1,2024-06-27
CUST_08056,Riya Mehta,Female,Guwahati,Assam,Tier 3,2024-06-21
CUST_08057,Vikram Patel,Male,Kochi,Kerala,Tier 2,2024-01-27
CUST_08058,Arjun Reddy,Male,Mumbai,Maharashtra,Tier 1,2024-04-03
CUST_08059,Riya Singh,Female,Jaipur,Rajasthan,Tier 2,2024-06-24
CUST_08060,Arjun Sharma,Male,Chennai,Tamil Nadu,Tier 1,2024-01-29
CUST_08061,Neha Nair,Female,Ahmedabad,Gujarat,Tier 2,2023-11-16
CUST_08062,Vikram Verma,Male,Jaipur,Rajasthan,Tier 2,2023-08-01
CUST_08063,Sneha Iyer,Female,Chennai,Tamil Nadu,Tier 1,2024-02-19
CUST_08064,Divya Nair,Female,Kochi,Kerala,Tier 2,2023-09-16
CUST_08065,Kunal Sharma,Male,Chandigarh,Punjab,Tier 2,2024-03-04
CUST_08066,Tanvi Kumar,Female,Indore,Madhya Pradesh,Tier 2,2024-09-08
CUST_08067,Neha Iyer,Female,Mumbai,Maharashtra,Tier 1,2024-01-17
CUST_08068,Neha Kumar,Female,Kochi,Kerala,Tier 2,2024-03-13
CUST_08069,Divya Verma,Female,Varanasi,Uttar Pradesh,Tier 3,2024-01-09
CUST_08070,Ishita Singh,Female,Chandigarh,Punjab,Tier 2,2024-04-18
CUST_08071,Aditya Sharma,Male,Indore,Madhya Pradesh,Tier 2,2024-04-19
CUST_08072,Aditya Singh,Male,Varanasi,Uttar Pradesh,Tier 3,2024-02-26
CUST_08073,Aarav Reddy,Male,Varanasi,Uttar Pradesh,Tier 3,2023-06-25
CUST_08074,Arjun Reddy,Male,Delhi,Delhi,Tier 1,2024-08-31
CUST_08075,Pooja Iyer,Female,Delhi,Delhi,Tier 1,2023-08-31
CUST_08076,Pooja Nair,Female,Bengaluru,Karnataka,Tier 1,2023-09-15
CUST_08077,Sneha Mehta,Female,Delhi,Delhi,Tier 1,2024-11-01
CUST_08078,Rohan Reddy,Male,Bhopal,Madhya Pradesh,Tier 3,2024-07-02
CUST_08079,Aditya Sharma,Male,Jaipur,Rajasthan,Tier 2,2024-02-20
CUST_08080,Amit Nair,Male,Kochi,Kerala,Tier 2,2023-08-20
CUST_08081,Rahul Kumar,Male,Indore,Madhya Pradesh,Tier 2,2024-04-07
CUST_08082,Aarav Gupta,Male,Dehradun,Uttarakhand,Tier 3,2024-09-18
CUST_08083,Sneha Verma,Female,Hyderabad,Telangana,Tier 1,2023-09-18
CUST_08084,Ishita Verma,Female,Pune,Maharashtra,Tier 1,2023-09-06
CUST_08085,Tanvi Gupta,Female,Patna,Bihar,Tier 3,2023-10-10
CUST_08086,Kabir Patel,Male,Ranchi,Jharkhand,Tier 3,2023-12-24
CUST_08087,Priya Verma,Female,Bengaluru,Karnataka,Tier 1,2024-07-09
CUST_08088,Ishita Gupta,Female,Chennai,Tamil Nadu,Tier 1,2024-04-10
CUST_08089,Vikram Reddy,Male,Patna,Bihar,Tier 3,2024-04-14
CUST_08090,Ishita Iyer,Female,Chennai,Tamil Nadu,Tier 1,2024-09-20
CUST_08091,Sneha Kumar,Female,Hyderabad,Telangana,Tier 1,2024-08-28
CUST_08092,Ishita Iyer,Female,Dehradun,Uttarakhand,Tier 3,2024-10-16
CUST_08093,Pooja Iyer,Female,Hyderabad,Telangana,Tier 1,2024-06-30
CUST_08094,Aditya Patel,Male,Dehradun,Uttarakhand,Tier 3,2024-02-11
CUST_08095,Ananya Verma,Female,Chennai,Tamil Nadu,Tier 1,2023-06-18
CUST_08096,Ananya Reddy,Female,Jaipur,Rajasthan,Tier 2,2024-05-25
CUST_08097,Varun Iyer,Male,Dehradun,Uttarakhand,Tier 3,2024-01-14
CUST_08098,Aditya Sharma,Male,Chandigarh,Punjab,Tier 2,2024-10-16
CUST_08099,Kabir Iyer,Male,Chennai,Tamil Nadu,Tier 1,2023-09-02
CUST_08100,Divya Kumar,Female,Kochi,Kerala,Tier 2,2024-01-22
CUST_08101,Amit Singh,Male,Mumbai,Maharashtra,Tier 1,2023-06-18
CUST_08102,Sneha Nair,Female,Ahmedabad,Gujarat,Tier 2,2023-08-29
CUST_08103,Tanvi Gupta,Female,Mumbai,Maharashtra,Tier 1,2023-06-28
CUST_08104,Kabir Verma,Male,Lucknow,Uttar Pradesh,Tier 2,2024-02-25
CUST_08105,Vikram Iyer,Male,Mumbai,Maharashtra,Tier 1,2024-04-25
CUST_08106,Ishita Sharma,Female,Ahmedabad,Gujarat,Tier 2,2024-10-23
CUST_08107,Divya Mehta,Female,Mumbai,Maharashtra,Tier 1,2024-03-28
CUST_08108,Priya Gupta,Female,Lucknow,Uttar Pradesh,Tier 2,2023-09-05
CUST_08109,Riya Mehta,Female,Hyderabad,Telangana,Tier 1,2024-03-19
CUST_08110,Riya Patel,Female,Lucknow,Uttar Pradesh,Tier 2,2023-10-22
CUST_08111,Ishita Mehta,Female,Ahmedabad,Gujarat,Tier 2,2024-10-07
CUST_08112,Varun Patel,Male,Indore,Madhya Pradesh,Tier 2,2023-09-15
CUST_08113,Sneha Nair,Female,Jaipur,Rajasthan,Tier 2,2024-04-15
CUST_08114,Riya Nair,Female,Chandigarh,Punjab,Tier 2,2023-10-22
CUST_08115,Neha Mehta,Female,Mumbai,Maharashtra,Tier 1,2024-05-11
CUST_08116,Rahul Nair,Male,Ranchi,Jharkhand,Tier 3,2024-07-17
CUST_08117,Vikram Sharma,Male,Bengaluru,Karnataka,Tier 1,2024-08-26
CUST_08118,Riya Reddy,Female,Chennai,Tamil Nadu,Tier 1,2023-12-04
CUST_08119,Vikram Gupta,Male,Ranchi,Jharkhand,Tier 3,2024-11-10
CUST_08120,Priya Gupta,Female,Jaipur,Rajasthan,Tier 2,2024-10-01
CUST_08121,Priya Reddy,Female,Delhi,Delhi,Tier 1,2023-10-26
CUST_08122,Kavya Singh,Female,Jaipur,Rajasthan,Tier 2,2024-04-30
CUST_08123,Aarav Kumar,Male,Ranchi,Jharkhand,Tier 3,2024-02-22
CUST_08124,Ishita Sharma,Female,Chandigarh,Punjab,Tier 2,2024-04-15
CUST_08125,Ishita Singh,Female,Pune,Maharashtra,Tier 1,2024-02-11
CUST_08126,Rahul Reddy,Male,Hyderabad,Telangana,Tier 1,2024-11-30
CUST_08127,Aditya Kumar,Male,Ahmedabad,Gujarat,Tier 2,2023-11-28
CUST_08128,Vikram Kumar,Male,Pune,Maharashtra,Tier 1,2024-12-01
CUST_08129,Arjun Sharma,Male,Indore,Madhya Pradesh,Tier 2,2024-02-10
CUST_08130,Priya Reddy,Female,Delhi,Delhi,Tier 1,2024-04-14
CUST_08131,Priya Singh,Female,Chennai,Tamil Nadu,Tier 1,2023-09-20
CUST_08132,Rohan Singh,Male,Chandigarh,Punjab,Tier 2,2024-01-14
CUST_08133,Rahul Iyer,Male,Kochi,Kerala,Tier 2,2024-01-27
CUST_08134,Ishita Singh,Female,Chennai,Tamil Nadu,Tier 1,2023-06-09
CUST_08135,Rahul Reddy,Male,Lucknow,Uttar Pradesh,Tier 2,2024-08-27
CUST_08136,Priya Kumar,Female,Pune,Maharashtra,Tier 1,2024-05-12
CUST_08137,Varun Sharma,Male,Varanasi,Uttar Pradesh,Tier 3,2024-09-04
CUST_08138,Riya Reddy,Female,Indore,Madhya Pradesh,Tier 2,2023-06-15
CUST_08139,Aditya Sharma,Male,Ahmedabad,Gujarat,Tier 2,2023-11-11
CUST_08140,Varun Sharma,Male,Patna,Bihar,Tier 3,2023-09-08
CUST_08141,Kavya Nair,Female,Jaipur,Rajasthan,Tier 2,2023-11-06
CUST_08142,Kunal Gupta,Male,Mumbai,Maharashtra,Tier 1,2024-07-30
CUST_08143,Ishita Reddy,Female,Guwahati,Assam,Tier 3,2023-06-15
CUST_08144,Aditya Nair,Male,Patna,Bihar,Tier 3,2024-08-03
CUST_08145,Arjun Sharma,Male,Guwahati,Assam,Tier 3,2023-06-09
CUST_08146,Divya Nair,Female,Bengaluru,Karnataka,Tier 1,2024-11-20
CUST_08147,Aarav Mehta,Male,Delhi,Delhi,Tier 1,2023-12-17
CUST_08148,Ishita Patel,Female,Chandigarh,Punjab,Tier 2,2024-11-18
CUST_08149,Sneha Patel,Female,Mumbai,Maharashtra,Tier 1,2023-06-11
CUST_08150,Priya Sharma,Female,Guwahati,Assam,Tier 3,2023-08-04
CUST_08151,Divya Patel,Female,Bhopal,Madhya Pradesh,Tier 3,2024-09-21
CUST_08152,Tanvi Patel,Female,Delhi,Delhi,Tier 1,2023-08-10
CUST_08153,Priya Iyer,Female,Varanasi,Uttar Pradesh,Tier 3,2024-08-30
CUST_08154,Rahul Reddy,Male,Ahmedabad,Gujarat,Tier 2,2023-11-18
CUST_08155,Sneha Nair,Female,Delhi,Delhi,Tier 1,2024-12-02
CUST_08156,Vikram Iyer,Male,Hyderabad,Telangana,Tier 1,2023-12-23
CUST_08157,Riya Iyer,Female,Pune,Maharashtra,Tier 1,2023-08-30
CUST_08158,Varun Patel,Male,Kochi,Kerala,Tier 2,2024-01-22
CUST_08159,Kabir Kumar,Male,Guwahati,Assam,Tier 3,2024-05-22
CUST_08160,Sneha Nair,Female,Indore,Madhya Pradesh,Tier 2,2024-07-14
CUST_08161,Amit Iyer,Male,Hyderabad,Telangana,Tier 1,2023-08-23
CUST_08162,Kabir Kumar,Male,Guwahati,Assam,Tier 3,2024-10-12
CUST_08163,Pooja Sharma,Female,Lucknow,Uttar Pradesh,Tier 2,2024-07-24
CUST_08164,Vikram Iyer,Male,Jaipur,Rajasthan,Tier 2,2024-03-31
CUST_08165,Arjun Reddy,Male,Kochi,Kerala,Tier 2,2023-11-08
CUST_08166,Rahul Reddy,Male,Ahmedabad,Gujarat,Tier 2,2023-09-07
CUST_08167,Kavya Singh,Female,Varanasi,Uttar Pradesh,Tier 3,2023-08-12
CUST_08168,Kunal Patel,Male,Indore,Madhya Pradesh,Tier 2,2024-11-10
CUST_08169,Ishita Reddy,Female,Delhi,Delhi,Tier 1,2023-07-14
CUST_08170,Varun Patel,Male,Pune,Maharashtra,Tier 1,2024-11-11
CUST_08171,Kavya Nair,Female,Ranchi,Jharkhand,Tier 3,2023-12-07
CUST_08172,Aarav Nair,Male,Jaipur,Rajasthan,Tier 2,2024-05-30
CUST_08173,Ananya Verma,Female,Chandigarh,Punjab,Tier 2,2024-03-19
CUST_08174,Kabir Reddy,Male,Mumbai,Maharashtra,Tier 1,2023-10-10
CUST_08175,Kavya Kumar,Female,Ranchi,Jharkhand,Tier 3,2024-10-25
CUST_08176,Amit Singh,Male,Pune,Maharashtra,Tier 1,2023-06-14
CUST_08177,Rohan Kumar,Male,Ahmedabad,Gujarat,Tier 2,2023-09-22
CUST_08178,Aditya Gupta,Male,Patna,Bihar,Tier 3,2023-12-09
CUST_08179,Divya Singh,Female,Kochi,Kerala,Tier 2,2023-07-09
CUST_08180,Rahul Kumar,Male,Chennai,Tamil Nadu,Tier 1,2023-07-11
CUST_08181,Neha Patel,Female,Delhi,Delhi,Tier 1,2024-08-09
CUST_08182,Varun Kumar,Male,Ranchi,Jharkhand,Tier 3,2024-10-09
CUST_08183,Vikram Nair,Male,Indore,Madhya Pradesh,Tier 2,2024-09-12
CUST_08184,Pooja Sharma,Female,Guwahati,Assam,Tier 3,2024-01-04
CUST_08185,Neha Patel,Female,Ahmedabad,Gujarat,Tier 2,2023-07-01
CUST_08186,Aarav Sharma,Male,Chandigarh,Punjab,Tier 2,2024-02-11
CUST_08187,Neha Singh,Female,Kochi,Kerala,Tier 2,2023-08-22
CUST_08188,Vikram Patel,Male,Mumbai,Maharashtra,Tier 1,2023-11-08
CUST_08189,Aarav Kumar,Male,Ahmedabad,Gujarat,Tier 2,2024-10-01
CUST_08190,Neha Mehta,Female,Hyderabad,Telangana,Tier 1,2023-12-09
CUST_08191,Tanvi Kumar,Female,Patna,Bihar,Tier 3,2024-05-31
CUST_08192,Sneha Kumar,Female,Ahmedabad,Gujarat,Tier 2,2024-04-27
CUST_08193,Ishita Kumar,Female,Hyderabad,Telangana,Tier 1,2024-06-28
CUST_08194,Ishita Reddy,Female,Kochi,Kerala,Tier 2,2024-07-15
CUST_08195,Ishita Reddy,Female,Bengaluru,Karnataka,Tier 1,2023-07-23
CUST_08196,Rahul Kumar,Male,Hyderabad,Telangana,Tier 1,2024-02-27
CUST_08197,Pooja Mehta,Female,Pune,Maharashtra,Tier 1,2024-11-03
CUST_08198,Sneha Iyer,Female,Chennai,Tamil Nadu,Tier 1,2024-11-02
CUST_08199,Riya Reddy,Female,Bengaluru,Karnataka,Tier 1,2024-04-14
CUST_08200,Ananya Kumar,Female,Chandigarh,Punjab,Tier 2,2024-01-04
CUST_08201,Kunal Sharma,Male,Delhi,Delhi,Tier 1,2023-09-17
CUST_08202,Amit Verma,Male,Kochi,Kerala,Tier 2,2023-10-02
CUST_08203,Amit Reddy,Male,Patna,Bihar,Tier 3,2024-05-22
CUST_08204,Divya Singh,Female,Pune,Maharashtra,Tier 1,2024-11-19
CUST_08205,Aditya Mehta,Male,Dehradun,Uttarakhand,Tier 3,2023-11-03
CUST_08206,Priya Iyer,Female,Chandigarh,Punjab,Tier 2,2024-09-16
CUST_08207,Rohan Nair,Male,Bengaluru,Karnataka,Tier 1,2024-06-21
CUST_08208,Neha Singh,Female,Bhopal,Madhya Pradesh,Tier 3,2024-06-23
CUST_08209,Vikram Nair,Male,Jaipur,Rajasthan,Tier 2,2024-11-14
CUST_08210,Divya Patel,Female,Delhi,Delhi,Tier 1,2024-01-15
CUST_08211,Divya Singh,Female,Ahmedabad,Gujarat,Tier 2,2023-12-28
CUST_08212,Neha Gupta,Female,Ahmedabad,Gujarat,Tier 2,2024-11-28
CUST_08213,Amit Gupta,Male,Chennai,Tamil Nadu,Tier 1,2023-09-01
CUST_08214,Neha Gupta,Female,Chennai,Tamil Nadu,Tier 1,2024-04-19
CUST_08215,Amit Singh,Male,Pune,Maharashtra,Tier 1,2024-07-29
CUST_08216,Sneha Verma,Female,Ranchi,Jharkhand,Tier 3,2023-07-08
CUST_08217,Kabir Mehta,Male,Lucknow,Uttar Pradesh,Tier 2,2024-08-03
CUST_08218,Kabir Kumar,Male,Chandigarh,Punjab,Tier 2,2024-04-02
CUST_08219,Rahul Nair,Male,Indore,Madhya Pradesh,Tier 2,2024-05-10
CUST_08220,Ishita Reddy,Female,Delhi,Delhi,Tier 1,2024-06-18
CUST_08221,Rahul Gupta,Male,Lucknow,Uttar Pradesh,Tier 2,2023-07-06
CUST_08222,Ishita Mehta,Female,Lucknow,Uttar Pradesh,Tier 2,2023-09-20
CUST_08223,Kabir Iyer,Male,Varanasi,Uttar Pradesh,Tier 3,2023-11-23
CUST_08224,Vikram Kumar,Male,Lucknow,Uttar Pradesh,Tier 2,2023-12-24
CUST_08225,Kabir Nair,Male,Chennai,Tamil Nadu,Tier 1,2023-12-03
CUST_08226,Kavya Kumar,Female,Varanasi,Uttar Pradesh,Tier 3,2023-09-13
CUST_08227,Sneha Reddy,Female,Mumbai,Maharashtra,Tier 1,2024-05-06
CUST_08228,Vikram Iyer,Male,Hyderabad,Telangana,Tier 1,2023-12-23
CUST_08229,Kunal Sharma,Male,Bengaluru,Karnataka,Tier 1,2024-09-18
CUST_08230,Ananya Patel,Female,Jaipur,Rajasthan,Tier 2,2023-07-16
CUST_08231,Ananya Reddy,Female,Delhi,Delhi,Tier 1,2024-03-07
CUST_08232,Aditya Singh,Male,Jaipur,Rajasthan,Tier 2,2023-12-03
CUST_08233,Pooja Mehta,Female,Chandigarh,Punjab,Tier 2,2024-03-11
CUST_08234,Arjun Patel,Male,Ahmedabad,Gujarat,Tier 2,2024-10-20
CUST_08235,Rahul Kumar,Male,Delhi,Delhi,Tier 1,2023-08-30
CUST_08236,Pooja Kumar,Female,Varanasi,Uttar Pradesh,Tier 3,2024-09-29
CUST_08237,Aditya Gupta,Male,Patna,Bihar,Tier 3,2023-07-15
CUST_08238,Riya Nair,Female,Hyderabad,Telangana,Tier 1,2023-07-23
CUST_08239,Aditya Kumar,Male,Hyderabad,Telangana,Tier 1,2023-11-05
CUST_08240,Vikram Sharma,Male,Dehradun,Uttarakhand,Tier 3,2024-06-03
CUST_08241,Aarav Gupta,Male,Varanasi,Uttar Pradesh,Tier 3,2024-01-18
CUST_08242,Aarav Singh,Male,Pune,Maharashtra,Tier 1,2023-10-17
CUST_08243,Kavya Patel,Female,Bengaluru,Karnataka,Tier 1,2024-10-31
CUST_08244,Ananya Kumar,Female,Chennai,Tamil Nadu,Tier 1,2024-01-17
CUST_08245,Kabir Kumar,Male,Ranchi,Jharkhand,Tier 3,2024-02-01
CUST_08246,Divya Nair,Female,Mumbai,Maharashtra,Tier 1,2024-02-22
CUST_08247,Varun Iyer,Male,Indore,Madhya Pradesh,Tier 2,2024-11-24
CUST_08248,Divya Nair,Female,Delhi,Delhi,Tier 1,2024-06-03
CUST_08249,Pooja Mehta,Female,Varanasi,Uttar Pradesh,Tier 3,2024-09-14
CUST_08250,Arjun Gupta,Male,Chennai,Tamil Nadu,Tier 1,2024-03-22
CUST_08251,Vikram Singh,Male,Indore,Madhya Pradesh,Tier 2,2023-06-27
CUST_08252,Kunal Kumar,Male,Hyderabad,Telangana,Tier 1,2024-07-06
CUST_08253,Kavya Nair,Female,Ahmedabad,Gujarat,Tier 2,2023-07-10
CUST_08254,Kavya Nair,Female,Guwahati,Assam,Tier 3,2024-10-21
CUST_08255,Rahul Mehta,Male,Mumbai,Maharashtra,Tier 1,2023-07-14
CUST_08256,Pooja Sharma,Female,Mumbai,Maharashtra,Tier 1,2023-08-05
CUST_08257,Aarav Gupta,Male,Ranchi,Jharkhand,Tier 3,2023-09-12
CUST_08258,Arjun Mehta,Male,Bengaluru,Karnataka,Tier 1,2023-09-02
CUST_08259,Sneha Sharma,Female,Bhopal,Madhya Pradesh,Tier 3,2024-07-12
CUST_08260,Rahul Patel,Male,Pune,Maharashtra,Tier 1,2024-07-26
CUST_08261,Vikram Sharma,Male,Lucknow,Uttar Pradesh,Tier 2,2024-03-21
CUST_08262,Riya Patel,Female,Chennai,Tamil Nadu,Tier 1,2023-11-07
CUST_08263,Vikram Mehta,Male,Mumbai,Maharashtra,Tier 1,2023-10-13
CUST_08264,Aarav Sharma,Male,Mumbai,Maharashtra,Tier 1,2024-09-01
CUST_08265,Amit Patel,Male,Mumbai,Maharashtra,Tier 1,2024-05-06
CUST_08266,Varun Reddy,Male,Kochi,Kerala,Tier 2,2024-01-25
CUST_08267,Pooja Patel,Female,Chandigarh,Punjab,Tier 2,2023-09-28
CUST_08268,Tanvi Patel,Female,Kochi,Kerala,Tier 2,2024-11-13
CUST_08269,Tanvi Reddy,Female,Indore,Madhya Pradesh,Tier 2,2023-07-28
CUST_08270,Neha Iyer,Female,Bhopal,Madhya Pradesh,Tier 3,2024-06-19
CUST_08271,Vikram Sharma,Male,Jaipur,Rajasthan,Tier 2,2024-09-19
CUST_08272,Varun Sharma,Male,Mumbai,Maharashtra,Tier 1,2024-06-20
CUST_08273,Rahul Reddy,Male,Varanasi,Uttar Pradesh,Tier 3,2024-05-08
CUST_08274,Neha Patel,Female,Hyderabad,Telangana,Tier 1,2023-12-20
CUST_08275,Sneha Iyer,Female,Delhi,Delhi,Tier 1,2024-09-24
CUST_08276,Neha Mehta,Female,Kochi,Kerala,Tier 2,2023-12-04
CUST_08277,Pooja Nair,Female,Delhi,Delhi,Tier 1,2024-08-16
CUST_08278,Varun Patel,Male,Mumbai,Maharashtra,Tier 1,2024-11-24
CUST_08279,Aditya Nair,Male,Jaipur,Rajasthan,Tier 2,2023-12-19
CUST_08280,Sneha Patel,Female,Pune,Maharashtra,Tier 1,2023-06-29
CUST_08281,Sneha Reddy,Female,Ahmedabad,Gujarat,Tier 2,2024-03-25
CUST_08282,Rohan Singh,Male,Mumbai,Maharashtra,Tier 1,2024-04-14
CUST_08283,Sneha Patel,Female,Lucknow,Uttar Pradesh,Tier 2,2024-02-13
CUST_08284,Tanvi Reddy,Female,Ahmedabad,Gujarat,Tier 2,2024-01-12
CUST_08285,Kabir Sharma,Male,Mumbai,Maharashtra,Tier 1,2023-12-11
CUST_08286,Kunal Singh,Male,Mumbai,Maharashtra,Tier 1,2024-05-16
CUST_08287,Aditya Nair,Male,Chennai,Tamil Nadu,Tier 1,2024-06-08
CUST_08288,Varun Sharma,Male,Bengaluru,Karnataka,Tier 1,2024-03-01
CUST_08289,Ishita Reddy,Female,Delhi,Delhi,Tier 1,2023-07-31
CUST_08290,Kabir Reddy,Male,Mumbai,Maharashtra,Tier 1,2023-12-13
CUST_08291,Aarav Reddy,Male,Hyderabad,Telangana,Tier 1,2023-08-11
CUST_08292,Divya Singh,Female,Indore,Madhya Pradesh,Tier 2,2024-07-08
CUST_08293,Riya Reddy,Female,Indore,Madhya Pradesh,Tier 2,2023-11-20
CUST_08294,Vikram Nair,Male,Delhi,Delhi,Tier 1,2024-06-24
CUST_08295,Ananya Nair,Female,Chandigarh,Punjab,Tier 2,2023-10-18
CUST_08296,Kunal Sharma,Male,Indore,Madhya Pradesh,Tier 2,2023-10-12
CUST_08297,Riya Verma,Female,Kochi,Kerala,Tier 2,2023-08-03
CUST_08298,Kavya Gupta,Female,Delhi,Delhi,Tier 1,2023-08-13
CUST_08299,Arjun Gupta,Male,Chennai,Tamil Nadu,Tier 1,2024-11-01
CUST_08300,Varun Singh,Male,Dehradun,Uttarakhand,Tier 3,2024-04-16
CUST_08301,Riya Reddy,Female,Mumbai,Maharashtra,Tier 1,2024-08-08
CUST_08302,Sneha Singh,Female,Patna,Bihar,Tier 3,2023-12-21
CUST_08303,Aarav Gupta,Male,Chennai,Tamil Nadu,Tier 1,2024-01-17
CUST_08304,Arjun Verma,Male,Mumbai,Maharashtra,Tier 1,2024-04-01
CUST_08305,Aditya Reddy,Male,Mumbai,Maharashtra,Tier 1,2024-02-28
CUST_08306,Rohan Sharma,Male,Indore,Madhya Pradesh,Tier 2,2024-07-26
CUST_08307,Aarav Iyer,Male,Dehradun,Uttarakhand,Tier 3,2024-06-08
CUST_08308,Rohan Patel,Male,Delhi,Delhi,Tier 1,2023-11-15
CUST_08309,Riya Iyer,Female,Hyderabad,Telangana,Tier 1,2024-09-17
CUST_08310,Arjun Reddy,Male,Kochi,Kerala,Tier 2,2024-06-25
CUST_08311,Riya Patel,Female,Kochi,Kerala,Tier 2,2024-01-25
CUST_08312,Kunal Sharma,Male,Jaipur,Rajasthan,Tier 2,2023-07-11
CUST_08313,Aarav Verma,Male,Delhi,Delhi,Tier 1,2024-11-18
CUST_08314,Kabir Gupta,Male,Indore,Madhya Pradesh,Tier 2,2023-10-10
CUST_08315,Rohan Nair,Male,Kochi,Kerala,Tier 2,2023-06-21
CUST_08316,Vikram Singh,Male,Jaipur,Rajasthan,Tier 2,2023-08-03
CUST_08317,Sneha Mehta,Female,Kochi,Kerala,Tier 2,2024-03-27
CUST_08318,Aarav Singh,Male,Lucknow,Uttar Pradesh,Tier 2,2023-06-17
CUST_08319,Riya Sharma,Female,Varanasi,Uttar Pradesh,Tier 3,2023-10-12
CUST_08320,Aarav Reddy,Male,Delhi,Delhi,Tier 1,2023-12-29
CUST_08321,Aarav Kumar,Male,Bengaluru,Karnataka,Tier 1,2024-01-09
CUST_08322,Kabir Nair,Male,Ahmedabad,Gujarat,Tier 2,2024-04-20
CUST_08323,Arjun Gupta,Male,Hyderabad,Telangana,Tier 1,2024-08-29
CUST_08324,Priya Singh,Female,Pune,Maharashtra,Tier 1,2024-01-20
CUST_08325,Priya Kumar,Female,Pune,Maharashtra,Tier 1,2024-05-25
CUST_08326,Vikram Patel,Male,Ranchi,Jharkhand,Tier 3,2023-07-23
CUST_08327,Rohan Kumar,Male,Ahmedabad,Gujarat,Tier 2,2024-07-02
CUST_08328,Rohan Kumar,Male,Bengaluru,Karnataka,Tier 1,2024-08-18
CUST_08329,Kunal Verma,Male,Delhi,Delhi,Tier 1,2023-12-15
CUST_08330,Priya Sharma,Female,Chennai,Tamil Nadu,Tier 1,2024-08-05
CUST_08331,Ananya Singh,Female,Ranchi,Jharkhand,Tier 3,2023-12-09
CUST_08332,Kavya Mehta,Female,Chennai,Tamil Nadu,Tier 1,2023-07-07
CUST_08333,Pooja Reddy,Female,Bhopal,Madhya Pradesh,Tier 3,2023-10-28
CUST_08334,Kunal Patel,Male,Bengaluru,Karnataka,Tier 1,2024-04-09
CUST_08335,Sneha Singh,Female,Guwahati,Assam,Tier 3,2024-11-11
CUST_08336,Ananya Iyer,Female,Pune,Maharashtra,Tier 1,2023-10-10
CUST_08337,Pooja Mehta,Female,Bengaluru,Karnataka,Tier 1,2023-06-16
CUST_08338,Rohan Iyer,Male,Dehradun,Uttarakhand,Tier 3,2024-03-02
CUST_08339,Aarav Iyer,Male,Ahmedabad,Gujarat,Tier 2,2023-09-26
CUST_08340,Varun Reddy,Male,Varanasi,Uttar Pradesh,Tier 3,2023-10-17
CUST_08341,Amit Nair,Male,Delhi,Delhi,Tier 1,2023-08-18
CUST_08342,Divya Singh,Female,Indore,Madhya Pradesh,Tier 2,2024-02-27
CUST_08343,Vikram Kumar,Male,Bhopal,Madhya Pradesh,Tier 3,2024-07-19
CUST_08344,Riya Patel,Female,Ahmedabad,Gujarat,Tier 2,2024-08-17
CUST_08345,Tanvi Singh,Female,Jaipur,Rajasthan,Tier 2,2023-07-09
CUST_08346,Priya Patel,Female,Kochi,Kerala,Tier 2,2023-10-17
CUST_08347,Sneha Singh,Female,Chennai,Tamil Nadu,Tier 1,2024-08-10
CUST_08348,Neha Reddy,Female,Lucknow,Uttar Pradesh,Tier 2,2024-06-29
CUST_08349,Neha Nair,Female,Hyderabad,Telangana,Tier 1,2023-06-04
CUST_08350,Vikram Sharma,Male,Lucknow,Uttar Pradesh,Tier 2,2024-06-02
CUST_08351,Aditya Mehta,Male,Jaipur,Rajasthan,Tier 2,2024-05-29
CUST_08352,Divya Patel,Female,Mumbai,Maharashtra,Tier 1,2024-02-10
CUST_08353,Tanvi Verma,Female,Ranchi,Jharkhand,Tier 3,2023-11-15
CUST_08354,Rohan Reddy,Male,Bhopal,Madhya Pradesh,Tier 3,2024-04-29
CUST_08355,Rahul Gupta,Male,Chandigarh,Punjab,Tier 2,2023-07-30
CUST_08356,Divya Gupta,Female,Jaipur,Rajasthan,Tier 2,2023-06-21
CUST_08357,Ananya Mehta,Female,Kochi,Kerala,Tier 2,2023-12-02
CUST_08358,Tanvi Reddy,Female,Hyderabad,Telangana,Tier 1,2023-06-22
CUST_08359,Pooja Mehta,Female,Pune,Maharashtra,Tier 1,2024-05-20
CUST_08360,Arjun Gupta,Male,Kochi,Kerala,Tier 2,2024-10-18
CUST_08361,Ananya Kumar,Female,Pune,Maharashtra,Tier 1,2023-06-28
CUST_08362,Kabir Sharma,Male,Jaipur,Rajasthan,Tier 2,2024-01-10
CUST_08363,Arjun Iyer,Male,Bengaluru,Karnataka,Tier 1,2024-10-30
CUST_08364,Kabir Kumar,Male,Patna,Bihar,Tier 3,2024-04-15
CUST_08365,Varun Iyer,Male,Jaipur,Rajasthan,Tier 2,2023-10-08
CUST_08366,Pooja Gupta,Female,Bengaluru,Karnataka,Tier 1,2024-06-15
CUST_08367,Rahul Iyer,Male,Ahmedabad,Gujarat,Tier 2,2023-07-14
CUST_08368,Tanvi Verma,Female,Kochi,Kerala,Tier 2,2024-10-29
CUST_08369,Vikram Iyer,Male,Bhopal,Madhya Pradesh,Tier 3,2024-07-27
CUST_08370,Ishita Singh,Female,Lucknow,Uttar Pradesh,Tier 2,2023-10-16
CUST_08371,Kunal Reddy,Male,Chennai,Tamil Nadu,Tier 1,2023-09-04
CUST_08372,Kunal Gupta,Male,Delhi,Delhi,Tier 1,2023-06-24
CUST_08373,Vikram Mehta,Male,Patna,Bihar,Tier 3,2023-12-21
CUST_08374,Kabir Reddy,Male,Chennai,Tamil Nadu,Tier 1,2023-10-14
CUST_08375,Varun Kumar,Male,Pune,Maharashtra,Tier 1,2024-02-09
CUST_08376,Ananya Mehta,Female,Varanasi,Uttar Pradesh,Tier 3,2024-01-05
CUST_08377,Neha Singh,Female,Chandigarh,Punjab,Tier 2,2024-06-03
CUST_08378,Neha Kumar,Female,Patna,Bihar,Tier 3,2023-08-16
CUST_08379,Pooja Singh,Female,Chandigarh,Punjab,Tier 2,2024-03-18
CUST_08380,Varun Patel,Male,Ahmedabad,Gujarat,Tier 2,2023-09-16
CUST_08381,Aarav Reddy,Male,Kochi,Kerala,Tier 2,2023-06-27
CUST_08382,Kunal Nair,Male,Bengaluru,Karnataka,Tier 1,2023-09-27
CUST_08383,Aditya Patel,Male,Varanasi,Uttar Pradesh,Tier 3,2024-10-27
CUST_08384,Aditya Singh,Male,Ranchi,Jharkhand,Tier 3,2023-06-10
CUST_08385,Varun Reddy,Male,Chennai,Tamil Nadu,Tier 1,2024-11-14
CUST_08386,Priya Gupta,Female,Pune,Maharashtra,Tier 1,2023-06-19
CUST_08387,Tanvi Singh,Female,Pune,Maharashtra,Tier 1,2023-07-20
CUST_08388,Pooja Iyer,Female,Chennai,Tamil Nadu,Tier 1,2024-07-13
CUST_08389,Arjun Patel,Male,Mumbai,Maharashtra,Tier 1,2024-09-20
CUST_08390,Sneha Gupta,Female,Delhi,Delhi,Tier 1,2024-03-02
CUST_08391,Rahul Gupta,Male,Mumbai,Maharashtra,Tier 1,2024-11-17
CUST_08392,Tanvi Kumar,Female,Ahmedabad,Gujarat,Tier 2,2023-10-24
CUST_08393,Amit Iyer,Male,Pune,Maharashtra,Tier 1,2024-11-01
CUST_08394,Riya Iyer,Female,Lucknow,Uttar Pradesh,Tier 2,2023-12-14
CUST_08395,Riya Kumar,Female,Pune,Maharashtra,Tier 1,2023-08-04
CUST_08396,Rahul Mehta,Male,Ahmedabad,Gujarat,Tier 2,2024-08-25
CUST_08397,Priya Singh,Female,Mumbai,Maharashtra,Tier 1,2024-01-16
CUST_08398,Pooja Gupta,Female,Kochi,Kerala,Tier 2,2023-07-08
CUST_08399,Amit Kumar,Male,Mumbai,Maharashtra,Tier 1,2024-09-22
CUST_08400,Neha Gupta,Female,Jaipur,Rajasthan,Tier 2,2024-11-23
CUST_08401,Vikram Patel,Male,Jaipur,Rajasthan,Tier 2,2023-06-14
CUST_08402,Vikram Iyer,Male,Hyderabad,Telangana,Tier 1,2024-12-02
CUST_08403,Sneha Mehta,Female,Chennai,Tamil Nadu,Tier 1,2023-08-20
CUST_08404,Priya Patel,Female,Hyderabad,Telangana,Tier 1,2024-10-16
CUST_08405,Ananya Nair,Female,Ranchi,Jharkhand,Tier 3,2023-07-16
CUST_08406,Aarav Gupta,Male,Ranchi,Jharkhand,Tier 3,2024-04-20
CUST_08407,Ishita Patel,Female,Lucknow,Uttar Pradesh,Tier 2,2024-06-13
CUST_08408,Kavya Nair,Female,Pune,Maharashtra,Tier 1,2024-01-10
CUST_08409,Riya Sharma,Female,Indore,Madhya Pradesh,Tier 2,2024-03-28
CUST_08410,Ananya Mehta,Female,Guwahati,Assam,Tier 3,2024-07-13
CUST_08411,Amit Mehta,Male,Chandigarh,Punjab,Tier 2,2024-07-04
CUST_08412,Amit Verma,Male,Patna,Bihar,Tier 3,2024-11-25
CUST_08413,Ananya Patel,Female,Chandigarh,Punjab,Tier 2,2024-05-04
CUST_08414,Rahul Nair,Male,Lucknow,Uttar Pradesh,Tier 2,2023-08-18
CUST_08415,Pooja Sharma,Female,Chandigarh,Punjab,Tier 2,2023-09-15
CUST_08416,Vikram Nair,Male,Ahmedabad,Gujarat,Tier 2,2024-08-09
CUST_08417,Rohan Kumar,Male,Chennai,Tamil Nadu,Tier 1,2024-01-18
CUST_08418,Vikram Kumar,Male,Pune,Maharashtra,Tier 1,2024-11-22
CUST_08419,Varun Singh,Male,Bengaluru,Karnataka,Tier 1,2024-11-02
CUST_08420,Aditya Reddy,Male,Jaipur,Rajasthan,Tier 2,2024-04-07
CUST_08421,Riya Patel,Female,Varanasi,Uttar Pradesh,Tier 3,2024-09-11
CUST_08422,Pooja Nair,Female,Varanasi,Uttar Pradesh,Tier 3,2023-12-22
CUST_08423,Ananya Sharma,Female,Hyderabad,Telangana,Tier 1,2024-08-31
CUST_08424,Kavya Kumar,Female,Delhi,Delhi,Tier 1,2023-12-12
CUST_08425,Neha Gupta,Female,Kochi,Kerala,Tier 2,2024-01-12
CUST_08426,Neha Mehta,Female,Hyderabad,Telangana,Tier 1,2023-08-09
CUST_08427,Sneha Singh,Female,Jaipur,Rajasthan,Tier 2,2024-05-30
CUST_08428,Arjun Mehta,Male,Delhi,Delhi,Tier 1,2024-08-21
CUST_08429,Priya Singh,Female,Kochi,Kerala,Tier 2,2023-11-08
CUST_08430,Pooja Gupta,Female,Delhi,Delhi,Tier 1,2023-08-16
CUST_08431,Ishita Patel,Female,Kochi,Kerala,Tier 2,2024-06-05
CUST_08432,Neha Mehta,Female,Hyderabad,Telangana,Tier 1,2023-08-09
CUST_08433,Tanvi Sharma,Female,Chennai,Tamil Nadu,Tier 1,2024-02-17
CUST_08434,Varun Gupta,Male,Chennai,Tamil Nadu,Tier 1,2023-08-01
CUST_08435,Varun Patel,Male,Chennai,Tamil Nadu,Tier 1,2024-11-05
CUST_08436,Kabir Iyer,Male,Chandigarh,Punjab,Tier 2,2023-10-08
CUST_08437,Ishita Mehta,Female,Ahmedabad,Gujarat,Tier 2,2024-09-28
CUST_08438,Neha Gupta,Female,Bengaluru,Karnataka,Tier 1,2023-10-16
CUST_08439,Vikram Reddy,Male,Indore,Madhya Pradesh,Tier 2,2024-05-18
CUST_08440,Aditya Reddy,Male,Bengaluru,Karnataka,Tier 1,2023-10-09
CUST_08441,Arjun Kumar,Male,Kochi,Kerala,Tier 2,2024-08-15
CUST_08442,Sneha Iyer,Female,Chennai,Tamil Nadu,Tier 1,2024-06-20
CUST_08443,Kavya Gupta,Female,Delhi,Delhi,Tier 1,2024-02-13
CUST_08444,Riya Sharma,Female,Delhi,Delhi,Tier 1,2024-11-04
CUST_08445,Varun Reddy,Male,Delhi,Delhi,Tier 1,2024-05-03
CUST_08446,Arjun Singh,Male,Lucknow,Uttar Pradesh,Tier 2,2023-12-03
CUST_08447,Varun Singh,Male,Delhi,Delhi,Tier 1,2024-02-19
CUST_08448,Neha Gupta,Female,Chennai,Tamil Nadu,Tier 1,2023-12-23
CUST_08449,Rohan Nair,Male,Chandigarh,Punjab,Tier 2,2024-06-29
CUST_08450,Kunal Sharma,Male,Mumbai,Maharashtra,Tier 1,2024-11-05
CUST_08451,Sneha Nair,Female,Indore,Madhya Pradesh,Tier 2,2024-11-12
CUST_08452,Vikram Singh,Male,Mumbai,Maharashtra,Tier 1,2024-09-20
CUST_08453,Amit Kumar,Male,Mumbai,Maharashtra,Tier 1,2024-03-14
CUST_08454,Rahul Iyer,Male,Patna,Bihar,Tier 3,2024-11-30
CUST_08455,Vikram Gupta,Male,Chandigarh,Punjab,Tier 2,2023-07-18
CUST_08456,Tanvi Mehta,Female,Patna,Bihar,Tier 3,2023-11-26
CUST_08457,Sneha Singh,Female,Hyderabad,Telangana,Tier 1,2023-09-15
CUST_08458,Kabir Reddy,Male,Lucknow,Uttar Pradesh,Tier 2,2024-10-04
CUST_08459,Kabir Gupta,Male,Hyderabad,Telangana,Tier 1,2023-11-08
CUST_08460,Kunal Mehta,Male,Hyderabad,Telangana,Tier 1,2023-08-27
CUST_08461,Amit Reddy,Male,Delhi,Delhi,Tier 1,2023-06-21
CUST_08462,Rohan Iyer,Male,Jaipur,Rajasthan,Tier 2,2024-07-12
CUST_08463,Tanvi Verma,Female,Delhi,Delhi,Tier 1,2024-07-11
CUST_08464,Neha Gupta,Female,Chennai,Tamil Nadu,Tier 1,2023-08-17
CUST_08465,Rahul Singh,Male,Kochi,Kerala,Tier 2,2023-12-03
CUST_08466,Vikram Reddy,Male,Pune,Maharashtra,Tier 1,2024-08-07
CUST_08467,Ananya Reddy,Female,Hyderabad,Telangana,Tier 1,2023-09-03
CUST_08468,Ishita Iyer,Female,Pune,Maharashtra,Tier 1,2023-10-23
CUST_08469,Neha Nair,Female,Mumbai,Maharashtra,Tier 1,2023-12-14
CUST_08470,Sneha Iyer,Female,Jaipur,Rajasthan,Tier 2,2023-12-11
CUST_08471,Priya Mehta,Female,Lucknow,Uttar Pradesh,Tier 2,2024-02-13
CUST_08472,Riya Patel,Female,Ranchi,Jharkhand,Tier 3,2023-09-07
CUST_08473,Kabir Kumar,Male,Lucknow,Uttar Pradesh,Tier 2,2023-12-03
CUST_08474,Amit Verma,Male,Patna,Bihar,Tier 3,2023-08-26
CUST_08475,Priya Iyer,Female,Ranchi,Jharkhand,Tier 3,2023-06-27
CUST_08476,Neha Reddy,Female,Kochi,Kerala,Tier 2,2023-12-20
CUST_08477,Aditya Verma,Male,Chandigarh,Punjab,Tier 2,2024-03-31
CUST_08478,Pooja Nair,Female,Hyderabad,Telangana,Tier 1,2024-03-30
CUST_08479,Kabir Kumar,Male,Bhopal,Madhya Pradesh,Tier 3,2024-06-04
CUST_08480,Aditya Patel,Male,Varanasi,Uttar Pradesh,Tier 3,2023-07-04
CUST_08481,Rahul Kumar,Male,Dehradun,Uttarakhand,Tier 3,2024-07-18
CUST_08482,Kavya Iyer,Female,Pune,Maharashtra,Tier 1,2024-06-01
CUST_08483,Neha Sharma,Female,Chennai,Tamil Nadu,Tier 1,2024-10-04
CUST_08484,Kabir Gupta,Male,Kochi,Kerala,Tier 2,2023-10-07
CUST_08485,Ishita Mehta,Female,Bengaluru,Karnataka,Tier 1,2024-02-28
CUST_08486,Kabir Singh,Male,Mumbai,Maharashtra,Tier 1,2024-07-10
CUST_08487,Divya Nair,Female,Lucknow,Uttar Pradesh,Tier 2,2024-08-21
CUST_08488,Pooja Gupta,Female,Indore,Madhya Pradesh,Tier 2,2024-04-15
CUST_08489,Divya Nair,Female,Varanasi,Uttar Pradesh,Tier 3,2024-07-18
CUST_08490,Rahul Gupta,Male,Bhopal,Madhya Pradesh,Tier 3,2023-10-21
CUST_08491,Arjun Sharma,Male,Pune,Maharashtra,Tier 1,2024-03-28
CUST_08492,Varun Iyer,Male,Varanasi,Uttar Pradesh,Tier 3,2023-08-31
CUST_08493,Vikram Reddy,Male,Mumbai,Maharashtra,Tier 1,2024-05-15
CUST_08494,Arjun Iyer,Male,Ahmedabad,Gujarat,Tier 2,2023-11-21
CUST_08495,Varun Iyer,Male,Ahmedabad,Gujarat,Tier 2,2024-10-04
CUST_08496,Rohan Verma,Male,Bengaluru,Karnataka,Tier 1,2024-01-07
CUST_08497,Varun Iyer,Male,Ahmedabad,Gujarat,Tier 2,2023-07-12
CUST_08498,Kabir Sharma,Male,Kochi,Kerala,Tier 2,2024-06-11
CUST_08499,Riya Reddy,Female,Varanasi,Uttar Pradesh,Tier 3,2024-08-19
CUST_08500,Arjun Nair,Male,Mumbai,Maharashtra,Tier 1,2023-07-10
CUST_08501,Ananya Sharma,Female,Patna,Bihar,Tier 3,2024-03-03
CUST_08502,Ishita Sharma,Female,Chennai,Tamil Nadu,Tier 1,2023-12-23
CUST_08503,Vikram Mehta,Male,Ranchi,Jharkhand,Tier 3,2023-06-01
CUST_08504,Neha Singh,Female,Bengaluru,Karnataka,Tier 1,2023-09-19
CUST_08505,Kabir Singh,Male,Ahmedabad,Gujarat,Tier 2,2023-10-12
CUST_08506,Kunal Iyer,Male,Jaipur,Rajasthan,Tier 2,2024-06-23
CUST_08507,Varun Verma,Male,Delhi,Delhi,Tier 1,2023-08-07
CUST_08508,Tanvi Kumar,Female,Guwahati,Assam,Tier 3,2023-10-10
CUST_08509,Kabir Iyer,Male,Chennai,Tamil Nadu,Tier 1,2023-12-26
CUST_08510,Ananya Iyer,Female,Varanasi,Uttar Pradesh,Tier 3,2024-08-04
CUST_08511,Rohan Verma,Male,Chennai,Tamil Nadu,Tier 1,2024-01-08
CUST_08512,Ananya Iyer,Female,Mumbai,Maharashtra,Tier 1,2024-04-02
CUST_08513,Pooja Singh,Female,Ranchi,Jharkhand,Tier 3,2023-12-30
CUST_08514,Aarav Sharma,Male,Ranchi,Jharkhand,Tier 3,2023-07-05
CUST_08515,Kabir Mehta,Male,Chennai,Tamil Nadu,Tier 1,2023-06-30
CUST_08516,Pooja Patel,Female,Indore,Madhya Pradesh,Tier 2,2024-08-16
CUST_08517,Vikram Nair,Male,Ahmedabad,Gujarat,Tier 2,2023-06-18
CUST_08518,Divya Reddy,Female,Hyderabad,Telangana,Tier 1,2024-03-09
CUST_08519,Kavya Kumar,Female,Varanasi,Uttar Pradesh,Tier 3,2024-07-19
CUST_08520,Rahul Singh,Male,Delhi,Delhi,Tier 1,2024-09-04
CUST_08521,Priya Verma,Female,Guwahati,Assam,Tier 3,2023-12-27
CUST_08522,Pooja Iyer,Female,Bengaluru,Karnataka,Tier 1,2024-01-27
CUST_08523,Arjun Gupta,Male,Kochi,Kerala,Tier 2,2023-06-28
CUST_08524,Sneha Verma,Female,Patna,Bihar,Tier 3,2024-10-29
CUST_08525,Ishita Sharma,Female,Mumbai,Maharashtra,Tier 1,2024-02-22
CUST_08526,Varun Sharma,Male,Pune,Maharashtra,Tier 1,2024-11-25
CUST_08527,Kabir Nair,Male,Patna,Bihar,Tier 3,2024-10-08
CUST_08528,Varun Nair,Male,Hyderabad,Telangana,Tier 1,2023-06-25
CUST_08529,Kunal Reddy,Male,Bengaluru,Karnataka,Tier 1,2023-11-05
CUST_08530,Kabir Nair,Male,Chandigarh,Punjab,Tier 2,2024-04-09
CUST_08531,Pooja Sharma,Female,Ahmedabad,Gujarat,Tier 2,2024-09-12
CUST_08532,Aditya Singh,Male,Dehradun,Uttarakhand,Tier 3,2024-05-23
CUST_08533,Vikram Sharma,Male,Chennai,Tamil Nadu,Tier 1,2023-08-13
CUST_08534,Aditya Gupta,Male,Bengaluru,Karnataka,Tier 1,2023-06-03
CUST_08535,Vikram Nair,Male,Patna,Bihar,Tier 3,2023-09-20
CUST_08536,Aditya Singh,Male,Jaipur,Rajasthan,Tier 2,2023-06-09
CUST_08537,Kavya Patel,Female,Mumbai,Maharashtra,Tier 1,2024-06-29
CUST_08538,Kabir Kumar,Male,Delhi,Delhi,Tier 1,2024-03-02
CUST_08539,Rahul Iyer,Male,Jaipur,Rajasthan,Tier 2,2023-08-04
CUST_08540,Varun Mehta,Male,Jaipur,Rajasthan,Tier 2,2024-05-07
CUST_08541,Varun Singh,Male,Hyderabad,Telangana,Tier 1,2023-09-21
CUST_08542,Rohan Singh,Male,Lucknow,Uttar Pradesh,Tier 2,2023-11-09
CUST_08543,Ananya Iyer,Female,Delhi,Delhi,Tier 1,2023-10-17
CUST_08544,Priya Patel,Female,Hyderabad,Telangana,Tier 1,2024-04-01
CUST_08545,Aarav Sharma,Male,Mumbai,Maharashtra,Tier 1,2023-12-30
CUST_08546,Aarav Verma,Male,Pune,Maharashtra,Tier 1,2024-06-25
CUST_08547,Kavya Gupta,Female,Lucknow,Uttar Pradesh,Tier 2,2023-12-09
CUST_08548,Amit Mehta,Male,Delhi,Delhi,Tier 1,2023-09-10
CUST_08549,Pooja Singh,Female,Mumbai,Maharashtra,Tier 1,2023-11-27
CUST_08550,Kunal Singh,Male,Kochi,Kerala,Tier 2,2023-07-28
CUST_08551,Pooja Nair,Female,Kochi,Kerala,Tier 2,2023-06-14
CUST_08552,Divya Kumar,Female,Chennai,Tamil Nadu,Tier 1,2024-03-03
CUST_08553,Amit Verma,Male,Mumbai,Maharashtra,Tier 1,2024-07-11
CUST_08554,Kabir Reddy,Male,Jaipur,Rajasthan,Tier 2,2023-06-27
CUST_08555,Sneha Reddy,Female,Bengaluru,Karnataka,Tier 1,2023-07-22
CUST_08556,Divya Verma,Female,Patna,Bihar,Tier 3,2024-09-14
CUST_08557,Kabir Kumar,Male,Pune,Maharashtra,Tier 1,2024-04-15
CUST_08558,Kavya Patel,Female,Indore,Madhya Pradesh,Tier 2,2024-02-08
CUST_08559,Sneha Patel,Female,Mumbai,Maharashtra,Tier 1,2023-10-10
CUST_08560,Sneha Singh,Female,Chandigarh,Punjab,Tier 2,2023-11-23
CUST_08561,Rahul Sharma,Male,Guwahati,Assam,Tier 3,2023-08-17
CUST_08562,Sneha Gupta,Female,Bengaluru,Karnataka,Tier 1,2024-02-05
CUST_08563,Sneha Sharma,Female,Delhi,Delhi,Tier 1,2024-10-15
CUST_08564,Aditya Verma,Male,Hyderabad,Telangana,Tier 1,2023-10-19
CUST_08565,Pooja Sharma,Female,Mumbai,Maharashtra,Tier 1,2024-03-14
CUST_08566,Aditya Sharma,Male,Bengaluru,Karnataka,Tier 1,2024-01-02
CUST_08567,Vikram Gupta,Male,Delhi,Delhi,Tier 1,2023-12-07
CUST_08568,Vikram Mehta,Male,Chandigarh,Punjab,Tier 2,2024-10-27
CUST_08569,Kabir Kumar,Male,Ahmedabad,Gujarat,Tier 2,2023-10-20
CUST_08570,Kunal Reddy,Male,Chennai,Tamil Nadu,Tier 1,2023-10-08
CUST_08571,Ananya Singh,Female,Chandigarh,Punjab,Tier 2,2024-09-27
CUST_08572,Sneha Kumar,Female,Pune,Maharashtra,Tier 1,2024-08-20
CUST_08573,Priya Verma,Female,Bengaluru,Karnataka,Tier 1,2024-09-01
CUST_08574,Riya Iyer,Female,Chandigarh,Punjab,Tier 2,2023-11-19
CUST_08575,Tanvi Mehta,Female,Hyderabad,Telangana,Tier 1,2024-10-31
CUST_08576,Aarav Reddy,Male,Bengaluru,Karnataka,Tier 1,2024-03-16
CUST_08577,Kavya Sharma,Female,Indore,Madhya Pradesh,Tier 2,2023-12-06
CUST_08578,Aarav Verma,Male,Hyderabad,Telangana,Tier 1,2023-06-09
CUST_08579,Sneha Patel,Female,Patna,Bihar,Tier 3,2024-01-15
CUST_08580,Rahul Mehta,Male,Jaipur,Rajasthan,Tier 2,2024-04-07
CUST_08581,Aditya Verma,Male,Bengaluru,Karnataka,Tier 1,2024-08-15
CUST_08582,Divya Reddy,Female,Delhi,Delhi,Tier 1,2024-07-28
CUST_08583,Ananya Reddy,Female,Pune,Maharashtra,Tier 1,2024-11-21
CUST_08584,Priya Verma,Female,Hyderabad,Telangana,Tier 1,2024-09-07
CUST_08585,Aditya Iyer,Male,Mumbai,Maharashtra,Tier 1,2024-10-19
CUST_08586,Kabir Kumar,Male,Guwahati,Assam,Tier 3,2024-07-15
CUST_08587,Rahul Gupta,Male,Mumbai,Maharashtra,Tier 1,2024-07-17
CUST_08588,Vikram Kumar,Male,Ahmedabad,Gujarat,Tier 2,2024-03-19
CUST_08589,Divya Mehta,Female,Delhi,Delhi,Tier 1,2024-09-15
CUST_08590,Kavya Sharma,Female,Jaipur,Rajasthan,Tier 2,2024-05-31
CUST_08591,Priya Verma,Female,Ranchi,Jharkhand,Tier 3,2024-11-23
CUST_08592,Riya Singh,Female,Mumbai,Maharashtra,Tier 1,2024-10-12
CUST_08593,Ishita Iyer,Female,Delhi,Delhi,Tier 1,2024-04-10
CUST_08594,Kunal Iyer,Male,Ranchi,Jharkhand,Tier 3,2024-07-04
CUST_08595,Ananya Singh,Female,Hyderabad,Telangana,Tier 1,2024-09-12
CUST_08596,Rohan Nair,Male,Chandigarh,Punjab,Tier 2,2023-08-09
CUST_08597,Kunal Reddy,Male,Indore,Madhya Pradesh,Tier 2,2024-08-30
CUST_08598,Riya Iyer,Female,Pune,Maharashtra,Tier 1,2024-03-25
CUST_08599,Sneha Reddy,Female,Dehradun,Uttarakhand,Tier 3,2024-02-04
CUST_08600,Amit Nair,Male,Hyderabad,Telangana,Tier 1,2024-10-20
CUST_08601,Riya Verma,Female,Patna,Bihar,Tier 3,2024-03-10
CUST_08602,Kavya Reddy,Female,Kochi,Kerala,Tier 2,2023-07-01
CUST_08603,Divya Sharma,Female,Chandigarh,Punjab,Tier 2,2023-07-27
CUST_08604,Kavya Kumar,Female,Varanasi,Uttar Pradesh,Tier 3,2023-06-21
CUST_08605,Kunal Mehta,Male,Delhi,Delhi,Tier 1,2023-09-15
CUST_08606,Kunal Patel,Male,Guwahati,Assam,Tier 3,2023-11-27
CUST_08607,Rahul Iyer,Male,Indore,Madhya Pradesh,Tier 2,2024-06-26
CUST_08608,Sneha Singh,Female,Delhi,Delhi,Tier 1,2024-05-16
CUST_08609,Kabir Verma,Male,Indore,Madhya Pradesh,Tier 2,2024-11-26
CUST_08610,Tanvi Kumar,Female,Chennai,Tamil Nadu,Tier 1,2024-07-18
CUST_08611,Sneha Singh,Female,Delhi,Delhi,Tier 1,2023-11-06
CUST_08612,Rahul Sharma,Male,Bengaluru,Karnataka,Tier 1,2024-03-08
CUST_08613,Aarav Gupta,Male,Pune,Maharashtra,Tier 1,2024-07-20
CUST_08614,Kunal Patel,Male,Mumbai,Maharashtra,Tier 1,2023-08-03
CUST_08615,Vikram Nair,Male,Jaipur,Rajasthan,Tier 2,2024-07-26
CUST_08616,Pooja Reddy,Female,Bengaluru,Karnataka,Tier 1,2023-07-27
CUST_08617,Rahul Verma,Male,Indore,Madhya Pradesh,Tier 2,2024-07-04
CUST_08618,Rahul Sharma,Male,Bengaluru,Karnataka,Tier 1,2024-08-06
CUST_08619,Ananya Gupta,Female,Ranchi,Jharkhand,Tier 3,2023-09-25
CUST_08620,Ishita Nair,Female,Chennai,Tamil Nadu,Tier 1,2024-05-25
CUST_08621,Aditya Gupta,Male,Delhi,Delhi,Tier 1,2023-08-13
CUST_08622,Aarav Sharma,Male,Kochi,Kerala,Tier 2,2023-11-22
CUST_08623,Amit Iyer,Male,Hyderabad,Telangana,Tier 1,2023-07-05
CUST_08624,Ananya Gupta,Female,Mumbai,Maharashtra,Tier 1,2023-09-07
CUST_08625,Priya Reddy,Female,Pune,Maharashtra,Tier 1,2024-06-20
CUST_08626,Divya Patel,Female,Ranchi,Jharkhand,Tier 3,2023-06-29
CUST_08627,Ishita Gupta,Female,Bengaluru,Karnataka,Tier 1,2024-03-04
CUST_08628,Vikram Patel,Male,Hyderabad,Telangana,Tier 1,2023-07-18
CUST_08629,Pooja Verma,Female,Jaipur,Rajasthan,Tier 2,2024-09-09
CUST_08630,Sneha Patel,Female,Hyderabad,Telangana,Tier 1,2024-02-15
CUST_08631,Ishita Iyer,Female,Hyderabad,Telangana,Tier 1,2024-10-11
CUST_08632,Sneha Nair,Female,Jaipur,Rajasthan,Tier 2,2023-08-24
CUST_08633,Tanvi Reddy,Female,Ahmedabad,Gujarat,Tier 2,2024-09-04
CUST_08634,Amit Nair,Male,Bengaluru,Karnataka,Tier 1,2023-08-05
CUST_08635,Aarav Kumar,Male,Pune,Maharashtra,Tier 1,2023-11-02
CUST_08636,Amit Mehta,Male,Mumbai,Maharashtra,Tier 1,2023-10-30
CUST_08637,Kunal Reddy,Male,Delhi,Delhi,Tier 1,2024-03-20
CUST_08638,Arjun Mehta,Male,Indore,Madhya Pradesh,Tier 2,2024-03-12
CUST_08639,Ishita Singh,Female,Delhi,Delhi,Tier 1,2023-09-21
CUST_08640,Arjun Verma,Male,Chennai,Tamil Nadu,Tier 1,2024-06-10
CUST_08641,Riya Patel,Female,Lucknow,Uttar Pradesh,Tier 2,2023-12-19
CUST_08642,Ananya Patel,Female,Delhi,Delhi,Tier 1,2024-06-25
CUST_08643,Arjun Iyer,Male,Varanasi,Uttar Pradesh,Tier 3,2024-04-15
CUST_08644,Tanvi Verma,Female,Pune,Maharashtra,Tier 1,2024-08-11
CUST_08645,Riya Singh,Female,Chennai,Tamil Nadu,Tier 1,2023-07-16
CUST_08646,Pooja Reddy,Female,Jaipur,Rajasthan,Tier 2,2023-11-18
CUST_08647,Neha Sharma,Female,Mumbai,Maharashtra,Tier 1,2024-04-25
CUST_08648,Sneha Mehta,Female,Bhopal,Madhya Pradesh,Tier 3,2024-03-07
CUST_08649,Riya Kumar,Female,Ranchi,Jharkhand,Tier 3,2023-06-10
CUST_08650,Ishita Kumar,Female,Varanasi,Uttar Pradesh,Tier 3,2023-07-03
CUST_08651,Kavya Gupta,Female,Lucknow,Uttar Pradesh,Tier 2,2023-12-08
CUST_08652,Neha Iyer,Female,Bengaluru,Karnataka,Tier 1,2023-08-18
CUST_08653,Ishita Kumar,Female,Delhi,Delhi,Tier 1,2023-11-23
CUST_08654,Sneha Iyer,Female,Pune,Maharashtra,Tier 1,2024-03-25
CUST_08655,Rahul Patel,Male,Guwahati,Assam,Tier 3,2023-10-24
CUST_08656,Pooja Nair,Female,Pune,Maharashtra,Tier 1,2024-08-27
CUST_08657,Neha Gupta,Female,Hyderabad,Telangana,Tier 1,2024-06-18
CUST_08658,Sneha Patel,Female,Indore,Madhya Pradesh,Tier 2,2024-11-15
CUST_08659,Arjun Gupta,Male,Pune,Maharashtra,Tier 1,2024-01-08
CUST_08660,Vikram Sharma,Male,Kochi,Kerala,Tier 2,2023-12-17
CUST_08661,Ishita Mehta,Female,Chennai,Tamil Nadu,Tier 1,2023-09-24
CUST_08662,Divya Patel,Female,Ranchi,Jharkhand,Tier 3,2024-11-16
CUST_08663,Tanvi Nair,Female,Bengaluru,Karnataka,Tier 1,2024-10-05
CUST_08664,Tanvi Kumar,Female,Bengaluru,Karnataka,Tier 1,2023-07-21
CUST_08665,Rahul Reddy,Male,Varanasi,Uttar Pradesh,Tier 3,2023-12-24
CUST_08666,Ananya Singh,Female,Jaipur,Rajasthan,Tier 2,2023-11-07
CUST_08667,Aditya Mehta,Male,Jaipur,Rajasthan,Tier 2,2024-02-27
CUST_08668,Rohan Mehta,Male,Patna,Bihar,Tier 3,2024-09-03
CUST_08669,Kunal Iyer,Male,Mumbai,Maharashtra,Tier 1,2023-10-26
CUST_08670,Ishita Iyer,Female,Pune,Maharashtra,Tier 1,2024-05-01
CUST_08671,Sneha Reddy,Female,Dehradun,Uttarakhand,Tier 3,2023-10-07
CUST_08672,Aditya Gupta,Male,Ahmedabad,Gujarat,Tier 2,2024-01-06
CUST_08673,Vikram Sharma,Male,Lucknow,Uttar Pradesh,Tier 2,2024-11-09
CUST_08674,Varun Kumar,Male,Jaipur,Rajasthan,Tier 2,2024-07-31
CUST_08675,Amit Sharma,Male,Ahmedabad,Gujarat,Tier 2,2023-07-02
CUST_08676,Vikram Sharma,Male,Lucknow,Uttar Pradesh,Tier 2,2024-07-08
CUST_08677,Kunal Patel,Male,Patna,Bihar,Tier 3,2024-05-03
CUST_08678,Rahul Reddy,Male,Delhi,Delhi,Tier 1,2023-10-18
CUST_08679,Neha Mehta,Female,Kochi,Kerala,Tier 2,2024-10-08
CUST_08680,Rahul Patel,Male,Delhi,Delhi,Tier 1,2024-05-22
CUST_08681,Rahul Kumar,Male,Bengaluru,Karnataka,Tier 1,2024-07-06
CUST_08682,Rahul Iyer,Male,Ranchi,Jharkhand,Tier 3,2024-02-15
CUST_08683,Priya Verma,Female,Chandigarh,Punjab,Tier 2,2024-05-12
CUST_08684,Arjun Sharma,Male,Lucknow,Uttar Pradesh,Tier 2,2024-03-30
CUST_08685,Priya Mehta,Female,Hyderabad,Telangana,Tier 1,2024-08-10
CUST_08686,Kabir Reddy,Male,Mumbai,Maharashtra,Tier 1,2024-07-20
CUST_08687,Riya Reddy,Female,Chennai,Tamil Nadu,Tier 1,2023-09-04
CUST_08688,Aditya Patel,Male,Chandigarh,Punjab,Tier 2,2023-11-06
CUST_08689,Varun Verma,Male,Jaipur,Rajasthan,Tier 2,2024-12-02
CUST_08690,Tanvi Kumar,Female,Varanasi,Uttar Pradesh,Tier 3,2024-07-25
CUST_08691,Arjun Iyer,Male,Ahmedabad,Gujarat,Tier 2,2024-05-14
CUST_08692,Arjun Reddy,Male,Ranchi,Jharkhand,Tier 3,2024-06-04
CUST_08693,Divya Iyer,Female,Guwahati,Assam,Tier 3,2023-08-17
CUST_08694,Tanvi Iyer,Female,Bengaluru,Karnataka,Tier 1,2023-12-06
CUST_08695,Aditya Gupta,Male,Delhi,Delhi,Tier 1,2024-05-21
CUST_08696,Vikram Mehta,Male,Jaipur,Rajasthan,Tier 2,2024-03-02
CUST_08697,Vikram Patel,Male,Bengaluru,Karnataka,Tier 1,2024-08-02
CUST_08698,Arjun Mehta,Male,Hyderabad,Telangana,Tier 1,2024-09-23
CUST_08699,Riya Patel,Female,Bengaluru,Karnataka,Tier 1,2023-12-08
CUST_08700,Sneha Verma,Female,Guwahati,Assam,Tier 3,2024-10-04
CUST_08701,Amit Verma,Male,Kochi,Kerala,Tier 2,2023-06-29
CUST_08702,Vikram Reddy,Male,Hyderabad,Telangana,Tier 1,2024-04-30
CUST_08703,Aarav Patel,Male,Indore,Madhya Pradesh,Tier 2,2024-01-29
CUST_08704,Ananya Nair,Female,Lucknow,Uttar Pradesh,Tier 2,2023-11-20
CUST_08705,Priya Sharma,Female,Mumbai,Maharashtra,Tier 1,2024-04-26
CUST_08706,Aditya Kumar,Male,Kochi,Kerala,Tier 2,2023-12-24
CUST_08707,Pooja Verma,Female,Jaipur,Rajasthan,Tier 2,2023-08-06
CUST_08708,Pooja Mehta,Female,Indore,Madhya Pradesh,Tier 2,2024-08-30
CUST_08709,Kabir Singh,Male,Bhopal,Madhya Pradesh,Tier 3,2024-02-04
CUST_08710,Kabir Singh,Male,Hyderabad,Telangana,Tier 1,2023-10-23
CUST_08711,Aarav Gupta,Male,Bhopal,Madhya Pradesh,Tier 3,2024-02-16
CUST_08712,Ishita Sharma,Female,Pune,Maharashtra,Tier 1,2024-04-06
CUST_08713,Neha Verma,Female,Chandigarh,Punjab,Tier 2,2023-09-11
CUST_08714,Arjun Patel,Male,Delhi,Delhi,Tier 1,2023-12-18
CUST_08715,Vikram Kumar,Male,Hyderabad,Telangana,Tier 1,2024-05-12
CUST_08716,Aditya Mehta,Male,Ranchi,Jharkhand,Tier 3,2023-09-22
CUST_08717,Arjun Reddy,Male,Chandigarh,Punjab,Tier 2,2023-08-23
CUST_08718,Priya Gupta,Female,Patna,Bihar,Tier 3,2024-03-06
CUST_08719,Aditya Reddy,Male,Chandigarh,Punjab,Tier 2,2024-01-29
CUST_08720,Neha Verma,Female,Chennai,Tamil Nadu,Tier 1,2024-02-21
CUST_08721,Ananya Gupta,Female,Indore,Madhya Pradesh,Tier 2,2024-02-01
CUST_08722,Rahul Verma,Male,Ahmedabad,Gujarat,Tier 2,2024-04-05
CUST_08723,Arjun Iyer,Male,Lucknow,Uttar Pradesh,Tier 2,2024-08-10
CUST_08724,Sneha Sharma,Female,Pune,Maharashtra,Tier 1,2024-08-14
CUST_08725,Varun Mehta,Male,Bengaluru,Karnataka,Tier 1,2024-06-21
CUST_08726,Ishita Reddy,Female,Chennai,Tamil Nadu,Tier 1,2024-06-29
CUST_08727,Neha Singh,Female,Bengaluru,Karnataka,Tier 1,2023-10-26
CUST_08728,Kavya Mehta,Female,Ranchi,Jharkhand,Tier 3,2024-05-08
CUST_08729,Ananya Singh,Female,Bengaluru,Karnataka,Tier 1,2024-08-18
CUST_08730,Vikram Mehta,Male,Kochi,Kerala,Tier 2,2024-03-05
CUST_08731,Aditya Iyer,Male,Bhopal,Madhya Pradesh,Tier 3,2024-06-22
CUST_08732,Kavya Singh,Female,Hyderabad,Telangana,Tier 1,2023-07-29
CUST_08733,Priya Singh,Female,Chennai,Tamil Nadu,Tier 1,2023-08-03
CUST_08734,Tanvi Mehta,Female,Chennai,Tamil Nadu,Tier 1,2023-07-28
CUST_08735,Amit Kumar,Male,Lucknow,Uttar Pradesh,Tier 2,2024-11-01
CUST_08736,Aditya Verma,Male,Bhopal,Madhya Pradesh,Tier 3,2024-08-11
CUST_08737,Ishita Mehta,Female,Patna,Bihar,Tier 3,2023-12-25
CUST_08738,Ishita Kumar,Female,Jaipur,Rajasthan,Tier 2,2024-09-17
CUST_08739,Tanvi Mehta,Female,Ahmedabad,Gujarat,Tier 2,2024-07-06
CUST_08740,Rahul Kumar,Male,Kochi,Kerala,Tier 2,2024-03-03
CUST_08741,Kunal Gupta,Male,Hyderabad,Telangana,Tier 1,2023-11-28
CUST_08742,Priya Verma,Female,Jaipur,Rajasthan,Tier 2,2024-08-21
CUST_08743,Pooja Kumar,Female,Indore,Madhya Pradesh,Tier 2,2024-05-21
CUST_08744,Varun Singh,Male,Varanasi,Uttar Pradesh,Tier 3,2024-08-09
CUST_08745,Ishita Patel,Female,Ahmedabad,Gujarat,Tier 2,2024-07-27
CUST_08746,Aarav Iyer,Male,Chandigarh,Punjab,Tier 2,2023-11-02
CUST_08747,Kavya Singh,Female,Pune,Maharashtra,Tier 1,2023-12-27
CUST_08748,Pooja Verma,Female,Pune,Maharashtra,Tier 1,2023-09-30
CUST_08749,Sneha Verma,Female,Delhi,Delhi,Tier 1,2023-07-04
CUST_08750,Neha Gupta,Female,Mumbai,Maharashtra,Tier 1,2024-06-04
CUST_08751,Riya Sharma,Female,Delhi,Delhi,Tier 1,2023-11-10
CUST_08752,Neha Sharma,Female,Delhi,Delhi,Tier 1,2024-09-15
CUST_08753,Tanvi Mehta,Female,Hyderabad,Telangana,Tier 1,2024-08-26
CUST_08754,Kavya Verma,Female,Jaipur,Rajasthan,Tier 2,2023-06-29
CUST_08755,Kavya Verma,Female,Indore,Madhya Pradesh,Tier 2,2023-06-24
CUST_08756,Sneha Mehta,Female,Hyderabad,Telangana,Tier 1,2023-09-14
CUST_08757,Ananya Singh,Female,Chennai,Tamil Nadu,Tier 1,2023-08-04
CUST_08758,Ananya Nair,Female,Mumbai,Maharashtra,Tier 1,2023-10-21
CUST_08759,Varun Patel,Male,Varanasi,Uttar Pradesh,Tier 3,2024-01-02
CUST_08760,Aarav Patel,Male,Indore,Madhya Pradesh,Tier 2,2023-07-16
CUST_08761,Rohan Singh,Male,Chennai,Tamil Nadu,Tier 1,2024-08-30
CUST_08762,Varun Iyer,Male,Delhi,Delhi,Tier 1,2024-06-14
CUST_08763,Sneha Mehta,Female,Lucknow,Uttar Pradesh,Tier 2,2023-06-29
CUST_08764,Divya Reddy,Female,Chennai,Tamil Nadu,Tier 1,2024-03-26
CUST_08765,Tanvi Nair,Female,Mumbai,Maharashtra,Tier 1,2024-06-26
CUST_08766,Aditya Mehta,Male,Bhopal,Madhya Pradesh,Tier 3,2024-04-10
CUST_08767,Kavya Verma,Female,Jaipur,Rajasthan,Tier 2,2023-12-30
CUST_08768,Ishita Mehta,Female,Ahmedabad,Gujarat,Tier 2,2023-10-20
CUST_08769,Priya Mehta,Female,Hyderabad,Telangana,Tier 1,2023-07-21
CUST_08770,Riya Singh,Female,Varanasi,Uttar Pradesh,Tier 3,2023-12-24
CUST_08771,Divya Mehta,Female,Patna,Bihar,Tier 3,2023-09-30
CUST_08772,Neha Mehta,Female,Chennai,Tamil Nadu,Tier 1,2024-01-26
CUST_08773,Kunal Verma,Male,Lucknow,Uttar Pradesh,Tier 2,2023-09-11
CUST_08774,Rohan Gupta,Male,Chandigarh,Punjab,Tier 2,2023-12-10
CUST_08775,Aditya Verma,Male,Chandigarh,Punjab,Tier 2,2024-09-15
CUST_08776,Rohan Sharma,Male,Jaipur,Rajasthan,Tier 2,2023-11-05
CUST_08777,Amit Nair,Male,Hyderabad,Telangana,Tier 1,2024-10-04
CUST_08778,Rahul Kumar,Male,Delhi,Delhi,Tier 1,2024-02-01
CUST_08779,Tanvi Singh,Female,Bengaluru,Karnataka,Tier 1,2023-08-11
CUST_08780,Kabir Singh,Male,Ranchi,Jharkhand,Tier 3,2023-12-07
CUST_08781,Pooja Iyer,Female,Dehradun,Uttarakhand,Tier 3,2024-07-06
CUST_08782,Vikram Sharma,Male,Lucknow,Uttar Pradesh,Tier 2,2024-10-27
CUST_08783,Divya Patel,Female,Bengaluru,Karnataka,Tier 1,2024-09-29
CUST_08784,Divya Verma,Female,Bengaluru,Karnataka,Tier 1,2023-07-16
CUST_08785,Aditya Iyer,Male,Chandigarh,Punjab,Tier 2,2023-10-20
CUST_08786,Divya Mehta,Female,Lucknow,Uttar Pradesh,Tier 2,2023-08-31
CUST_08787,Arjun Reddy,Male,Mumbai,Maharashtra,Tier 1,2024-11-14
CUST_08788,Kunal Gupta,Male,Patna,Bihar,Tier 3,2024-01-08
CUST_08789,Ishita Sharma,Female,Dehradun,Uttarakhand,Tier 3,2024-04-03
CUST_08790,Tanvi Nair,Female,Kochi,Kerala,Tier 2,2023-11-23
CUST_08791,Amit Kumar,Male,Kochi,Kerala,Tier 2,2024-05-05
CUST_08792,Aarav Verma,Male,Bengaluru,Karnataka,Tier 1,2024-06-07
CUST_08793,Riya Singh,Female,Indore,Madhya Pradesh,Tier 2,2024-10-16
CUST_08794,Aarav Reddy,Male,Delhi,Delhi,Tier 1,2023-09-16
CUST_08795,Ananya Mehta,Female,Lucknow,Uttar Pradesh,Tier 2,2023-09-14
CUST_08796,Neha Kumar,Female,Jaipur,Rajasthan,Tier 2,2023-10-16
CUST_08797,Riya Iyer,Female,Guwahati,Assam,Tier 3,2024-02-02
CUST_08798,Aarav Mehta,Male,Chennai,Tamil Nadu,Tier 1,2024-03-07
CUST_08799,Aarav Mehta,Male,Lucknow,Uttar Pradesh,Tier 2,2024-11-02
CUST_08800,Aarav Patel,Male,Guwahati,Assam,Tier 3,2024-09-07
CUST_08801,Varun Kumar,Male,Ranchi,Jharkhand,Tier 3,2024-04-30
CUST_08802,Priya Patel,Female,Hyderabad,Telangana,Tier 1,2023-07-28
CUST_08803,Kunal Iyer,Male,Chennai,Tamil Nadu,Tier 1,2024-01-03
CUST_08804,Aarav Patel,Male,Bengaluru,Karnataka,Tier 1,2024-09-21
CUST_08805,Tanvi Gupta,Female,Guwahati,Assam,Tier 3,2023-11-26
CUST_08806,Rahul Reddy,Male,Mumbai,Maharashtra,Tier 1,2023-09-10
CUST_08807,Aditya Singh,Male,Chennai,Tamil Nadu,Tier 1,2024-05-21
CUST_08808,Varun Kumar,Male,Patna,Bihar,Tier 3,2024-07-12
CUST_08809,Rohan Iyer,Male,Guwahati,Assam,Tier 3,2024-04-29
CUST_08810,Varun Iyer,Male,Delhi,Delhi,Tier 1,2023-08-16
CUST_08811,Neha Kumar,Female,Ranchi,Jharkhand,Tier 3,2024-08-11
CUST_08812,Kunal Nair,Male,Bhopal,Madhya Pradesh,Tier 3,2024-05-23
CUST_08813,Riya Nair,Female,Hyderabad,Telangana,Tier 1,2024-04-15
CUST_08814,Tanvi Gupta,Female,Kochi,Kerala,Tier 2,2024-04-27
CUST_08815,Neha Sharma,Female,Pune,Maharashtra,Tier 1,2024-07-21
CUST_08816,Ananya Gupta,Female,Kochi,Kerala,Tier 2,2024-07-28
CUST_08817,Kavya Verma,Female,Pune,Maharashtra,Tier 1,2023-06-06
CUST_08818,Divya Patel,Female,Patna,Bihar,Tier 3,2024-07-27
CUST_08819,Ananya Singh,Female,Ranchi,Jharkhand,Tier 3,2024-02-24
CUST_08820,Divya Reddy,Female,Jaipur,Rajasthan,Tier 2,2023-07-19
CUST_08821,Tanvi Gupta,Female,Dehradun,Uttarakhand,Tier 3,2024-07-04
CUST_08822,Amit Patel,Male,Jaipur,Rajasthan,Tier 2,2024-03-29
CUST_08823,Arjun Patel,Male,Indore,Madhya Pradesh,Tier 2,2023-06-01
CUST_08824,Aarav Iyer,Male,Delhi,Delhi,Tier 1,2023-11-26
CUST_08825,Rahul Mehta,Male,Lucknow,Uttar Pradesh,Tier 2,2024-03-15
CUST_08826,Tanvi Patel,Female,Ranchi,Jharkhand,Tier 3,2024-02-05
CUST_08827,Priya Singh,Female,Indore,Madhya Pradesh,Tier 2,2024-09-25
CUST_08828,Kabir Verma,Male,Pune,Maharashtra,Tier 1,2024-05-02
CUST_08829,Kavya Nair,Female,Kochi,Kerala,Tier 2,2024-04-16
CUST_08830,Aditya Kumar,Male,Kochi,Kerala,Tier 2,2024-03-27
CUST_08831,Arjun Iyer,Male,Delhi,Delhi,Tier 1,2024-05-13
CUST_08832,Rahul Nair,Male,Kochi,Kerala,Tier 2,2024-04-25
CUST_08833,Rahul Sharma,Male,Jaipur,Rajasthan,Tier 2,2023-08-07
CUST_08834,Kunal Singh,Male,Chandigarh,Punjab,Tier 2,2024-02-11
CUST_08835,Rohan Verma,Male,Pune,Maharashtra,Tier 1,2024-08-07
CUST_08836,Aditya Gupta,Male,Guwahati,Assam,Tier 3,2023-09-07
CUST_08837,Kabir Sharma,Male,Delhi,Delhi,Tier 1,2024-07-03
CUST_08838,Varun Reddy,Male,Patna,Bihar,Tier 3,2023-08-03
CUST_08839,Kabir Iyer,Male,Ahmedabad,Gujarat,Tier 2,2023-12-30
CUST_08840,Riya Kumar,Female,Indore,Madhya Pradesh,Tier 2,2023-11-20
CUST_08841,Aarav Singh,Male,Chennai,Tamil Nadu,Tier 1,2024-11-03
CUST_08842,Priya Nair,Female,Chennai,Tamil Nadu,Tier 1,2024-07-21
CUST_08843,Riya Iyer,Female,Hyderabad,Telangana,Tier 1,2024-08-27
CUST_08844,Kabir Kumar,Male,Delhi,Delhi,Tier 1,2024-04-14
CUST_08845,Kabir Verma,Male,Ahmedabad,Gujarat,Tier 2,2023-12-27
CUST_08846,Kavya Reddy,Female,Jaipur,Rajasthan,Tier 2,2024-08-27
CUST_08847,Ananya Gupta,Female,Chennai,Tamil Nadu,Tier 1,2024-08-07
CUST_08848,Priya Mehta,Female,Jaipur,Rajasthan,Tier 2,2023-11-23
CUST_08849,Ishita Mehta,Female,Pune,Maharashtra,Tier 1,2024-04-16
CUST_08850,Divya Kumar,Female,Lucknow,Uttar Pradesh,Tier 2,2024-10-09
CUST_08851,Ananya Gupta,Female,Lucknow,Uttar Pradesh,Tier 2,2023-10-18
CUST_08852,Divya Verma,Female,Ranchi,Jharkhand,Tier 3,2024-02-13
CUST_08853,Arjun Sharma,Male,Dehradun,Uttarakhand,Tier 3,2023-11-30
CUST_08854,Tanvi Verma,Female,Mumbai,Maharashtra,Tier 1,2024-01-17
CUST_08855,Priya Patel,Female,Pune,Maharashtra,Tier 1,2024-02-21
CUST_08856,Divya Gupta,Female,Indore,Madhya Pradesh,Tier 2,2024-09-23
CUST_08857,Vikram Iyer,Male,Mumbai,Maharashtra,Tier 1,2024-05-20
CUST_08858,Pooja Mehta,Female,Ahmedabad,Gujarat,Tier 2,2024-11-06
CUST_08859,Divya Verma,Female,Pune,Maharashtra,Tier 1,2024-09-27
CUST_08860,Ananya Verma,Female,Jaipur,Rajasthan,Tier 2,2023-08-29
CUST_08861,Aditya Mehta,Male,Ahmedabad,Gujarat,Tier 2,2024-04-29
CUST_08862,Aditya Mehta,Male,Mumbai,Maharashtra,Tier 1,2023-11-18
CUST_08863,Priya Reddy,Female,Hyderabad,Telangana,Tier 1,2023-09-09
CUST_08864,Kunal Nair,Male,Ahmedabad,Gujarat,Tier 2,2024-07-31
CUST_08865,Aditya Nair,Male,Ahmedabad,Gujarat,Tier 2,2023-07-12
CUST_08866,Aditya Patel,Male,Bengaluru,Karnataka,Tier 1,2024-11-01
CUST_08867,Rahul Sharma,Male,Pune,Maharashtra,Tier 1,2024-03-27
CUST_08868,Kabir Verma,Male,Ahmedabad,Gujarat,Tier 2,2023-09-09
CUST_08869,Riya Iyer,Female,Bengaluru,Karnataka,Tier 1,2023-07-06
CUST_08870,Sneha Kumar,Female,Guwahati,Assam,Tier 3,2023-06-18
CUST_08871,Rahul Nair,Male,Mumbai,Maharashtra,Tier 1,2024-03-08
CUST_08872,Kunal Sharma,Male,Ahmedabad,Gujarat,Tier 2,2024-01-15
CUST_08873,Aditya Reddy,Male,Indore,Madhya Pradesh,Tier 2,2024-01-01
CUST_08874,Ananya Mehta,Female,Varanasi,Uttar Pradesh,Tier 3,2024-05-15
CUST_08875,Divya Patel,Female,Chennai,Tamil Nadu,Tier 1,2023-09-02
CUST_08876,Pooja Mehta,Female,Delhi,Delhi,Tier 1,2024-11-15
CUST_08877,Aditya Gupta,Male,Lucknow,Uttar Pradesh,Tier 2,2023-07-19
CUST_08878,Kabir Patel,Male,Kochi,Kerala,Tier 2,2024-10-11
CUST_08879,Ishita Kumar,Female,Ranchi,Jharkhand,Tier 3,2023-11-27
CUST_08880,Rohan Gupta,Male,Varanasi,Uttar Pradesh,Tier 3,2023-07-25
CUST_08881,Sneha Sharma,Female,Jaipur,Rajasthan,Tier 2,2023-10-14
CUST_08882,Ananya Reddy,Female,Dehradun,Uttarakhand,Tier 3,2024-06-21
CUST_08883,Riya Kumar,Female,Lucknow,Uttar Pradesh,Tier 2,2024-07-03
CUST_08884,Varun Patel,Male,Chennai,Tamil Nadu,Tier 1,2024-02-07
CUST_08885,Ananya Verma,Female,Delhi,Delhi,Tier 1,2024-02-18
CUST_08886,Ishita Iyer,Female,Pune,Maharashtra,Tier 1,2023-10-14
CUST_08887,Amit Singh,Male,Ahmedabad,Gujarat,Tier 2,2024-02-18
CUST_08888,Riya Iyer,Female,Pune,Maharashtra,Tier 1,2024-08-23
CUST_08889,Kabir Singh,Male,Lucknow,Uttar Pradesh,Tier 2,2023-07-27
CUST_08890,Neha Singh,Female,Indore,Madhya Pradesh,Tier 2,2023-10-07
CUST_08891,Kunal Kumar,Male,Pune,Maharashtra,Tier 1,2024-02-19
CUST_08892,Vikram Gupta,Male,Delhi,Delhi,Tier 1,2024-04-04
CUST_08893,Riya Gupta,Female,Indore,Madhya Pradesh,Tier 2,2024-10-09
CUST_08894,Ishita Verma,Female,Kochi,Kerala,Tier 2,2024-04-21
CUST_08895,Kabir Patel,Male,Ahmedabad,Gujarat,Tier 2,2024-11-05
CUST_08896,Riya Gupta,Female,Bengaluru,Karnataka,Tier 1,2024-01-21
CUST_08897,Vikram Mehta,Male,Ranchi,Jharkhand,Tier 3,2024-03-27
CUST_08898,Rohan Mehta,Male,Varanasi,Uttar Pradesh,Tier 3,2024-01-16
CUST_08899,Divya Iyer,Female,Patna,Bihar,Tier 3,2024-02-22
CUST_08900,Varun Mehta,Male,Chandigarh,Punjab,Tier 2,2023-10-14
CUST_08901,Priya Kumar,Female,Mumbai,Maharashtra,Tier 1,2023-11-15
CUST_08902,Priya Patel,Female,Varanasi,Uttar Pradesh,Tier 3,2023-12-26
CUST_08903,Vikram Verma,Male,Hyderabad,Telangana,Tier 1,2023-10-19
CUST_08904,Aditya Reddy,Male,Varanasi,Uttar Pradesh,Tier 3,2024-08-29
CUST_08905,Priya Iyer,Female,Lucknow,Uttar Pradesh,Tier 2,2024-10-01
CUST_08906,Aarav Gupta,Male,Mumbai,Maharashtra,Tier 1,2024-10-14
CUST_08907,Pooja Mehta,Female,Bhopal,Madhya Pradesh,Tier 3,2023-09-08
CUST_08908,Amit Kumar,Male,Bhopal,Madhya Pradesh,Tier 3,2024-09-14
CUST_08909,Kavya Nair,Female,Bhopal,Madhya Pradesh,Tier 3,2024-07-30
CUST_08910,Rahul Verma,Male,Indore,Madhya Pradesh,Tier 2,2024-06-13
CUST_08911,Aarav Nair,Male,Ahmedabad,Gujarat,Tier 2,2024-11-10
CUST_08912,Amit Verma,Male,Guwahati,Assam,Tier 3,2024-03-03
CUST_08913,Amit Verma,Male,Kochi,Kerala,Tier 2,2024-01-27
CUST_08914,Sneha Sharma,Female,Mumbai,Maharashtra,Tier 1,2023-12-23
CUST_08915,Kavya Mehta,Female,Bhopal,Madhya Pradesh,Tier 3,2023-12-10
CUST_08916,Divya Reddy,Female,Ahmedabad,Gujarat,Tier 2,2024-08-29
CUST_08917,Aarav Singh,Male,Pune,Maharashtra,Tier 1,2024-01-07
CUST_08918,Vikram Patel,Male,Mumbai,Maharashtra,Tier 1,2023-07-03
CUST_08919,Varun Verma,Male,Chandigarh,Punjab,Tier 2,2024-01-17
CUST_08920,Arjun Mehta,Male,Delhi,Delhi,Tier 1,2024-01-19
CUST_08921,Amit Reddy,Male,Lucknow,Uttar Pradesh,Tier 2,2024-04-09
CUST_08922,Neha Nair,Female,Pune,Maharashtra,Tier 1,2023-06-30
CUST_08923,Priya Patel,Female,Mumbai,Maharashtra,Tier 1,2024-06-09
CUST_08924,Divya Nair,Female,Ranchi,Jharkhand,Tier 3,2023-08-19
CUST_08925,Rahul Singh,Male,Guwahati,Assam,Tier 3,2024-10-28
CUST_08926,Kunal Patel,Male,Patna,Bihar,Tier 3,2024-06-03
CUST_08927,Aarav Reddy,Male,Pune,Maharashtra,Tier 1,2023-08-18
CUST_08928,Sneha Nair,Female,Bengaluru,Karnataka,Tier 1,2024-09-17
CUST_08929,Ishita Iyer,Female,Hyderabad,Telangana,Tier 1,2024-07-20
CUST_08930,Ananya Verma,Female,Varanasi,Uttar Pradesh,Tier 3,2023-07-24
CUST_08931,Riya Singh,Female,Bhopal,Madhya Pradesh,Tier 3,2024-09-20
CUST_08932,Tanvi Sharma,Female,Mumbai,Maharashtra,Tier 1,2024-01-14
CUST_08933,Arjun Patel,Male,Hyderabad,Telangana,Tier 1,2024-06-11
CUST_08934,Aarav Sharma,Male,Hyderabad,Telangana,Tier 1,2024-07-25
CUST_08935,Neha Singh,Female,Hyderabad,Telangana,Tier 1,2024-01-29
CUST_08936,Neha Verma,Female,Ahmedabad,Gujarat,Tier 2,2024-03-02
CUST_08937,Ishita Verma,Female,Bhopal,Madhya Pradesh,Tier 3,2023-07-19
CUST_08938,Rohan Patel,Male,Jaipur,Rajasthan,Tier 2,2024-11-30
CUST_08939,Aditya Gupta,Male,Hyderabad,Telangana,Tier 1,2023-10-16
CUST_08940,Priya Verma,Female,Chennai,Tamil Nadu,Tier 1,2024-11-15
CUST_08941,Aditya Verma,Male,Hyderabad,Telangana,Tier 1,2023-11-04
CUST_08942,Kunal Sharma,Male,Hyderabad,Telangana,Tier 1,2024-09-08
CUST_08943,Ishita Patel,Female,Lucknow,Uttar Pradesh,Tier 2,2023-11-04
CUST_08944,Kabir Singh,Male,Ranchi,Jharkhand,Tier 3,2024-05-10
CUST_08945,Neha Gupta,Female,Bengaluru,Karnataka,Tier 1,2024-08-16
CUST_08946,Vikram Kumar,Male,Pune,Maharashtra,Tier 1,2023-07-25
CUST_08947,Arjun Kumar,Male,Chennai,Tamil Nadu,Tier 1,2024-03-15
CUST_08948,Aditya Reddy,Male,Delhi,Delhi,Tier 1,2024-08-21
CUST_08949,Neha Gupta,Female,Lucknow,Uttar Pradesh,Tier 2,2023-11-19
CUST_08950,Neha Gupta,Female,Delhi,Delhi,Tier 1,2024-08-24
CUST_08951,Vikram Kumar,Male,Patna,Bihar,Tier 3,2023-11-18
CUST_08952,Vikram Patel,Male,Indore,Madhya Pradesh,Tier 2,2024-08-11
CUST_08953,Sneha Kumar,Female,Hyderabad,Telangana,Tier 1,2024-11-27
CUST_08954,Arjun Singh,Male,Bengaluru,Karnataka,Tier 1,2024-07-12
CUST_08955,Aditya Singh,Male,Guwahati,Assam,Tier 3,2024-10-10
CUST_08956,Rohan Verma,Male,Bengaluru,Karnataka,Tier 1,2024-05-22
CUST_08957,Kavya Mehta,Female,Guwahati,Assam,Tier 3,2024-06-14
CUST_08958,Rohan Verma,Male,Kochi,Kerala,Tier 2,2024-04-21
CUST_08959,Sneha Singh,Female,Delhi,Delhi,Tier 1,2023-06-24
CUST_08960,Pooja Reddy,Female,Jaipur,Rajasthan,Tier 2,2024-11-19
CUST_08961,Ishita Sharma,Female,Ahmedabad,Gujarat,Tier 2,2024-02-02
CUST_08962,Ishita Kumar,Female,Guwahati,Assam,Tier 3,2024-01-16
CUST_08963,Riya Kumar,Female,Pune,Maharashtra,Tier 1,2024-09-02
CUST_08964,Divya Reddy,Female,Kochi,Kerala,Tier 2,2024-10-07
CUST_08965,Sneha Kumar,Female,Lucknow,Uttar Pradesh,Tier 2,2023-07-30
CUST_08966,Pooja Gupta,Female,Chandigarh,Punjab,Tier 2,2024-04-30
CUST_08967,Ishita Singh,Female,Chandigarh,Punjab,Tier 2,2024-11-22
CUST_08968,Ananya Reddy,Female,Kochi,Kerala,Tier 2,2024-08-15
CUST_08969,Sneha Kumar,Female,Pune,Maharashtra,Tier 1,2023-09-18
CUST_08970,Ishita Sharma,Female,Chandigarh,Punjab,Tier 2,2024-08-23
CUST_08971,Kavya Verma,Female,Pune,Maharashtra,Tier 1,2024-01-14
CUST_08972,Vikram Gupta,Male,Kochi,Kerala,Tier 2,2023-11-06
CUST_08973,Kavya Patel,Female,Bengaluru,Karnataka,Tier 1,2023-06-21
CUST_08974,Rahul Iyer,Male,Patna,Bihar,Tier 3,2024-06-29
CUST_08975,Kabir Verma,Male,Guwahati,Assam,Tier 3,2024-10-10
CUST_08976,Neha Sharma,Female,Mumbai,Maharashtra,Tier 1,2023-07-13
CUST_08977,Arjun Verma,Male,Chennai,Tamil Nadu,Tier 1,2023-06-21
CUST_08978,Vikram Singh,Male,Patna,Bihar,Tier 3,2023-09-19
CUST_08979,Sneha Iyer,Female,Dehradun,Uttarakhand,Tier 3,2024-03-22
CUST_08980,Aarav Mehta,Male,Delhi,Delhi,Tier 1,2024-11-25
CUST_08981,Arjun Iyer,Male,Lucknow,Uttar Pradesh,Tier 2,2023-11-05
CUST_08982,Ananya Verma,Female,Ranchi,Jharkhand,Tier 3,2023-08-19
CUST_08983,Aarav Mehta,Male,Ranchi,Jharkhand,Tier 3,2023-06-29
CUST_08984,Priya Nair,Female,Hyderabad,Telangana,Tier 1,2023-07-29
CUST_08985,Neha Mehta,Female,Kochi,Kerala,Tier 2,2023-09-17
CUST_08986,Divya Patel,Female,Pune,Maharashtra,Tier 1,2023-11-21
CUST_08987,Riya Gupta,Female,Varanasi,Uttar Pradesh,Tier 3,2023-07-15
CUST_08988,Arjun Iyer,Male,Ranchi,Jharkhand,Tier 3,2024-09-24
CUST_08989,Ananya Sharma,Female,Chandigarh,Punjab,Tier 2,2023-07-27
CUST_08990,Amit Mehta,Male,Chennai,Tamil Nadu,Tier 1,2024-07-12
CUST_08991,Priya Nair,Female,Bengaluru,Karnataka,Tier 1,2023-06-04
CUST_08992,Pooja Reddy,Female,Hyderabad,Telangana,Tier 1,2023-08-03
CUST_08993,Rohan Sharma,Male,Bhopal,Madhya Pradesh,Tier 3,2023-10-14
CUST_08994,Rahul Gupta,Male,Lucknow,Uttar Pradesh,Tier 2,2023-07-13
CUST_08995,Priya Sharma,Female,Bengaluru,Karnataka,Tier 1,2023-08-09
CUST_08996,Divya Mehta,Female,Kochi,Kerala,Tier 2,2023-09-23
CUST_08997,Arjun Reddy,Male,Pune,Maharashtra,Tier 1,2024-10-01
CUST_08998,Aarav Verma,Male,Delhi,Delhi,Tier 1,2023-08-21
CUST_08999,Arjun Mehta,Male,Guwahati,Assam,Tier 3,2023-11-01
CUST_09000,Kabir Verma,Male,Indore,Madhya Pradesh,Tier 2,2023-10-17
CUST_09001,Ishita Gupta,Female,Hyderabad,Telangana,Tier 1,2023-10-28
CUST_09002,Rohan Reddy,Male,Mumbai,Maharashtra,Tier 1,2024-04-30
CUST_09003,Riya Iyer,Female,Delhi,Delhi,Tier 1,2023-07-07
CUST_09004,Vikram Patel,Male,Varanasi,Uttar Pradesh,Tier 3,2024-11-12
CUST_09005,Kabir Singh,Male,Jaipur,Rajasthan,Tier 2,2024-05-05
CUST_09006,Kavya Iyer,Female,Patna,Bihar,Tier 3,2023-06-03
CUST_09007,Vikram Patel,Male,Dehradun,Uttarakhand,Tier 3,2023-10-20
CUST_09008,Pooja Mehta,Female,Bhopal,Madhya Pradesh,Tier 3,2024-01-19
CUST_09009,Kunal Kumar,Male,Hyderabad,Telangana,Tier 1,2024-10-22
CUST_09010,Aditya Patel,Male,Bengaluru,Karnataka,Tier 1,2024-07-15
CUST_09011,Aditya Iyer,Male,Bhopal,Madhya Pradesh,Tier 3,2023-06-15
CUST_09012,Rohan Nair,Male,Hyderabad,Telangana,Tier 1,2024-09-16
CUST_09013,Riya Nair,Female,Bhopal,Madhya Pradesh,Tier 3,2024-11-04
CUST_09014,Ishita Sharma,Female,Lucknow,Uttar Pradesh,Tier 2,2023-08-03
CUST_09015,Vikram Iyer,Male,Bengaluru,Karnataka,Tier 1,2024-06-30
CUST_09016,Tanvi Reddy,Female,Chandigarh,Punjab,Tier 2,2023-11-26
CUST_09017,Ananya Patel,Female,Dehradun,Uttarakhand,Tier 3,2024-08-18
CUST_09018,Divya Iyer,Female,Chennai,Tamil Nadu,Tier 1,2023-07-13
CUST_09019,Neha Verma,Female,Patna,Bihar,Tier 3,2024-05-01
CUST_09020,Kavya Nair,Female,Dehradun,Uttarakhand,Tier 3,2024-04-07
CUST_09021,Kavya Reddy,Female,Jaipur,Rajasthan,Tier 2,2024-02-07
CUST_09022,Priya Kumar,Female,Mumbai,Maharashtra,Tier 1,2024-09-19
CUST_09023,Rahul Nair,Male,Ranchi,Jharkhand,Tier 3,2024-01-07
CUST_09024,Rahul Reddy,Male,Chandigarh,Punjab,Tier 2,2024-04-24
CUST_09025,Ishita Singh,Female,Delhi,Delhi,Tier 1,2024-03-23
CUST_09026,Riya Kumar,Female,Kochi,Kerala,Tier 2,2023-07-31
CUST_09027,Aarav Sharma,Male,Bengaluru,Karnataka,Tier 1,2024-04-03
CUST_09028,Arjun Gupta,Male,Pune,Maharashtra,Tier 1,2024-03-27
CUST_09029,Pooja Nair,Female,Bhopal,Madhya Pradesh,Tier 3,2024-01-07
CUST_09030,Aditya Singh,Male,Indore,Madhya Pradesh,Tier 2,2024-02-06
CUST_09031,Kabir Gupta,Male,Mumbai,Maharashtra,Tier 1,2023-10-14
CUST_09032,Kavya Reddy,Female,Indore,Madhya Pradesh,Tier 2,2023-10-31
CUST_09033,Aditya Iyer,Male,Jaipur,Rajasthan,Tier 2,2023-12-24
CUST_09034,Kunal Gupta,Male,Pune,Maharashtra,Tier 1,2023-08-19
CUST_09035,Neha Reddy,Female,Varanasi,Uttar Pradesh,Tier 3,2024-04-14
CUST_09036,Rohan Verma,Male,Pune,Maharashtra,Tier 1,2023-09-19
CUST_09037,Sneha Mehta,Female,Mumbai,Maharashtra,Tier 1,2024-03-06
CUST_09038,Amit Verma,Male,Pune,Maharashtra,Tier 1,2024-09-16
CUST_09039,Kavya Sharma,Female,Jaipur,Rajasthan,Tier 2,2024-06-20
CUST_09040,Varun Reddy,Male,Patna,Bihar,Tier 3,2023-06-24
CUST_09041,Neha Iyer,Female,Lucknow,Uttar Pradesh,Tier 2,2023-10-02
CUST_09042,Priya Sharma,Female,Ahmedabad,Gujarat,Tier 2,2023-09-03
CUST_09043,Aarav Iyer,Male,Patna,Bihar,Tier 3,2024-01-13
CUST_09044,Aarav Patel,Male,Lucknow,Uttar Pradesh,Tier 2,2023-10-20
CUST_09045,Arjun Kumar,Male,Delhi,Delhi,Tier 1,2023-10-28
CUST_09046,Tanvi Mehta,Female,Kochi,Kerala,Tier 2,2024-11-20
CUST_09047,Arjun Mehta,Male,Ranchi,Jharkhand,Tier 3,2024-08-29
CUST_09048,Pooja Verma,Female,Mumbai,Maharashtra,Tier 1,2023-08-21
CUST_09049,Kunal Kumar,Male,Pune,Maharashtra,Tier 1,2024-10-28
CUST_09050,Priya Singh,Female,Mumbai,Maharashtra,Tier 1,2024-08-16
CUST_09051,Sneha Iyer,Female,Hyderabad,Telangana,Tier 1,2024-02-19
CUST_09052,Priya Singh,Female,Guwahati,Assam,Tier 3,2023-12-24
CUST_09053,Arjun Reddy,Male,Chennai,Tamil Nadu,Tier 1,2023-10-16
CUST_09054,Riya Sharma,Female,Delhi,Delhi,Tier 1,2024-09-28
CUST_09055,Pooja Nair,Female,Indore,Madhya Pradesh,Tier 2,2024-10-13
CUST_09056,Sneha Nair,Female,Ranchi,Jharkhand,Tier 3,2023-11-13
CUST_09057,Kavya Iyer,Female,Ahmedabad,Gujarat,Tier 2,2023-11-30
CUST_09058,Vikram Kumar,Male,Delhi,Delhi,Tier 1,2023-06-28
CUST_09059,Sneha Verma,Female,Bengaluru,Karnataka,Tier 1,2024-04-03
CUST_09060,Priya Verma,Female,Chandigarh,Punjab,Tier 2,2024-08-30
CUST_09061,Riya Kumar,Female,Chennai,Tamil Nadu,Tier 1,2023-07-03
CUST_09062,Neha Iyer,Female,Chandigarh,Punjab,Tier 2,2023-10-10
CUST_09063,Divya Patel,Female,Bhopal,Madhya Pradesh,Tier 3,2024-01-29
CUST_09064,Pooja Sharma,Female,Chennai,Tamil Nadu,Tier 1,2023-10-09
CUST_09065,Kavya Mehta,Female,Kochi,Kerala,Tier 2,2023-12-05
CUST_09066,Tanvi Mehta,Female,Chandigarh,Punjab,Tier 2,2024-01-10
CUST_09067,Rahul Kumar,Male,Delhi,Delhi,Tier 1,2024-11-25
CUST_09068,Ananya Verma,Female,Bengaluru,Karnataka,Tier 1,2023-09-28
CUST_09069,Kunal Kumar,Male,Mumbai,Maharashtra,Tier 1,2023-12-29
CUST_09070,Ishita Mehta,Female,Delhi,Delhi,Tier 1,2023-11-28
CUST_09071,Kabir Verma,Male,Pune,Maharashtra,Tier 1,2024-04-12
CUST_09072,Pooja Nair,Female,Ahmedabad,Gujarat,Tier 2,2024-09-30
CUST_09073,Kunal Verma,Male,Chennai,Tamil Nadu,Tier 1,2024-01-07
CUST_09074,Ishita Iyer,Female,Bengaluru,Karnataka,Tier 1,2024-05-24
CUST_09075,Ishita Patel,Female,Mumbai,Maharashtra,Tier 1,2024-10-08
CUST_09076,Varun Gupta,Male,Lucknow,Uttar Pradesh,Tier 2,2023-12-24
CUST_09077,Arjun Verma,Male,Jaipur,Rajasthan,Tier 2,2023-10-23
CUST_09078,Ishita Reddy,Female,Lucknow,Uttar Pradesh,Tier 2,2024-09-26
CUST_09079,Kavya Verma,Female,Hyderabad,Telangana,Tier 1,2024-08-24
CUST_09080,Aarav Iyer,Male,Chennai,Tamil Nadu,Tier 1,2024-05-28
CUST_09081,Arjun Gupta,Male,Jaipur,Rajasthan,Tier 2,2023-10-10
CUST_09082,Tanvi Nair,Female,Delhi,Delhi,Tier 1,2024-03-25
CUST_09083,Arjun Singh,Male,Bhopal,Madhya Pradesh,Tier 3,2023-12-28
CUST_09084,Rohan Verma,Male,Chennai,Tamil Nadu,Tier 1,2024-04-21
CUST_09085,Ananya Patel,Female,Mumbai,Maharashtra,Tier 1,2023-09-10
CUST_09086,Arjun Sharma,Male,Chandigarh,Punjab,Tier 2,2024-02-11
CUST_09087,Aditya Kumar,Male,Ahmedabad,Gujarat,Tier 2,2024-04-29
CUST_09088,Rahul Iyer,Male,Chandigarh,Punjab,Tier 2,2024-05-28
CUST_09089,Priya Mehta,Female,Jaipur,Rajasthan,Tier 2,2024-08-24
CUST_09090,Varun Nair,Male,Varanasi,Uttar Pradesh,Tier 3,2024-03-24
CUST_09091,Kavya Singh,Female,Mumbai,Maharashtra,Tier 1,2023-07-01
CUST_09092,Kunal Singh,Male,Kochi,Kerala,Tier 2,2024-09-04
CUST_09093,Neha Singh,Female,Delhi,Delhi,Tier 1,2024-08-04
CUST_09094,Priya Nair,Female,Hyderabad,Telangana,Tier 1,2024-02-06
CUST_09095,Rahul Kumar,Male,Mumbai,Maharashtra,Tier 1,2024-08-17
CUST_09096,Aarav Kumar,Male,Indore,Madhya Pradesh,Tier 2,2024-09-17
CUST_09097,Tanvi Sharma,Female,Jaipur,Rajasthan,Tier 2,2023-12-09
CUST_09098,Ananya Reddy,Female,Chandigarh,Punjab,Tier 2,2024-08-11
CUST_09099,Ananya Gupta,Female,Kochi,Kerala,Tier 2,2024-05-31
CUST_09100,Amit Kumar,Male,Chandigarh,Punjab,Tier 2,2023-08-23
CUST_09101,Arjun Nair,Male,Indore,Madhya Pradesh,Tier 2,2024-05-20
CUST_09102,Rahul Gupta,Male,Indore,Madhya Pradesh,Tier 2,2024-10-21
CUST_09103,Priya Singh,Female,Chennai,Tamil Nadu,Tier 1,2024-03-05
CUST_09104,Vikram Mehta,Male,Ahmedabad,Gujarat,Tier 2,2024-03-17
CUST_09105,Kabir Iyer,Male,Chandigarh,Punjab,Tier 2,2023-07-22
CUST_09106,Aarav Verma,Male,Kochi,Kerala,Tier 2,2023-11-07
CUST_09107,Amit Reddy,Male,Chennai,Tamil Nadu,Tier 1,2024-01-08
CUST_09108,Varun Mehta,Male,Ahmedabad,Gujarat,Tier 2,2023-10-27
CUST_09109,Priya Iyer,Female,Pune,Maharashtra,Tier 1,2024-01-12
CUST_09110,Varun Nair,Male,Ahmedabad,Gujarat,Tier 2,2023-10-10
CUST_09111,Arjun Kumar,Male,Pune,Maharashtra,Tier 1,2023-08-15
CUST_09112,Kavya Reddy,Female,Bengaluru,Karnataka,Tier 1,2023-09-14
CUST_09113,Amit Gupta,Male,Kochi,Kerala,Tier 2,2024-04-23
CUST_09114,Rahul Gupta,Male,Pune,Maharashtra,Tier 1,2023-08-28
CUST_09115,Sneha Nair,Female,Lucknow,Uttar Pradesh,Tier 2,2024-11-04
CUST_09116,Arjun Gupta,Male,Chennai,Tamil Nadu,Tier 1,2023-08-22
CUST_09117,Neha Mehta,Female,Bengaluru,Karnataka,Tier 1,2024-09-14
CUST_09118,Divya Mehta,Female,Delhi,Delhi,Tier 1,2023-10-19
CUST_09119,Tanvi Patel,Female,Indore,Madhya Pradesh,Tier 2,2024-05-16
CUST_09120,Kunal Gupta,Male,Jaipur,Rajasthan,Tier 2,2023-09-04
CUST_09121,Kabir Gupta,Male,Chandigarh,Punjab,Tier 2,2024-05-11
CUST_09122,Arjun Mehta,Male,Chandigarh,Punjab,Tier 2,2023-11-21
CUST_09123,Priya Kumar,Female,Chennai,Tamil Nadu,Tier 1,2023-12-16
CUST_09124,Sneha Nair,Female,Chennai,Tamil Nadu,Tier 1,2023-12-17
CUST_09125,Priya Mehta,Female,Jaipur,Rajasthan,Tier 2,2023-12-10
CUST_09126,Vikram Gupta,Male,Hyderabad,Telangana,Tier 1,2024-04-14
CUST_09127,Ishita Reddy,Female,Delhi,Delhi,Tier 1,2024-03-29
CUST_09128,Kavya Singh,Female,Ahmedabad,Gujarat,Tier 2,2023-10-24
CUST_09129,Amit Reddy,Male,Pune,Maharashtra,Tier 1,2023-11-29
CUST_09130,Rahul Kumar,Male,Guwahati,Assam,Tier 3,2024-10-14
CUST_09131,Riya Sharma,Female,Patna,Bihar,Tier 3,2023-07-30
CUST_09132,Rohan Kumar,Male,Delhi,Delhi,Tier 1,2024-06-23
CUST_09133,Ananya Nair,Female,Chandigarh,Punjab,Tier 2,2024-04-26
CUST_09134,Divya Iyer,Female,Dehradun,Uttarakhand,Tier 3,2024-01-11
CUST_09135,Riya Singh,Female,Chandigarh,Punjab,Tier 2,2023-08-20
CUST_09136,Vikram Verma,Male,Chennai,Tamil Nadu,Tier 1,2024-01-31
CUST_09137,Vikram Verma,Male,Delhi,Delhi,Tier 1,2024-09-12
CUST_09138,Varun Iyer,Male,Ranchi,Jharkhand,Tier 3,2024-06-26
CUST_09139,Tanvi Patel,Female,Varanasi,Uttar Pradesh,Tier 3,2024-08-05
CUST_09140,Ananya Mehta,Female,Bhopal,Madhya Pradesh,Tier 3,2024-01-06
CUST_09141,Neha Reddy,Female,Indore,Madhya Pradesh,Tier 2,2023-09-06
CUST_09142,Amit Singh,Male,Hyderabad,Telangana,Tier 1,2023-10-03
CUST_09143,Amit Patel,Male,Varanasi,Uttar Pradesh,Tier 3,2023-06-13
CUST_09144,Vikram Sharma,Male,Lucknow,Uttar Pradesh,Tier 2,2024-05-09
CUST_09145,Kunal Verma,Male,Ranchi,Jharkhand,Tier 3,2023-12-20
CUST_09146,Aarav Mehta,Male,Bengaluru,Karnataka,Tier 1,2024-08-21
CUST_09147,Tanvi Singh,Female,Dehradun,Uttarakhand,Tier 3,2024-06-03
CUST_09148,Amit Singh,Male,Ahmedabad,Gujarat,Tier 2,2024-10-23
CUST_09149,Ishita Nair,Female,Indore,Madhya Pradesh,Tier 2,2024-05-24
CUST_09150,Divya Kumar,Female,Ahmedabad,Gujarat,Tier 2,2024-10-01
CUST_09151,Rohan Singh,Male,Varanasi,Uttar Pradesh,Tier 3,2024-09-12
CUST_09152,Tanvi Verma,Female,Ahmedabad,Gujarat,Tier 2,2023-07-26
CUST_09153,Divya Patel,Female,Kochi,Kerala,Tier 2,2024-05-28
CUST_09154,Aarav Nair,Male,Dehradun,Uttarakhand,Tier 3,2023-12-27
CUST_09155,Kunal Nair,Male,Ranchi,Jharkhand,Tier 3,2024-11-14
CUST_09156,Ishita Iyer,Female,Indore,Madhya Pradesh,Tier 2,2023-10-28
CUST_09157,Aarav Mehta,Male,Hyderabad,Telangana,Tier 1,2024-05-04
CUST_09158,Aditya Sharma,Male,Bhopal,Madhya Pradesh,Tier 3,2024-02-23
CUST_09159,Rohan Singh,Male,Jaipur,Rajasthan,Tier 2,2024-08-27
CUST_09160,Kavya Verma,Female,Bhopal,Madhya Pradesh,Tier 3,2024-01-08
CUST_09161,Sneha Iyer,Female,Delhi,Delhi,Tier 1,2024-09-30
CUST_09162,Ananya Mehta,Female,Kochi,Kerala,Tier 2,2024-08-01
CUST_09163,Aarav Nair,Male,Chennai,Tamil Nadu,Tier 1,2023-11-16
CUST_09164,Ananya Singh,Female,Lucknow,Uttar Pradesh,Tier 2,2024-11-16
CUST_09165,Ishita Reddy,Female,Mumbai,Maharashtra,Tier 1,2024-09-02
CUST_09166,Neha Gupta,Female,Chennai,Tamil Nadu,Tier 1,2023-12-18
CUST_09167,Riya Kumar,Female,Bengaluru,Karnataka,Tier 1,2024-03-14
CUST_09168,Rohan Kumar,Male,Kochi,Kerala,Tier 2,2024-11-06
CUST_09169,Vikram Nair,Male,Dehradun,Uttarakhand,Tier 3,2024-06-06
CUST_09170,Rohan Patel,Male,Varanasi,Uttar Pradesh,Tier 3,2023-07-03
CUST_09171,Divya Sharma,Female,Bengaluru,Karnataka,Tier 1,2023-11-27
CUST_09172,Priya Reddy,Female,Hyderabad,Telangana,Tier 1,2024-02-13
CUST_09173,Aditya Reddy,Male,Lucknow,Uttar Pradesh,Tier 2,2023-08-19
CUST_09174,Vikram Patel,Male,Delhi,Delhi,Tier 1,2024-08-24
CUST_09175,Amit Iyer,Male,Ranchi,Jharkhand,Tier 3,2023-11-14
CUST_09176,Kunal Reddy,Male,Kochi,Kerala,Tier 2,2024-03-28
CUST_09177,Varun Patel,Male,Bengaluru,Karnataka,Tier 1,2024-10-19
CUST_09178,Kunal Singh,Male,Lucknow,Uttar Pradesh,Tier 2,2023-08-22
CUST_09179,Priya Reddy,Female,Jaipur,Rajasthan,Tier 2,2024-10-15
CUST_09180,Pooja Verma,Female,Delhi,Delhi,Tier 1,2023-08-01
CUST_09181,Divya Gupta,Female,Guwahati,Assam,Tier 3,2024-08-03
CUST_09182,Priya Iyer,Female,Mumbai,Maharashtra,Tier 1,2024-10-05
CUST_09183,Vikram Kumar,Male,Chandigarh,Punjab,Tier 2,2024-04-20
CUST_09184,Ishita Gupta,Female,Mumbai,Maharashtra,Tier 1,2024-08-26
CUST_09185,Neha Reddy,Female,Hyderabad,Telangana,Tier 1,2023-10-04
CUST_09186,Rohan Iyer,Male,Lucknow,Uttar Pradesh,Tier 2,2023-08-28
CUST_09187,Tanvi Reddy,Female,Hyderabad,Telangana,Tier 1,2023-06-12
CUST_09188,Rahul Patel,Male,Ahmedabad,Gujarat,Tier 2,2024-08-08
CUST_09189,Vikram Singh,Male,Hyderabad,Telangana,Tier 1,2024-10-30
CUST_09190,Pooja Sharma,Female,Jaipur,Rajasthan,Tier 2,2024-01-11
CUST_09191,Ishita Sharma,Female,Delhi,Delhi,Tier 1,2024-08-07
CUST_09192,Divya Singh,Female,Jaipur,Rajasthan,Tier 2,2024-07-29
CUST_09193,Divya Nair,Female,Indore,Madhya Pradesh,Tier 2,2023-12-16
CUST_09194,Aarav Mehta,Male,Lucknow,Uttar Pradesh,Tier 2,2023-11-18
CUST_09195,Ishita Gupta,Female,Jaipur,Rajasthan,Tier 2,2023-12-29
CUST_09196,Kavya Kumar,Female,Dehradun,Uttarakhand,Tier 3,2024-10-15
CUST_09197,Riya Kumar,Female,Kochi,Kerala,Tier 2,2024-06-30
CUST_09198,Pooja Sharma,Female,Indore,Madhya Pradesh,Tier 2,2024-08-02
CUST_09199,Pooja Sharma,Female,Varanasi,Uttar Pradesh,Tier 3,2024-01-14
CUST_09200,Rahul Patel,Male,Hyderabad,Telangana,Tier 1,2024-06-14
CUST_09201,Vikram Verma,Male,Hyderabad,Telangana,Tier 1,2024-07-07
CUST_09202,Pooja Kumar,Female,Jaipur,Rajasthan,Tier 2,2024-03-14
CUST_09203,Kavya Reddy,Female,Delhi,Delhi,Tier 1,2023-11-02
CUST_09204,Tanvi Patel,Female,Chennai,Tamil Nadu,Tier 1,2024-02-15
CUST_09205,Neha Gupta,Female,Pune,Maharashtra,Tier 1,2023-11-03
CUST_09206,Kunal Verma,Male,Mumbai,Maharashtra,Tier 1,2024-02-17
CUST_09207,Ishita Nair,Female,Chandigarh,Punjab,Tier 2,2024-03-06
CUST_09208,Kunal Iyer,Male,Pune,Maharashtra,Tier 1,2024-07-03
CUST_09209,Divya Mehta,Female,Kochi,Kerala,Tier 2,2024-01-16
CUST_09210,Aditya Nair,Male,Mumbai,Maharashtra,Tier 1,2024-11-21
CUST_09211,Tanvi Nair,Female,Ahmedabad,Gujarat,Tier 2,2024-07-13
CUST_09212,Kabir Nair,Male,Hyderabad,Telangana,Tier 1,2024-01-02
CUST_09213,Ishita Verma,Female,Ranchi,Jharkhand,Tier 3,2024-05-22
CUST_09214,Rahul Mehta,Male,Hyderabad,Telangana,Tier 1,2024-01-28
CUST_09215,Ishita Reddy,Female,Chennai,Tamil Nadu,Tier 1,2024-06-03
CUST_09216,Rohan Iyer,Male,Jaipur,Rajasthan,Tier 2,2024-06-20
CUST_09217,Divya Gupta,Female,Mumbai,Maharashtra,Tier 1,2023-12-31
CUST_09218,Sneha Iyer,Female,Guwahati,Assam,Tier 3,2024-05-25
CUST_09219,Amit Gupta,Male,Kochi,Kerala,Tier 2,2023-11-05
CUST_09220,Tanvi Patel,Female,Jaipur,Rajasthan,Tier 2,2024-09-03
CUST_09221,Neha Reddy,Female,Chandigarh,Punjab,Tier 2,2024-07-28
CUST_09222,Pooja Iyer,Female,Ahmedabad,Gujarat,Tier 2,2023-08-09
CUST_09223,Kabir Iyer,Male,Hyderabad,Telangana,Tier 1,2024-10-26
CUST_09224,Aditya Sharma,Male,Chennai,Tamil Nadu,Tier 1,2024-10-10
CUST_09225,Ananya Gupta,Female,Delhi,Delhi,Tier 1,2023-10-22
CUST_09226,Priya Sharma,Female,Lucknow,Uttar Pradesh,Tier 2,2023-11-03
CUST_09227,Ishita Reddy,Female,Chandigarh,Punjab,Tier 2,2024-05-24
CUST_09228,Amit Nair,Male,Pune,Maharashtra,Tier 1,2023-09-22
CUST_09229,Tanvi Verma,Female,Pune,Maharashtra,Tier 1,2024-04-04
CUST_09230,Arjun Mehta,Male,Ranchi,Jharkhand,Tier 3,2023-12-04
CUST_09231,Neha Gupta,Female,Guwahati,Assam,Tier 3,2024-05-22
CUST_09232,Sneha Gupta,Female,Ahmedabad,Gujarat,Tier 2,2024-04-26
CUST_09233,Aarav Reddy,Male,Chennai,Tamil Nadu,Tier 1,2024-04-02
CUST_09234,Amit Kumar,Male,Jaipur,Rajasthan,Tier 2,2023-06-28
CUST_09235,Tanvi Iyer,Female,Chennai,Tamil Nadu,Tier 1,2024-03-01
CUST_09236,Ananya Kumar,Female,Delhi,Delhi,Tier 1,2023-06-30
CUST_09237,Ishita Reddy,Female,Indore,Madhya Pradesh,Tier 2,2024-10-12
CUST_09238,Riya Mehta,Female,Patna,Bihar,Tier 3,2024-01-27
CUST_09239,Riya Iyer,Female,Jaipur,Rajasthan,Tier 2,2023-08-02
CUST_09240,Neha Iyer,Female,Chandigarh,Punjab,Tier 2,2024-09-10
CUST_09241,Rahul Patel,Male,Hyderabad,Telangana,Tier 1,2024-04-10
CUST_09242,Priya Kumar,Female,Bhopal,Madhya Pradesh,Tier 3,2023-07-05
CUST_09243,Rahul Reddy,Male,Hyderabad,Telangana,Tier 1,2024-06-07
CUST_09244,Kunal Gupta,Male,Guwahati,Assam,Tier 3,2024-09-24
CUST_09245,Divya Mehta,Female,Dehradun,Uttarakhand,Tier 3,2023-07-10
CUST_09246,Priya Singh,Female,Pune,Maharashtra,Tier 1,2024-06-21
CUST_09247,Rohan Gupta,Male,Jaipur,Rajasthan,Tier 2,2023-11-06
CUST_09248,Kunal Kumar,Male,Varanasi,Uttar Pradesh,Tier 3,2023-06-26
CUST_09249,Divya Iyer,Female,Indore,Madhya Pradesh,Tier 2,2024-06-09
CUST_09250,Divya Mehta,Female,Dehradun,Uttarakhand,Tier 3,2023-11-08
CUST_09251,Vikram Singh,Male,Hyderabad,Telangana,Tier 1,2024-05-12
CUST_09252,Aditya Patel,Male,Delhi,Delhi,Tier 1,2024-11-30
CUST_09253,Riya Verma,Female,Pune,Maharashtra,Tier 1,2024-06-17
CUST_09254,Kunal Gupta,Male,Lucknow,Uttar Pradesh,Tier 2,2023-12-31
CUST_09255,Aditya Nair,Male,Hyderabad,Telangana,Tier 1,2024-04-30
CUST_09256,Kunal Sharma,Male,Chennai,Tamil Nadu,Tier 1,2024-08-19
CUST_09257,Priya Sharma,Female,Bhopal,Madhya Pradesh,Tier 3,2024-07-26
CUST_09258,Rohan Patel,Male,Chandigarh,Punjab,Tier 2,2024-03-25
CUST_09259,Amit Verma,Male,Mumbai,Maharashtra,Tier 1,2023-06-26
CUST_09260,Divya Iyer,Female,Pune,Maharashtra,Tier 1,2023-10-27
CUST_09261,Vikram Kumar,Male,Hyderabad,Telangana,Tier 1,2024-11-13
CUST_09262,Sneha Nair,Female,Lucknow,Uttar Pradesh,Tier 2,2023-06-08
CUST_09263,Amit Singh,Male,Mumbai,Maharashtra,Tier 1,2023-08-16
CUST_09264,Ananya Kumar,Female,Bengaluru,Karnataka,Tier 1,2023-12-12
CUST_09265,Varun Verma,Male,Hyderabad,Telangana,Tier 1,2023-07-25
CUST_09266,Ishita Kumar,Female,Ahmedabad,Gujarat,Tier 2,2024-08-05
CUST_09267,Riya Iyer,Female,Varanasi,Uttar Pradesh,Tier 3,2024-03-05
CUST_09268,Ananya Iyer,Female,Guwahati,Assam,Tier 3,2024-08-12
CUST_09269,Riya Reddy,Female,Mumbai,Maharashtra,Tier 1,2024-10-24
CUST_09270,Kabir Singh,Male,Indore,Madhya Pradesh,Tier 2,2024-11-24
CUST_09271,Ananya Kumar,Female,Mumbai,Maharashtra,Tier 1,2024-01-17
CUST_09272,Aarav Kumar,Male,Bengaluru,Karnataka,Tier 1,2024-04-12
CUST_09273,Tanvi Verma,Female,Bengaluru,Karnataka,Tier 1,2023-10-20
CUST_09274,Kabir Sharma,Male,Chennai,Tamil Nadu,Tier 1,2024-06-18
CUST_09275,Tanvi Sharma,Female,Patna,Bihar,Tier 3,2023-06-30
CUST_09276,Divya Sharma,Female,Patna,Bihar,Tier 3,2024-06-16
CUST_09277,Tanvi Kumar,Female,Ahmedabad,Gujarat,Tier 2,2024-01-04
CUST_09278,Divya Mehta,Female,Ahmedabad,Gujarat,Tier 2,2024-04-11
CUST_09279,Riya Mehta,Female,Ahmedabad,Gujarat,Tier 2,2023-07-13
CUST_09280,Kabir Patel,Male,Pune,Maharashtra,Tier 1,2024-07-01
CUST_09281,Varun Verma,Male,Hyderabad,Telangana,Tier 1,2024-08-06
CUST_09282,Neha Verma,Female,Patna,Bihar,Tier 3,2023-12-09
CUST_09283,Pooja Patel,Female,Bengaluru,Karnataka,Tier 1,2023-07-21
CUST_09284,Arjun Gupta,Male,Lucknow,Uttar Pradesh,Tier 2,2024-01-27
CUST_09285,Neha Mehta,Female,Guwahati,Assam,Tier 3,2023-09-20
CUST_09286,Aditya Sharma,Male,Ahmedabad,Gujarat,Tier 2,2024-02-05
CUST_09287,Vikram Kumar,Male,Bhopal,Madhya Pradesh,Tier 3,2024-10-15
CUST_09288,Aditya Singh,Male,Mumbai,Maharashtra,Tier 1,2023-12-03
CUST_09289,Riya Patel,Female,Ranchi,Jharkhand,Tier 3,2024-04-23
CUST_09290,Ishita Gupta,Female,Pune,Maharashtra,Tier 1,2023-07-05
CUST_09291,Ishita Sharma,Female,Chennai,Tamil Nadu,Tier 1,2024-06-03
CUST_09292,Pooja Nair,Female,Hyderabad,Telangana,Tier 1,2024-06-16
CUST_09293,Rohan Kumar,Male,Chennai,Tamil Nadu,Tier 1,2024-05-07
CUST_09294,Ishita Verma,Female,Jaipur,Rajasthan,Tier 2,2024-10-05
CUST_09295,Divya Singh,Female,Kochi,Kerala,Tier 2,2023-09-18
CUST_09296,Ishita Nair,Female,Varanasi,Uttar Pradesh,Tier 3,2024-05-21
CUST_09297,Vikram Singh,Male,Bengaluru,Karnataka,Tier 1,2024-05-15
CUST_09298,Priya Reddy,Female,Bengaluru,Karnataka,Tier 1,2024-07-21
CUST_09299,Tanvi Patel,Female,Ranchi,Jharkhand,Tier 3,2024-08-12
CUST_09300,Riya Kumar,Female,Lucknow,Uttar Pradesh,Tier 2,2024-07-13
CUST_09301,Kunal Reddy,Male,Delhi,Delhi,Tier 1,2024-05-26
CUST_09302,Rahul Mehta,Male,Mumbai,Maharashtra,Tier 1,2024-01-25
CUST_09303,Arjun Patel,Male,Hyderabad,Telangana,Tier 1,2024-03-02
CUST_09304,Divya Verma,Female,Chandigarh,Punjab,Tier 2,2023-09-08
CUST_09305,Tanvi Patel,Female,Lucknow,Uttar Pradesh,Tier 2,2024-07-18
CUST_09306,Kabir Nair,Male,Dehradun,Uttarakhand,Tier 3,2024-06-18
CUST_09307,Aditya Verma,Male,Jaipur,Rajasthan,Tier 2,2023-12-22
CUST_09308,Aditya Kumar,Male,Bengaluru,Karnataka,Tier 1,2024-08-28
CUST_09309,Rahul Reddy,Male,Chandigarh,Punjab,Tier 2,2023-12-10
CUST_09310,Riya Reddy,Female,Guwahati,Assam,Tier 3,2023-12-14
CUST_09311,Sneha Patel,Female,Pune,Maharashtra,Tier 1,2023-09-21
CUST_09312,Tanvi Verma,Female,Chandigarh,Punjab,Tier 2,2023-11-12
CUST_09313,Kabir Nair,Male,Kochi,Kerala,Tier 2,2024-11-17
CUST_09314,Pooja Verma,Female,Chennai,Tamil Nadu,Tier 1,2024-04-17
CUST_09315,Riya Sharma,Female,Indore,Madhya Pradesh,Tier 2,2024-08-31
CUST_09316,Ananya Reddy,Female,Hyderabad,Telangana,Tier 1,2023-11-03
CUST_09317,Priya Reddy,Female,Delhi,Delhi,Tier 1,2024-08-23
CUST_09318,Divya Iyer,Female,Varanasi,Uttar Pradesh,Tier 3,2024-06-29
CUST_09319,Amit Mehta,Male,Indore,Madhya Pradesh,Tier 2,2023-10-31
CUST_09320,Priya Verma,Female,Ahmedabad,Gujarat,Tier 2,2024-04-19
CUST_09321,Kavya Kumar,Female,Chennai,Tamil Nadu,Tier 1,2023-10-08
CUST_09322,Priya Kumar,Female,Guwahati,Assam,Tier 3,2024-08-16
CUST_09323,Vikram Nair,Male,Bengaluru,Karnataka,Tier 1,2024-08-10
CUST_09324,Kunal Sharma,Male,Dehradun,Uttarakhand,Tier 3,2024-06-24
CUST_09325,Divya Verma,Female,Delhi,Delhi,Tier 1,2024-01-04
CUST_09326,Kunal Kumar,Male,Varanasi,Uttar Pradesh,Tier 3,2023-09-07
CUST_09327,Tanvi Iyer,Female,Hyderabad,Telangana,Tier 1,2023-09-20
CUST_09328,Riya Verma,Female,Hyderabad,Telangana,Tier 1,2024-01-20
CUST_09329,Kunal Gupta,Male,Guwahati,Assam,Tier 3,2024-03-03
CUST_09330,Varun Verma,Male,Bengaluru,Karnataka,Tier 1,2024-10-16
CUST_09331,Aarav Iyer,Male,Bengaluru,Karnataka,Tier 1,2024-06-18
CUST_09332,Priya Singh,Female,Varanasi,Uttar Pradesh,Tier 3,2024-04-15
CUST_09333,Priya Singh,Female,Kochi,Kerala,Tier 2,2024-06-02
CUST_09334,Ishita Mehta,Female,Lucknow,Uttar Pradesh,Tier 2,2024-06-27
CUST_09335,Kunal Patel,Male,Chandigarh,Punjab,Tier 2,2023-08-19
CUST_09336,Amit Singh,Male,Pune,Maharashtra,Tier 1,2024-11-13
CUST_09337,Arjun Nair,Male,Mumbai,Maharashtra,Tier 1,2024-09-22
CUST_09338,Aditya Sharma,Male,Guwahati,Assam,Tier 3,2023-07-03
CUST_09339,Ananya Singh,Female,Chandigarh,Punjab,Tier 2,2024-03-09
CUST_09340,Kavya Sharma,Female,Chennai,Tamil Nadu,Tier 1,2023-06-08
CUST_09341,Ananya Singh,Female,Chennai,Tamil Nadu,Tier 1,2023-10-06
CUST_09342,Amit Verma,Male,Ranchi,Jharkhand,Tier 3,2024-01-23
CUST_09343,Aarav Sharma,Male,Chennai,Tamil Nadu,Tier 1,2024-06-21
CUST_09344,Rahul Reddy,Male,Mumbai,Maharashtra,Tier 1,2024-10-21
CUST_09345,Arjun Iyer,Male,Varanasi,Uttar Pradesh,Tier 3,2024-02-24
CUST_09346,Rahul Gupta,Male,Patna,Bihar,Tier 3,2023-07-20
CUST_09347,Neha Mehta,Female,Delhi,Delhi,Tier 1,2023-10-23
CUST_09348,Arjun Kumar,Male,Mumbai,Maharashtra,Tier 1,2023-07-24
CUST_09349,Pooja Iyer,Female,Lucknow,Uttar Pradesh,Tier 2,2024-04-08
CUST_09350,Priya Mehta,Female,Indore,Madhya Pradesh,Tier 2,2024-08-18
CUST_09351,Sneha Gupta,Female,Hyderabad,Telangana,Tier 1,2023-08-03
CUST_09352,Varun Nair,Male,Chandigarh,Punjab,Tier 2,2023-11-08
CUST_09353,Riya Sharma,Female,Jaipur,Rajasthan,Tier 2,2024-02-20
CUST_09354,Rohan Gupta,Male,Bengaluru,Karnataka,Tier 1,2023-08-31
CUST_09355,Arjun Kumar,Male,Chennai,Tamil Nadu,Tier 1,2023-07-21
CUST_09356,Kabir Singh,Male,Bhopal,Madhya Pradesh,Tier 3,2024-08-12
CUST_09357,Aarav Gupta,Male,Chennai,Tamil Nadu,Tier 1,2023-12-05
CUST_09358,Aditya Nair,Male,Delhi,Delhi,Tier 1,2024-09-16
CUST_09359,Amit Iyer,Male,Pune,Maharashtra,Tier 1,2024-04-03
CUST_09360,Ishita Iyer,Female,Delhi,Delhi,Tier 1,2023-08-05
CUST_09361,Riya Reddy,Female,Pune,Maharashtra,Tier 1,2024-03-04
CUST_09362,Neha Kumar,Female,Delhi,Delhi,Tier 1,2023-09-13
CUST_09363,Amit Nair,Male,Ahmedabad,Gujarat,Tier 2,2024-05-07
CUST_09364,Pooja Nair,Female,Hyderabad,Telangana,Tier 1,2024-07-22
CUST_09365,Kavya Reddy,Female,Bengaluru,Karnataka,Tier 1,2023-06-04
CUST_09366,Rahul Patel,Male,Lucknow,Uttar Pradesh,Tier 2,2024-01-16
CUST_09367,Kavya Mehta,Female,Kochi,Kerala,Tier 2,2024-02-24
CUST_09368,Rohan Singh,Male,Pune,Maharashtra,Tier 1,2024-01-06
CUST_09369,Riya Kumar,Female,Chandigarh,Punjab,Tier 2,2024-03-22
CUST_09370,Varun Gupta,Male,Bhopal,Madhya Pradesh,Tier 3,2023-10-09
CUST_09371,Sneha Kumar,Female,Bhopal,Madhya Pradesh,Tier 3,2023-07-07
CUST_09372,Kabir Mehta,Male,Patna,Bihar,Tier 3,2023-11-25
CUST_09373,Kabir Verma,Male,Kochi,Kerala,Tier 2,2024-03-20
CUST_09374,Tanvi Sharma,Female,Ranchi,Jharkhand,Tier 3,2024-11-27
CUST_09375,Vikram Reddy,Male,Delhi,Delhi,Tier 1,2024-09-30
CUST_09376,Tanvi Verma,Female,Bengaluru,Karnataka,Tier 1,2023-08-18
CUST_09377,Aditya Sharma,Male,Bengaluru,Karnataka,Tier 1,2023-10-22
CUST_09378,Varun Kumar,Male,Varanasi,Uttar Pradesh,Tier 3,2023-12-01
CUST_09379,Arjun Iyer,Male,Lucknow,Uttar Pradesh,Tier 2,2023-12-13
CUST_09380,Amit Kumar,Male,Varanasi,Uttar Pradesh,Tier 3,2024-02-24
CUST_09381,Rahul Gupta,Male,Dehradun,Uttarakhand,Tier 3,2023-10-15
CUST_09382,Sneha Verma,Female,Delhi,Delhi,Tier 1,2023-12-25
CUST_09383,Priya Kumar,Female,Indore,Madhya Pradesh,Tier 2,2024-04-25
CUST_09384,Varun Gupta,Male,Chandigarh,Punjab,Tier 2,2024-10-18
CUST_09385,Rohan Verma,Male,Ahmedabad,Gujarat,Tier 2,2023-09-11
CUST_09386,Rahul Gupta,Male,Lucknow,Uttar Pradesh,Tier 2,2023-12-18
CUST_09387,Arjun Mehta,Male,Delhi,Delhi,Tier 1,2024-07-29
CUST_09388,Aditya Mehta,Male,Kochi,Kerala,Tier 2,2023-12-10
CUST_09389,Aarav Kumar,Male,Pune,Maharashtra,Tier 1,2024-09-08
CUST_09390,Rahul Mehta,Male,Jaipur,Rajasthan,Tier 2,2024-05-28
CUST_09391,Kavya Kumar,Female,Pune,Maharashtra,Tier 1,2024-09-23
CUST_09392,Sneha Gupta,Female,Mumbai,Maharashtra,Tier 1,2024-01-07
CUST_09393,Tanvi Singh,Female,Chennai,Tamil Nadu,Tier 1,2024-01-25
CUST_09394,Varun Iyer,Male,Ahmedabad,Gujarat,Tier 2,2024-08-17
CUST_09395,Varun Kumar,Male,Chennai,Tamil Nadu,Tier 1,2024-08-21
CUST_09396,Divya Gupta,Female,Ahmedabad,Gujarat,Tier 2,2024-01-09
CUST_09397,Varun Verma,Male,Dehradun,Uttarakhand,Tier 3,2024-03-24
CUST_09398,Riya Gupta,Female,Mumbai,Maharashtra,Tier 1,2023-08-25
CUST_09399,Aarav Patel,Male,Delhi,Delhi,Tier 1,2024-05-10
CUST_09400,Kunal Kumar,Male,Chandigarh,Punjab,Tier 2,2024-01-09
CUST_09401,Pooja Kumar,Female,Mumbai,Maharashtra,Tier 1,2024-09-27
CUST_09402,Rahul Nair,Male,Ahmedabad,Gujarat,Tier 2,2024-07-16
CUST_09403,Tanvi Nair,Female,Pune,Maharashtra,Tier 1,2024-06-12
CUST_09404,Pooja Verma,Female,Mumbai,Maharashtra,Tier 1,2023-08-08
CUST_09405,Arjun Kumar,Male,Varanasi,Uttar Pradesh,Tier 3,2024-04-08
CUST_09406,Neha Mehta,Female,Chandigarh,Punjab,Tier 2,2024-06-07
CUST_09407,Pooja Verma,Female,Delhi,Delhi,Tier 1,2024-08-23
CUST_09408,Priya Sharma,Female,Dehradun,Uttarakhand,Tier 3,2023-07-27
CUST_09409,Kunal Kumar,Male,Jaipur,Rajasthan,Tier 2,2024-05-04
CUST_09410,Divya Reddy,Female,Indore,Madhya Pradesh,Tier 2,2024-11-15
CUST_09411,Pooja Singh,Female,Bhopal,Madhya Pradesh,Tier 3,2023-09-11
CUST_09412,Divya Singh,Female,Lucknow,Uttar Pradesh,Tier 2,2023-09-12
CUST_09413,Kabir Nair,Male,Hyderabad,Telangana,Tier 1,2023-10-21
CUST_09414,Varun Nair,Male,Bengaluru,Karnataka,Tier 1,2024-03-06
CUST_09415,Varun Iyer,Male,Indore,Madhya Pradesh,Tier 2,2023-10-06
CUST_09416,Priya Singh,Female,Bengaluru,Karnataka,Tier 1,2024-05-23
CUST_09417,Rohan Mehta,Male,Chandigarh,Punjab,Tier 2,2024-03-06
CUST_09418,Varun Gupta,Male,Ranchi,Jharkhand,Tier 3,2024-02-16
CUST_09419,Rahul Patel,Male,Patna,Bihar,Tier 3,2024-09-06
CUST_09420,Kabir Singh,Male,Kochi,Kerala,Tier 2,2023-11-30
CUST_09421,Kavya Mehta,Female,Kochi,Kerala,Tier 2,2024-07-12
CUST_09422,Vikram Patel,Male,Pune,Maharashtra,Tier 1,2023-08-25
CUST_09423,Riya Singh,Female,Chennai,Tamil Nadu,Tier 1,2024-01-29
CUST_09424,Ishita Kumar,Female,Lucknow,Uttar Pradesh,Tier 2,2024-09-06
CUST_09425,Ishita Patel,Female,Bengaluru,Karnataka,Tier 1,2023-09-13
CUST_09426,Rahul Singh,Male,Chandigarh,Punjab,Tier 2,2024-07-04
CUST_09427,Vikram Patel,Male,Ahmedabad,Gujarat,Tier 2,2023-07-11
CUST_09428,Ananya Patel,Female,Hyderabad,Telangana,Tier 1,2023-06-16
CUST_09429,Pooja Kumar,Female,Varanasi,Uttar Pradesh,Tier 3,2024-04-21
CUST_09430,Rohan Reddy,Male,Mumbai,Maharashtra,Tier 1,2024-01-28
CUST_09431,Kunal Sharma,Male,Delhi,Delhi,Tier 1,2023-12-26
CUST_09432,Kunal Iyer,Male,Ahmedabad,Gujarat,Tier 2,2024-07-03
CUST_09433,Vikram Mehta,Male,Chandigarh,Punjab,Tier 2,2024-05-19
CUST_09434,Sneha Kumar,Female,Bengaluru,Karnataka,Tier 1,2024-10-17
CUST_09435,Aarav Verma,Male,Mumbai,Maharashtra,Tier 1,2024-01-19
CUST_09436,Aarav Mehta,Male,Bhopal,Madhya Pradesh,Tier 3,2024-05-10
CUST_09437,Divya Gupta,Female,Delhi,Delhi,Tier 1,2023-08-08
CUST_09438,Aditya Verma,Male,Patna,Bihar,Tier 3,2023-09-02
CUST_09439,Ishita Mehta,Female,Ahmedabad,Gujarat,Tier 2,2024-04-04
CUST_09440,Rahul Gupta,Male,Lucknow,Uttar Pradesh,Tier 2,2023-08-28
CUST_09441,Riya Mehta,Female,Pune,Maharashtra,Tier 1,2023-07-01
CUST_09442,Vikram Iyer,Male,Bengaluru,Karnataka,Tier 1,2024-05-30
CUST_09443,Kavya Mehta,Female,Dehradun,Uttarakhand,Tier 3,2024-06-23
CUST_09444,Neha Verma,Female,Delhi,Delhi,Tier 1,2024-08-02
CUST_09445,Kabir Verma,Male,Indore,Madhya Pradesh,Tier 2,2024-04-28
CUST_09446,Rahul Nair,Male,Lucknow,Uttar Pradesh,Tier 2,2024-01-04
CUST_09447,Kabir Mehta,Male,Guwahati,Assam,Tier 3,2024-04-24
CUST_09448,Varun Reddy,Male,Ahmedabad,Gujarat,Tier 2,2024-01-03
CUST_09449,Divya Gupta,Female,Hyderabad,Telangana,Tier 1,2024-09-10
CUST_09450,Ishita Mehta,Female,Bhopal,Madhya Pradesh,Tier 3,2024-05-20
CUST_09451,Rohan Iyer,Male,Kochi,Kerala,Tier 2,2024-07-01
CUST_09452,Ananya Gupta,Female,Mumbai,Maharashtra,Tier 1,2023-12-18
CUST_09453,Kabir Singh,Male,Delhi,Delhi,Tier 1,2024-02-23
CUST_09454,Ishita Mehta,Female,Hyderabad,Telangana,Tier 1,2024-05-08
CUST_09455,Rohan Gupta,Male,Hyderabad,Telangana,Tier 1,2023-06-22
CUST_09456,Vikram Iyer,Male,Bengaluru,Karnataka,Tier 1,2023-06-17
CUST_09457,Sneha Gupta,Female,Dehradun,Uttarakhand,Tier 3,2024-07-11
CUST_09458,Arjun Singh,Male,Mumbai,Maharashtra,Tier 1,2023-08-15
CUST_09459,Arjun Singh,Male,Indore,Madhya Pradesh,Tier 2,2023-12-25
CUST_09460,Neha Gupta,Female,Chandigarh,Punjab,Tier 2,2024-08-17
CUST_09461,Riya Gupta,Female,Lucknow,Uttar Pradesh,Tier 2,2024-06-30
CUST_09462,Pooja Sharma,Female,Varanasi,Uttar Pradesh,Tier 3,2024-01-25
CUST_09463,Aditya Patel,Male,Ahmedabad,Gujarat,Tier 2,2023-10-17
CUST_09464,Kunal Sharma,Male,Hyderabad,Telangana,Tier 1,2024-10-08
CUST_09465,Varun Iyer,Male,Delhi,Delhi,Tier 1,2024-03-16
CUST_09466,Amit Kumar,Male,Chennai,Tamil Nadu,Tier 1,2024-09-13
CUST_09467,Tanvi Verma,Female,Dehradun,Uttarakhand,Tier 3,2023-07-13
CUST_09468,Amit Singh,Male,Indore,Madhya Pradesh,Tier 2,2023-11-01
CUST_09469,Ananya Gupta,Female,Lucknow,Uttar Pradesh,Tier 2,2023-11-09
CUST_09470,Divya Kumar,Female,Jaipur,Rajasthan,Tier 2,2024-04-10
CUST_09471,Aarav Iyer,Male,Ranchi,Jharkhand,Tier 3,2023-08-11
CUST_09472,Divya Patel,Female,Lucknow,Uttar Pradesh,Tier 2,2023-11-09
CUST_09473,Neha Nair,Female,Ahmedabad,Gujarat,Tier 2,2024-10-29
CUST_09474,Ananya Gupta,Female,Lucknow,Uttar Pradesh,Tier 2,2023-07-27
CUST_09475,Vikram Reddy,Male,Kochi,Kerala,Tier 2,2023-08-12
CUST_09476,Rahul Sharma,Male,Mumbai,Maharashtra,Tier 1,2023-06-26
CUST_09477,Aditya Nair,Male,Indore,Madhya Pradesh,Tier 2,2024-05-04
CUST_09478,Rahul Iyer,Male,Jaipur,Rajasthan,Tier 2,2024-09-18
CUST_09479,Rahul Mehta,Male,Mumbai,Maharashtra,Tier 1,2024-02-04
CUST_09480,Ishita Patel,Female,Pune,Maharashtra,Tier 1,2024-06-02
CUST_09481,Rohan Verma,Male,Dehradun,Uttarakhand,Tier 3,2024-10-22
CUST_09482,Pooja Nair,Female,Ranchi,Jharkhand,Tier 3,2023-11-09
CUST_09483,Ishita Reddy,Female,Hyderabad,Telangana,Tier 1,2024-11-28
CUST_09484,Aditya Gupta,Male,Pune,Maharashtra,Tier 1,2024-03-27
CUST_09485,Rahul Iyer,Male,Chandigarh,Punjab,Tier 2,2024-05-02
CUST_09486,Vikram Singh,Male,Ahmedabad,Gujarat,Tier 2,2024-06-20
CUST_09487,Neha Singh,Female,Hyderabad,Telangana,Tier 1,2023-11-06
CUST_09488,Arjun Nair,Male,Chennai,Tamil Nadu,Tier 1,2024-04-01
CUST_09489,Varun Nair,Male,Lucknow,Uttar Pradesh,Tier 2,2023-07-22
CUST_09490,Varun Nair,Male,Mumbai,Maharashtra,Tier 1,2023-06-11
CUST_09491,Amit Singh,Male,Chennai,Tamil Nadu,Tier 1,2024-01-10
CUST_09492,Vikram Verma,Male,Ahmedabad,Gujarat,Tier 2,2023-09-27
CUST_09493,Kunal Iyer,Male,Mumbai,Maharashtra,Tier 1,2023-06-22
CUST_09494,Ananya Reddy,Female,Indore,Madhya Pradesh,Tier 2,2024-05-13
CUST_09495,Vikram Singh,Male,Mumbai,Maharashtra,Tier 1,2024-08-25
CUST_09496,Varun Patel,Male,Kochi,Kerala,Tier 2,2023-06-07
CUST_09497,Amit Singh,Male,Dehradun,Uttarakhand,Tier 3,2024-02-26
CUST_09498,Arjun Verma,Male,Ahmedabad,Gujarat,Tier 2,2024-01-05
CUST_09499,Sneha Singh,Female,Guwahati,Assam,Tier 3,2024-11-20
CUST_09500,Priya Gupta,Female,Mumbai,Maharashtra,Tier 1,2024-10-31
CUST_09501,Aditya Reddy,Male,Chennai,Tamil Nadu,Tier 1,2024-04-23
CUST_09502,Riya Verma,Female,Hyderabad,Telangana,Tier 1,2024-07-25
CUST_09503,Rahul Gupta,Male,Patna,Bihar,Tier 3,2024-03-01
CUST_09504,Kabir Patel,Male,Pune,Maharashtra,Tier 1,2024-01-02
CUST_09505,Priya Gupta,Female,Hyderabad,Telangana,Tier 1,2024-11-11
CUST_09506,Rohan Gupta,Male,Delhi,Delhi,Tier 1,2024-08-18
CUST_09507,Ishita Singh,Female,Varanasi,Uttar Pradesh,Tier 3,2023-12-12
CUST_09508,Varun Sharma,Male,Jaipur,Rajasthan,Tier 2,2023-07-31
CUST_09509,Varun Verma,Male,Guwahati,Assam,Tier 3,2024-05-15
CUST_09510,Rohan Nair,Male,Bengaluru,Karnataka,Tier 1,2023-10-02
CUST_09511,Rohan Singh,Male,Mumbai,Maharashtra,Tier 1,2023-12-13
CUST_09512,Pooja Kumar,Female,Ahmedabad,Gujarat,Tier 2,2024-07-11
CUST_09513,Amit Iyer,Male,Delhi,Delhi,Tier 1,2023-07-20
CUST_09514,Rahul Mehta,Male,Mumbai,Maharashtra,Tier 1,2023-08-23
CUST_09515,Neha Gupta,Female,Mumbai,Maharashtra,Tier 1,2024-09-06
CUST_09516,Arjun Nair,Male,Chandigarh,Punjab,Tier 2,2024-11-23
CUST_09517,Neha Nair,Female,Chandigarh,Punjab,Tier 2,2023-08-31
CUST_09518,Varun Mehta,Male,Guwahati,Assam,Tier 3,2024-01-22
CUST_09519,Neha Reddy,Female,Indore,Madhya Pradesh,Tier 2,2023-08-30
CUST_09520,Vikram Reddy,Male,Bengaluru,Karnataka,Tier 1,2023-07-02
CUST_09521,Amit Patel,Male,Bhopal,Madhya Pradesh,Tier 3,2023-09-25
CUST_09522,Vikram Nair,Male,Chennai,Tamil Nadu,Tier 1,2023-09-03
CUST_09523,Pooja Sharma,Female,Delhi,Delhi,Tier 1,2024-04-12
CUST_09524,Divya Reddy,Female,Ahmedabad,Gujarat,Tier 2,2024-03-30
CUST_09525,Kabir Iyer,Male,Delhi,Delhi,Tier 1,2023-06-17
CUST_09526,Rohan Iyer,Male,Ahmedabad,Gujarat,Tier 2,2024-01-18
CUST_09527,Vikram Kumar,Male,Delhi,Delhi,Tier 1,2023-09-15
CUST_09528,Priya Verma,Female,Bengaluru,Karnataka,Tier 1,2024-01-06
CUST_09529,Kunal Gupta,Male,Varanasi,Uttar Pradesh,Tier 3,2024-10-01
CUST_09530,Arjun Verma,Male,Chennai,Tamil Nadu,Tier 1,2024-07-16
CUST_09531,Tanvi Singh,Female,Ahmedabad,Gujarat,Tier 2,2023-10-17
CUST_09532,Varun Nair,Male,Ahmedabad,Gujarat,Tier 2,2024-04-12
CUST_09533,Amit Verma,Male,Ahmedabad,Gujarat,Tier 2,2024-07-07
CUST_09534,Aditya Singh,Male,Delhi,Delhi,Tier 1,2023-07-28
CUST_09535,Kavya Reddy,Female,Delhi,Delhi,Tier 1,2024-10-23
CUST_09536,Sneha Verma,Female,Ahmedabad,Gujarat,Tier 2,2024-07-24
CUST_09537,Arjun Patel,Male,Pune,Maharashtra,Tier 1,2023-08-16
CUST_09538,Ananya Singh,Female,Indore,Madhya Pradesh,Tier 2,2023-09-21
CUST_09539,Sneha Mehta,Female,Pune,Maharashtra,Tier 1,2023-06-30
CUST_09540,Kunal Sharma,Male,Chandigarh,Punjab,Tier 2,2024-08-07
CUST_09541,Pooja Reddy,Female,Chennai,Tamil Nadu,Tier 1,2024-06-06
CUST_09542,Kabir Nair,Male,Dehradun,Uttarakhand,Tier 3,2023-07-23
CUST_09543,Neha Sharma,Female,Indore,Madhya Pradesh,Tier 2,2024-09-10
CUST_09544,Rahul Gupta,Male,Delhi,Delhi,Tier 1,2024-06-28
CUST_09545,Priya Gupta,Female,Hyderabad,Telangana,Tier 1,2024-08-03
CUST_09546,Priya Kumar,Female,Jaipur,Rajasthan,Tier 2,2023-08-25
CUST_09547,Rahul Sharma,Male,Varanasi,Uttar Pradesh,Tier 3,2023-09-16
CUST_09548,Kabir Nair,Male,Lucknow,Uttar Pradesh,Tier 2,2024-06-11
CUST_09549,Neha Iyer,Female,Ranchi,Jharkhand,Tier 3,2023-12-04
CUST_09550,Kavya Patel,Female,Hyderabad,Telangana,Tier 1,2023-08-20
CUST_09551,Ananya Mehta,Female,Pune,Maharashtra,Tier 1,2024-11-07
CUST_09552,Ishita Sharma,Female,Ranchi,Jharkhand,Tier 3,2023-08-07
CUST_09553,Ishita Mehta,Female,Indore,Madhya Pradesh,Tier 2,2023-12-27
CUST_09554,Sneha Patel,Female,Kochi,Kerala,Tier 2,2024-10-20
CUST_09555,Pooja Patel,Female,Varanasi,Uttar Pradesh,Tier 3,2023-06-04
CUST_09556,Aditya Mehta,Male,Guwahati,Assam,Tier 3,2024-01-09
CUST_09557,Varun Sharma,Male,Bengaluru,Karnataka,Tier 1,2024-02-09
CUST_09558,Tanvi Kumar,Female,Kochi,Kerala,Tier 2,2023-06-17
CUST_09559,Vikram Sharma,Male,Ranchi,Jharkhand,Tier 3,2024-05-06
CUST_09560,Rahul Kumar,Male,Chandigarh,Punjab,Tier 2,2023-07-09
CUST_09561,Varun Kumar,Male,Lucknow,Uttar Pradesh,Tier 2,2024-09-15
CUST_09562,Vikram Gupta,Male,Pune,Maharashtra,Tier 1,2023-08-09
CUST_09563,Amit Mehta,Male,Chandigarh,Punjab,Tier 2,2024-02-29
CUST_09564,Arjun Patel,Male,Hyderabad,Telangana,Tier 1,2023-08-21
CUST_09565,Pooja Gupta,Female,Dehradun,Uttarakhand,Tier 3,2024-09-29
CUST_09566,Kunal Reddy,Male,Pune,Maharashtra,Tier 1,2024-07-25
CUST_09567,Sneha Gupta,Female,Indore,Madhya Pradesh,Tier 2,2024-03-05
CUST_09568,Ishita Nair,Female,Kochi,Kerala,Tier 2,2024-02-27
CUST_09569,Rahul Singh,Male,Mumbai,Maharashtra,Tier 1,2024-08-29
CUST_09570,Ananya Kumar,Female,Pune,Maharashtra,Tier 1,2024-09-26
CUST_09571,Kavya Sharma,Female,Mumbai,Maharashtra,Tier 1,2024-02-27
CUST_09572,Ishita Verma,Female,Kochi,Kerala,Tier 2,2024-12-01
CUST_09573,Neha Nair,Female,Dehradun,Uttarakhand,Tier 3,2024-06-11
CUST_09574,Rohan Mehta,Male,Varanasi,Uttar Pradesh,Tier 3,2023-12-23
CUST_09575,Ananya Reddy,Female,Dehradun,Uttarakhand,Tier 3,2023-08-22
CUST_09576,Sneha Sharma,Female,Delhi,Delhi,Tier 1,2024-12-02
CUST_09577,Pooja Nair,Female,Dehradun,Uttarakhand,Tier 3,2023-11-26
CUST_09578,Vikram Sharma,Male,Mumbai,Maharashtra,Tier 1,2024-04-15
CUST_09579,Ishita Gupta,Female,Lucknow,Uttar Pradesh,Tier 2,2024-06-01
CUST_09580,Sneha Mehta,Female,Mumbai,Maharashtra,Tier 1,2024-10-06
CUST_09581,Aditya Sharma,Male,Ahmedabad,Gujarat,Tier 2,2023-06-12
CUST_09582,Vikram Kumar,Male,Indore,Madhya Pradesh,Tier 2,2024-07-11
CUST_09583,Pooja Patel,Female,Dehradun,Uttarakhand,Tier 3,2023-07-14
CUST_09584,Riya Iyer,Female,Hyderabad,Telangana,Tier 1,2023-09-13
CUST_09585,Neha Mehta,Female,Hyderabad,Telangana,Tier 1,2023-06-04
CUST_09586,Varun Iyer,Male,Kochi,Kerala,Tier 2,2024-10-25
CUST_09587,Tanvi Reddy,Female,Hyderabad,Telangana,Tier 1,2023-06-20
CUST_09588,Priya Verma,Female,Lucknow,Uttar Pradesh,Tier 2,2024-05-25
CUST_09589,Sneha Kumar,Female,Chandigarh,Punjab,Tier 2,2023-10-15
CUST_09590,Aarav Iyer,Male,Pune,Maharashtra,Tier 1,2023-06-27
CUST_09591,Neha Iyer,Female,Patna,Bihar,Tier 3,2024-06-17
CUST_09592,Aarav Sharma,Male,Indore,Madhya Pradesh,Tier 2,2024-03-07
CUST_09593,Kabir Gupta,Male,Ranchi,Jharkhand,Tier 3,2024-01-30
CUST_09594,Kabir Reddy,Male,Ranchi,Jharkhand,Tier 3,2024-06-16
CUST_09595,Sneha Patel,Female,Bengaluru,Karnataka,Tier 1,2024-09-04
CUST_09596,Ishita Iyer,Female,Pune,Maharashtra,Tier 1,2024-01-04
CUST_09597,Kabir Mehta,Male,Jaipur,Rajasthan,Tier 2,2024-01-19
CUST_09598,Tanvi Sharma,Female,Dehradun,Uttarakhand,Tier 3,2024-09-10
CUST_09599,Aarav Mehta,Male,Chennai,Tamil Nadu,Tier 1,2024-03-12
CUST_09600,Rahul Mehta,Male,Chandigarh,Punjab,Tier 2,2024-06-09
CUST_09601,Neha Reddy,Female,Indore,Madhya Pradesh,Tier 2,2024-06-19
CUST_09602,Ishita Kumar,Female,Mumbai,Maharashtra,Tier 1,2024-03-10
CUST_09603,Vikram Nair,Male,Hyderabad,Telangana,Tier 1,2024-11-02
CUST_09604,Kunal Reddy,Male,Chennai,Tamil Nadu,Tier 1,2024-03-19
CUST_09605,Kavya Nair,Female,Chennai,Tamil Nadu,Tier 1,2024-08-23
CUST_09606,Tanvi Singh,Female,Chennai,Tamil Nadu,Tier 1,2023-12-01
CUST_09607,Sneha Reddy,Female,Indore,Madhya Pradesh,Tier 2,2024-06-30
CUST_09608,Varun Nair,Male,Varanasi,Uttar Pradesh,Tier 3,2024-07-13
CUST_09609,Sneha Patel,Female,Chandigarh,Punjab,Tier 2,2023-12-30
CUST_09610,Priya Verma,Female,Chandigarh,Punjab,Tier 2,2024-11-25
CUST_09611,Pooja Singh,Female,Varanasi,Uttar Pradesh,Tier 3,2024-03-07
CUST_09612,Ishita Reddy,Female,Chandigarh,Punjab,Tier 2,2024-04-03
CUST_09613,Tanvi Mehta,Female,Kochi,Kerala,Tier 2,2023-08-19
CUST_09614,Aditya Verma,Male,Chandigarh,Punjab,Tier 2,2023-12-01
CUST_09615,Neha Iyer,Female,Varanasi,Uttar Pradesh,Tier 3,2024-07-24
CUST_09616,Neha Singh,Female,Lucknow,Uttar Pradesh,Tier 2,2023-06-10
CUST_09617,Ananya Kumar,Female,Indore,Madhya Pradesh,Tier 2,2024-07-18
CUST_09618,Rahul Verma,Male,Delhi,Delhi,Tier 1,2024-07-21
CUST_09619,Priya Nair,Female,Indore,Madhya Pradesh,Tier 2,2023-09-25
CUST_09620,Pooja Verma,Female,Delhi,Delhi,Tier 1,2023-08-13
CUST_09621,Amit Patel,Male,Ahmedabad,Gujarat,Tier 2,2024-10-08
CUST_09622,Amit Gupta,Male,Chandigarh,Punjab,Tier 2,2024-04-18
CUST_09623,Vikram Gupta,Male,Varanasi,Uttar Pradesh,Tier 3,2023-09-13
CUST_09624,Ananya Kumar,Female,Ahmedabad,Gujarat,Tier 2,2024-07-29
CUST_09625,Ananya Verma,Female,Dehradun,Uttarakhand,Tier 3,2024-05-08
CUST_09626,Sneha Patel,Female,Bengaluru,Karnataka,Tier 1,2023-10-15
CUST_09627,Tanvi Kumar,Female,Chennai,Tamil Nadu,Tier 1,2024-06-04
CUST_09628,Ishita Reddy,Female,Bhopal,Madhya Pradesh,Tier 3,2024-04-20
CUST_09629,Arjun Nair,Male,Bengaluru,Karnataka,Tier 1,2023-12-02
CUST_09630,Kunal Verma,Male,Chennai,Tamil Nadu,Tier 1,2023-08-22
CUST_09631,Aarav Patel,Male,Delhi,Delhi,Tier 1,2024-11-13
CUST_09632,Aarav Nair,Male,Chennai,Tamil Nadu,Tier 1,2024-04-18
CUST_09633,Kavya Reddy,Female,Lucknow,Uttar Pradesh,Tier 2,2024-03-24
CUST_09634,Rahul Nair,Male,Pune,Maharashtra,Tier 1,2023-08-09
CUST_09635,Rahul Verma,Male,Kochi,Kerala,Tier 2,2024-02-02
CUST_09636,Tanvi Iyer,Female,Patna,Bihar,Tier 3,2024-11-11
CUST_09637,Kabir Iyer,Male,Jaipur,Rajasthan,Tier 2,2024-11-18
CUST_09638,Tanvi Iyer,Female,Chandigarh,Punjab,Tier 2,2023-12-29
CUST_09639,Varun Reddy,Male,Guwahati,Assam,Tier 3,2024-03-06
CUST_09640,Tanvi Patel,Female,Kochi,Kerala,Tier 2,2023-12-12
CUST_09641,Ananya Patel,Female,Delhi,Delhi,Tier 1,2024-07-06
CUST_09642,Kavya Iyer,Female,Ahmedabad,Gujarat,Tier 2,2023-06-30
CUST_09643,Arjun Gupta,Male,Varanasi,Uttar Pradesh,Tier 3,2024-03-31
CUST_09644,Ishita Mehta,Female,Ranchi,Jharkhand,Tier 3,2023-10-29
CUST_09645,Riya Gupta,Female,Indore,Madhya Pradesh,Tier 2,2024-10-27
CUST_09646,Sneha Singh,Female,Delhi,Delhi,Tier 1,2024-07-03
CUST_09647,Rohan Patel,Male,Kochi,Kerala,Tier 2,2024-03-13
CUST_09648,Aarav Iyer,Male,Ranchi,Jharkhand,Tier 3,2024-04-09
CUST_09649,Varun Sharma,Male,Jaipur,Rajasthan,Tier 2,2023-08-21
CUST_09650,Rahul Sharma,Male,Bengaluru,Karnataka,Tier 1,2024-05-15
CUST_09651,Rahul Nair,Male,Mumbai,Maharashtra,Tier 1,2024-06-27
CUST_09652,Ananya Kumar,Female,Bengaluru,Karnataka,Tier 1,2024-07-02
CUST_09653,Sneha Mehta,Female,Jaipur,Rajasthan,Tier 2,2024-12-02
CUST_09654,Neha Reddy,Female,Pune,Maharashtra,Tier 1,2023-07-26
CUST_09655,Aditya Patel,Male,Chennai,Tamil Nadu,Tier 1,2024-08-15
CUST_09656,Kunal Mehta,Male,Hyderabad,Telangana,Tier 1,2024-11-03
CUST_09657,Pooja Patel,Female,Delhi,Delhi,Tier 1,2024-11-26
CUST_09658,Tanvi Singh,Female,Bhopal,Madhya Pradesh,Tier 3,2023-08-19
CUST_09659,Aditya Patel,Male,Mumbai,Maharashtra,Tier 1,2024-05-28
CUST_09660,Pooja Reddy,Female,Chandigarh,Punjab,Tier 2,2024-01-28
CUST_09661,Kabir Nair,Male,Mumbai,Maharashtra,Tier 1,2023-08-19
CUST_09662,Riya Kumar,Female,Ahmedabad,Gujarat,Tier 2,2024-08-03
CUST_09663,Rahul Singh,Male,Mumbai,Maharashtra,Tier 1,2023-08-21
CUST_09664,Kabir Kumar,Male,Guwahati,Assam,Tier 3,2024-11-14
CUST_09665,Varun Patel,Male,Jaipur,Rajasthan,Tier 2,2024-10-01
CUST_09666,Vikram Verma,Male,Delhi,Delhi,Tier 1,2024-09-21
CUST_09667,Arjun Reddy,Male,Ranchi,Jharkhand,Tier 3,2024-10-23
CUST_09668,Vikram Singh,Male,Patna,Bihar,Tier 3,2024-04-03
CUST_09669,Kavya Iyer,Female,Varanasi,Uttar Pradesh,Tier 3,2023-09-14
CUST_09670,Rohan Kumar,Male,Dehradun,Uttarakhand,Tier 3,2024-07-30
CUST_09671,Pooja Verma,Female,Lucknow,Uttar Pradesh,Tier 2,2024-04-01
CUST_09672,Arjun Singh,Male,Chennai,Tamil Nadu,Tier 1,2024-08-13
CUST_09673,Varun Singh,Male,Guwahati,Assam,Tier 3,2024-03-20
CUST_09674,Ishita Mehta,Female,Jaipur,Rajasthan,Tier 2,2023-06-15
CUST_09675,Kabir Nair,Male,Ahmedabad,Gujarat,Tier 2,2024-09-30
CUST_09676,Arjun Mehta,Male,Kochi,Kerala,Tier 2,2024-09-27
CUST_09677,Ananya Patel,Female,Jaipur,Rajasthan,Tier 2,2023-11-06
CUST_09678,Riya Patel,Female,Bengaluru,Karnataka,Tier 1,2023-11-25
CUST_09679,Amit Reddy,Male,Guwahati,Assam,Tier 3,2023-07-02
CUST_09680,Pooja Gupta,Female,Dehradun,Uttarakhand,Tier 3,2024-04-10
CUST_09681,Ananya Gupta,Female,Indore,Madhya Pradesh,Tier 2,2023-06-03
CUST_09682,Varun Gupta,Male,Indore,Madhya Pradesh,Tier 2,2024-01-12
CUST_09683,Kabir Gupta,Male,Pune,Maharashtra,Tier 1,2024-05-07
CUST_09684,Rahul Verma,Male,Varanasi,Uttar Pradesh,Tier 3,2024-11-02
CUST_09685,Ananya Sharma,Female,Varanasi,Uttar Pradesh,Tier 3,2024-12-02
CUST_09686,Rahul Patel,Male,Patna,Bihar,Tier 3,2024-01-28
CUST_09687,Rahul Sharma,Male,Lucknow,Uttar Pradesh,Tier 2,2024-06-02
CUST_09688,Ananya Nair,Female,Jaipur,Rajasthan,Tier 2,2024-03-25
CUST_09689,Tanvi Verma,Female,Varanasi,Uttar Pradesh,Tier 3,2023-06-16
CUST_09690,Vikram Reddy,Male,Bhopal,Madhya Pradesh,Tier 3,2024-02-25
CUST_09691,Kavya Iyer,Female,Jaipur,Rajasthan,Tier 2,2023-10-03
CUST_09692,Pooja Iyer,Female,Hyderabad,Telangana,Tier 1,2024-08-02
CUST_09693,Ananya Gupta,Female,Kochi,Kerala,Tier 2,2024-10-27
CUST_09694,Neha Gupta,Female,Lucknow,Uttar Pradesh,Tier 2,2024-09-19
CUST_09695,Rohan Gupta,Male,Delhi,Delhi,Tier 1,2023-07-25
CUST_09696,Vikram Kumar,Male,Mumbai,Maharashtra,Tier 1,2023-10-08
CUST_09697,Ananya Kumar,Female,Delhi,Delhi,Tier 1,2023-08-30
CUST_09698,Divya Singh,Female,Kochi,Kerala,Tier 2,2024-04-17
CUST_09699,Riya Gupta,Female,Chandigarh,Punjab,Tier 2,2024-09-21
CUST_09700,Riya Gupta,Female,Jaipur,Rajasthan,Tier 2,2024-03-11
CUST_09701,Amit Singh,Male,Bengaluru,Karnataka,Tier 1,2023-06-14
CUST_09702,Aditya Reddy,Male,Hyderabad,Telangana,Tier 1,2024-11-04
CUST_09703,Neha Verma,Female,Hyderabad,Telangana,Tier 1,2024-02-02
CUST_09704,Aditya Patel,Male,Chennai,Tamil Nadu,Tier 1,2024-01-15
CUST_09705,Kunal Gupta,Male,Lucknow,Uttar Pradesh,Tier 2,2023-10-23
CUST_09706,Aditya Singh,Male,Bengaluru,Karnataka,Tier 1,2024-05-16
CUST_09707,Priya Reddy,Female,Indore,Madhya Pradesh,Tier 2,2024-09-15
CUST_09708,Tanvi Verma,Female,Chennai,Tamil Nadu,Tier 1,2023-07-22
CUST_09709,Aarav Kumar,Male,Jaipur,Rajasthan,Tier 2,2024-11-24
CUST_09710,Sneha Singh,Female,Lucknow,Uttar Pradesh,Tier 2,2024-01-07
CUST_09711,Vikram Nair,Male,Jaipur,Rajasthan,Tier 2,2024-03-19
CUST_09712,Rahul Gupta,Male,Dehradun,Uttarakhand,Tier 3,2024-07-03
CUST_09713,Rohan Kumar,Male,Patna,Bihar,Tier 3,2024-05-25
CUST_09714,Aarav Nair,Male,Chandigarh,Punjab,Tier 2,2024-05-12
CUST_09715,Kavya Verma,Female,Bhopal,Madhya Pradesh,Tier 3,2023-09-21
CUST_09716,Amit Patel,Male,Ranchi,Jharkhand,Tier 3,2023-07-26
CUST_09717,Riya Singh,Female,Chennai,Tamil Nadu,Tier 1,2024-04-23
CUST_09718,Rohan Mehta,Male,Jaipur,Rajasthan,Tier 2,2024-02-06
CUST_09719,Riya Verma,Female,Indore,Madhya Pradesh,Tier 2,2023-11-29
CUST_09720,Rahul Gupta,Male,Indore,Madhya Pradesh,Tier 2,2024-09-07
CUST_09721,Rohan Reddy,Male,Ranchi,Jharkhand,Tier 3,2024-02-11
CUST_09722,Kunal Sharma,Male,Hyderabad,Telangana,Tier 1,2024-06-05
CUST_09723,Arjun Sharma,Male,Chennai,Tamil Nadu,Tier 1,2024-10-11
CUST_09724,Rahul Reddy,Male,Jaipur,Rajasthan,Tier 2,2023-07-09
CUST_09725,Arjun Patel,Male,Chandigarh,Punjab,Tier 2,2024-09-22
CUST_09726,Tanvi Iyer,Female,Ahmedabad,Gujarat,Tier 2,2023-06-01
CUST_09727,Ananya Singh,Female,Hyderabad,Telangana,Tier 1,2024-07-02
CUST_09728,Varun Kumar,Male,Bengaluru,Karnataka,Tier 1,2023-08-26
CUST_09729,Amit Iyer,Male,Bengaluru,Karnataka,Tier 1,2023-06-18
CUST_09730,Kavya Nair,Female,Mumbai,Maharashtra,Tier 1,2024-06-04
CUST_09731,Aarav Iyer,Male,Lucknow,Uttar Pradesh,Tier 2,2023-12-20
CUST_09732,Pooja Verma,Female,Guwahati,Assam,Tier 3,2023-10-16
CUST_09733,Divya Verma,Female,Chandigarh,Punjab,Tier 2,2023-10-01
CUST_09734,Kavya Gupta,Female,Lucknow,Uttar Pradesh,Tier 2,2024-02-12
CUST_09735,Riya Iyer,Female,Patna,Bihar,Tier 3,2023-11-21
CUST_09736,Aarav Gupta,Male,Guwahati,Assam,Tier 3,2023-11-04
CUST_09737,Kavya Nair,Female,Jaipur,Rajasthan,Tier 2,2023-06-12
CUST_09738,Kabir Nair,Male,Chennai,Tamil Nadu,Tier 1,2024-09-14
CUST_09739,Tanvi Mehta,Female,Delhi,Delhi,Tier 1,2023-09-08
CUST_09740,Amit Nair,Male,Mumbai,Maharashtra,Tier 1,2024-03-24
CUST_09741,Rohan Iyer,Male,Bhopal,Madhya Pradesh,Tier 3,2024-08-25
CUST_09742,Kunal Reddy,Male,Lucknow,Uttar Pradesh,Tier 2,2024-03-22
CUST_09743,Kunal Iyer,Male,Dehradun,Uttarakhand,Tier 3,2023-12-10
CUST_09744,Amit Verma,Male,Varanasi,Uttar Pradesh,Tier 3,2024-06-30
CUST_09745,Priya Reddy,Female,Jaipur,Rajasthan,Tier 2,2023-10-01
CUST_09746,Aditya Singh,Male,Bengaluru,Karnataka,Tier 1,2024-10-16
CUST_09747,Arjun Verma,Male,Indore,Madhya Pradesh,Tier 2,2024-09-08
CUST_09748,Priya Reddy,Female,Jaipur,Rajasthan,Tier 2,2024-10-27
CUST_09749,Ishita Sharma,Female,Bengaluru,Karnataka,Tier 1,2023-06-29
CUST_09750,Rohan Mehta,Male,Chennai,Tamil Nadu,Tier 1,2023-11-20
CUST_09751,Vikram Nair,Male,Indore,Madhya Pradesh,Tier 2,2023-06-09
CUST_09752,Rohan Mehta,Male,Dehradun,Uttarakhand,Tier 3,2023-11-13
CUST_09753,Kabir Nair,Male,Varanasi,Uttar Pradesh,Tier 3,2023-11-01
CUST_09754,Neha Patel,Female,Mumbai,Maharashtra,Tier 1,2024-09-02
CUST_09755,Riya Kumar,Female,Pune,Maharashtra,Tier 1,2024-04-13
CUST_09756,Ishita Iyer,Female,Patna,Bihar,Tier 3,2023-12-18
CUST_09757,Arjun Kumar,Male,Chandigarh,Punjab,Tier 2,2024-04-12
CUST_09758,Ananya Iyer,Female,Pune,Maharashtra,Tier 1,2024-09-15
CUST_09759,Varun Patel,Male,Ahmedabad,Gujarat,Tier 2,2023-06-16
CUST_09760,Aditya Nair,Male,Dehradun,Uttarakhand,Tier 3,2024-06-19
CUST_09761,Tanvi Verma,Female,Ahmedabad,Gujarat,Tier 2,2024-06-22
CUST_09762,Rahul Gupta,Male,Chennai,Tamil Nadu,Tier 1,2023-09-30
CUST_09763,Divya Iyer,Female,Dehradun,Uttarakhand,Tier 3,2024-09-11
CUST_09764,Ananya Nair,Female,Ranchi,Jharkhand,Tier 3,2024-06-20
CUST_09765,Neha Singh,Female,Dehradun,Uttarakhand,Tier 3,2024-08-08
CUST_09766,Divya Reddy,Female,Delhi,Delhi,Tier 1,2024-09-18
CUST_09767,Tanvi Reddy,Female,Chennai,Tamil Nadu,Tier 1,2024-11-01
CUST_09768,Aarav Reddy,Male,Chennai,Tamil Nadu,Tier 1,2024-07-26
CUST_09769,Aditya Mehta,Male,Lucknow,Uttar Pradesh,Tier 2,2024-01-16
CUST_09770,Vikram Reddy,Male,Kochi,Kerala,Tier 2,2023-09-04
CUST_09771,Arjun Reddy,Male,Chandigarh,Punjab,Tier 2,2024-05-11
CUST_09772,Ananya Reddy,Female,Pune,Maharashtra,Tier 1,2024-06-11
CUST_09773,Tanvi Sharma,Female,Indore,Madhya Pradesh,Tier 2,2023-11-07
CUST_09774,Kunal Mehta,Male,Mumbai,Maharashtra,Tier 1,2024-01-10
CUST_09775,Kabir Nair,Male,Kochi,Kerala,Tier 2,2023-11-19
CUST_09776,Rahul Patel,Male,Indore,Madhya Pradesh,Tier 2,2024-05-07
CUST_09777,Tanvi Iyer,Female,Jaipur,Rajasthan,Tier 2,2024-11-06
CUST_09778,Kunal Sharma,Male,Chennai,Tamil Nadu,Tier 1,2023-08-10
CUST_09779,Arjun Patel,Male,Chennai,Tamil Nadu,Tier 1,2023-08-25
CUST_09780,Riya Mehta,Female,Indore,Madhya Pradesh,Tier 2,2023-08-20
CUST_09781,Riya Reddy,Female,Pune,Maharashtra,Tier 1,2024-03-19
CUST_09782,Neha Verma,Female,Hyderabad,Telangana,Tier 1,2023-11-10
CUST_09783,Divya Nair,Female,Ahmedabad,Gujarat,Tier 2,2024-06-21
CUST_09784,Vikram Mehta,Male,Chennai,Tamil Nadu,Tier 1,2023-07-19
CUST_09785,Priya Gupta,Female,Dehradun,Uttarakhand,Tier 3,2024-07-06
CUST_09786,Sneha Singh,Female,Pune,Maharashtra,Tier 1,2024-06-23
CUST_09787,Amit Reddy,Male,Chennai,Tamil Nadu,Tier 1,2024-02-08
CUST_09788,Rohan Kumar,Male,Ranchi,Jharkhand,Tier 3,2024-08-08
CUST_09789,Ananya Verma,Female,Ahmedabad,Gujarat,Tier 2,2023-08-18
CUST_09790,Priya Reddy,Female,Delhi,Delhi,Tier 1,2024-05-07
CUST_09791,Aarav Reddy,Male,Guwahati,Assam,Tier 3,2023-06-23
CUST_09792,Rahul Verma,Male,Pune,Maharashtra,Tier 1,2024-07-12
CUST_09793,Kabir Sharma,Male,Delhi,Delhi,Tier 1,2024-06-29
CUST_09794,Rohan Reddy,Male,Bengaluru,Karnataka,Tier 1,2024-10-07
CUST_09795,Priya Singh,Female,Delhi,Delhi,Tier 1,2024-06-07
CUST_09796,Kavya Verma,Female,Bhopal,Madhya Pradesh,Tier 3,2024-02-09
CUST_09797,Kabir Kumar,Male,Chandigarh,Punjab,Tier 2,2024-04-04
CUST_09798,Kabir Gupta,Male,Bengaluru,Karnataka,Tier 1,2023-12-19
CUST_09799,Pooja Mehta,Female,Kochi,Kerala,Tier 2,2024-04-11
CUST_09800,Kavya Sharma,Female,Delhi,Delhi,Tier 1,2024-02-24
CUST_09801,Kabir Patel,Male,Patna,Bihar,Tier 3,2023-06-02
CUST_09802,Varun Verma,Male,Mumbai,Maharashtra,Tier 1,2024-07-12
CUST_09803,Neha Sharma,Female,Dehradun,Uttarakhand,Tier 3,2024-08-19
CUST_09804,Neha Reddy,Female,Jaipur,Rajasthan,Tier 2,2023-12-30
CUST_09805,Priya Singh,Female,Lucknow,Uttar Pradesh,Tier 2,2024-03-07
CUST_09806,Ishita Gupta,Female,Pune,Maharashtra,Tier 1,2023-08-06
CUST_09807,Pooja Kumar,Female,Guwahati,Assam,Tier 3,2023-06-18
CUST_09808,Pooja Kumar,Female,Jaipur,Rajasthan,Tier 2,2024-11-15
CUST_09809,Ananya Gupta,Female,Guwahati,Assam,Tier 3,2023-11-05
CUST_09810,Tanvi Kumar,Female,Mumbai,Maharashtra,Tier 1,2023-10-27
CUST_09811,Priya Sharma,Female,Pune,Maharashtra,Tier 1,2023-09-15
CUST_09812,Arjun Singh,Male,Bhopal,Madhya Pradesh,Tier 3,2024-11-10
CUST_09813,Neha Sharma,Female,Ahmedabad,Gujarat,Tier 2,2023-09-09
CUST_09814,Aarav Kumar,Male,Pune,Maharashtra,Tier 1,2023-09-06
CUST_09815,Pooja Mehta,Female,Kochi,Kerala,Tier 2,2023-11-03
CUST_09816,Arjun Patel,Male,Mumbai,Maharashtra,Tier 1,2023-10-16
CUST_09817,Kavya Reddy,Female,Jaipur,Rajasthan,Tier 2,2023-09-22
CUST_09818,Vikram Iyer,Male,Lucknow,Uttar Pradesh,Tier 2,2024-11-05
CUST_09819,Aarav Sharma,Male,Mumbai,Maharashtra,Tier 1,2024-11-26
CUST_09820,Amit Mehta,Male,Dehradun,Uttarakhand,Tier 3,2023-11-22
CUST_09821,Kavya Verma,Female,Pune,Maharashtra,Tier 1,2023-08-31
CUST_09822,Neha Gupta,Female,Chennai,Tamil Nadu,Tier 1,2024-08-21
CUST_09823,Kunal Iyer,Male,Varanasi,Uttar Pradesh,Tier 3,2024-09-26
CUST_09824,Varun Patel,Male,Chennai,Tamil Nadu,Tier 1,2024-04-30
CUST_09825,Aditya Mehta,Male,Bengaluru,Karnataka,Tier 1,2024-06-17
CUST_09826,Kabir Gupta,Male,Pune,Maharashtra,Tier 1,2024-09-14
CUST_09827,Vikram Kumar,Male,Kochi,Kerala,Tier 2,2023-06-23
CUST_09828,Ananya Iyer,Female,Delhi,Delhi,Tier 1,2024-08-31
CUST_09829,Priya Gupta,Female,Ahmedabad,Gujarat,Tier 2,2023-11-25
CUST_09830,Amit Patel,Male,Hyderabad,Telangana,Tier 1,2023-11-12
CUST_09831,Arjun Mehta,Male,Pune,Maharashtra,Tier 1,2024-10-12
CUST_09832,Aditya Nair,Male,Chennai,Tamil Nadu,Tier 1,2024-03-18
CUST_09833,Pooja Patel,Female,Bhopal,Madhya Pradesh,Tier 3,2024-01-09
CUST_09834,Rahul Singh,Male,Hyderabad,Telangana,Tier 1,2023-12-22
CUST_09835,Ishita Mehta,Female,Chennai,Tamil Nadu,Tier 1,2023-08-20
CUST_09836,Kabir Singh,Male,Delhi,Delhi,Tier 1,2023-10-18
CUST_09837,Ishita Singh,Female,Ahmedabad,Gujarat,Tier 2,2023-06-08
CUST_09838,Riya Reddy,Female,Bengaluru,Karnataka,Tier 1,2024-08-27
CUST_09839,Riya Mehta,Female,Bengaluru,Karnataka,Tier 1,2023-06-04
CUST_09840,Neha Iyer,Female,Chennai,Tamil Nadu,Tier 1,2023-07-05
CUST_09841,Kavya Patel,Female,Lucknow,Uttar Pradesh,Tier 2,2023-11-28
CUST_09842,Rahul Singh,Male,Delhi,Delhi,Tier 1,2024-12-02
CUST_09843,Vikram Kumar,Male,Pune,Maharashtra,Tier 1,2024-06-12
CUST_09844,Ananya Nair,Female,Ahmedabad,Gujarat,Tier 2,2024-09-03
CUST_09845,Kavya Singh,Female,Kochi,Kerala,Tier 2,2023-10-02
CUST_09846,Neha Sharma,Female,Ranchi,Jharkhand,Tier 3,2023-11-30
CUST_09847,Ananya Verma,Female,Lucknow,Uttar Pradesh,Tier 2,2023-12-09
CUST_09848,Vikram Mehta,Male,Chandigarh,Punjab,Tier 2,2024-08-28
CUST_09849,Vikram Iyer,Male,Guwahati,Assam,Tier 3,2024-09-30
CUST_09850,Vikram Nair,Male,Mumbai,Maharashtra,Tier 1,2024-08-13
CUST_09851,Kabir Patel,Male,Dehradun,Uttarakhand,Tier 3,2024-01-30
CUST_09852,Kabir Gupta,Male,Kochi,Kerala,Tier 2,2023-07-23
CUST_09853,Amit Patel,Male,Hyderabad,Telangana,Tier 1,2024-10-27
CUST_09854,Varun Nair,Male,Lucknow,Uttar Pradesh,Tier 2,2023-11-23
CUST_09855,Varun Patel,Male,Chennai,Tamil Nadu,Tier 1,2023-09-26
CUST_09856,Varun Singh,Male,Lucknow,Uttar Pradesh,Tier 2,2024-05-19
CUST_09857,Neha Iyer,Female,Bengaluru,Karnataka,Tier 1,2023-11-08
CUST_09858,Divya Patel,Female,Ahmedabad,Gujarat,Tier 2,2023-06-12
CUST_09859,Kabir Verma,Male,Chennai,Tamil Nadu,Tier 1,2023-11-19
CUST_09860,Kunal Iyer,Male,Lucknow,Uttar Pradesh,Tier 2,2024-06-04
CUST_09861,Divya Iyer,Female,Guwahati,Assam,Tier 3,2024-02-09
CUST_09862,Divya Singh,Female,Bhopal,Madhya Pradesh,Tier 3,2024-08-15
CUST_09863,Aditya Patel,Male,Patna,Bihar,Tier 3,2023-07-21
CUST_09864,Kunal Reddy,Male,Jaipur,Rajasthan,Tier 2,2024-01-25
CUST_09865,Ishita Verma,Female,Indore,Madhya Pradesh,Tier 2,2023-07-21
CUST_09866,Ishita Kumar,Female,Hyderabad,Telangana,Tier 1,2023-06-14
CUST_09867,Divya Patel,Female,Varanasi,Uttar Pradesh,Tier 3,2024-04-30
CUST_09868,Kabir Verma,Male,Lucknow,Uttar Pradesh,Tier 2,2024-11-04
CUST_09869,Tanvi Sharma,Female,Pune,Maharashtra,Tier 1,2024-09-10
CUST_09870,Divya Singh,Female,Varanasi,Uttar Pradesh,Tier 3,2024-08-26
CUST_09871,Kabir Iyer,Male,Bhopal,Madhya Pradesh,Tier 3,2024-07-20
CUST_09872,Ishita Reddy,Female,Mumbai,Maharashtra,Tier 1,2024-05-18
CUST_09873,Rohan Patel,Male,Pune,Maharashtra,Tier 1,2024-08-10
CUST_09874,Ishita Mehta,Female,Mumbai,Maharashtra,Tier 1,2023-10-17
CUST_09875,Ishita Gupta,Female,Jaipur,Rajasthan,Tier 2,2024-05-09
CUST_09876,Sneha Iyer,Female,Indore,Madhya Pradesh,Tier 2,2024-04-27
CUST_09877,Priya Iyer,Female,Chennai,Tamil Nadu,Tier 1,2024-10-21
CUST_09878,Aarav Reddy,Male,Guwahati,Assam,Tier 3,2023-08-25
CUST_09879,Aditya Kumar,Male,Hyderabad,Telangana,Tier 1,2024-01-15
CUST_09880,Divya Patel,Female,Hyderabad,Telangana,Tier 1,2023-12-01
CUST_09881,Vikram Sharma,Male,Dehradun,Uttarakhand,Tier 3,2023-08-28
CUST_09882,Kavya Nair,Female,Guwahati,Assam,Tier 3,2024-08-18
CUST_09883,Pooja Verma,Female,Dehradun,Uttarakhand,Tier 3,2024-03-05
CUST_09884,Amit Reddy,Male,Bengaluru,Karnataka,Tier 1,2023-08-05
CUST_09885,Riya Patel,Female,Varanasi,Uttar Pradesh,Tier 3,2023-09-24
CUST_09886,Divya Singh,Female,Jaipur,Rajasthan,Tier 2,2023-10-30
CUST_09887,Kavya Iyer,Female,Hyderabad,Telangana,Tier 1,2023-12-28
CUST_09888,Arjun Gupta,Male,Pune,Maharashtra,Tier 1,2023-10-01
CUST_09889,Pooja Verma,Female,Hyderabad,Telangana,Tier 1,2024-02-26
CUST_09890,Aarav Verma,Male,Jaipur,Rajasthan,Tier 2,2023-09-28
CUST_09891,Aarav Gupta,Male,Mumbai,Maharashtra,Tier 1,2023-12-03
CUST_09892,Riya Mehta,Female,Delhi,Delhi,Tier 1,2024-02-27
CUST_09893,Priya Nair,Female,Kochi,Kerala,Tier 2,2024-10-26
CUST_09894,Varun Reddy,Male,Kochi,Kerala,Tier 2,2024-05-04
CUST_09895,Priya Reddy,Female,Indore,Madhya Pradesh,Tier 2,2024-03-18
CUST_09896,Arjun Iyer,Male,Jaipur,Rajasthan,Tier 2,2024-01-05
CUST_09897,Kavya Iyer,Female,Ahmedabad,Gujarat,Tier 2,2023-12-27
CUST_09898,Vikram Iyer,Male,Pune,Maharashtra,Tier 1,2023-07-18
CUST_09899,Aarav Sharma,Male,Delhi,Delhi,Tier 1,2024-07-15
CUST_09900,Varun Nair,Male,Lucknow,Uttar Pradesh,Tier 2,2023-12-13
CUST_09901,Arjun Reddy,Male,Lucknow,Uttar Pradesh,Tier 2,2024-07-03
CUST_09902,Riya Sharma,Female,Kochi,Kerala,Tier 2,2024-01-30
CUST_09903,Kunal Kumar,Male,Pune,Maharashtra,Tier 1,2023-06-28
CUST_09904,Riya Sharma,Female,Jaipur,Rajasthan,Tier 2,2024-06-19
CUST_09905,Priya Sharma,Female,Chandigarh,Punjab,Tier 2,2024-06-19
CUST_09906,Priya Sharma,Female,Patna,Bihar,Tier 3,2023-11-14
CUST_09907,Amit Gupta,Male,Chennai,Tamil Nadu,Tier 1,2024-10-23
CUST_09908,Divya Singh,Female,Delhi,Delhi,Tier 1,2024-11-27
CUST_09909,Varun Mehta,Male,Delhi,Delhi,Tier 1,2024-08-19
CUST_09910,Kavya Singh,Female,Bhopal,Madhya Pradesh,Tier 3,2024-02-17
CUST_09911,Ishita Verma,Female,Chandigarh,Punjab,Tier 2,2024-11-11
CUST_09912,Aarav Reddy,Male,Kochi,Kerala,Tier 2,2024-06-19
CUST_09913,Rahul Sharma,Male,Hyderabad,Telangana,Tier 1,2023-07-11
CUST_09914,Aarav Reddy,Male,Ahmedabad,Gujarat,Tier 2,2023-10-02
CUST_09915,Tanvi Patel,Female,Chennai,Tamil Nadu,Tier 1,2023-11-24
CUST_09916,Kavya Nair,Female,Jaipur,Rajasthan,Tier 2,2023-09-28
CUST_09917,Kunal Reddy,Male,Delhi,Delhi,Tier 1,2023-09-06
CUST_09918,Kunal Nair,Male,Patna,Bihar,Tier 3,2023-10-08
CUST_09919,Tanvi Reddy,Female,Chennai,Tamil Nadu,Tier 1,2023-06-20
CUST_09920,Vikram Patel,Male,Patna,Bihar,Tier 3,2024-08-28
CUST_09921,Kavya Reddy,Female,Delhi,Delhi,Tier 1,2024-02-18
CUST_09922,Kavya Nair,Female,Hyderabad,Telangana,Tier 1,2024-05-27
CUST_09923,Varun Gupta,Male,Pune,Maharashtra,Tier 1,2023-06-19
CUST_09924,Vikram Sharma,Male,Ahmedabad,Gujarat,Tier 2,2023-06-22
CUST_09925,Riya Singh,Female,Pune,Maharashtra,Tier 1,2024-08-06
CUST_09926,Kabir Patel,Male,Ranchi,Jharkhand,Tier 3,2024-05-23
CUST_09927,Amit Iyer,Male,Kochi,Kerala,Tier 2,2024-01-09
CUST_09928,Kunal Gupta,Male,Hyderabad,Telangana,Tier 1,2024-10-10
CUST_09929,Sneha Singh,Female,Lucknow,Uttar Pradesh,Tier 2,2023-06-15
CUST_09930,Rohan Kumar,Male,Ahmedabad,Gujarat,Tier 2,2024-10-18
CUST_09931,Arjun Kumar,Male,Jaipur,Rajasthan,Tier 2,2023-09-13
CUST_09932,Vikram Kumar,Male,Chandigarh,Punjab,Tier 2,2024-08-22
CUST_09933,Arjun Mehta,Male,Chennai,Tamil Nadu,Tier 1,2024-08-05
CUST_09934,Rohan Iyer,Male,Mumbai,Maharashtra,Tier 1,2024-09-13
CUST_09935,Arjun Gupta,Male,Pune,Maharashtra,Tier 1,2024-01-21
CUST_09936,Sneha Gupta,Female,Hyderabad,Telangana,Tier 1,2024-09-01
CUST_09937,Arjun Kumar,Male,Bengaluru,Karnataka,Tier 1,2023-12-26
CUST_09938,Arjun Verma,Male,Chennai,Tamil Nadu,Tier 1,2024-02-22
CUST_09939,Kunal Sharma,Male,Pune,Maharashtra,Tier 1,2023-10-10
CUST_09940,Aditya Patel,Male,Jaipur,Rajasthan,Tier 2,2023-07-23
CUST_09941,Kabir Mehta,Male,Chennai,Tamil Nadu,Tier 1,2024-07-13
CUST_09942,Riya Sharma,Female,Jaipur,Rajasthan,Tier 2,2024-06-16
CUST_09943,Aditya Verma,Male,Indore,Madhya Pradesh,Tier 2,2024-07-18
CUST_09944,Ishita Mehta,Female,Hyderabad,Telangana,Tier 1,2023-11-29
CUST_09945,Kavya Mehta,Female,Ahmedabad,Gujarat,Tier 2,2024-02-20
CUST_09946,Aditya Gupta,Male,Mumbai,Maharashtra,Tier 1,2023-09-22
CUST_09947,Sneha Iyer,Female,Delhi,Delhi,Tier 1,2024-11-15
CUST_09948,Priya Gupta,Female,Chennai,Tamil Nadu,Tier 1,2024-01-01
CUST_09949,Aditya Patel,Male,Hyderabad,Telangana,Tier 1,2024-11-07
CUST_09950,Kunal Sharma,Male,Mumbai,Maharashtra,Tier 1,2023-08-25
CUST_09951,Kavya Reddy,Female,Chennai,Tamil Nadu,Tier 1,2023-08-29
CUST_09952,Kabir Verma,Male,Pune,Maharashtra,Tier 1,2023-12-13
CUST_09953,Vikram Sharma,Male,Varanasi,Uttar Pradesh,Tier 3,2024-09-23
CUST_09954,Varun Singh,Male,Chennai,Tamil Nadu,Tier 1,2024-05-16
CUST_09955,Neha Gupta,Female,Ahmedabad,Gujarat,Tier 2,2024-06-20
CUST_09956,Kabir Mehta,Male,Bengaluru,Karnataka,Tier 1,2023-09-13
CUST_09957,Priya Patel,Female,Delhi,Delhi,Tier 1,2024-06-10
CUST_09958,Riya Verma,Female,Chandigarh,Punjab,Tier 2,2024-05-14
CUST_09959,Kavya Iyer,Female,Lucknow,Uttar Pradesh,Tier 2,2023-12-31
CUST_09960,Aarav Patel,Male,Mumbai,Maharashtra,Tier 1,2023-10-11
CUST_09961,Kunal Verma,Male,Hyderabad,Telangana,Tier 1,2024-04-14
CUST_09962,Aditya Mehta,Male,Kochi,Kerala,Tier 2,2024-05-30
CUST_09963,Varun Iyer,Male,Kochi,Kerala,Tier 2,2023-11-11
CUST_09964,Rohan Verma,Male,Pune,Maharashtra,Tier 1,2023-11-13
CUST_09965,Ananya Iyer,Female,Guwahati,Assam,Tier 3,2024-01-04
CUST_09966,Arjun Reddy,Male,Delhi,Delhi,Tier 1,2023-10-07
CUST_09967,Rohan Verma,Male,Kochi,Kerala,Tier 2,2024-02-07
CUST_09968,Aarav Verma,Male,Bengaluru,Karnataka,Tier 1,2023-07-02
CUST_09969,Tanvi Sharma,Female,Delhi,Delhi,Tier 1,2023-12-08
CUST_09970,Vikram Iyer,Male,Hyderabad,Telangana,Tier 1,2024-08-01
CUST_09971,Kavya Verma,Female,Pune,Maharashtra,Tier 1,2024-06-01
CUST_09972,Kunal Patel,Male,Chennai,Tamil Nadu,Tier 1,2024-11-24
CUST_09973,Varun Patel,Male,Jaipur,Rajasthan,Tier 2,2023-11-18
CUST_09974,Pooja Patel,Female,Pune,Maharashtra,Tier 1,2023-06-23
CUST_09975,Tanvi Iyer,Female,Dehradun,Uttarakhand,Tier 3,2024-08-20
CUST_09976,Neha Reddy,Female,Indore,Madhya Pradesh,Tier 2,2024-04-15
CUST_09977,Varun Kumar,Male,Bhopal,Madhya Pradesh,Tier 3,2023-09-11
CUST_09978,Tanvi Mehta,Female,Lucknow,Uttar Pradesh,Tier 2,2024-03-29
CUST_09979,Pooja Singh,Female,Ahmedabad,Gujarat,Tier 2,2023-08-07
CUST_09980,Arjun Sharma,Male,Indore,Madhya Pradesh,Tier 2,2024-09-19
CUST_09981,Amit Patel,Male,Mumbai,Maharashtra,Tier 1,2024-02-28
CUST_09982,Divya Singh,Female,Chennai,Tamil Nadu,Tier 1,2024-04-05
CUST_09983,Ishita Kumar,Female,Chandigarh,Punjab,Tier 2,2024-04-13
CUST_09984,Kavya Verma,Female,Lucknow,Uttar Pradesh,Tier 2,2023-09-29
CUST_09985,Neha Patel,Female,Ahmedabad,Gujarat,Tier 2,2023-09-04
CUST_09986,Sneha Gupta,Female,Chandigarh,Punjab,Tier 2,2023-08-05
CUST_09987,Aditya Iyer,Male,Mumbai,Maharashtra,Tier 1,2024-11-29
CUST_09988,Kunal Gupta,Male,Kochi,Kerala,Tier 2,2024-07-11
CUST_09989,Rahul Mehta,Male,Indore,Madhya Pradesh,Tier 2,2024-04-26
CUST_09990,Kavya Patel,Female,Dehradun,Uttarakhand,Tier 3,2023-09-23
CUST_09991,Kunal Patel,Male,Varanasi,Uttar Pradesh,Tier 3,2024-07-28
CUST_09992,Neha Mehta,Female,Pune,Maharashtra,Tier 1,2024-09-14
CUST_09993,Aditya Iyer,Male,Lucknow,Uttar Pradesh,Tier 2,2024-02-17
CUST_09994,Ishita Gupta,Female,Chennai,Tamil Nadu,Tier 1,2024-10-03
CUST_09995,Pooja Iyer,Female,Pune,Maharashtra,Tier 1,2023-08-29
CUST_09996,Amit Patel,Male,Kochi,Kerala,Tier 2,2023-08-25
CUST_09997,Kabir Sharma,Male,Pune,Maharashtra,Tier 1,2024-10-25
CUST_09998,Ishita Kumar,Female,Delhi,Delhi,Tier 1,2023-07-08
CUST_09999,Ishita Verma,Female,Chennai,Tamil Nadu,Tier 1,2023-08-28
CUST_10000,Tanvi Patel,Female,Ahmedabad,Gujarat,Tier 2,2024-05-07
CUST_10001,Tanvi Patel,Female,Chennai,Tamil Nadu,Tier 1,2024-07-07
CUST_10002,Kunal Patel,Male,Pune,Maharashtra,Tier 1,2023-10-05
CUST_10003,Riya Kumar,Female,Delhi,Delhi,Tier 1,2023-08-25
CUST_10004,Divya Iyer,Female,Lucknow,Uttar Pradesh,Tier 2,2023-07-06
CUST_10005,Vikram Singh,Male,Mumbai,Maharashtra,Tier 1,2024-02-05
CUST_10006,Kavya Kumar,Female,Bengaluru,Karnataka,Tier 1,2023-08-31
CUST_10007,Rahul Patel,Male,Pune,Maharashtra,Tier 1,2024-11-15
CUST_10008,Ishita Verma,Female,Mumbai,Maharashtra,Tier 1,2023-07-25
CUST_10009,Divya Mehta,Female,Pune,Maharashtra,Tier 1,2024-11-14
CUST_10010,Aarav Iyer,Male,Kochi,Kerala,Tier 2,2023-12-07
CUST_10011,Aarav Patel,Male,Indore,Madhya Pradesh,Tier 2,2023-08-10
CUST_10012,Tanvi Gupta,Female,Guwahati,Assam,Tier 3,2024-08-23
CUST_10013,Arjun Nair,Male,Pune,Maharashtra,Tier 1,2023-11-10
CUST_10014,Arjun Gupta,Male,Bengaluru,Karnataka,Tier 1,2023-06-19
CUST_10015,Varun Reddy,Male,Indore,Madhya Pradesh,Tier 2,2024-03-27
CUST_10016,Sneha Kumar,Female,Ahmedabad,Gujarat,Tier 2,2024-05-24
CUST_10017,Rohan Patel,Male,Delhi,Delhi,Tier 1,2024-05-06
CUST_10018,Aarav Verma,Male,Mumbai,Maharashtra,Tier 1,2024-02-14
CUST_10019,Arjun Singh,Male,Pune,Maharashtra,Tier 1,2024-01-14
CUST_10020,Ananya Gupta,Female,Indore,Madhya Pradesh,Tier 2,2024-08-19
CUST_10021,Riya Sharma,Female,Bengaluru,Karnataka,Tier 1,2024-03-01
CUST_10022,Rahul Verma,Male,Chennai,Tamil Nadu,Tier 1,2024-02-22
CUST_10023,Neha Patel,Female,Delhi,Delhi,Tier 1,2024-06-18
CUST_10024,Pooja Patel,Female,Chennai,Tamil Nadu,Tier 1,2024-04-28
CUST_10025,Kavya Sharma,Female,Pune,Maharashtra,Tier 1,2024-03-18
CUST_10026,Ananya Kumar,Female,Bhopal,Madhya Pradesh,Tier 3,2024-07-06
CUST_10027,Kunal Patel,Male,Pune,Maharashtra,Tier 1,2024-10-27
CUST_10028,Divya Iyer,Female,Pune,Maharashtra,Tier 1,2023-11-01
CUST_10029,Tanvi Nair,Female,Jaipur,Rajasthan,Tier 2,2023-09-09
CUST_10030,Arjun Kumar,Male,Dehradun,Uttarakhand,Tier 3,2023-12-02
CUST_10031,Riya Singh,Female,Jaipur,Rajasthan,Tier 2,2024-04-17
CUST_10032,Aditya Gupta,Male,Delhi,Delhi,Tier 1,2023-09-06
CUST_10033,Pooja Reddy,Female,Chennai,Tamil Nadu,Tier 1,2023-11-13
CUST_10034,Riya Patel,Female,Varanasi,Uttar Pradesh,Tier 3,2024-05-23
CUST_10035,Rahul Iyer,Male,Bengaluru,Karnataka,Tier 1,2024-08-27
CUST_10036,Varun Reddy,Male,Ahmedabad,Gujarat,Tier 2,2024-11-06
CUST_10037,Aarav Singh,Male,Ahmedabad,Gujarat,Tier 2,2023-09-11
CUST_10038,Divya Sharma,Female,Indore,Madhya Pradesh,Tier 2,2023-11-22
CUST_10039,Ishita Reddy,Female,Kochi,Kerala,Tier 2,2023-07-16
CUST_10040,Priya Singh,Female,Jaipur,Rajasthan,Tier 2,2024-02-22
CUST_10041,Amit Nair,Male,Ahmedabad,Gujarat,Tier 2,2024-05-23
CUST_10042,Kabir Gupta,Male,Lucknow,Uttar Pradesh,Tier 2,2023-10-16
CUST_10043,Aditya Reddy,Male,Ahmedabad,Gujarat,Tier 2,2023-07-05
CUST_10044,Arjun Nair,Male,Kochi,Kerala,Tier 2,2023-06-15
CUST_10045,Neha Gupta,Female,Lucknow,Uttar Pradesh,Tier 2,2023-06-12
CUST_10046,Neha Iyer,Female,Bengaluru,Karnataka,Tier 1,2024-04-17
CUST_10047,Amit Singh,Male,Hyderabad,Telangana,Tier 1,2024-10-15
CUST_10048,Riya Verma,Female,Mumbai,Maharashtra,Tier 1,2024-08-29
CUST_10049,Tanvi Gupta,Female,Chandigarh,Punjab,Tier 2,2024-05-17
CUST_10050,Pooja Reddy,Female,Delhi,Delhi,Tier 1,2024-01-29
CUST_10051,Priya Verma,Female,Hyderabad,Telangana,Tier 1,2024-11-12
CUST_10052,Divya Kumar,Female,Bhopal,Madhya Pradesh,Tier 3,2024-04-14
CUST_10053,Kunal Verma,Male,Hyderabad,Telangana,Tier 1,2024-04-04
CUST_10054,Ishita Patel,Female,Chennai,Tamil Nadu,Tier 1,2024-02-09
CUST_10055,Pooja Patel,Female,Bengaluru,Karnataka,Tier 1,2023-10-04
CUST_10056,Aarav Patel,Male,Ahmedabad,Gujarat,Tier 2,2024-11-17
CUST_10057,Rohan Singh,Male,Jaipur,Rajasthan,Tier 2,2024-03-03
CUST_10058,Aarav Verma,Male,Mumbai,Maharashtra,Tier 1,2023-07-17
CUST_10059,Kunal Singh,Male,Kochi,Kerala,Tier 2,2023-09-04
CUST_10060,Neha Iyer,Female,Pune,Maharashtra,Tier 1,2024-03-07
CUST_10061,Aditya Nair,Male,Chennai,Tamil Nadu,Tier 1,2023-08-09
CUST_10062,Vikram Kumar,Male,Guwahati,Assam,Tier 3,2023-11-05
CUST_10063,Neha Sharma,Female,Jaipur,Rajasthan,Tier 2,2024-10-23
CUST_10064,Varun Patel,Male,Kochi,Kerala,Tier 2,2024-06-06
CUST_10065,Riya Mehta,Female,Delhi,Delhi,Tier 1,2023-11-15
CUST_10066,Riya Patel,Female,Kochi,Kerala,Tier 2,2024-09-15
CUST_10067,Rahul Gupta,Male,Jaipur,Rajasthan,Tier 2,2024-04-22
CUST_10068,Tanvi Gupta,Female,Chennai,Tamil Nadu,Tier 1,2023-10-13
CUST_10069,Kunal Patel,Male,Lucknow,Uttar Pradesh,Tier 2,2023-10-13
CUST_10070,Rohan Nair,Male,Jaipur,Rajasthan,Tier 2,2024-11-02
CUST_10071,Pooja Mehta,Female,Patna,Bihar,Tier 3,2024-03-10
CUST_10072,Pooja Iyer,Female,Delhi,Delhi,Tier 1,2023-07-18
CUST_10073,Varun Sharma,Male,Ahmedabad,Gujarat,Tier 2,2024-04-25
CUST_10074,Divya Nair,Female,Mumbai,Maharashtra,Tier 1,2024-04-06
CUST_10075,Ananya Patel,Female,Lucknow,Uttar Pradesh,Tier 2,2024-08-03
CUST_10076,Arjun Nair,Male,Dehradun,Uttarakhand,Tier 3,2024-03-09
CUST_10077,Priya Singh,Female,Ranchi,Jharkhand,Tier 3,2023-07-27
CUST_10078,Riya Reddy,Female,Delhi,Delhi,Tier 1,2024-01-27
CUST_10079,Divya Patel,Female,Chennai,Tamil Nadu,Tier 1,2023-06-19
CUST_10080,Ananya Nair,Female,Lucknow,Uttar Pradesh,Tier 2,2024-02-11
CUST_10081,Aarav Sharma,Male,Chennai,Tamil Nadu,Tier 1,2023-11-24
CUST_10082,Ishita Sharma,Female,Hyderabad,Telangana,Tier 1,2023-10-21
CUST_10083,Tanvi Kumar,Female,Lucknow,Uttar Pradesh,Tier 2,2023-06-05
CUST_10084,Rahul Patel,Male,Varanasi,Uttar Pradesh,Tier 3,2023-10-09
CUST_10085,Arjun Iyer,Male,Delhi,Delhi,Tier 1,2024-12-01
CUST_10086,Rahul Patel,Male,Hyderabad,Telangana,Tier 1,2023-10-26
CUST_10087,Vikram Singh,Male,Bengaluru,Karnataka,Tier 1,2024-07-06
CUST_10088,Amit Mehta,Male,Kochi,Kerala,Tier 2,2023-08-23
CUST_10089,Ishita Iyer,Female,Indore,Madhya Pradesh,Tier 2,2023-11-18
CUST_10090,Aditya Mehta,Male,Pune,Maharashtra,Tier 1,2024-04-04
CUST_10091,Tanvi Verma,Female,Ahmedabad,Gujarat,Tier 2,2024-08-29
CUST_10092,Aarav Nair,Male,Ahmedabad,Gujarat,Tier 2,2024-07-14
CUST_10093,Rahul Verma,Male,Mumbai,Maharashtra,Tier 1,2024-08-30
CUST_10094,Sneha Verma,Female,Indore,Madhya Pradesh,Tier 2,2024-05-31
CUST_10095,Riya Reddy,Female,Hyderabad,Telangana,Tier 1,2023-06-29
CUST_10096,Vikram Nair,Male,Dehradun,Uttarakhand,Tier 3,2024-10-17
CUST_10097,Riya Patel,Female,Dehradun,Uttarakhand,Tier 3,2024-05-17
CUST_10098,Pooja Sharma,Female,Delhi,Delhi,Tier 1,2024-11-09
CUST_10099,Ananya Nair,Female,Hyderabad,Telangana,Tier 1,2024-03-02
CUST_10100,Rahul Sharma,Male,Jaipur,Rajasthan,Tier 2,2024-07-14
CUST_10101,Amit Mehta,Male,Hyderabad,Telangana,Tier 1,2024-10-12
CUST_10102,Arjun Gupta,Male,Indore,Madhya Pradesh,Tier 2,2024-11-01
CUST_10103,Divya Nair,Female,Hyderabad,Telangana,Tier 1,2023-09-04
CUST_10104,Neha Mehta,Female,Delhi,Delhi,Tier 1,2024-01-14
CUST_10105,Kunal Iyer,Male,Bhopal,Madhya Pradesh,Tier 3,2024-02-08
CUST_10106,Ananya Kumar,Female,Chennai,Tamil Nadu,Tier 1,2024-03-23
CUST_10107,Tanvi Verma,Female,Bhopal,Madhya Pradesh,Tier 3,2024-09-17
CUST_10108,Rahul Sharma,Male,Kochi,Kerala,Tier 2,2024-07-15
CUST_10109,Vikram Nair,Male,Pune,Maharashtra,Tier 1,2024-05-27
CUST_10110,Rahul Singh,Male,Chandigarh,Punjab,Tier 2,2024-05-01
CUST_10111,Priya Reddy,Female,Chandigarh,Punjab,Tier 2,2023-11-02
CUST_10112,Rohan Reddy,Male,Dehradun,Uttarakhand,Tier 3,2023-06-24
CUST_10113,Rohan Reddy,Male,Delhi,Delhi,Tier 1,2024-05-06
CUST_10114,Neha Reddy,Female,Ranchi,Jharkhand,Tier 3,2024-02-09
CUST_10115,Priya Sharma,Female,Ranchi,Jharkhand,Tier 3,2024-04-06
CUST_10116,Riya Iyer,Female,Ahmedabad,Gujarat,Tier 2,2023-07-14
CUST_10117,Priya Gupta,Female,Chandigarh,Punjab,Tier 2,2024-11-13
CUST_10118,Aditya Sharma,Male,Patna,Bihar,Tier 3,2023-10-17
CUST_10119,Aarav Sharma,Male,Lucknow,Uttar Pradesh,Tier 2,2024-04-05
CUST_10120,Amit Reddy,Male,Varanasi,Uttar Pradesh,Tier 3,2024-04-23
CUST_10121,Ananya Mehta,Female,Lucknow,Uttar Pradesh,Tier 2,2023-07-27
CUST_10122,Amit Sharma,Male,Delhi,Delhi,Tier 1,2024-03-02
CUST_10123,Rohan Mehta,Male,Mumbai,Maharashtra,Tier 1,2023-09-20
CUST_10124,Varun Kumar,Male,Jaipur,Rajasthan,Tier 2,2024-03-04
CUST_10125,Varun Nair,Male,Indore,Madhya Pradesh,Tier 2,2024-09-16
CUST_10126,Rahul Patel,Male,Lucknow,Uttar Pradesh,Tier 2,2024-10-05
CUST_10127,Varun Iyer,Male,Pune,Maharashtra,Tier 1,2024-01-27
CUST_10128,Pooja Iyer,Female,Bengaluru,Karnataka,Tier 1,2024-08-03
CUST_10129,Aarav Singh,Male,Ranchi,Jharkhand,Tier 3,2024-07-29
CUST_10130,Aarav Mehta,Male,Chandigarh,Punjab,Tier 2,2023-08-09
CUST_10131,Ishita Gupta,Female,Chandigarh,Punjab,Tier 2,2024-06-23
CUST_10132,Riya Singh,Female,Guwahati,Assam,Tier 3,2023-08-05
CUST_10133,Amit Kumar,Male,Bengaluru,Karnataka,Tier 1,2024-05-17
CUST_10134,Sneha Reddy,Female,Lucknow,Uttar Pradesh,Tier 2,2024-04-26
CUST_10135,Neha Mehta,Female,Bengaluru,Karnataka,Tier 1,2024-10-29
CUST_10136,Amit Reddy,Male,Pune,Maharashtra,Tier 1,2024-04-04
CUST_10137,Aditya Sharma,Male,Chennai,Tamil Nadu,Tier 1,2024-09-29
CUST_10138,Kunal Kumar,Male,Chennai,Tamil Nadu,Tier 1,2024-05-18
CUST_10139,Kunal Patel,Male,Bengaluru,Karnataka,Tier 1,2024-02-28
CUST_10140,Vikram Verma,Male,Chandigarh,Punjab,Tier 2,2024-01-26
CUST_10141,Arjun Reddy,Male,Delhi,Delhi,Tier 1,2024-08-23
CUST_10142,Kunal Reddy,Male,Kochi,Kerala,Tier 2,2024-11-03
CUST_10143,Tanvi Sharma,Female,Chennai,Tamil Nadu,Tier 1,2024-04-04
CUST_10144,Kavya Reddy,Female,Bengaluru,Karnataka,Tier 1,2024-06-25
CUST_10145,Vikram Nair,Male,Dehradun,Uttarakhand,Tier 3,2024-10-29
CUST_10146,Priya Gupta,Female,Chandigarh,Punjab,Tier 2,2023-11-10
CUST_10147,Varun Verma,Male,Chandigarh,Punjab,Tier 2,2023-12-15
CUST_10148,Ananya Kumar,Female,Pune,Maharashtra,Tier 1,2023-06-03
CUST_10149,Rohan Sharma,Male,Hyderabad,Telangana,Tier 1,2024-09-25
CUST_10150,Rohan Nair,Male,Bhopal,Madhya Pradesh,Tier 3,2024-07-23
CUST_10151,Kunal Singh,Male,Pune,Maharashtra,Tier 1,2024-10-09
CUST_10152,Aditya Patel,Male,Bengaluru,Karnataka,Tier 1,2024-11-09
CUST_10153,Varun Mehta,Male,Chennai,Tamil Nadu,Tier 1,2023-11-01
CUST_10154,Kunal Singh,Male,Indore,Madhya Pradesh,Tier 2,2024-02-27
CUST_10155,Riya Singh,Female,Bhopal,Madhya Pradesh,Tier 3,2024-08-28
CUST_10156,Divya Patel,Female,Hyderabad,Telangana,Tier 1,2024-09-13
CUST_10157,Kunal Singh,Male,Hyderabad,Telangana,Tier 1,2024-07-01
CUST_10158,Divya Iyer,Female,Lucknow,Uttar Pradesh,Tier 2,2023-06-06
CUST_10159,Priya Mehta,Female,Ahmedabad,Gujarat,Tier 2,2024-11-26
CUST_10160,Aditya Reddy,Male,Pune,Maharashtra,Tier 1,2023-10-13
CUST_10161,Divya Mehta,Female,Guwahati,Assam,Tier 3,2024-10-17
CUST_10162,Divya Sharma,Female,Lucknow,Uttar Pradesh,Tier 2,2024-10-25
CUST_10163,Rahul Verma,Male,Ranchi,Jharkhand,Tier 3,2024-01-09
CUST_10164,Ishita Verma,Female,Hyderabad,Telangana,Tier 1,2023-08-16
CUST_10165,Rahul Gupta,Male,Chennai,Tamil Nadu,Tier 1,2024-04-28
CUST_10166,Varun Mehta,Male,Hyderabad,Telangana,Tier 1,2023-10-12
CUST_10167,Riya Mehta,Female,Lucknow,Uttar Pradesh,Tier 2,2023-12-06
CUST_10168,Ananya Verma,Female,Patna,Bihar,Tier 3,2023-10-14
CUST_10169,Aarav Singh,Male,Bengaluru,Karnataka,Tier 1,2023-08-11
CUST_10170,Amit Verma,Male,Hyderabad,Telangana,Tier 1,2024-07-11
CUST_10171,Tanvi Reddy,Female,Jaipur,Rajasthan,Tier 2,2023-12-15
CUST_10172,Kunal Patel,Male,Indore,Madhya Pradesh,Tier 2,2023-07-22
CUST_10173,Kunal Kumar,Male,Hyderabad,Telangana,Tier 1,2024-07-30
CUST_10174,Ishita Verma,Female,Chennai,Tamil Nadu,Tier 1,2023-09-13
CUST_10175,Neha Iyer,Female,Jaipur,Rajasthan,Tier 2,2024-03-24
CUST_10176,Priya Iyer,Female,Pune,Maharashtra,Tier 1,2024-03-05
CUST_10177,Kavya Mehta,Female,Indore,Madhya Pradesh,Tier 2,2023-09-02
CUST_10178,Ananya Kumar,Female,Guwahati,Assam,Tier 3,2024-03-23
CUST_10179,Divya Mehta,Female,Jaipur,Rajasthan,Tier 2,2023-09-10
CUST_10180,Kunal Kumar,Male,Guwahati,Assam,Tier 3,2024-09-06
CUST_10181,Sneha Patel,Female,Patna,Bihar,Tier 3,2024-09-26
CUST_10182,Ananya Patel,Female,Patna,Bihar,Tier 3,2024-02-10
CUST_10183,Rahul Patel,Male,Bhopal,Madhya Pradesh,Tier 3,2024-06-16
CUST_10184,Riya Iyer,Female,Patna,Bihar,Tier 3,2023-06-13
CUST_10185,Aarav Reddy,Male,Ahmedabad,Gujarat,Tier 2,2023-10-14
CUST_10186,Riya Gupta,Female,Chandigarh,Punjab,Tier 2,2023-10-31
CUST_10187,Varun Gupta,Male,Hyderabad,Telangana,Tier 1,2024-11-14
CUST_10188,Varun Sharma,Male,Patna,Bihar,Tier 3,2023-08-22
CUST_10189,Pooja Nair,Female,Hyderabad,Telangana,Tier 1,2023-12-03
CUST_10190,Neha Iyer,Female,Varanasi,Uttar Pradesh,Tier 3,2023-07-10
CUST_10191,Pooja Reddy,Female,Lucknow,Uttar Pradesh,Tier 2,2023-09-23
CUST_10192,Tanvi Singh,Female,Lucknow,Uttar Pradesh,Tier 2,2024-07-14
CUST_10193,Vikram Kumar,Male,Bengaluru,Karnataka,Tier 1,2023-12-04
CUST_10194,Varun Kumar,Male,Bengaluru,Karnataka,Tier 1,2024-04-28
CUST_10195,Ishita Singh,Female,Chennai,Tamil Nadu,Tier 1,2024-03-04
CUST_10196,Rahul Nair,Male,Delhi,Delhi,Tier 1,2024-07-16
CUST_10197,Rahul Patel,Male,Bhopal,Madhya Pradesh,Tier 3,2024-05-31
CUST_10198,Rohan Reddy,Male,Ahmedabad,Gujarat,Tier 2,2024-07-20
CUST_10199,Arjun Iyer,Male,Pune,Maharashtra,Tier 1,2023-07-18
CUST_10200,Ishita Singh,Female,Bengaluru,Karnataka,Tier 1,2024-09-28
CUST_10201,Vikram Mehta,Male,Chennai,Tamil Nadu,Tier 1,2023-09-16
CUST_10202,Kavya Iyer,Female,Hyderabad,Telangana,Tier 1,2023-11-12
CUST_10203,Priya Sharma,Female,Indore,Madhya Pradesh,Tier 2,2024-04-30
CUST_10204,Pooja Verma,Female,Indore,Madhya Pradesh,Tier 2,2024-08-31
CUST_10205,Priya Patel,Female,Bengaluru,Karnataka,Tier 1,2024-11-22
CUST_10206,Kavya Kumar,Female,Indore,Madhya Pradesh,Tier 2,2023-12-17
CUST_10207,Divya Iyer,Female,Ahmedabad,Gujarat,Tier 2,2024-11-05
CUST_10208,Arjun Gupta,Male,Jaipur,Rajasthan,Tier 2,2024-07-19
CUST_10209,Priya Verma,Female,Ahmedabad,Gujarat,Tier 2,2024-08-30
CUST_10210,Riya Reddy,Female,Mumbai,Maharashtra,Tier 1,2023-08-25
CUST_10211,Neha Nair,Female,Indore,Madhya Pradesh,Tier 2,2024-04-21
CUST_10212,Riya Reddy,Female,Ranchi,Jharkhand,Tier 3,2023-06-24
CUST_10213,Ananya Nair,Female,Indore,Madhya Pradesh,Tier 2,2024-05-13
CUST_10214,Vikram Nair,Male,Chandigarh,Punjab,Tier 2,2024-03-17
CUST_10215,Rahul Reddy,Male,Indore,Madhya Pradesh,Tier 2,2023-08-24
CUST_10216,Kabir Gupta,Male,Hyderabad,Telangana,Tier 1,2024-09-07
CUST_10217,Rohan Kumar,Male,Ranchi,Jharkhand,Tier 3,2023-11-13
CUST_10218,Tanvi Iyer,Female,Jaipur,Rajasthan,Tier 2,2023-07-29
CUST_10219,Sneha Reddy,Female,Guwahati,Assam,Tier 3,2023-11-01
CUST_10220,Aarav Nair,Male,Hyderabad,Telangana,Tier 1,2024-01-30
CUST_10221,Arjun Singh,Male,Ranchi,Jharkhand,Tier 3,2023-07-11
CUST_10222,Tanvi Singh,Female,Lucknow,Uttar Pradesh,Tier 2,2023-11-12
CUST_10223,Kunal Kumar,Male,Pune,Maharashtra,Tier 1,2024-01-02
CUST_10224,Aditya Mehta,Male,Indore,Madhya Pradesh,Tier 2,2024-02-10
CUST_10225,Kabir Singh,Male,Ahmedabad,Gujarat,Tier 2,2023-11-16
CUST_10226,Aarav Gupta,Male,Delhi,Delhi,Tier 1,2023-12-30
CUST_10227,Neha Iyer,Female,Chennai,Tamil Nadu,Tier 1,2023-08-29
CUST_10228,Varun Sharma,Male,Pune,Maharashtra,Tier 1,2023-08-24
CUST_10229,Aarav Sharma,Male,Mumbai,Maharashtra,Tier 1,2024-08-02
CUST_10230,Tanvi Verma,Female,Jaipur,Rajasthan,Tier 2,2024-11-02
CUST_10231,Riya Singh,Female,Kochi,Kerala,Tier 2,2023-08-11
CUST_10232,Sneha Reddy,Female,Chandigarh,Punjab,Tier 2,2024-05-19
CUST_10233,Rahul Iyer,Male,Lucknow,Uttar Pradesh,Tier 2,2024-05-28
CUST_10234,Rohan Patel,Male,Pune,Maharashtra,Tier 1,2023-09-28
CUST_10235,Pooja Kumar,Female,Delhi,Delhi,Tier 1,2023-11-08
CUST_10236,Priya Iyer,Female,Chandigarh,Punjab,Tier 2,2024-07-08
CUST_10237,Arjun Patel,Male,Pune,Maharashtra,Tier 1,2023-12-12
CUST_10238,Amit Sharma,Male,Chennai,Tamil Nadu,Tier 1,2023-07-20
CUST_10239,Ananya Verma,Female,Delhi,Delhi,Tier 1,2024-04-11
CUST_10240,Ananya Nair,Female,Pune,Maharashtra,Tier 1,2024-06-19
CUST_10241,Divya Verma,Female,Indore,Madhya Pradesh,Tier 2,2023-06-10
CUST_10242,Ishita Mehta,Female,Mumbai,Maharashtra,Tier 1,2023-12-27
CUST_10243,Rohan Kumar,Male,Bhopal,Madhya Pradesh,Tier 3,2024-03-06
CUST_10244,Tanvi Patel,Female,Hyderabad,Telangana,Tier 1,2024-03-20
CUST_10245,Aarav Mehta,Male,Jaipur,Rajasthan,Tier 2,2024-04-01
CUST_10246,Arjun Singh,Male,Kochi,Kerala,Tier 2,2024-07-23
CUST_10247,Ishita Iyer,Female,Lucknow,Uttar Pradesh,Tier 2,2024-09-07
CUST_10248,Rahul Reddy,Male,Jaipur,Rajasthan,Tier 2,2023-11-11
CUST_10249,Divya Gupta,Female,Delhi,Delhi,Tier 1,2024-06-10
CUST_10250,Ananya Verma,Female,Chennai,Tamil Nadu,Tier 1,2023-08-22
CUST_10251,Divya Iyer,Female,Delhi,Delhi,Tier 1,2023-12-13
CUST_10252,Divya Kumar,Female,Bengaluru,Karnataka,Tier 1,2023-08-25
CUST_10253,Kavya Singh,Female,Chandigarh,Punjab,Tier 2,2023-07-30
CUST_10254,Divya Singh,Female,Patna,Bihar,Tier 3,2023-09-11
CUST_10255,Kavya Patel,Female,Jaipur,Rajasthan,Tier 2,2023-06-05
CUST_10256,Aarav Mehta,Male,Kochi,Kerala,Tier 2,2024-09-30
CUST_10257,Kunal Verma,Male,Chennai,Tamil Nadu,Tier 1,2024-08-13
CUST_10258,Vikram Patel,Male,Bengaluru,Karnataka,Tier 1,2023-06-07
CUST_10259,Vikram Gupta,Male,Ahmedabad,Gujarat,Tier 2,2024-09-25
CUST_10260,Sneha Verma,Female,Bengaluru,Karnataka,Tier 1,2024-11-20
CUST_10261,Ishita Gupta,Female,Mumbai,Maharashtra,Tier 1,2024-05-21
CUST_10262,Tanvi Nair,Female,Mumbai,Maharashtra,Tier 1,2023-12-05
CUST_10263,Varun Sharma,Male,Dehradun,Uttarakhand,Tier 3,2024-04-25
CUST_10264,Riya Verma,Female,Jaipur,Rajasthan,Tier 2,2024-05-21
CUST_10265,Neha Mehta,Female,Lucknow,Uttar Pradesh,Tier 2,2024-01-08
CUST_10266,Divya Sharma,Female,Jaipur,Rajasthan,Tier 2,2024-06-24
CUST_10267,Ishita Reddy,Female,Mumbai,Maharashtra,Tier 1,2024-05-08
CUST_10268,Amit Iyer,Male,Kochi,Kerala,Tier 2,2024-05-07
CUST_10269,Kunal Kumar,Male,Jaipur,Rajasthan,Tier 2,2024-04-07
CUST_10270,Neha Sharma,Female,Pune,Maharashtra,Tier 1,2023-12-18
CUST_10271,Kunal Gupta,Male,Mumbai,Maharashtra,Tier 1,2023-11-22
CUST_10272,Kavya Mehta,Female,Chandigarh,Punjab,Tier 2,2024-04-10
CUST_10273,Amit Mehta,Male,Hyderabad,Telangana,Tier 1,2023-11-13
CUST_10274,Kabir Sharma,Male,Mumbai,Maharashtra,Tier 1,2024-04-07
CUST_10275,Kunal Mehta,Male,Dehradun,Uttarakhand,Tier 3,2023-10-19
CUST_10276,Aarav Verma,Male,Hyderabad,Telangana,Tier 1,2024-02-18
CUST_10277,Neha Kumar,Female,Varanasi,Uttar Pradesh,Tier 3,2024-02-10
CUST_10278,Varun Kumar,Male,Jaipur,Rajasthan,Tier 2,2024-04-18
CUST_10279,Aarav Mehta,Male,Jaipur,Rajasthan,Tier 2,2023-07-15
CUST_10280,Aarav Singh,Male,Lucknow,Uttar Pradesh,Tier 2,2024-01-10
CUST_10281,Kabir Sharma,Male,Jaipur,Rajasthan,Tier 2,2024-02-03
CUST_10282,Ananya Iyer,Female,Dehradun,Uttarakhand,Tier 3,2023-06-21
CUST_10283,Amit Reddy,Male,Ranchi,Jharkhand,Tier 3,2024-10-28
CUST_10284,Ishita Gupta,Female,Pune,Maharashtra,Tier 1,2024-04-06
CUST_10285,Rahul Kumar,Male,Hyderabad,Telangana,Tier 1,2024-08-24
CUST_10286,Ishita Kumar,Female,Indore,Madhya Pradesh,Tier 2,2024-08-19
CUST_10287,Riya Patel,Female,Chandigarh,Punjab,Tier 2,2024-10-18
CUST_10288,Ananya Verma,Female,Lucknow,Uttar Pradesh,Tier 2,2024-06-03
CUST_10289,Arjun Reddy,Male,Delhi,Delhi,Tier 1,2023-10-19
CUST_10290,Rahul Verma,Male,Bengaluru,Karnataka,Tier 1,2024-05-29
CUST_10291,Aditya Nair,Male,Indore,Madhya Pradesh,Tier 2,2024-09-03
CUST_10292,Vikram Patel,Male,Kochi,Kerala,Tier 2,2024-01-14
CUST_10293,Neha Reddy,Female,Mumbai,Maharashtra,Tier 1,2023-10-02
CUST_10294,Vikram Sharma,Male,Mumbai,Maharashtra,Tier 1,2024-11-11
CUST_10295,Pooja Gupta,Female,Mumbai,Maharashtra,Tier 1,2023-08-09
CUST_10296,Kavya Kumar,Female,Chennai,Tamil Nadu,Tier 1,2024-09-21
CUST_10297,Vikram Reddy,Male,Dehradun,Uttarakhand,Tier 3,2024-08-16
CUST_10298,Aarav Gupta,Male,Pune,Maharashtra,Tier 1,2024-05-30
CUST_10299,Kunal Gupta,Male,Patna,Bihar,Tier 3,2024-07-02
CUST_10300,Kabir Nair,Male,Lucknow,Uttar Pradesh,Tier 2,2023-06-30
CUST_10301,Kunal Nair,Male,Guwahati,Assam,Tier 3,2023-09-14
CUST_10302,Riya Patel,Female,Guwahati,Assam,Tier 3,2023-12-22
CUST_10303,Ishita Reddy,Female,Pune,Maharashtra,Tier 1,2023-06-22
CUST_10304,Kavya Sharma,Female,Bengaluru,Karnataka,Tier 1,2023-09-10
CUST_10305,Kavya Kumar,Female,Varanasi,Uttar Pradesh,Tier 3,2024-10-18
CUST_10306,Divya Nair,Female,Pune,Maharashtra,Tier 1,2024-07-16
CUST_10307,Priya Verma,Female,Pune,Maharashtra,Tier 1,2023-06-29
CUST_10308,Kunal Verma,Male,Chandigarh,Punjab,Tier 2,2023-10-08
CUST_10309,Ananya Verma,Female,Chandigarh,Punjab,Tier 2,2024-11-01
CUST_10310,Rohan Kumar,Male,Lucknow,Uttar Pradesh,Tier 2,2024-02-23
CUST_10311,Aarav Gupta,Male,Chennai,Tamil Nadu,Tier 1,2023-08-10
CUST_10312,Arjun Iyer,Male,Chandigarh,Punjab,Tier 2,2024-08-01
CUST_10313,Kabir Singh,Male,Mumbai,Maharashtra,Tier 1,2024-07-20
CUST_10314,Rohan Iyer,Male,Patna,Bihar,Tier 3,2024-09-01
CUST_10315,Varun Sharma,Male,Kochi,Kerala,Tier 2,2024-02-09
CUST_10316,Kunal Verma,Male,Chennai,Tamil Nadu,Tier 1,2024-09-28
CUST_10317,Rahul Kumar,Male,Patna,Bihar,Tier 3,2023-10-22
CUST_10318,Rahul Mehta,Male,Bhopal,Madhya Pradesh,Tier 3,2024-04-02
CUST_10319,Kabir Gupta,Male,Lucknow,Uttar Pradesh,Tier 2,2023-08-23
CUST_10320,Sneha Verma,Female,Kochi,Kerala,Tier 2,2024-03-13
CUST_10321,Pooja Verma,Female,Ahmedabad,Gujarat,Tier 2,2024-06-30
CUST_10322,Ananya Verma,Female,Chandigarh,Punjab,Tier 2,2024-11-29
CUST_10323,Kabir Sharma,Male,Indore,Madhya Pradesh,Tier 2,2024-03-29
CUST_10324,Divya Mehta,Female,Bengaluru,Karnataka,Tier 1,2024-01-14
CUST_10325,Rahul Kumar,Male,Hyderabad,Telangana,Tier 1,2023-06-04
CUST_10326,Pooja Singh,Female,Bhopal,Madhya Pradesh,Tier 3,2024-06-01
CUST_10327,Kabir Singh,Male,Chandigarh,Punjab,Tier 2,2024-07-26
CUST_10328,Neha Verma,Female,Kochi,Kerala,Tier 2,2024-06-28
CUST_10329,Varun Singh,Male,Pune,Maharashtra,Tier 1,2023-09-22
CUST_10330,Rohan Singh,Male,Bhopal,Madhya Pradesh,Tier 3,2024-03-15
CUST_10331,Kunal Patel,Male,Chandigarh,Punjab,Tier 2,2024-11-26
CUST_10332,Kavya Nair,Female,Pune,Maharashtra,Tier 1,2024-04-04
CUST_10333,Rahul Patel,Male,Chennai,Tamil Nadu,Tier 1,2024-10-08
CUST_10334,Ananya Patel,Female,Bengaluru,Karnataka,Tier 1,2024-08-07
CUST_10335,Neha Patel,Female,Hyderabad,Telangana,Tier 1,2023-12-14
CUST_10336,Riya Singh,Female,Bengaluru,Karnataka,Tier 1,2023-07-10
CUST_10337,Neha Reddy,Female,Mumbai,Maharashtra,Tier 1,2023-08-06
CUST_10338,Amit Mehta,Male,Mumbai,Maharashtra,Tier 1,2024-03-10
CUST_10339,Pooja Reddy,Female,Chennai,Tamil Nadu,Tier 1,2024-11-13
CUST_10340,Sneha Kumar,Female,Chennai,Tamil Nadu,Tier 1,2024-05-20
CUST_10341,Sneha Mehta,Female,Lucknow,Uttar Pradesh,Tier 2,2024-05-11
CUST_10342,Vikram Iyer,Male,Bhopal,Madhya Pradesh,Tier 3,2024-04-14
CUST_10343,Ishita Iyer,Female,Dehradun,Uttarakhand,Tier 3,2023-12-16
CUST_10344,Rahul Kumar,Male,Bhopal,Madhya Pradesh,Tier 3,2024-05-10
CUST_10345,Rahul Patel,Male,Hyderabad,Telangana,Tier 1,2024-02-23
CUST_10346,Divya Sharma,Female,Pune,Maharashtra,Tier 1,2024-02-16
CUST_10347,Priya Mehta,Female,Varanasi,Uttar Pradesh,Tier 3,2024-05-13
CUST_10348,Neha Kumar,Female,Mumbai,Maharashtra,Tier 1,2023-08-24
CUST_10349,Aarav Sharma,Male,Jaipur,Rajasthan,Tier 2,2023-11-01
CUST_10350,Vikram Patel,Male,Varanasi,Uttar Pradesh,Tier 3,2023-12-10
CUST_10351,Amit Reddy,Male,Ahmedabad,Gujarat,Tier 2,2024-04-04
CUST_10352,Pooja Kumar,Female,Varanasi,Uttar Pradesh,Tier 3,2023-10-07
CUST_10353,Kabir Gupta,Male,Mumbai,Maharashtra,Tier 1,2024-07-17
CUST_10354,Tanvi Iyer,Female,Mumbai,Maharashtra,Tier 1,2024-07-21
CUST_10355,Ishita Gupta,Female,Indore,Madhya Pradesh,Tier 2,2023-08-12
CUST_10356,Ishita Kumar,Female,Varanasi,Uttar Pradesh,Tier 3,2024-01-12
CUST_10357,Riya Kumar,Female,Lucknow,Uttar Pradesh,Tier 2,2023-11-13
CUST_10358,Neha Reddy,Female,Delhi,Delhi,Tier 1,2024-04-15
CUST_10359,Amit Mehta,Male,Chennai,Tamil Nadu,Tier 1,2024-11-19
CUST_10360,Priya Gupta,Female,Ranchi,Jharkhand,Tier 3,2024-01-22
CUST_10361,Vikram Patel,Male,Jaipur,Rajasthan,Tier 2,2023-08-23
CUST_10362,Kabir Singh,Male,Chandigarh,Punjab,Tier 2,2024-11-04
CUST_10363,Vikram Iyer,Male,Chandigarh,Punjab,Tier 2,2023-06-06
CUST_10364,Riya Iyer,Female,Chennai,Tamil Nadu,Tier 1,2024-02-22
CUST_10365,Arjun Kumar,Male,Chandigarh,Punjab,Tier 2,2024-07-11
CUST_10366,Priya Patel,Female,Ranchi,Jharkhand,Tier 3,2024-10-07
CUST_10367,Divya Sharma,Female,Lucknow,Uttar Pradesh,Tier 2,2024-05-22
CUST_10368,Aditya Nair,Male,Delhi,Delhi,Tier 1,2024-07-28
CUST_10369,Varun Mehta,Male,Chennai,Tamil Nadu,Tier 1,2024-04-29
CUST_10370,Kavya Verma,Female,Pune,Maharashtra,Tier 1,2023-11-05
CUST_10371,Aditya Sharma,Male,Indore,Madhya Pradesh,Tier 2,2024-10-11
CUST_10372,Ananya Kumar,Female,Chandigarh,Punjab,Tier 2,2024-07-23
CUST_10373,Tanvi Verma,Female,Pune,Maharashtra,Tier 1,2024-01-10
CUST_10374,Vikram Singh,Male,Hyderabad,Telangana,Tier 1,2024-10-10
CUST_10375,Divya Mehta,Female,Lucknow,Uttar Pradesh,Tier 2,2024-06-15
CUST_10376,Varun Verma,Male,Dehradun,Uttarakhand,Tier 3,2024-01-16
CUST_10377,Pooja Kumar,Female,Kochi,Kerala,Tier 2,2023-11-11
CUST_10378,Amit Mehta,Male,Chennai,Tamil Nadu,Tier 1,2023-08-22
CUST_10379,Ishita Gupta,Female,Delhi,Delhi,Tier 1,2024-02-25
CUST_10380,Ishita Gupta,Female,Ranchi,Jharkhand,Tier 3,2023-12-22
CUST_10381,Aarav Reddy,Male,Bengaluru,Karnataka,Tier 1,2023-09-08
CUST_10382,Divya Singh,Female,Bengaluru,Karnataka,Tier 1,2023-10-25
CUST_10383,Divya Reddy,Female,Dehradun,Uttarakhand,Tier 3,2023-08-24
CUST_10384,Ananya Verma,Female,Chennai,Tamil Nadu,Tier 1,2024-09-16
CUST_10385,Ananya Kumar,Female,Jaipur,Rajasthan,Tier 2,2023-08-06
CUST_10386,Divya Nair,Female,Kochi,Kerala,Tier 2,2023-10-03
CUST_10387,Kunal Singh,Male,Bengaluru,Karnataka,Tier 1,2024-04-14
CUST_10388,Rahul Reddy,Male,Delhi,Delhi,Tier 1,2024-06-01
CUST_10389,Rahul Patel,Male,Indore,Madhya Pradesh,Tier 2,2024-10-26
CUST_10390,Kunal Sharma,Male,Jaipur,Rajasthan,Tier 2,2024-01-28
CUST_10391,Neha Singh,Female,Bengaluru,Karnataka,Tier 1,2023-09-28
CUST_10392,Aarav Singh,Male,Ahmedabad,Gujarat,Tier 2,2023-12-01
CUST_10393,Tanvi Sharma,Female,Varanasi,Uttar Pradesh,Tier 3,2023-11-02
CUST_10394,Riya Iyer,Female,Kochi,Kerala,Tier 2,2024-09-11
CUST_10395,Arjun Mehta,Male,Delhi,Delhi,Tier 1,2023-07-24
CUST_10396,Aarav Nair,Male,Hyderabad,Telangana,Tier 1,2023-07-25
CUST_10397,Sneha Iyer,Female,Chennai,Tamil Nadu,Tier 1,2024-09-02
CUST_10398,Aditya Kumar,Male,Bengaluru,Karnataka,Tier 1,2024-07-01
CUST_10399,Sneha Nair,Female,Delhi,Delhi,Tier 1,2024-10-25
CUST_10400,Ishita Nair,Female,Ranchi,Jharkhand,Tier 3,2023-08-20
CUST_10401,Riya Nair,Female,Indore,Madhya Pradesh,Tier 2,2023-08-17
CUST_10402,Rohan Patel,Male,Pune,Maharashtra,Tier 1,2024-06-23
CUST_10403,Kabir Iyer,Male,Bhopal,Madhya Pradesh,Tier 3,2024-10-24
CUST_10404,Arjun Patel,Male,Lucknow,Uttar Pradesh,Tier 2,2024-05-08
CUST_10405,Arjun Singh,Male,Lucknow,Uttar Pradesh,Tier 2,2024-06-25
CUST_10406,Rohan Mehta,Male,Guwahati,Assam,Tier 3,2024-11-28
CUST_10407,Ananya Kumar,Female,Chandigarh,Punjab,Tier 2,2023-11-13
CUST_10408,Neha Kumar,Female,Guwahati,Assam,Tier 3,2024-10-17
CUST_10409,Aarav Iyer,Male,Hyderabad,Telangana,Tier 1,2023-09-29
CUST_10410,Tanvi Iyer,Female,Ahmedabad,Gujarat,Tier 2,2024-02-06
CUST_10411,Tanvi Sharma,Female,Hyderabad,Telangana,Tier 1,2024-10-28
CUST_10412,Ishita Gupta,Female,Chandigarh,Punjab,Tier 2,2024-11-21
CUST_10413,Pooja Patel,Female,Hyderabad,Telangana,Tier 1,2024-05-10
CUST_10414,Varun Mehta,Male,Chennai,Tamil Nadu,Tier 1,2024-07-05
CUST_10415,Varun Iyer,Male,Lucknow,Uttar Pradesh,Tier 2,2024-06-22
CUST_10416,Aditya Nair,Male,Dehradun,Uttarakhand,Tier 3,2024-07-11
CUST_10417,Kabir Reddy,Male,Patna,Bihar,Tier 3,2023-10-14
CUST_10418,Arjun Nair,Male,Chennai,Tamil Nadu,Tier 1,2024-11-19
CUST_10419,Aditya Reddy,Male,Bengaluru,Karnataka,Tier 1,2024-08-17
CUST_10420,Ishita Nair,Female,Delhi,Delhi,Tier 1,2024-07-17
CUST_10421,Rahul Sharma,Male,Hyderabad,Telangana,Tier 1,2024-05-11
CUST_10422,Kavya Gupta,Female,Hyderabad,Telangana,Tier 1,2024-01-13
CUST_10423,Pooja Gupta,Female,Chennai,Tamil Nadu,Tier 1,2023-09-25
CUST_10424,Varun Patel,Male,Lucknow,Uttar Pradesh,Tier 2,2023-11-28
CUST_10425,Aarav Singh,Male,Bhopal,Madhya Pradesh,Tier 3,2023-09-08
CUST_10426,Aditya Reddy,Male,Ahmedabad,Gujarat,Tier 2,2023-12-08
CUST_10427,Vikram Nair,Male,Chennai,Tamil Nadu,Tier 1,2024-01-07
CUST_10428,Ananya Verma,Female,Mumbai,Maharashtra,Tier 1,2024-05-09
CUST_10429,Divya Mehta,Female,Kochi,Kerala,Tier 2,2024-09-25
CUST_10430,Divya Sharma,Female,Pune,Maharashtra,Tier 1,2023-10-11
CUST_10431,Varun Patel,Male,Varanasi,Uttar Pradesh,Tier 3,2024-01-26
CUST_10432,Kunal Sharma,Male,Indore,Madhya Pradesh,Tier 2,2024-09-28
CUST_10433,Ananya Nair,Female,Varanasi,Uttar Pradesh,Tier 3,2024-09-26
CUST_10434,Divya Verma,Female,Varanasi,Uttar Pradesh,Tier 3,2024-01-18
CUST_10435,Amit Patel,Male,Hyderabad,Telangana,Tier 1,2024-08-06
CUST_10436,Divya Mehta,Female,Lucknow,Uttar Pradesh,Tier 2,2024-08-17
CUST_10437,Rohan Mehta,Male,Kochi,Kerala,Tier 2,2023-06-20
CUST_10438,Aditya Nair,Male,Mumbai,Maharashtra,Tier 1,2024-08-18
CUST_10439,Pooja Gupta,Female,Chennai,Tamil Nadu,Tier 1,2023-08-03
CUST_10440,Neha Gupta,Female,Delhi,Delhi,Tier 1,2024-06-08
CUST_10441,Priya Kumar,Female,Ahmedabad,Gujarat,Tier 2,2023-09-22
CUST_10442,Aarav Gupta,Male,Ahmedabad,Gujarat,Tier 2,2024-03-22
CUST_10443,Varun Patel,Male,Mumbai,Maharashtra,Tier 1,2023-08-05
CUST_10444,Ishita Iyer,Female,Indore,Madhya Pradesh,Tier 2,2024-11-17
CUST_10445,Rahul Sharma,Male,Bengaluru,Karnataka,Tier 1,2024-11-12
CUST_10446,Aarav Reddy,Male,Mumbai,Maharashtra,Tier 1,2023-10-24
CUST_10447,Riya Reddy,Female,Jaipur,Rajasthan,Tier 2,2023-09-01
CUST_10448,Riya Verma,Female,Pune,Maharashtra,Tier 1,2023-12-26
CUST_10449,Riya Singh,Female,Mumbai,Maharashtra,Tier 1,2024-10-10
CUST_10450,Sneha Singh,Female,Indore,Madhya Pradesh,Tier 2,2023-09-03
CUST_10451,Ishita Kumar,Female,Chandigarh,Punjab,Tier 2,2024-10-24
CUST_10452,Rahul Mehta,Male,Ahmedabad,Gujarat,Tier 2,2023-12-12
CUST_10453,Aarav Iyer,Male,Hyderabad,Telangana,Tier 1,2023-08-10
CUST_10454,Aarav Singh,Male,Kochi,Kerala,Tier 2,2024-08-29
CUST_10455,Aditya Singh,Male,Varanasi,Uttar Pradesh,Tier 3,2023-11-04
CUST_10456,Sneha Kumar,Female,Pune,Maharashtra,Tier 1,2024-07-04
CUST_10457,Rohan Sharma,Male,Bhopal,Madhya Pradesh,Tier 3,2024-08-07
CUST_10458,Riya Verma,Female,Ranchi,Jharkhand,Tier 3,2024-09-22
CUST_10459,Ishita Iyer,Female,Chennai,Tamil Nadu,Tier 1,2024-09-23
CUST_10460,Ishita Reddy,Female,Ahmedabad,Gujarat,Tier 2,2024-08-01
CUST_10461,Aarav Singh,Male,Pune,Maharashtra,Tier 1,2024-10-17
CUST_10462,Ishita Verma,Female,Bengaluru,Karnataka,Tier 1,2024-04-12
CUST_10463,Aarav Sharma,Male,Lucknow,Uttar Pradesh,Tier 2,2024-05-18
CUST_10464,Aditya Sharma,Male,Bengaluru,Karnataka,Tier 1,2023-09-27
CUST_10465,Tanvi Nair,Female,Delhi,Delhi,Tier 1,2023-09-30
CUST_10466,Sneha Nair,Female,Jaipur,Rajasthan,Tier 2,2024-04-13
CUST_10467,Ananya Kumar,Female,Pune,Maharashtra,Tier 1,2023-06-25
CUST_10468,Ananya Nair,Female,Chennai,Tamil Nadu,Tier 1,2024-05-08
CUST_10469,Kunal Sharma,Male,Bhopal,Madhya Pradesh,Tier 3,2023-07-21
CUST_10470,Neha Mehta,Female,Guwahati,Assam,Tier 3,2024-08-24
CUST_10471,Kavya Patel,Female,Mumbai,Maharashtra,Tier 1,2023-11-17
CUST_10472,Riya Verma,Female,Chennai,Tamil Nadu,Tier 1,2023-12-14
CUST_10473,Ishita Sharma,Female,Dehradun,Uttarakhand,Tier 3,2023-08-15
CUST_10474,Aditya Reddy,Male,Jaipur,Rajasthan,Tier 2,2023-06-29
CUST_10475,Aditya Mehta,Male,Mumbai,Maharashtra,Tier 1,2023-12-21
CUST_10476,Ananya Gupta,Female,Delhi,Delhi,Tier 1,2023-08-24
CUST_10477,Neha Sharma,Female,Guwahati,Assam,Tier 3,2023-12-24
CUST_10478,Amit Gupta,Male,Patna,Bihar,Tier 3,2023-09-07
CUST_10479,Priya Singh,Female,Delhi,Delhi,Tier 1,2024-01-12
CUST_10480,Divya Verma,Female,Kochi,Kerala,Tier 2,2024-10-28
CUST_10481,Vikram Kumar,Male,Chandigarh,Punjab,Tier 2,2024-03-20
CUST_10482,Riya Mehta,Female,Mumbai,Maharashtra,Tier 1,2023-07-28
CUST_10483,Ananya Mehta,Female,Varanasi,Uttar Pradesh,Tier 3,2024-05-13
CUST_10484,Amit Verma,Male,Pune,Maharashtra,Tier 1,2024-05-24
CUST_10485,Kabir Sharma,Male,Ranchi,Jharkhand,Tier 3,2023-10-07
CUST_10486,Kabir Nair,Male,Kochi,Kerala,Tier 2,2024-03-09
CUST_10487,Varun Singh,Male,Chandigarh,Punjab,Tier 2,2023-12-18
CUST_10488,Aditya Verma,Male,Pune,Maharashtra,Tier 1,2023-12-27
CUST_10489,Kavya Kumar,Female,Pune,Maharashtra,Tier 1,2024-05-15
CUST_10490,Rahul Patel,Male,Pune,Maharashtra,Tier 1,2023-06-19
CUST_10491,Pooja Nair,Female,Chandigarh,Punjab,Tier 2,2023-11-04
CUST_10492,Divya Kumar,Female,Mumbai,Maharashtra,Tier 1,2024-03-13
CUST_10493,Kavya Verma,Female,Kochi,Kerala,Tier 2,2024-06-13
CUST_10494,Vikram Gupta,Male,Mumbai,Maharashtra,Tier 1,2023-07-16
CUST_10495,Vikram Sharma,Male,Ahmedabad,Gujarat,Tier 2,2024-10-31
CUST_10496,Vikram Sharma,Male,Hyderabad,Telangana,Tier 1,2023-08-17
CUST_10497,Ananya Verma,Female,Ahmedabad,Gujarat,Tier 2,2024-01-12
CUST_10498,Kunal Mehta,Male,Pune,Maharashtra,Tier 1,2024-08-14
CUST_10499,Rahul Verma,Male,Mumbai,Maharashtra,Tier 1,2024-02-02
CUST_10500,Kavya Mehta,Female,Delhi,Delhi,Tier 1,2023-10-13
CUST_10501,Priya Patel,Female,Bhopal,Madhya Pradesh,Tier 3,2024-02-17
CUST_10502,Aarav Sharma,Male,Pune,Maharashtra,Tier 1,2023-12-20
CUST_10503,Kavya Nair,Female,Mumbai,Maharashtra,Tier 1,2024-05-17
CUST_10504,Aarav Patel,Male,Hyderabad,Telangana,Tier 1,2024-02-29
CUST_10505,Amit Iyer,Male,Kochi,Kerala,Tier 2,2024-10-12
CUST_10506,Sneha Mehta,Female,Chennai,Tamil Nadu,Tier 1,2023-07-09
CUST_10507,Arjun Singh,Male,Chennai,Tamil Nadu,Tier 1,2024-04-04
CUST_10508,Amit Nair,Male,Hyderabad,Telangana,Tier 1,2024-01-25
CUST_10509,Riya Reddy,Female,Ahmedabad,Gujarat,Tier 2,2023-12-09
CUST_10510,Divya Gupta,Female,Kochi,Kerala,Tier 2,2023-12-21
CUST_10511,Aarav Kumar,Male,Bengaluru,Karnataka,Tier 1,2024-06-10
CUST_10512,Ananya Singh,Female,Dehradun,Uttarakhand,Tier 3,2023-12-11
CUST_10513,Aarav Singh,Male,Pune,Maharashtra,Tier 1,2024-03-05
CUST_10514,Kabir Iyer,Male,Ahmedabad,Gujarat,Tier 2,2023-10-25
CUST_10515,Ishita Reddy,Female,Mumbai,Maharashtra,Tier 1,2024-01-31
CUST_10516,Pooja Verma,Female,Dehradun,Uttarakhand,Tier 3,2023-06-12
CUST_10517,Varun Sharma,Male,Bengaluru,Karnataka,Tier 1,2023-07-22
CUST_10518,Aarav Mehta,Male,Jaipur,Rajasthan,Tier 2,2023-09-27
CUST_10519,Ananya Reddy,Female,Pune,Maharashtra,Tier 1,2024-09-22
CUST_10520,Sneha Verma,Female,Bhopal,Madhya Pradesh,Tier 3,2024-02-14
CUST_10521,Riya Mehta,Female,Patna,Bihar,Tier 3,2024-01-05
CUST_10522,Riya Reddy,Female,Patna,Bihar,Tier 3,2023-06-22
CUST_10523,Aditya Nair,Male,Chennai,Tamil Nadu,Tier 1,2024-11-28
CUST_10524,Arjun Verma,Male,Hyderabad,Telangana,Tier 1,2023-08-27
CUST_10525,Ishita Nair,Female,Varanasi,Uttar Pradesh,Tier 3,2024-10-15
CUST_10526,Rahul Reddy,Male,Hyderabad,Telangana,Tier 1,2024-01-15
CUST_10527,Kavya Singh,Female,Delhi,Delhi,Tier 1,2024-08-19
CUST_10528,Pooja Nair,Female,Bengaluru,Karnataka,Tier 1,2024-01-01
CUST_10529,Aditya Nair,Male,Mumbai,Maharashtra,Tier 1,2023-10-08
CUST_10530,Ananya Singh,Female,Lucknow,Uttar Pradesh,Tier 2,2023-10-22
CUST_10531,Riya Sharma,Female,Delhi,Delhi,Tier 1,2024-05-17
CUST_10532,Divya Patel,Female,Pune,Maharashtra,Tier 1,2023-07-22
CUST_10533,Aditya Mehta,Male,Pune,Maharashtra,Tier 1,2023-09-10
CUST_10534,Riya Nair,Female,Indore,Madhya Pradesh,Tier 2,2023-09-04
CUST_10535,Pooja Nair,Female,Lucknow,Uttar Pradesh,Tier 2,2024-09-28
CUST_10536,Kunal Singh,Male,Varanasi,Uttar Pradesh,Tier 3,2024-02-21
CUST_10537,Neha Verma,Female,Kochi,Kerala,Tier 2,2023-08-07
CUST_10538,Rahul Singh,Male,Chandigarh,Punjab,Tier 2,2023-11-01
CUST_10539,Vikram Gupta,Male,Mumbai,Maharashtra,Tier 1,2024-05-25
CUST_10540,Neha Mehta,Female,Lucknow,Uttar Pradesh,Tier 2,2024-09-26
CUST_10541,Rahul Kumar,Male,Chennai,Tamil Nadu,Tier 1,2024-07-05
CUST_10542,Vikram Nair,Male,Delhi,Delhi,Tier 1,2023-09-26
CUST_10543,Neha Reddy,Female,Ahmedabad,Gujarat,Tier 2,2023-07-28
CUST_10544,Riya Iyer,Female,Chennai,Tamil Nadu,Tier 1,2023-12-11
CUST_10545,Tanvi Kumar,Female,Chennai,Tamil Nadu,Tier 1,2024-06-09
CUST_10546,Vikram Verma,Male,Ahmedabad,Gujarat,Tier 2,2023-12-02
CUST_10547,Riya Kumar,Female,Indore,Madhya Pradesh,Tier 2,2024-06-17
CUST_10548,Kavya Iyer,Female,Ahmedabad,Gujarat,Tier 2,2023-11-01
CUST_10549,Ananya Reddy,Female,Mumbai,Maharashtra,Tier 1,2024-01-19
CUST_10550,Pooja Gupta,Female,Mumbai,Maharashtra,Tier 1,2024-06-17
CUST_10551,Kunal Verma,Male,Delhi,Delhi,Tier 1,2024-07-08
CUST_10552,Aarav Reddy,Male,Bengaluru,Karnataka,Tier 1,2024-05-02
CUST_10553,Aarav Singh,Male,Pune,Maharashtra,Tier 1,2024-07-06
CUST_10554,Rahul Mehta,Male,Mumbai,Maharashtra,Tier 1,2024-07-18
CUST_10555,Kavya Reddy,Female,Delhi,Delhi,Tier 1,2024-03-25
CUST_10556,Arjun Gupta,Male,Indore,Madhya Pradesh,Tier 2,2023-10-26
CUST_10557,Arjun Sharma,Male,Indore,Madhya Pradesh,Tier 2,2023-07-18
CUST_10558,Amit Iyer,Male,Indore,Madhya Pradesh,Tier 2,2023-06-04
CUST_10559,Varun Mehta,Male,Pune,Maharashtra,Tier 1,2024-07-05
CUST_10560,Neha Iyer,Female,Patna,Bihar,Tier 3,2024-01-11
CUST_10561,Tanvi Patel,Female,Dehradun,Uttarakhand,Tier 3,2024-04-28
CUST_10562,Sneha Gupta,Female,Hyderabad,Telangana,Tier 1,2024-09-08
CUST_10563,Amit Nair,Male,Kochi,Kerala,Tier 2,2023-11-09
CUST_10564,Neha Sharma,Female,Hyderabad,Telangana,Tier 1,2023-08-06
CUST_10565,Arjun Gupta,Male,Mumbai,Maharashtra,Tier 1,2023-10-24
CUST_10566,Kunal Reddy,Male,Guwahati,Assam,Tier 3,2024-03-10
CUST_10567,Vikram Singh,Male,Kochi,Kerala,Tier 2,2023-11-30
CUST_10568,Vikram Kumar,Male,Mumbai,Maharashtra,Tier 1,2024-08-27
CUST_10569,Divya Reddy,Female,Kochi,Kerala,Tier 2,2024-08-19
CUST_10570,Kunal Gupta,Male,Delhi,Delhi,Tier 1,2024-02-06
CUST_10571,Ananya Gupta,Female,Bengaluru,Karnataka,Tier 1,2024-09-19
CUST_10572,Aditya Mehta,Male,Kochi,Kerala,Tier 2,2023-08-18
CUST_10573,Ishita Reddy,Female,Kochi,Kerala,Tier 2,2024-06-08
CUST_10574,Pooja Iyer,Female,Bengaluru,Karnataka,Tier 1,2024-10-28
CUST_10575,Ishita Verma,Female,Lucknow,Uttar Pradesh,Tier 2,2024-06-27
CUST_10576,Neha Mehta,Female,Chennai,Tamil Nadu,Tier 1,2023-09-28
CUST_10577,Kabir Iyer,Male,Indore,Madhya Pradesh,Tier 2,2024-04-03
CUST_10578,Ishita Kumar,Female,Varanasi,Uttar Pradesh,Tier 3,2023-07-08
CUST_10579,Neha Iyer,Female,Chandigarh,Punjab,Tier 2,2023-11-15
CUST_10580,Arjun Verma,Male,Hyderabad,Telangana,Tier 1,2023-11-05
CUST_10581,Amit Reddy,Male,Lucknow,Uttar Pradesh,Tier 2,2024-07-08
CUST_10582,Pooja Gupta,Female,Chandigarh,Punjab,Tier 2,2024-09-06
CUST_10583,Pooja Iyer,Female,Mumbai,Maharashtra,Tier 1,2024-06-16
CUST_10584,Kunal Mehta,Male,Bengaluru,Karnataka,Tier 1,2024-09-06
CUST_10585,Kavya Sharma,Female,Chennai,Tamil Nadu,Tier 1,2024-03-09
CUST_10586,Aditya Nair,Male,Pune,Maharashtra,Tier 1,2023-07-23
CUST_10587,Rohan Reddy,Male,Mumbai,Maharashtra,Tier 1,2023-10-13
CUST_10588,Kunal Iyer,Male,Hyderabad,Telangana,Tier 1,2024-10-07
CUST_10589,Priya Nair,Female,Hyderabad,Telangana,Tier 1,2023-08-10
CUST_10590,Tanvi Singh,Female,Mumbai,Maharashtra,Tier 1,2023-06-04
CUST_10591,Amit Sharma,Male,Mumbai,Maharashtra,Tier 1,2024-04-04
CUST_10592,Tanvi Gupta,Female,Chennai,Tamil Nadu,Tier 1,2024-07-28
CUST_10593,Priya Reddy,Female,Indore,Madhya Pradesh,Tier 2,2024-08-17
CUST_10594,Tanvi Patel,Female,Patna,Bihar,Tier 3,2024-10-22
CUST_10595,Vikram Mehta,Male,Ahmedabad,Gujarat,Tier 2,2023-12-23
CUST_10596,Varun Patel,Male,Chennai,Tamil Nadu,Tier 1,2024-11-16
CUST_10597,Ananya Iyer,Female,Jaipur,Rajasthan,Tier 2,2023-12-09
CUST_10598,Divya Verma,Female,Indore,Madhya Pradesh,Tier 2,2024-06-09
CUST_10599,Neha Singh,Female,Mumbai,Maharashtra,Tier 1,2024-04-18
CUST_10600,Ananya Reddy,Female,Delhi,Delhi,Tier 1,2024-04-03
CUST_10601,Sneha Sharma,Female,Lucknow,Uttar Pradesh,Tier 2,2024-08-17
CUST_10602,Tanvi Kumar,Female,Guwahati,Assam,Tier 3,2024-07-27
CUST_10603,Divya Singh,Female,Varanasi,Uttar Pradesh,Tier 3,2024-10-26
CUST_10604,Arjun Gupta,Male,Chandigarh,Punjab,Tier 2,2024-01-24
CUST_10605,Aarav Sharma,Male,Ranchi,Jharkhand,Tier 3,2024-09-25
CUST_10606,Tanvi Gupta,Female,Varanasi,Uttar Pradesh,Tier 3,2023-07-24
CUST_10607,Rahul Sharma,Male,Mumbai,Maharashtra,Tier 1,2024-08-14
CUST_10608,Sneha Mehta,Female,Lucknow,Uttar Pradesh,Tier 2,2024-02-10
CUST_10609,Kavya Patel,Female,Pune,Maharashtra,Tier 1,2024-04-14
CUST_10610,Rahul Singh,Male,Dehradun,Uttarakhand,Tier 3,2024-07-16
CUST_10611,Rohan Patel,Male,Jaipur,Rajasthan,Tier 2,2023-11-21
CUST_10612,Riya Sharma,Female,Jaipur,Rajasthan,Tier 2,2023-08-21
CUST_10613,Varun Gupta,Male,Delhi,Delhi,Tier 1,2023-11-11
CUST_10614,Kavya Verma,Female,Hyderabad,Telangana,Tier 1,2024-04-23
CUST_10615,Divya Nair,Female,Delhi,Delhi,Tier 1,2024-04-27
CUST_10616,Varun Patel,Male,Pune,Maharashtra,Tier 1,2024-10-06
CUST_10617,Neha Patel,Female,Chennai,Tamil Nadu,Tier 1,2023-12-14
CUST_10618,Vikram Mehta,Male,Ranchi,Jharkhand,Tier 3,2023-09-12
CUST_10619,Pooja Patel,Female,Indore,Madhya Pradesh,Tier 2,2024-11-23
CUST_10620,Neha Sharma,Female,Ahmedabad,Gujarat,Tier 2,2023-06-22
CUST_10621,Divya Iyer,Female,Ahmedabad,Gujarat,Tier 2,2023-09-25
CUST_10622,Aditya Reddy,Male,Delhi,Delhi,Tier 1,2024-04-06
CUST_10623,Kunal Verma,Male,Lucknow,Uttar Pradesh,Tier 2,2024-08-06
CUST_10624,Tanvi Nair,Female,Varanasi,Uttar Pradesh,Tier 3,2024-06-29
CUST_10625,Ishita Kumar,Female,Jaipur,Rajasthan,Tier 2,2023-12-11
CUST_10626,Rahul Reddy,Male,Chandigarh,Punjab,Tier 2,2023-07-09
CUST_10627,Pooja Nair,Female,Indore,Madhya Pradesh,Tier 2,2023-08-17
CUST_10628,Pooja Singh,Female,Guwahati,Assam,Tier 3,2024-09-05
CUST_10629,Aditya Iyer,Male,Chandigarh,Punjab,Tier 2,2024-10-18
CUST_10630,Aditya Nair,Male,Bengaluru,Karnataka,Tier 1,2024-02-14
CUST_10631,Vikram Mehta,Male,Chennai,Tamil Nadu,Tier 1,2024-08-01
CUST_10632,Riya Verma,Female,Indore,Madhya Pradesh,Tier 2,2023-10-15
CUST_10633,Rahul Sharma,Male,Chennai,Tamil Nadu,Tier 1,2024-07-01
CUST_10634,Ishita Gupta,Female,Chennai,Tamil Nadu,Tier 1,2023-12-12
CUST_10635,Vikram Nair,Male,Jaipur,Rajasthan,Tier 2,2024-01-21
CUST_10636,Sneha Verma,Female,Delhi,Delhi,Tier 1,2024-08-22
CUST_10637,Tanvi Reddy,Female,Hyderabad,Telangana,Tier 1,2024-01-11
CUST_10638,Kabir Verma,Male,Indore,Madhya Pradesh,Tier 2,2023-09-20
CUST_10639,Tanvi Verma,Female,Lucknow,Uttar Pradesh,Tier 2,2023-08-28
CUST_10640,Vikram Mehta,Male,Chennai,Tamil Nadu,Tier 1,2024-09-12
CUST_10641,Vikram Reddy,Male,Dehradun,Uttarakhand,Tier 3,2024-07-13
CUST_10642,Kunal Singh,Male,Delhi,Delhi,Tier 1,2023-12-27
CUST_10643,Aarav Kumar,Male,Guwahati,Assam,Tier 3,2024-03-04
CUST_10644,Kunal Patel,Male,Indore,Madhya Pradesh,Tier 2,2023-07-28
CUST_10645,Divya Reddy,Female,Patna,Bihar,Tier 3,2023-09-28
CUST_10646,Rahul Gupta,Male,Chennai,Tamil Nadu,Tier 1,2023-06-06
CUST_10647,Kabir Sharma,Male,Guwahati,Assam,Tier 3,2023-10-13
CUST_10648,Varun Nair,Male,Pune,Maharashtra,Tier 1,2023-11-03
CUST_10649,Rohan Mehta,Male,Hyderabad,Telangana,Tier 1,2023-07-02
CUST_10650,Kavya Sharma,Female,Pune,Maharashtra,Tier 1,2024-07-24
CUST_10651,Kunal Patel,Male,Lucknow,Uttar Pradesh,Tier 2,2023-07-06
CUST_10652,Sneha Nair,Female,Indore,Madhya Pradesh,Tier 2,2024-05-09
CUST_10653,Rahul Iyer,Male,Bengaluru,Karnataka,Tier 1,2024-08-26
CUST_10654,Amit Kumar,Male,Hyderabad,Telangana,Tier 1,2024-10-24
CUST_10655,Rohan Gupta,Male,Varanasi,Uttar Pradesh,Tier 3,2023-11-06
CUST_10656,Ishita Gupta,Female,Chennai,Tamil Nadu,Tier 1,2024-03-30
CUST_10657,Tanvi Kumar,Female,Kochi,Kerala,Tier 2,2023-09-06
CUST_10658,Amit Sharma,Male,Ranchi,Jharkhand,Tier 3,2024-05-22
CUST_10659,Sneha Verma,Female,Chennai,Tamil Nadu,Tier 1,2024-05-05
CUST_10660,Rohan Gupta,Male,Patna,Bihar,Tier 3,2024-06-26
CUST_10661,Neha Nair,Female,Ahmedabad,Gujarat,Tier 2,2024-08-28
CUST_10662,Aditya Singh,Male,Mumbai,Maharashtra,Tier 1,2023-10-29
CUST_10663,Aarav Singh,Male,Mumbai,Maharashtra,Tier 1,2024-04-28
CUST_10664,Vikram Reddy,Male,Indore,Madhya Pradesh,Tier 2,2024-06-01
CUST_10665,Kavya Sharma,Female,Patna,Bihar,Tier 3,2024-04-26
CUST_10666,Ishita Nair,Female,Guwahati,Assam,Tier 3,2024-11-08
CUST_10667,Arjun Iyer,Male,Mumbai,Maharashtra,Tier 1,2024-09-29
CUST_10668,Divya Nair,Female,Patna,Bihar,Tier 3,2024-03-13
CUST_10669,Arjun Sharma,Male,Hyderabad,Telangana,Tier 1,2023-07-06
CUST_10670,Divya Singh,Female,Chennai,Tamil Nadu,Tier 1,2023-10-14
CUST_10671,Varun Nair,Male,Jaipur,Rajasthan,Tier 2,2023-12-09
CUST_10672,Kunal Reddy,Male,Jaipur,Rajasthan,Tier 2,2024-11-27
CUST_10673,Kabir Mehta,Male,Pune,Maharashtra,Tier 1,2024-01-12
CUST_10674,Aditya Gupta,Male,Chandigarh,Punjab,Tier 2,2024-09-02
CUST_10675,Kabir Patel,Male,Ahmedabad,Gujarat,Tier 2,2023-10-18
CUST_10676,Pooja Nair,Female,Chennai,Tamil Nadu,Tier 1,2023-10-26
CUST_10677,Divya Verma,Female,Lucknow,Uttar Pradesh,Tier 2,2024-06-17
CUST_10678,Aditya Patel,Male,Ahmedabad,Gujarat,Tier 2,2024-11-03
CUST_10679,Ananya Singh,Female,Chandigarh,Punjab,Tier 2,2023-11-24
CUST_10680,Riya Patel,Female,Mumbai,Maharashtra,Tier 1,2023-09-23
CUST_10681,Kabir Singh,Male,Indore,Madhya Pradesh,Tier 2,2024-11-08
CUST_10682,Ananya Patel,Female,Chandigarh,Punjab,Tier 2,2023-08-14
CUST_10683,Rohan Gupta,Male,Varanasi,Uttar Pradesh,Tier 3,2023-06-04
CUST_10684,Priya Mehta,Female,Ranchi,Jharkhand,Tier 3,2024-10-14
CUST_10685,Aarav Iyer,Male,Indore,Madhya Pradesh,Tier 2,2023-09-06
CUST_10686,Tanvi Sharma,Female,Hyderabad,Telangana,Tier 1,2023-11-24
CUST_10687,Vikram Sharma,Male,Mumbai,Maharashtra,Tier 1,2024-04-01
CUST_10688,Vikram Singh,Male,Varanasi,Uttar Pradesh,Tier 3,2023-11-10
CUST_10689,Kunal Nair,Male,Hyderabad,Telangana,Tier 1,2023-12-28
CUST_10690,Pooja Gupta,Female,Delhi,Delhi,Tier 1,2024-06-08
CUST_10691,Rohan Patel,Male,Indore,Madhya Pradesh,Tier 2,2024-01-31
CUST_10692,Rahul Nair,Male,Guwahati,Assam,Tier 3,2024-08-09
CUST_10693,Neha Reddy,Female,Delhi,Delhi,Tier 1,2024-07-13
CUST_10694,Arjun Mehta,Male,Mumbai,Maharashtra,Tier 1,2023-07-06
CUST_10695,Ishita Verma,Female,Delhi,Delhi,Tier 1,2023-12-13
CUST_10696,Varun Iyer,Male,Jaipur,Rajasthan,Tier 2,2024-11-19
CUST_10697,Ananya Verma,Female,Chandigarh,Punjab,Tier 2,2023-09-24
CUST_10698,Ananya Patel,Female,Lucknow,Uttar Pradesh,Tier 2,2023-10-11
CUST_10699,Tanvi Reddy,Female,Lucknow,Uttar Pradesh,Tier 2,2023-08-31
CUST_10700,Tanvi Singh,Female,Bengaluru,Karnataka,Tier 1,2024-11-02
CUST_10701,Aditya Patel,Male,Kochi,Kerala,Tier 2,2023-12-21
CUST_10702,Divya Gupta,Female,Dehradun,Uttarakhand,Tier 3,2024-04-08
CUST_10703,Neha Mehta,Female,Bhopal,Madhya Pradesh,Tier 3,2024-10-16
CUST_10704,Vikram Iyer,Male,Lucknow,Uttar Pradesh,Tier 2,2023-11-17
CUST_10705,Aditya Mehta,Male,Bengaluru,Karnataka,Tier 1,2024-07-07
CUST_10706,Amit Gupta,Male,Kochi,Kerala,Tier 2,2024-03-22
CUST_10707,Ananya Kumar,Female,Mumbai,Maharashtra,Tier 1,2024-09-01
CUST_10708,Kavya Sharma,Female,Dehradun,Uttarakhand,Tier 3,2024-07-21
CUST_10709,Ishita Patel,Female,Hyderabad,Telangana,Tier 1,2023-09-06
CUST_10710,Vikram Mehta,Male,Ahmedabad,Gujarat,Tier 2,2023-08-12
CUST_10711,Kabir Nair,Male,Bhopal,Madhya Pradesh,Tier 3,2024-04-23
CUST_10712,Sneha Verma,Female,Indore,Madhya Pradesh,Tier 2,2024-09-29
CUST_10713,Ananya Singh,Female,Jaipur,Rajasthan,Tier 2,2024-03-31
CUST_10714,Vikram Verma,Male,Chennai,Tamil Nadu,Tier 1,2024-07-31
CUST_10715,Tanvi Patel,Female,Hyderabad,Telangana,Tier 1,2023-07-27
CUST_10716,Tanvi Singh,Female,Chennai,Tamil Nadu,Tier 1,2023-06-28
CUST_10717,Sneha Singh,Female,Chandigarh,Punjab,Tier 2,2024-07-01
CUST_10718,Kabir Mehta,Male,Mumbai,Maharashtra,Tier 1,2024-10-05
CUST_10719,Kunal Singh,Male,Chandigarh,Punjab,Tier 2,2024-01-16
CUST_10720,Neha Reddy,Female,Bhopal,Madhya Pradesh,Tier 3,2024-04-08
CUST_10721,Vikram Patel,Male,Indore,Madhya Pradesh,Tier 2,2023-08-13
CUST_10722,Amit Reddy,Male,Jaipur,Rajasthan,Tier 2,2023-10-15
CUST_10723,Arjun Verma,Male,Chennai,Tamil Nadu,Tier 1,2024-09-15
CUST_10724,Divya Iyer,Female,Indore,Madhya Pradesh,Tier 2,2024-10-30
CUST_10725,Varun Singh,Male,Jaipur,Rajasthan,Tier 2,2024-07-21
CUST_10726,Rahul Reddy,Male,Bengaluru,Karnataka,Tier 1,2023-06-11
CUST_10727,Ananya Nair,Female,Mumbai,Maharashtra,Tier 1,2023-10-25
CUST_10728,Ishita Gupta,Female,Indore,Madhya Pradesh,Tier 2,2024-11-15
CUST_10729,Aarav Gupta,Male,Patna,Bihar,Tier 3,2024-09-14
CUST_10730,Arjun Kumar,Male,Guwahati,Assam,Tier 3,2023-12-16
CUST_10731,Kavya Verma,Female,Varanasi,Uttar Pradesh,Tier 3,2024-05-10
CUST_10732,Priya Kumar,Female,Ahmedabad,Gujarat,Tier 2,2023-06-27
CUST_10733,Ishita Gupta,Female,Patna,Bihar,Tier 3,2024-09-18
CUST_10734,Ananya Verma,Female,Pune,Maharashtra,Tier 1,2024-06-19
CUST_10735,Aarav Patel,Male,Lucknow,Uttar Pradesh,Tier 2,2024-06-24
CUST_10736,Kunal Sharma,Male,Mumbai,Maharashtra,Tier 1,2023-08-13
CUST_10737,Kunal Nair,Male,Chandigarh,Punjab,Tier 2,2023-10-19
CUST_10738,Kabir Singh,Male,Patna,Bihar,Tier 3,2023-08-09
CUST_10739,Varun Sharma,Male,Pune,Maharashtra,Tier 1,2024-07-30
CUST_10740,Amit Kumar,Male,Patna,Bihar,Tier 3,2023-10-20
CUST_10741,Ananya Kumar,Female,Varanasi,Uttar Pradesh,Tier 3,2024-03-11
CUST_10742,Priya Sharma,Female,Kochi,Kerala,Tier 2,2024-06-25
CUST_10743,Ananya Kumar,Female,Jaipur,Rajasthan,Tier 2,2024-04-19
CUST_10744,Vikram Mehta,Male,Kochi,Kerala,Tier 2,2024-10-28
CUST_10745,Kabir Nair,Male,Lucknow,Uttar Pradesh,Tier 2,2023-11-14
CUST_10746,Kabir Reddy,Male,Bengaluru,Karnataka,Tier 1,2023-09-18
CUST_10747,Ishita Gupta,Female,Chennai,Tamil Nadu,Tier 1,2023-07-15
CUST_10748,Amit Iyer,Male,Kochi,Kerala,Tier 2,2023-12-04
CUST_10749,Vikram Iyer,Male,Chandigarh,Punjab,Tier 2,2024-05-24
CUST_10750,Divya Verma,Female,Ranchi,Jharkhand,Tier 3,2023-09-22
CUST_10751,Riya Nair,Female,Chandigarh,Punjab,Tier 2,2023-08-28
CUST_10752,Kabir Mehta,Male,Lucknow,Uttar Pradesh,Tier 2,2024-06-21
CUST_10753,Riya Singh,Female,Indore,Madhya Pradesh,Tier 2,2024-09-20
CUST_10754,Pooja Sharma,Female,Chennai,Tamil Nadu,Tier 1,2023-10-24
CUST_10755,Neha Nair,Female,Indore,Madhya Pradesh,Tier 2,2024-05-15
CUST_10756,Tanvi Verma,Female,Delhi,Delhi,Tier 1,2024-05-24
CUST_10757,Ishita Verma,Female,Varanasi,Uttar Pradesh,Tier 3,2024-06-27
CUST_10758,Ananya Kumar,Female,Hyderabad,Telangana,Tier 1,2024-08-12
CUST_10759,Ananya Verma,Female,Ahmedabad,Gujarat,Tier 2,2023-11-09
CUST_10760,Priya Singh,Female,Chandigarh,Punjab,Tier 2,2024-01-19
CUST_10761,Kunal Singh,Male,Dehradun,Uttarakhand,Tier 3,2023-06-30
CUST_10762,Kunal Iyer,Male,Kochi,Kerala,Tier 2,2023-10-16
CUST_10763,Pooja Sharma,Female,Pune,Maharashtra,Tier 1,2024-08-11
CUST_10764,Tanvi Kumar,Female,Lucknow,Uttar Pradesh,Tier 2,2023-09-17
CUST_10765,Riya Kumar,Female,Indore,Madhya Pradesh,Tier 2,2024-11-30
CUST_10766,Pooja Nair,Female,Delhi,Delhi,Tier 1,2024-04-06
CUST_10767,Amit Sharma,Male,Ahmedabad,Gujarat,Tier 2,2024-03-07
CUST_10768,Vikram Kumar,Male,Ahmedabad,Gujarat,Tier 2,2024-05-28
CUST_10769,Neha Mehta,Female,Jaipur,Rajasthan,Tier 2,2024-05-16
CUST_10770,Neha Iyer,Female,Ranchi,Jharkhand,Tier 3,2023-10-13
CUST_10771,Kabir Gupta,Male,Chennai,Tamil Nadu,Tier 1,2023-06-22
CUST_10772,Aditya Patel,Male,Chandigarh,Punjab,Tier 2,2024-01-07
CUST_10773,Arjun Iyer,Male,Pune,Maharashtra,Tier 1,2024-10-24
CUST_10774,Varun Reddy,Male,Hyderabad,Telangana,Tier 1,2024-06-27
CUST_10775,Divya Gupta,Female,Hyderabad,Telangana,Tier 1,2023-09-20
CUST_10776,Kunal Kumar,Male,Patna,Bihar,Tier 3,2023-07-10
CUST_10777,Priya Iyer,Female,Guwahati,Assam,Tier 3,2024-08-25
CUST_10778,Priya Verma,Female,Patna,Bihar,Tier 3,2024-08-03
CUST_10779,Vikram Singh,Male,Bengaluru,Karnataka,Tier 1,2023-11-04
CUST_10780,Aarav Iyer,Male,Hyderabad,Telangana,Tier 1,2023-12-04
CUST_10781,Divya Gupta,Female,Chandigarh,Punjab,Tier 2,2024-10-04
CUST_10782,Kunal Nair,Male,Lucknow,Uttar Pradesh,Tier 2,2024-01-06
CUST_10783,Rahul Gupta,Male,Ranchi,Jharkhand,Tier 3,2023-12-22
CUST_10784,Varun Gupta,Male,Lucknow,Uttar Pradesh,Tier 2,2024-04-07
CUST_10785,Arjun Iyer,Male,Jaipur,Rajasthan,Tier 2,2023-10-08
CUST_10786,Aarav Gupta,Male,Kochi,Kerala,Tier 2,2024-09-02
CUST_10787,Arjun Reddy,Male,Delhi,Delhi,Tier 1,2024-08-06
CUST_10788,Vikram Reddy,Male,Varanasi,Uttar Pradesh,Tier 3,2023-08-14
CUST_10789,Varun Nair,Male,Chennai,Tamil Nadu,Tier 1,2024-02-17
CUST_10790,Riya Verma,Female,Ranchi,Jharkhand,Tier 3,2024-03-09
CUST_10791,Ananya Reddy,Female,Indore,Madhya Pradesh,Tier 2,2023-07-14
CUST_10792,Arjun Gupta,Male,Mumbai,Maharashtra,Tier 1,2024-05-05
CUST_10793,Aarav Sharma,Male,Delhi,Delhi,Tier 1,2024-09-23
CUST_10794,Ishita Kumar,Female,Lucknow,Uttar Pradesh,Tier 2,2023-11-03
CUST_10795,Aarav Sharma,Male,Indore,Madhya Pradesh,Tier 2,2024-10-02
CUST_10796,Riya Verma,Female,Mumbai,Maharashtra,Tier 1,2023-07-28
CUST_10797,Amit Sharma,Male,Delhi,Delhi,Tier 1,2023-10-26
CUST_10798,Arjun Nair,Male,Lucknow,Uttar Pradesh,Tier 2,2023-08-09
CUST_10799,Ananya Singh,Female,Ranchi,Jharkhand,Tier 3,2024-08-01
CUST_10800,Ananya Nair,Female,Hyderabad,Telangana,Tier 1,2024-07-02
CUST_10801,Rohan Verma,Male,Ranchi,Jharkhand,Tier 3,2023-09-20
CUST_10802,Aditya Sharma,Male,Chennai,Tamil Nadu,Tier 1,2024-05-17
CUST_10803,Arjun Kumar,Male,Ahmedabad,Gujarat,Tier 2,2023-06-03
CUST_10804,Arjun Gupta,Male,Chennai,Tamil Nadu,Tier 1,2023-09-13
CUST_10805,Arjun Gupta,Male,Lucknow,Uttar Pradesh,Tier 2,2023-11-04
CUST_10806,Amit Gupta,Male,Dehradun,Uttarakhand,Tier 3,2023-06-29
CUST_10807,Rohan Mehta,Male,Dehradun,Uttarakhand,Tier 3,2024-06-07
CUST_10808,Varun Gupta,Male,Guwahati,Assam,Tier 3,2024-02-22
CUST_10809,Ishita Mehta,Female,Guwahati,Assam,Tier 3,2023-08-13
CUST_10810,Tanvi Sharma,Female,Ahmedabad,Gujarat,Tier 2,2023-10-27
CUST_10811,Neha Singh,Female,Chennai,Tamil Nadu,Tier 1,2024-09-22
CUST_10812,Pooja Singh,Female,Bengaluru,Karnataka,Tier 1,2024-09-21
CUST_10813,Tanvi Gupta,Female,Varanasi,Uttar Pradesh,Tier 3,2024-07-12
CUST_10814,Rohan Mehta,Male,Mumbai,Maharashtra,Tier 1,2023-12-02
CUST_10815,Ananya Verma,Female,Guwahati,Assam,Tier 3,2024-10-07
CUST_10816,Priya Sharma,Female,Lucknow,Uttar Pradesh,Tier 2,2023-09-13
CUST_10817,Kavya Nair,Female,Ahmedabad,Gujarat,Tier 2,2024-09-13
CUST_10818,Arjun Reddy,Male,Kochi,Kerala,Tier 2,2024-05-05
CUST_10819,Rohan Iyer,Male,Pune,Maharashtra,Tier 1,2024-11-30
CUST_10820,Aarav Iyer,Male,Delhi,Delhi,Tier 1,2024-11-04
CUST_10821,Arjun Reddy,Male,Guwahati,Assam,Tier 3,2023-08-24
CUST_10822,Aarav Singh,Male,Bengaluru,Karnataka,Tier 1,2023-08-29
CUST_10823,Divya Sharma,Female,Lucknow,Uttar Pradesh,Tier 2,2024-10-02
CUST_10824,Rohan Verma,Male,Chandigarh,Punjab,Tier 2,2024-07-08
CUST_10825,Tanvi Reddy,Female,Bhopal,Madhya Pradesh,Tier 3,2024-03-08
CUST_10826,Rahul Nair,Male,Delhi,Delhi,Tier 1,2023-06-25
CUST_10827,Amit Singh,Male,Bengaluru,Karnataka,Tier 1,2024-05-28
CUST_10828,Rahul Patel,Male,Mumbai,Maharashtra,Tier 1,2024-03-04
CUST_10829,Riya Sharma,Female,Chandigarh,Punjab,Tier 2,2024-08-16
CUST_10830,Kabir Iyer,Male,Kochi,Kerala,Tier 2,2023-10-10
CUST_10831,Aarav Iyer,Male,Chandigarh,Punjab,Tier 2,2024-03-11
CUST_10832,Priya Nair,Female,Pune,Maharashtra,Tier 1,2023-11-20
CUST_10833,Kavya Iyer,Female,Mumbai,Maharashtra,Tier 1,2023-11-28
CUST_10834,Rohan Reddy,Male,Delhi,Delhi,Tier 1,2024-06-21
CUST_10835,Kabir Verma,Male,Jaipur,Rajasthan,Tier 2,2024-11-21
CUST_10836,Amit Gupta,Male,Hyderabad,Telangana,Tier 1,2024-11-07
CUST_10837,Amit Reddy,Male,Bhopal,Madhya Pradesh,Tier 3,2024-05-14
CUST_10838,Amit Singh,Male,Mumbai,Maharashtra,Tier 1,2023-11-01
CUST_10839,Sneha Sharma,Female,Dehradun,Uttarakhand,Tier 3,2024-06-01
CUST_10840,Ananya Mehta,Female,Pune,Maharashtra,Tier 1,2024-06-18
CUST_10841,Kabir Reddy,Male,Chennai,Tamil Nadu,Tier 1,2023-12-09
CUST_10842,Divya Patel,Female,Kochi,Kerala,Tier 2,2024-02-24
CUST_10843,Divya Iyer,Female,Jaipur,Rajasthan,Tier 2,2023-08-11
CUST_10844,Sneha Verma,Female,Lucknow,Uttar Pradesh,Tier 2,2024-10-04
CUST_10845,Rahul Gupta,Male,Chandigarh,Punjab,Tier 2,2024-10-13
CUST_10846,Arjun Reddy,Male,Hyderabad,Telangana,Tier 1,2023-07-25
CUST_10847,Rahul Singh,Male,Mumbai,Maharashtra,Tier 1,2024-08-01
CUST_10848,Rohan Sharma,Male,Jaipur,Rajasthan,Tier 2,2023-12-29
CUST_10849,Aarav Iyer,Male,Chennai,Tamil Nadu,Tier 1,2024-01-18
CUST_10850,Varun Mehta,Male,Indore,Madhya Pradesh,Tier 2,2023-08-08
CUST_10851,Pooja Verma,Female,Kochi,Kerala,Tier 2,2024-11-10
CUST_10852,Aditya Sharma,Male,Lucknow,Uttar Pradesh,Tier 2,2023-08-21
CUST_10853,Varun Reddy,Male,Pune,Maharashtra,Tier 1,2024-11-13
CUST_10854,Sneha Nair,Female,Chandigarh,Punjab,Tier 2,2023-08-14
CUST_10855,Aarav Singh,Male,Mumbai,Maharashtra,Tier 1,2024-11-01
CUST_10856,Tanvi Nair,Female,Dehradun,Uttarakhand,Tier 3,2023-06-08
CUST_10857,Kunal Reddy,Male,Indore,Madhya Pradesh,Tier 2,2023-11-09
CUST_10858,Neha Sharma,Female,Chandigarh,Punjab,Tier 2,2024-11-24
CUST_10859,Sneha Kumar,Female,Pune,Maharashtra,Tier 1,2023-08-07
CUST_10860,Amit Kumar,Male,Varanasi,Uttar Pradesh,Tier 3,2024-01-18
CUST_10861,Kunal Singh,Male,Chennai,Tamil Nadu,Tier 1,2024-05-09
CUST_10862,Varun Kumar,Male,Mumbai,Maharashtra,Tier 1,2024-01-15
CUST_10863,Vikram Singh,Male,Delhi,Delhi,Tier 1,2024-10-31
CUST_10864,Kavya Verma,Female,Pune,Maharashtra,Tier 1,2023-11-03
CUST_10865,Kunal Verma,Male,Guwahati,Assam,Tier 3,2024-09-06
CUST_10866,Ishita Kumar,Female,Delhi,Delhi,Tier 1,2024-08-17
CUST_10867,Tanvi Sharma,Female,Chandigarh,Punjab,Tier 2,2023-10-16
CUST_10868,Riya Reddy,Female,Ranchi,Jharkhand,Tier 3,2024-05-04
CUST_10869,Amit Nair,Male,Hyderabad,Telangana,Tier 1,2024-08-19
CUST_10870,Kabir Mehta,Male,Hyderabad,Telangana,Tier 1,2024-11-18
CUST_10871,Rohan Sharma,Male,Dehradun,Uttarakhand,Tier 3,2023-09-30
CUST_10872,Sneha Verma,Female,Guwahati,Assam,Tier 3,2024-10-04
CUST_10873,Riya Gupta,Female,Lucknow,Uttar Pradesh,Tier 2,2023-09-01
CUST_10874,Ishita Verma,Female,Dehradun,Uttarakhand,Tier 3,2024-05-19
CUST_10875,Arjun Singh,Male,Kochi,Kerala,Tier 2,2023-06-20
CUST_10876,Ananya Singh,Female,Patna,Bihar,Tier 3,2023-09-27
CUST_10877,Riya Iyer,Female,Bhopal,Madhya Pradesh,Tier 3,2023-06-26
CUST_10878,Tanvi Verma,Female,Guwahati,Assam,Tier 3,2023-06-15
CUST_10879,Kunal Singh,Male,Indore,Madhya Pradesh,Tier 2,2023-11-15
CUST_10880,Sneha Singh,Female,Ranchi,Jharkhand,Tier 3,2023-10-01
CUST_10881,Aarav Gupta,Male,Kochi,Kerala,Tier 2,2024-03-30
CUST_10882,Pooja Iyer,Female,Pune,Maharashtra,Tier 1,2024-10-03
CUST_10883,Pooja Kumar,Female,Ahmedabad,Gujarat,Tier 2,2023-12-26
CUST_10884,Vikram Mehta,Male,Pune,Maharashtra,Tier 1,2024-06-04
CUST_10885,Aditya Mehta,Male,Chennai,Tamil Nadu,Tier 1,2024-07-23
CUST_10886,Riya Mehta,Female,Mumbai,Maharashtra,Tier 1,2024-03-09
CUST_10887,Divya Mehta,Female,Bengaluru,Karnataka,Tier 1,2024-08-02
CUST_10888,Ishita Nair,Female,Kochi,Kerala,Tier 2,2024-10-21
CUST_10889,Neha Patel,Female,Indore,Madhya Pradesh,Tier 2,2024-01-22
CUST_10890,Priya Nair,Female,Kochi,Kerala,Tier 2,2024-03-06
CUST_10891,Kunal Verma,Male,Kochi,Kerala,Tier 2,2024-08-09
CUST_10892,Tanvi Singh,Female,Patna,Bihar,Tier 3,2024-01-10
CUST_10893,Amit Singh,Male,Mumbai,Maharashtra,Tier 1,2024-02-28
CUST_10894,Tanvi Iyer,Female,Chennai,Tamil Nadu,Tier 1,2024-06-14
CUST_10895,Riya Sharma,Female,Pune,Maharashtra,Tier 1,2024-04-03
CUST_10896,Kabir Mehta,Male,Mumbai,Maharashtra,Tier 1,2024-07-11
CUST_10897,Aarav Nair,Male,Bengaluru,Karnataka,Tier 1,2024-10-14
CUST_10898,Rohan Mehta,Male,Kochi,Kerala,Tier 2,2023-12-11
CUST_10899,Rahul Sharma,Male,Indore,Madhya Pradesh,Tier 2,2024-08-12
CUST_10900,Neha Patel,Female,Ahmedabad,Gujarat,Tier 2,2024-08-13
CUST_10901,Arjun Sharma,Male,Hyderabad,Telangana,Tier 1,2023-08-11
CUST_10902,Aditya Gupta,Male,Jaipur,Rajasthan,Tier 2,2024-07-28
CUST_10903,Ishita Sharma,Female,Indore,Madhya Pradesh,Tier 2,2023-08-17
CUST_10904,Ananya Singh,Female,Chandigarh,Punjab,Tier 2,2024-02-03
CUST_10905,Ananya Mehta,Female,Guwahati,Assam,Tier 3,2024-11-23
CUST_10906,Divya Reddy,Female,Varanasi,Uttar Pradesh,Tier 3,2024-07-02
CUST_10907,Rahul Patel,Male,Patna,Bihar,Tier 3,2024-05-29
CUST_10908,Pooja Mehta,Female,Chennai,Tamil Nadu,Tier 1,2023-06-06
CUST_10909,Aditya Kumar,Male,Chennai,Tamil Nadu,Tier 1,2023-09-03
CUST_10910,Divya Patel,Female,Varanasi,Uttar Pradesh,Tier 3,2023-09-29
CUST_10911,Amit Iyer,Male,Bengaluru,Karnataka,Tier 1,2024-04-26
CUST_10912,Aarav Patel,Male,Ahmedabad,Gujarat,Tier 2,2023-06-19
CUST_10913,Ishita Verma,Female,Chennai,Tamil Nadu,Tier 1,2024-08-03
CUST_10914,Kabir Gupta,Male,Mumbai,Maharashtra,Tier 1,2023-07-07
CUST_10915,Neha Iyer,Female,Kochi,Kerala,Tier 2,2024-09-04
CUST_10916,Ishita Nair,Female,Delhi,Delhi,Tier 1,2023-12-20
CUST_10917,Tanvi Singh,Female,Mumbai,Maharashtra,Tier 1,2024-04-27
CUST_10918,Tanvi Mehta,Female,Ranchi,Jharkhand,Tier 3,2023-12-30
CUST_10919,Aditya Sharma,Male,Chennai,Tamil Nadu,Tier 1,2023-06-08
CUST_10920,Neha Verma,Female,Hyderabad,Telangana,Tier 1,2023-11-03
CUST_10921,Vikram Patel,Male,Chennai,Tamil Nadu,Tier 1,2023-07-18
CUST_10922,Rahul Nair,Male,Varanasi,Uttar Pradesh,Tier 3,2024-03-22
CUST_10923,Aarav Verma,Male,Pune,Maharashtra,Tier 1,2024-05-18
CUST_10924,Aarav Reddy,Male,Ahmedabad,Gujarat,Tier 2,2023-09-13
CUST_10925,Riya Verma,Female,Delhi,Delhi,Tier 1,2024-07-31
CUST_10926,Pooja Reddy,Female,Bengaluru,Karnataka,Tier 1,2024-02-22
CUST_10927,Kunal Mehta,Male,Chandigarh,Punjab,Tier 2,2024-06-11
CUST_10928,Vikram Mehta,Male,Mumbai,Maharashtra,Tier 1,2024-04-24
CUST_10929,Riya Gupta,Female,Lucknow,Uttar Pradesh,Tier 2,2023-11-04
CUST_10930,Neha Gupta,Female,Bengaluru,Karnataka,Tier 1,2024-10-11
CUST_10931,Divya Sharma,Female,Jaipur,Rajasthan,Tier 2,2023-11-05
CUST_10932,Priya Iyer,Female,Pune,Maharashtra,Tier 1,2023-09-09
CUST_10933,Priya Singh,Female,Delhi,Delhi,Tier 1,2024-03-31
CUST_10934,Aarav Singh,Male,Guwahati,Assam,Tier 3,2024-07-16
CUST_10935,Tanvi Sharma,Female,Chandigarh,Punjab,Tier 2,2024-06-12
CUST_10936,Riya Iyer,Female,Ranchi,Jharkhand,Tier 3,2024-09-21
CUST_10937,Kavya Kumar,Female,Bengaluru,Karnataka,Tier 1,2023-11-12
CUST_10938,Vikram Sharma,Male,Bengaluru,Karnataka,Tier 1,2024-05-01
CUST_10939,Rahul Iyer,Male,Delhi,Delhi,Tier 1,2023-06-26
CUST_10940,Kabir Sharma,Male,Lucknow,Uttar Pradesh,Tier 2,2024-03-03
CUST_10941,Aarav Verma,Male,Bengaluru,Karnataka,Tier 1,2024-09-13
CUST_10942,Rahul Sharma,Male,Lucknow,Uttar Pradesh,Tier 2,2024-02-17
CUST_10943,Rahul Sharma,Male,Lucknow,Uttar Pradesh,Tier 2,2024-03-31
CUST_10944,Varun Nair,Male,Chandigarh,Punjab,Tier 2,2024-09-09
CUST_10945,Pooja Singh,Female,Chennai,Tamil Nadu,Tier 1,2024-02-01
CUST_10946,Sneha Mehta,Female,Chennai,Tamil Nadu,Tier 1,2024-09-10
CUST_10947,Kabir Reddy,Male,Mumbai,Maharashtra,Tier 1,2024-07-04
CUST_10948,Amit Reddy,Male,Ahmedabad,Gujarat,Tier 2,2024-10-22
CUST_10949,Pooja Kumar,Female,Bhopal,Madhya Pradesh,Tier 3,2024-04-24
CUST_10950,Pooja Kumar,Female,Chennai,Tamil Nadu,Tier 1,2024-05-14
CUST_10951,Kabir Singh,Male,Delhi,Delhi,Tier 1,2024-02-10
CUST_10952,Ananya Singh,Female,Hyderabad,Telangana,Tier 1,2023-10-09
CUST_10953,Pooja Sharma,Female,Guwahati,Assam,Tier 3,2024-03-28
CUST_10954,Ananya Gupta,Female,Dehradun,Uttarakhand,Tier 3,2023-09-30
CUST_10955,Riya Patel,Female,Chennai,Tamil Nadu,Tier 1,2023-07-22
CUST_10956,Divya Mehta,Female,Hyderabad,Telangana,Tier 1,2024-05-05
CUST_10957,Divya Sharma,Female,Delhi,Delhi,Tier 1,2023-06-18
CUST_10958,Arjun Mehta,Male,Ahmedabad,Gujarat,Tier 2,2024-03-22
CUST_10959,Riya Kumar,Female,Delhi,Delhi,Tier 1,2023-12-03
CUST_10960,Kavya Mehta,Female,Indore,Madhya Pradesh,Tier 2,2024-09-28
CUST_10961,Ishita Sharma,Female,Indore,Madhya Pradesh,Tier 2,2024-07-10
CUST_10962,Kabir Sharma,Male,Pune,Maharashtra,Tier 1,2024-01-29
CUST_10963,Riya Sharma,Female,Delhi,Delhi,Tier 1,2024-06-06
CUST_10964,Neha Sharma,Female,Delhi,Delhi,Tier 1,2023-11-29
CUST_10965,Ananya Mehta,Female,Chandigarh,Punjab,Tier 2,2024-02-06
CUST_10966,Ishita Mehta,Female,Mumbai,Maharashtra,Tier 1,2023-09-14
CUST_10967,Aarav Singh,Male,Pune,Maharashtra,Tier 1,2024-11-14
CUST_10968,Vikram Gupta,Male,Delhi,Delhi,Tier 1,2023-12-10
CUST_10969,Divya Mehta,Female,Hyderabad,Telangana,Tier 1,2024-07-25
CUST_10970,Pooja Singh,Female,Chandigarh,Punjab,Tier 2,2024-06-19
CUST_10971,Kabir Kumar,Male,Lucknow,Uttar Pradesh,Tier 2,2023-07-11
CUST_10972,Kavya Kumar,Female,Lucknow,Uttar Pradesh,Tier 2,2024-07-31
CUST_10973,Aditya Mehta,Male,Chennai,Tamil Nadu,Tier 1,2024-01-03
CUST_10974,Rahul Verma,Male,Ahmedabad,Gujarat,Tier 2,2023-10-06
CUST_10975,Aarav Mehta,Male,Chandigarh,Punjab,Tier 2,2023-12-13
CUST_10976,Aarav Reddy,Male,Ahmedabad,Gujarat,Tier 2,2024-11-10
CUST_10977,Varun Gupta,Male,Chandigarh,Punjab,Tier 2,2023-06-12
CUST_10978,Tanvi Gupta,Female,Ahmedabad,Gujarat,Tier 2,2024-04-01
CUST_10979,Aditya Verma,Male,Bengaluru,Karnataka,Tier 1,2024-01-05
CUST_10980,Amit Verma,Male,Chandigarh,Punjab,Tier 2,2023-10-22
CUST_10981,Divya Sharma,Female,Delhi,Delhi,Tier 1,2023-07-26
CUST_10982,Riya Mehta,Female,Bhopal,Madhya Pradesh,Tier 3,2024-03-13
CUST_10983,Divya Nair,Female,Indore,Madhya Pradesh,Tier 2,2024-10-02
CUST_10984,Amit Singh,Male,Delhi,Delhi,Tier 1,2024-01-06
CUST_10985,Sneha Kumar,Female,Jaipur,Rajasthan,Tier 2,2023-09-01
CUST_10986,Pooja Kumar,Female,Ahmedabad,Gujarat,Tier 2,2024-07-28
CUST_10987,Aarav Sharma,Male,Mumbai,Maharashtra,Tier 1,2023-07-07
CUST_10988,Aarav Verma,Male,Guwahati,Assam,Tier 3,2023-10-17
CUST_10989,Ishita Gupta,Female,Bengaluru,Karnataka,Tier 1,2024-10-15
CUST_10990,Amit Kumar,Male,Delhi,Delhi,Tier 1,2024-06-07
CUST_10991,Ananya Kumar,Female,Pune,Maharashtra,Tier 1,2023-09-03
CUST_10992,Tanvi Verma,Female,Hyderabad,Telangana,Tier 1,2024-08-03
CUST_10993,Vikram Singh,Male,Hyderabad,Telangana,Tier 1,2024-10-01
CUST_10994,Vikram Verma,Male,Pune,Maharashtra,Tier 1,2023-07-12
CUST_10995,Rahul Gupta,Male,Guwahati,Assam,Tier 3,2023-09-14
CUST_10996,Kabir Iyer,Male,Ahmedabad,Gujarat,Tier 2,2024-06-02
CUST_10997,Riya Patel,Female,Hyderabad,Telangana,Tier 1,2024-05-12
CUST_10998,Rohan Reddy,Male,Ahmedabad,Gujarat,Tier 2,2023-08-11
CUST_10999,Kabir Mehta,Male,Delhi,Delhi,Tier 1,2024-07-24
CUST_11000,Tanvi Mehta,Female,Ranchi,Jharkhand,Tier 3,2023-12-20
CUST_11001,Pooja Singh,Female,Ahmedabad,Gujarat,Tier 2,2023-08-15
CUST_11002,Aarav Sharma,Male,Bhopal,Madhya Pradesh,Tier 3,2024-02-12
CUST_11003,Aarav Verma,Male,Ranchi,Jharkhand,Tier 3,2024-09-16
CUST_11004,Ananya Gupta,Female,Bhopal,Madhya Pradesh,Tier 3,2024-06-17
CUST_11005,Neha Nair,Female,Indore,Madhya Pradesh,Tier 2,2023-09-22
CUST_11006,Rahul Nair,Male,Delhi,Delhi,Tier 1,2023-11-26
CUST_11007,Kunal Patel,Male,Ranchi,Jharkhand,Tier 3,2024-02-15
CUST_11008,Rohan Iyer,Male,Chennai,Tamil Nadu,Tier 1,2024-03-21
CUST_11009,Ishita Iyer,Female,Dehradun,Uttarakhand,Tier 3,2023-08-28
CUST_11010,Arjun Reddy,Male,Bengaluru,Karnataka,Tier 1,2024-08-01
CUST_11011,Divya Nair,Female,Ahmedabad,Gujarat,Tier 2,2023-08-17
CUST_11012,Arjun Mehta,Male,Kochi,Kerala,Tier 2,2023-10-08
CUST_11013,Divya Singh,Female,Delhi,Delhi,Tier 1,2024-05-18
CUST_11014,Varun Reddy,Male,Mumbai,Maharashtra,Tier 1,2023-12-18
CUST_11015,Varun Nair,Male,Lucknow,Uttar Pradesh,Tier 2,2024-11-08
CUST_11016,Vikram Patel,Male,Guwahati,Assam,Tier 3,2024-06-03
CUST_11017,Kunal Sharma,Male,Hyderabad,Telangana,Tier 1,2024-01-23
CUST_11018,Riya Singh,Female,Ranchi,Jharkhand,Tier 3,2024-01-01
CUST_11019,Tanvi Singh,Female,Ahmedabad,Gujarat,Tier 2,2024-08-17
CUST_11020,Divya Verma,Female,Bengaluru,Karnataka,Tier 1,2023-06-15
CUST_11021,Kabir Patel,Male,Dehradun,Uttarakhand,Tier 3,2023-08-15
CUST_11022,Kabir Iyer,Male,Pune,Maharashtra,Tier 1,2024-11-27
CUST_11023,Rahul Mehta,Male,Chennai,Tamil Nadu,Tier 1,2024-11-21
CUST_11024,Tanvi Sharma,Female,Ahmedabad,Gujarat,Tier 2,2023-11-25
CUST_11025,Rahul Mehta,Male,Varanasi,Uttar Pradesh,Tier 3,2023-08-13
CUST_11026,Varun Kumar,Male,Lucknow,Uttar Pradesh,Tier 2,2024-04-26
CUST_11027,Divya Singh,Female,Bengaluru,Karnataka,Tier 1,2024-01-01
CUST_11028,Kunal Gupta,Male,Jaipur,Rajasthan,Tier 2,2023-07-28
CUST_11029,Aditya Patel,Male,Bengaluru,Karnataka,Tier 1,2024-10-05
CUST_11030,Aarav Nair,Male,Bengaluru,Karnataka,Tier 1,2024-03-11
CUST_11031,Aditya Reddy,Male,Delhi,Delhi,Tier 1,2024-05-17
CUST_11032,Kavya Verma,Female,Ranchi,Jharkhand,Tier 3,2024-01-24
CUST_11033,Aarav Verma,Male,Chennai,Tamil Nadu,Tier 1,2024-02-24
CUST_11034,Tanvi Kumar,Female,Bengaluru,Karnataka,Tier 1,2024-06-15
CUST_11035,Arjun Gupta,Male,Patna,Bihar,Tier 3,2024-05-09
CUST_11036,Kunal Patel,Male,Chandigarh,Punjab,Tier 2,2024-02-12
CUST_11037,Rohan Mehta,Male,Bengaluru,Karnataka,Tier 1,2024-10-04
CUST_11038,Vikram Reddy,Male,Bhopal,Madhya Pradesh,Tier 3,2023-11-25
CUST_11039,Varun Singh,Male,Bengaluru,Karnataka,Tier 1,2024-07-20
CUST_11040,Priya Gupta,Female,Delhi,Delhi,Tier 1,2023-09-09
CUST_11041,Kabir Singh,Male,Varanasi,Uttar Pradesh,Tier 3,2024-11-13
CUST_11042,Pooja Nair,Female,Jaipur,Rajasthan,Tier 2,2024-03-06
CUST_11043,Aarav Reddy,Male,Chandigarh,Punjab,Tier 2,2023-09-18
CUST_11044,Varun Reddy,Male,Ahmedabad,Gujarat,Tier 2,2024-08-10
CUST_11045,Divya Verma,Female,Bengaluru,Karnataka,Tier 1,2024-10-24
CUST_11046,Amit Reddy,Male,Jaipur,Rajasthan,Tier 2,2024-05-07
CUST_11047,Riya Iyer,Female,Varanasi,Uttar Pradesh,Tier 3,2024-08-06
CUST_11048,Priya Gupta,Female,Ranchi,Jharkhand,Tier 3,2024-09-26
CUST_11049,Varun Nair,Male,Ranchi,Jharkhand,Tier 3,2024-10-17
CUST_11050,Priya Gupta,Female,Jaipur,Rajasthan,Tier 2,2023-12-24
CUST_11051,Sneha Nair,Female,Pune,Maharashtra,Tier 1,2024-04-02
CUST_11052,Rohan Kumar,Male,Patna,Bihar,Tier 3,2023-08-25
CUST_11053,Ananya Gupta,Female,Ahmedabad,Gujarat,Tier 2,2024-05-14
CUST_11054,Rohan Nair,Male,Jaipur,Rajasthan,Tier 2,2023-08-22
CUST_11055,Neha Nair,Female,Indore,Madhya Pradesh,Tier 2,2024-11-05
CUST_11056,Amit Kumar,Male,Delhi,Delhi,Tier 1,2024-07-18
CUST_11057,Neha Kumar,Female,Jaipur,Rajasthan,Tier 2,2024-06-24
CUST_11058,Riya Sharma,Female,Bengaluru,Karnataka,Tier 1,2023-12-23
CUST_11059,Sneha Gupta,Female,Ahmedabad,Gujarat,Tier 2,2024-06-26
CUST_11060,Neha Verma,Female,Dehradun,Uttarakhand,Tier 3,2024-05-27
CUST_11061,Ananya Sharma,Female,Pune,Maharashtra,Tier 1,2024-03-26
CUST_11062,Priya Patel,Female,Delhi,Delhi,Tier 1,2023-08-03
CUST_11063,Aditya Nair,Male,Ahmedabad,Gujarat,Tier 2,2023-12-11
CUST_11064,Aditya Nair,Male,Delhi,Delhi,Tier 1,2024-09-19
CUST_11065,Ananya Singh,Female,Hyderabad,Telangana,Tier 1,2023-12-06
CUST_11066,Sneha Iyer,Female,Bhopal,Madhya Pradesh,Tier 3,2024-05-23
CUST_11067,Pooja Reddy,Female,Bengaluru,Karnataka,Tier 1,2023-06-06
CUST_11068,Pooja Patel,Female,Lucknow,Uttar Pradesh,Tier 2,2024-08-23
CUST_11069,Aarav Gupta,Male,Delhi,Delhi,Tier 1,2024-03-07
CUST_11070,Kabir Iyer,Male,Jaipur,Rajasthan,Tier 2,2024-02-02
CUST_11071,Kavya Mehta,Female,Indore,Madhya Pradesh,Tier 2,2024-06-18
CUST_11072,Amit Nair,Male,Chennai,Tamil Nadu,Tier 1,2024-07-15
CUST_11073,Varun Singh,Male,Chandigarh,Punjab,Tier 2,2023-07-23
CUST_11074,Divya Gupta,Female,Ahmedabad,Gujarat,Tier 2,2024-04-01
CUST_11075,Kunal Iyer,Male,Ahmedabad,Gujarat,Tier 2,2023-08-11
CUST_11076,Pooja Reddy,Female,Ahmedabad,Gujarat,Tier 2,2023-06-30
CUST_11077,Vikram Reddy,Male,Mumbai,Maharashtra,Tier 1,2024-11-25
CUST_11078,Aditya Iyer,Male,Hyderabad,Telangana,Tier 1,2023-06-03
CUST_11079,Neha Sharma,Female,Patna,Bihar,Tier 3,2023-11-20
CUST_11080,Sneha Singh,Female,Bengaluru,Karnataka,Tier 1,2023-07-16
CUST_11081,Varun Iyer,Male,Mumbai,Maharashtra,Tier 1,2023-09-05
CUST_11082,Aditya Gupta,Male,Indore,Madhya Pradesh,Tier 2,2023-07-07
CUST_11083,Varun Patel,Male,Patna,Bihar,Tier 3,2024-02-25
CUST_11084,Kunal Sharma,Male,Ahmedabad,Gujarat,Tier 2,2024-01-07
CUST_11085,Amit Verma,Male,Varanasi,Uttar Pradesh,Tier 3,2024-01-29
CUST_11086,Pooja Sharma,Female,Varanasi,Uttar Pradesh,Tier 3,2024-04-05
CUST_11087,Aarav Kumar,Male,Indore,Madhya Pradesh,Tier 2,2024-05-19
CUST_11088,Amit Patel,Male,Dehradun,Uttarakhand,Tier 3,2024-06-01
CUST_11089,Ishita Kumar,Female,Varanasi,Uttar Pradesh,Tier 3,2024-10-18
CUST_11090,Ishita Nair,Female,Indore,Madhya Pradesh,Tier 2,2024-07-31
CUST_11091,Riya Nair,Female,Bhopal,Madhya Pradesh,Tier 3,2023-12-12
CUST_11092,Amit Gupta,Male,Patna,Bihar,Tier 3,2023-11-17
CUST_11093,Ananya Singh,Female,Hyderabad,Telangana,Tier 1,2023-09-04
CUST_11094,Riya Patel,Female,Pune,Maharashtra,Tier 1,2024-04-01
CUST_11095,Arjun Gupta,Male,Lucknow,Uttar Pradesh,Tier 2,2024-03-03
CUST_11096,Ananya Verma,Female,Chennai,Tamil Nadu,Tier 1,2023-07-09
CUST_11097,Rahul Singh,Male,Jaipur,Rajasthan,Tier 2,2023-09-16
CUST_11098,Arjun Sharma,Male,Lucknow,Uttar Pradesh,Tier 2,2023-09-12
CUST_11099,Varun Gupta,Male,Kochi,Kerala,Tier 2,2023-11-14
CUST_11100,Sneha Verma,Female,Delhi,Delhi,Tier 1,2024-09-23
CUST_11101,Aarav Patel,Male,Mumbai,Maharashtra,Tier 1,2023-08-11
CUST_11102,Priya Sharma,Female,Bhopal,Madhya Pradesh,Tier 3,2024-03-14
CUST_11103,Pooja Patel,Female,Kochi,Kerala,Tier 2,2024-03-31
CUST_11104,Kabir Gupta,Male,Dehradun,Uttarakhand,Tier 3,2024-07-04
CUST_11105,Sneha Iyer,Female,Dehradun,Uttarakhand,Tier 3,2023-10-05
CUST_11106,Sneha Singh,Female,Chandigarh,Punjab,Tier 2,2023-10-19
CUST_11107,Pooja Verma,Female,Ahmedabad,Gujarat,Tier 2,2024-10-15
CUST_11108,Arjun Sharma,Male,Hyderabad,Telangana,Tier 1,2023-10-24
CUST_11109,Aditya Reddy,Male,Delhi,Delhi,Tier 1,2024-05-28
CUST_11110,Priya Iyer,Female,Kochi,Kerala,Tier 2,2024-08-20
CUST_11111,Pooja Singh,Female,Kochi,Kerala,Tier 2,2023-08-15
CUST_11112,Sneha Verma,Female,Bengaluru,Karnataka,Tier 1,2024-09-17
CUST_11113,Aditya Gupta,Male,Indore,Madhya Pradesh,Tier 2,2023-10-14
CUST_11114,Kunal Sharma,Male,Mumbai,Maharashtra,Tier 1,2024-03-25
CUST_11115,Kunal Verma,Male,Bhopal,Madhya Pradesh,Tier 3,2024-02-27
CUST_11116,Vikram Reddy,Male,Chennai,Tamil Nadu,Tier 1,2024-03-31
CUST_11117,Rahul Patel,Male,Hyderabad,Telangana,Tier 1,2023-09-08
CUST_11118,Riya Sharma,Female,Indore,Madhya Pradesh,Tier 2,2024-10-26
CUST_11119,Sneha Singh,Female,Mumbai,Maharashtra,Tier 1,2024-03-14
CUST_11120,Tanvi Singh,Female,Hyderabad,Telangana,Tier 1,2024-01-10
CUST_11121,Priya Nair,Female,Bengaluru,Karnataka,Tier 1,2023-10-21
CUST_11122,Arjun Mehta,Male,Hyderabad,Telangana,Tier 1,2024-05-31
CUST_11123,Divya Singh,Female,Indore,Madhya Pradesh,Tier 2,2024-07-19
CUST_11124,Kavya Gupta,Female,Chennai,Tamil Nadu,Tier 1,2024-08-06
CUST_11125,Tanvi Gupta,Female,Patna,Bihar,Tier 3,2023-09-04
CUST_11126,Vikram Nair,Male,Pune,Maharashtra,Tier 1,2024-03-12
CUST_11127,Aditya Patel,Male,Mumbai,Maharashtra,Tier 1,2023-11-13
CUST_11128,Arjun Singh,Male,Lucknow,Uttar Pradesh,Tier 2,2023-10-18
CUST_11129,Riya Patel,Female,Hyderabad,Telangana,Tier 1,2023-09-06
CUST_11130,Aarav Singh,Male,Lucknow,Uttar Pradesh,Tier 2,2024-04-18
CUST_11131,Aarav Kumar,Male,Varanasi,Uttar Pradesh,Tier 3,2023-12-14
CUST_11132,Kavya Verma,Female,Chandigarh,Punjab,Tier 2,2023-07-29
CUST_11133,Divya Verma,Female,Lucknow,Uttar Pradesh,Tier 2,2024-10-05
CUST_11134,Kavya Mehta,Female,Ahmedabad,Gujarat,Tier 2,2023-07-04
CUST_11135,Kabir Reddy,Male,Bhopal,Madhya Pradesh,Tier 3,2024-02-17
CUST_11136,Aarav Nair,Male,Delhi,Delhi,Tier 1,2023-07-07
CUST_11137,Ananya Mehta,Female,Patna,Bihar,Tier 3,2024-06-16
CUST_11138,Aditya Gupta,Male,Varanasi,Uttar Pradesh,Tier 3,2023-10-07
CUST_11139,Sneha Patel,Female,Jaipur,Rajasthan,Tier 2,2024-05-06
CUST_11140,Ananya Mehta,Female,Varanasi,Uttar Pradesh,Tier 3,2023-10-27
CUST_11141,Kabir Kumar,Male,Patna,Bihar,Tier 3,2024-06-12
CUST_11142,Vikram Verma,Male,Chandigarh,Punjab,Tier 2,2023-09-22
CUST_11143,Tanvi Kumar,Female,Mumbai,Maharashtra,Tier 1,2024-06-23
CUST_11144,Rohan Nair,Male,Chennai,Tamil Nadu,Tier 1,2024-09-24
CUST_11145,Aditya Patel,Male,Kochi,Kerala,Tier 2,2024-02-10
CUST_11146,Kabir Mehta,Male,Chandigarh,Punjab,Tier 2,2023-08-12
CUST_11147,Riya Iyer,Female,Pune,Maharashtra,Tier 1,2023-11-07
CUST_11148,Arjun Kumar,Male,Pune,Maharashtra,Tier 1,2023-10-02
CUST_11149,Rohan Singh,Male,Ranchi,Jharkhand,Tier 3,2024-10-23
CUST_11150,Arjun Verma,Male,Mumbai,Maharashtra,Tier 1,2024-10-02
CUST_11151,Rahul Verma,Male,Pune,Maharashtra,Tier 1,2024-02-19
CUST_11152,Ananya Mehta,Female,Chennai,Tamil Nadu,Tier 1,2024-07-11
CUST_11153,Pooja Verma,Female,Bengaluru,Karnataka,Tier 1,2023-11-03
CUST_11154,Aditya Verma,Male,Bhopal,Madhya Pradesh,Tier 3,2024-04-13
CUST_11155,Vikram Gupta,Male,Hyderabad,Telangana,Tier 1,2023-10-10
CUST_11156,Aditya Gupta,Male,Varanasi,Uttar Pradesh,Tier 3,2024-05-08
CUST_11157,Varun Singh,Male,Patna,Bihar,Tier 3,2023-06-15
CUST_11158,Ananya Verma,Female,Patna,Bihar,Tier 3,2024-08-03
CUST_11159,Rahul Sharma,Male,Pune,Maharashtra,Tier 1,2024-03-08
CUST_11160,Riya Reddy,Female,Pune,Maharashtra,Tier 1,2023-12-22
CUST_11161,Ananya Sharma,Female,Ahmedabad,Gujarat,Tier 2,2023-09-20
CUST_11162,Aditya Kumar,Male,Chennai,Tamil Nadu,Tier 1,2024-02-06
CUST_11163,Divya Singh,Female,Hyderabad,Telangana,Tier 1,2024-05-24
CUST_11164,Amit Sharma,Male,Chandigarh,Punjab,Tier 2,2024-05-24
CUST_11165,Kavya Nair,Female,Delhi,Delhi,Tier 1,2024-02-23
CUST_11166,Amit Gupta,Male,Chandigarh,Punjab,Tier 2,2023-08-30
CUST_11167,Aditya Kumar,Male,Chandigarh,Punjab,Tier 2,2023-06-03
CUST_11168,Ananya Reddy,Female,Varanasi,Uttar Pradesh,Tier 3,2023-08-03
CUST_11169,Sneha Iyer,Female,Chennai,Tamil Nadu,Tier 1,2024-11-23
CUST_11170,Tanvi Mehta,Female,Hyderabad,Telangana,Tier 1,2024-08-26
CUST_11171,Rohan Mehta,Male,Kochi,Kerala,Tier 2,2024-07-19
CUST_11172,Amit Gupta,Male,Pune,Maharashtra,Tier 1,2024-09-12
CUST_11173,Riya Reddy,Female,Chennai,Tamil Nadu,Tier 1,2023-08-21
CUST_11174,Rohan Singh,Male,Chennai,Tamil Nadu,Tier 1,2024-06-02
CUST_11175,Varun Mehta,Male,Lucknow,Uttar Pradesh,Tier 2,2024-08-29
CUST_11176,Amit Patel,Male,Guwahati,Assam,Tier 3,2024-11-05
CUST_11177,Kabir Gupta,Male,Pune,Maharashtra,Tier 1,2024-06-26
CUST_11178,Vikram Sharma,Male,Chennai,Tamil Nadu,Tier 1,2024-09-18
CUST_11179,Riya Reddy,Female,Jaipur,Rajasthan,Tier 2,2024-06-28
CUST_11180,Ishita Verma,Female,Delhi,Delhi,Tier 1,2024-10-24
CUST_11181,Varun Iyer,Male,Indore,Madhya Pradesh,Tier 2,2024-03-17
CUST_11182,Aditya Kumar,Male,Chandigarh,Punjab,Tier 2,2024-11-11
CUST_11183,Pooja Iyer,Female,Mumbai,Maharashtra,Tier 1,2024-07-03
CUST_11184,Arjun Patel,Male,Bhopal,Madhya Pradesh,Tier 3,2023-10-30
CUST_11185,Varun Verma,Male,Ahmedabad,Gujarat,Tier 2,2024-03-29
CUST_11186,Ishita Reddy,Female,Delhi,Delhi,Tier 1,2024-06-03
CUST_11187,Ananya Mehta,Female,Kochi,Kerala,Tier 2,2024-07-26
CUST_11188,Kavya Iyer,Female,Pune,Maharashtra,Tier 1,2024-04-14
CUST_11189,Rahul Iyer,Male,Indore,Madhya Pradesh,Tier 2,2024-04-25
CUST_11190,Ishita Patel,Female,Jaipur,Rajasthan,Tier 2,2024-05-21
CUST_11191,Rohan Iyer,Male,Indore,Madhya Pradesh,Tier 2,2023-09-22
CUST_11192,Arjun Singh,Male,Hyderabad,Telangana,Tier 1,2024-09-25
CUST_11193,Varun Verma,Male,Pune,Maharashtra,Tier 1,2024-03-17
CUST_11194,Ananya Verma,Female,Chandigarh,Punjab,Tier 2,2023-06-02
CUST_11195,Aditya Verma,Male,Chandigarh,Punjab,Tier 2,2023-09-21
CUST_11196,Sneha Kumar,Female,Ahmedabad,Gujarat,Tier 2,2023-10-15
CUST_11197,Riya Patel,Female,Varanasi,Uttar Pradesh,Tier 3,2024-11-01
CUST_11198,Vikram Kumar,Male,Bengaluru,Karnataka,Tier 1,2023-11-27
CUST_11199,Priya Patel,Female,Chennai,Tamil Nadu,Tier 1,2024-10-01
CUST_11200,Riya Reddy,Female,Ranchi,Jharkhand,Tier 3,2024-01-21
CUST_11201,Kavya Verma,Female,Bhopal,Madhya Pradesh,Tier 3,2024-09-23
CUST_11202,Vikram Reddy,Male,Mumbai,Maharashtra,Tier 1,2023-12-15
CUST_11203,Priya Patel,Female,Hyderabad,Telangana,Tier 1,2024-11-03
CUST_11204,Rohan Patel,Male,Mumbai,Maharashtra,Tier 1,2024-06-11
CUST_11205,Aditya Iyer,Male,Chandigarh,Punjab,Tier 2,2024-05-04
CUST_11206,Varun Gupta,Male,Kochi,Kerala,Tier 2,2024-02-26
CUST_11207,Sneha Singh,Female,Delhi,Delhi,Tier 1,2024-10-31
CUST_11208,Sneha Mehta,Female,Patna,Bihar,Tier 3,2023-08-04
CUST_11209,Kavya Patel,Female,Guwahati,Assam,Tier 3,2023-11-07
CUST_11210,Neha Sharma,Female,Chennai,Tamil Nadu,Tier 1,2024-03-17
CUST_11211,Ishita Kumar,Female,Patna,Bihar,Tier 3,2023-10-18
CUST_11212,Aarav Kumar,Male,Pune,Maharashtra,Tier 1,2024-09-06
CUST_11213,Varun Verma,Male,Pune,Maharashtra,Tier 1,2024-07-16
CUST_11214,Pooja Mehta,Female,Kochi,Kerala,Tier 2,2024-01-28
CUST_11215,Ananya Gupta,Female,Lucknow,Uttar Pradesh,Tier 2,2023-12-29
CUST_11216,Aarav Verma,Male,Pune,Maharashtra,Tier 1,2024-05-28
CUST_11217,Neha Gupta,Female,Pune,Maharashtra,Tier 1,2024-06-18
CUST_11218,Arjun Gupta,Male,Delhi,Delhi,Tier 1,2024-08-07
CUST_11219,Riya Nair,Female,Lucknow,Uttar Pradesh,Tier 2,2024-10-21
CUST_11220,Neha Sharma,Female,Bengaluru,Karnataka,Tier 1,2024-01-04
CUST_11221,Tanvi Mehta,Female,Guwahati,Assam,Tier 3,2024-08-11
CUST_11222,Rahul Gupta,Male,Chandigarh,Punjab,Tier 2,2023-09-28
CUST_11223,Kavya Nair,Female,Bengaluru,Karnataka,Tier 1,2024-05-07
CUST_11224,Rohan Nair,Male,Chandigarh,Punjab,Tier 2,2024-05-05
CUST_11225,Sneha Patel,Female,Kochi,Kerala,Tier 2,2024-09-23
CUST_11226,Priya Reddy,Female,Delhi,Delhi,Tier 1,2024-08-01
CUST_11227,Aarav Mehta,Male,Varanasi,Uttar Pradesh,Tier 3,2023-06-01
CUST_11228,Ishita Nair,Female,Pune,Maharashtra,Tier 1,2024-09-04
CUST_11229,Aditya Kumar,Male,Bengaluru,Karnataka,Tier 1,2024-03-02
CUST_11230,Riya Kumar,Female,Bengaluru,Karnataka,Tier 1,2024-10-01
CUST_11231,Arjun Singh,Male,Patna,Bihar,Tier 3,2023-07-22
CUST_11232,Priya Patel,Female,Lucknow,Uttar Pradesh,Tier 2,2024-03-21
CUST_11233,Priya Verma,Female,Delhi,Delhi,Tier 1,2024-05-08
CUST_11234,Vikram Sharma,Male,Chandigarh,Punjab,Tier 2,2023-12-06
CUST_11235,Rohan Kumar,Male,Jaipur,Rajasthan,Tier 2,2024-01-21
CUST_11236,Amit Mehta,Male,Lucknow,Uttar Pradesh,Tier 2,2023-09-22
CUST_11237,Arjun Iyer,Male,Chennai,Tamil Nadu,Tier 1,2023-10-05
CUST_11238,Sneha Patel,Female,Bhopal,Madhya Pradesh,Tier 3,2024-02-25
CUST_11239,Ananya Nair,Female,Jaipur,Rajasthan,Tier 2,2024-10-04
CUST_11240,Aditya Reddy,Male,Ranchi,Jharkhand,Tier 3,2024-06-27
CUST_11241,Ananya Nair,Female,Ranchi,Jharkhand,Tier 3,2023-06-11
CUST_11242,Ananya Kumar,Female,Jaipur,Rajasthan,Tier 2,2024-08-03
CUST_11243,Ananya Kumar,Female,Pune,Maharashtra,Tier 1,2024-01-21
CUST_11244,Amit Singh,Male,Chennai,Tamil Nadu,Tier 1,2023-09-08
CUST_11245,Riya Sharma,Female,Jaipur,Rajasthan,Tier 2,2024-03-06
CUST_11246,Amit Iyer,Male,Bhopal,Madhya Pradesh,Tier 3,2024-04-24
CUST_11247,Rohan Reddy,Male,Mumbai,Maharashtra,Tier 1,2024-03-24
CUST_11248,Priya Kumar,Female,Patna,Bihar,Tier 3,2023-11-08
CUST_11249,Vikram Verma,Male,Delhi,Delhi,Tier 1,2023-08-20
CUST_11250,Ishita Verma,Female,Chennai,Tamil Nadu,Tier 1,2023-10-15
CUST_11251,Kavya Nair,Female,Indore,Madhya Pradesh,Tier 2,2023-11-26
CUST_11252,Pooja Nair,Female,Chennai,Tamil Nadu,Tier 1,2024-07-24
CUST_11253,Tanvi Sharma,Female,Chandigarh,Punjab,Tier 2,2024-03-01
CUST_11254,Tanvi Nair,Female,Indore,Madhya Pradesh,Tier 2,2024-08-23
CUST_11255,Varun Mehta,Male,Guwahati,Assam,Tier 3,2024-06-18
CUST_11256,Divya Iyer,Female,Pune,Maharashtra,Tier 1,2023-09-15
CUST_11257,Aditya Iyer,Male,Indore,Madhya Pradesh,Tier 2,2024-02-17
CUST_11258,Aarav Reddy,Male,Ahmedabad,Gujarat,Tier 2,2024-04-12
CUST_11259,Neha Nair,Female,Pune,Maharashtra,Tier 1,2023-08-03
CUST_11260,Aditya Sharma,Male,Chandigarh,Punjab,Tier 2,2023-09-26
CUST_11261,Tanvi Kumar,Female,Varanasi,Uttar Pradesh,Tier 3,2023-11-01
CUST_11262,Ananya Verma,Female,Guwahati,Assam,Tier 3,2024-02-11
CUST_11263,Tanvi Iyer,Female,Varanasi,Uttar Pradesh,Tier 3,2024-11-04
CUST_11264,Amit Iyer,Male,Kochi,Kerala,Tier 2,2024-01-11
CUST_11265,Ishita Sharma,Female,Bengaluru,Karnataka,Tier 1,2024-03-18
CUST_11266,Ananya Nair,Female,Indore,Madhya Pradesh,Tier 2,2024-03-10
CUST_11267,Riya Kumar,Female,Bhopal,Madhya Pradesh,Tier 3,2023-10-16
CUST_11268,Tanvi Reddy,Female,Chennai,Tamil Nadu,Tier 1,2023-08-05
CUST_11269,Priya Verma,Female,Delhi,Delhi,Tier 1,2024-06-05
CUST_11270,Arjun Kumar,Male,Guwahati,Assam,Tier 3,2023-10-14
CUST_11271,Arjun Kumar,Male,Delhi,Delhi,Tier 1,2024-08-18
CUST_11272,Aarav Sharma,Male,Pune,Maharashtra,Tier 1,2024-11-15
CUST_11273,Tanvi Singh,Female,Jaipur,Rajasthan,Tier 2,2024-04-11
CUST_11274,Kunal Reddy,Male,Mumbai,Maharashtra,Tier 1,2024-11-01
CUST_11275,Kavya Gupta,Female,Kochi,Kerala,Tier 2,2023-12-12
CUST_11276,Vikram Iyer,Male,Delhi,Delhi,Tier 1,2024-12-01
CUST_11277,Aarav Reddy,Male,Hyderabad,Telangana,Tier 1,2024-07-31
CUST_11278,Varun Iyer,Male,Lucknow,Uttar Pradesh,Tier 2,2024-09-01
CUST_11279,Neha Mehta,Female,Bengaluru,Karnataka,Tier 1,2023-11-22
CUST_11280,Pooja Reddy,Female,Patna,Bihar,Tier 3,2024-01-11
CUST_11281,Kabir Nair,Male,Chennai,Tamil Nadu,Tier 1,2024-05-21
CUST_11282,Vikram Iyer,Male,Chennai,Tamil Nadu,Tier 1,2023-06-21
CUST_11283,Riya Gupta,Female,Ranchi,Jharkhand,Tier 3,2023-10-16
CUST_11284,Varun Reddy,Male,Ahmedabad,Gujarat,Tier 2,2024-12-01
CUST_11285,Rohan Nair,Male,Bhopal,Madhya Pradesh,Tier 3,2023-09-07
CUST_11286,Kunal Gupta,Male,Dehradun,Uttarakhand,Tier 3,2023-07-03
CUST_11287,Divya Kumar,Female,Guwahati,Assam,Tier 3,2024-09-17
CUST_11288,Vikram Patel,Male,Chennai,Tamil Nadu,Tier 1,2024-08-22
CUST_11289,Tanvi Iyer,Female,Chandigarh,Punjab,Tier 2,2024-10-02
CUST_11290,Rahul Kumar,Male,Guwahati,Assam,Tier 3,2024-07-06
CUST_11291,Ananya Reddy,Female,Lucknow,Uttar Pradesh,Tier 2,2024-09-23
CUST_11292,Kunal Patel,Male,Bengaluru,Karnataka,Tier 1,2024-06-04
CUST_11293,Priya Patel,Female,Chennai,Tamil Nadu,Tier 1,2024-08-20
CUST_11294,Varun Gupta,Male,Chandigarh,Punjab,Tier 2,2024-11-16
CUST_11295,Kunal Mehta,Male,Pune,Maharashtra,Tier 1,2023-07-31
CUST_11296,Sneha Gupta,Female,Kochi,Kerala,Tier 2,2024-03-25
CUST_11297,Tanvi Sharma,Female,Kochi,Kerala,Tier 2,2024-07-17
CUST_11298,Ishita Iyer,Female,Lucknow,Uttar Pradesh,Tier 2,2023-10-28
CUST_11299,Varun Verma,Male,Kochi,Kerala,Tier 2,2024-01-21
CUST_11300,Aarav Singh,Male,Bengaluru,Karnataka,Tier 1,2024-10-02
CUST_11301,Pooja Singh,Female,Guwahati,Assam,Tier 3,2024-05-20
CUST_11302,Riya Kumar,Female,Indore,Madhya Pradesh,Tier 2,2024-04-15
CUST_11303,Sneha Singh,Female,Delhi,Delhi,Tier 1,2024-03-25
CUST_11304,Arjun Mehta,Male,Chennai,Tamil Nadu,Tier 1,2024-06-30
CUST_11305,Priya Reddy,Female,Bengaluru,Karnataka,Tier 1,2024-01-13
CUST_11306,Kunal Iyer,Male,Hyderabad,Telangana,Tier 1,2024-02-28
CUST_11307,Rohan Patel,Male,Jaipur,Rajasthan,Tier 2,2024-08-09
CUST_11308,Ananya Kumar,Female,Guwahati,Assam,Tier 3,2023-06-27
CUST_11309,Tanvi Iyer,Female,Bhopal,Madhya Pradesh,Tier 3,2023-09-08
CUST_11310,Ananya Nair,Female,Guwahati,Assam,Tier 3,2023-06-12
CUST_11311,Sneha Singh,Female,Bengaluru,Karnataka,Tier 1,2024-10-01
CUST_11312,Pooja Sharma,Female,Guwahati,Assam,Tier 3,2024-08-29
CUST_11313,Sneha Patel,Female,Pune,Maharashtra,Tier 1,2024-08-07
CUST_11314,Neha Mehta,Female,Delhi,Delhi,Tier 1,2024-11-16
CUST_11315,Ananya Verma,Female,Kochi,Kerala,Tier 2,2023-07-07
CUST_11316,Amit Kumar,Male,Indore,Madhya Pradesh,Tier 2,2024-03-04
CUST_11317,Vikram Gupta,Male,Hyderabad,Telangana,Tier 1,2024-10-21
CUST_11318,Rohan Patel,Male,Chennai,Tamil Nadu,Tier 1,2024-04-23
CUST_11319,Arjun Verma,Male,Ahmedabad,Gujarat,Tier 2,2024-08-03
CUST_11320,Ananya Iyer,Female,Mumbai,Maharashtra,Tier 1,2024-09-28
CUST_11321,Aarav Verma,Male,Indore,Madhya Pradesh,Tier 2,2024-04-18
CUST_11322,Neha Verma,Female,Mumbai,Maharashtra,Tier 1,2024-04-29
CUST_11323,Varun Gupta,Male,Pune,Maharashtra,Tier 1,2023-09-01
CUST_11324,Aarav Sharma,Male,Mumbai,Maharashtra,Tier 1,2024-06-28
CUST_11325,Kabir Gupta,Male,Kochi,Kerala,Tier 2,2024-05-07
CUST_11326,Varun Mehta,Male,Pune,Maharashtra,Tier 1,2023-08-22
CUST_11327,Tanvi Patel,Female,Varanasi,Uttar Pradesh,Tier 3,2024-03-14
CUST_11328,Tanvi Verma,Female,Bengaluru,Karnataka,Tier 1,2023-07-06
CUST_11329,Priya Iyer,Female,Pune,Maharashtra,Tier 1,2023-08-09
CUST_11330,Priya Nair,Female,Kochi,Kerala,Tier 2,2023-10-31
CUST_11331,Kavya Mehta,Female,Ranchi,Jharkhand,Tier 3,2023-09-24
CUST_11332,Kavya Sharma,Female,Ahmedabad,Gujarat,Tier 2,2023-08-13
CUST_11333,Ishita Kumar,Female,Bhopal,Madhya Pradesh,Tier 3,2024-09-18
CUST_11334,Pooja Gupta,Female,Lucknow,Uttar Pradesh,Tier 2,2024-05-13
CUST_11335,Vikram Patel,Male,Kochi,Kerala,Tier 2,2024-07-01
CUST_11336,Amit Iyer,Male,Lucknow,Uttar Pradesh,Tier 2,2024-04-15
CUST_11337,Kabir Patel,Male,Bengaluru,Karnataka,Tier 1,2024-02-01
CUST_11338,Amit Reddy,Male,Bengaluru,Karnataka,Tier 1,2024-06-30
CUST_11339,Aditya Patel,Male,Guwahati,Assam,Tier 3,2024-08-28
CUST_11340,Neha Mehta,Female,Chandigarh,Punjab,Tier 2,2024-06-11
CUST_11341,Riya Verma,Female,Pune,Maharashtra,Tier 1,2024-04-11
CUST_11342,Sneha Sharma,Female,Indore,Madhya Pradesh,Tier 2,2024-03-06
CUST_11343,Aditya Reddy,Male,Pune,Maharashtra,Tier 1,2024-04-02
CUST_11344,Aditya Mehta,Male,Guwahati,Assam,Tier 3,2024-11-06
CUST_11345,Kavya Kumar,Female,Mumbai,Maharashtra,Tier 1,2024-06-18
CUST_11346,Riya Iyer,Female,Lucknow,Uttar Pradesh,Tier 2,2023-11-21
CUST_11347,Priya Singh,Female,Mumbai,Maharashtra,Tier 1,2024-07-06
CUST_11348,Rahul Kumar,Male,Guwahati,Assam,Tier 3,2024-08-15
CUST_11349,Aditya Mehta,Male,Kochi,Kerala,Tier 2,2024-01-05
CUST_11350,Kabir Gupta,Male,Chennai,Tamil Nadu,Tier 1,2024-01-19
CUST_11351,Rohan Verma,Male,Kochi,Kerala,Tier 2,2024-02-05
CUST_11352,Sneha Mehta,Female,Chandigarh,Punjab,Tier 2,2024-09-23
CUST_11353,Amit Patel,Male,Jaipur,Rajasthan,Tier 2,2024-01-03
CUST_11354,Sneha Patel,Female,Bengaluru,Karnataka,Tier 1,2023-08-18
CUST_11355,Amit Iyer,Male,Pune,Maharashtra,Tier 1,2024-01-08
CUST_11356,Amit Reddy,Male,Lucknow,Uttar Pradesh,Tier 2,2024-01-11
CUST_11357,Aarav Iyer,Male,Jaipur,Rajasthan,Tier 2,2023-12-10
CUST_11358,Varun Nair,Male,Ranchi,Jharkhand,Tier 3,2023-06-22
CUST_11359,Aarav Nair,Male,Pune,Maharashtra,Tier 1,2024-07-21
CUST_11360,Amit Verma,Male,Mumbai,Maharashtra,Tier 1,2024-04-21
CUST_11361,Sneha Nair,Female,Delhi,Delhi,Tier 1,2024-10-30
CUST_11362,Kabir Nair,Male,Chandigarh,Punjab,Tier 2,2024-10-10
CUST_11363,Ishita Sharma,Female,Ahmedabad,Gujarat,Tier 2,2024-10-19
CUST_11364,Rahul Singh,Male,Delhi,Delhi,Tier 1,2024-03-06
CUST_11365,Aditya Kumar,Male,Guwahati,Assam,Tier 3,2024-06-25
CUST_11366,Ishita Singh,Female,Chennai,Tamil Nadu,Tier 1,2023-12-08
CUST_11367,Ananya Patel,Female,Chandigarh,Punjab,Tier 2,2024-06-16
CUST_11368,Sneha Patel,Female,Dehradun,Uttarakhand,Tier 3,2024-02-25
CUST_11369,Rohan Singh,Male,Ahmedabad,Gujarat,Tier 2,2023-12-30
CUST_11370,Pooja Iyer,Female,Indore,Madhya Pradesh,Tier 2,2024-07-06
CUST_11371,Ishita Gupta,Female,Pune,Maharashtra,Tier 1,2023-09-18
CUST_11372,Ananya Mehta,Female,Guwahati,Assam,Tier 3,2024-02-14
CUST_11373,Riya Kumar,Female,Hyderabad,Telangana,Tier 1,2023-12-10
CUST_11374,Arjun Mehta,Male,Delhi,Delhi,Tier 1,2024-08-29
CUST_11375,Amit Verma,Male,Hyderabad,Telangana,Tier 1,2024-06-02
CUST_11376,Tanvi Verma,Female,Patna,Bihar,Tier 3,2024-04-09
CUST_11377,Tanvi Kumar,Female,Indore,Madhya Pradesh,Tier 2,2023-07-31
CUST_11378,Neha Verma,Female,Bengaluru,Karnataka,Tier 1,2024-06-28
CUST_11379,Rohan Singh,Male,Bhopal,Madhya Pradesh,Tier 3,2023-11-18
CUST_11380,Kabir Iyer,Male,Hyderabad,Telangana,Tier 1,2024-05-25
CUST_11381,Kavya Patel,Female,Pune,Maharashtra,Tier 1,2024-06-05
CUST_11382,Varun Singh,Male,Hyderabad,Telangana,Tier 1,2023-06-20
CUST_11383,Ishita Nair,Female,Patna,Bihar,Tier 3,2024-11-28
CUST_11384,Priya Nair,Female,Delhi,Delhi,Tier 1,2024-04-26
CUST_11385,Kavya Reddy,Female,Mumbai,Maharashtra,Tier 1,2024-08-16
CUST_11386,Arjun Iyer,Male,Jaipur,Rajasthan,Tier 2,2023-07-08
CUST_11387,Pooja Sharma,Female,Delhi,Delhi,Tier 1,2023-07-06
CUST_11388,Neha Singh,Female,Delhi,Delhi,Tier 1,2024-01-07
CUST_11389,Vikram Sharma,Male,Kochi,Kerala,Tier 2,2024-09-10
CUST_11390,Kabir Kumar,Male,Bengaluru,Karnataka,Tier 1,2023-09-21
CUST_11391,Aditya Mehta,Male,Patna,Bihar,Tier 3,2024-01-19
CUST_11392,Kunal Patel,Male,Ranchi,Jharkhand,Tier 3,2024-03-22
CUST_11393,Pooja Verma,Female,Ahmedabad,Gujarat,Tier 2,2024-05-30
CUST_11394,Vikram Sharma,Male,Chandigarh,Punjab,Tier 2,2023-10-06
CUST_11395,Rohan Kumar,Male,Indore,Madhya Pradesh,Tier 2,2023-11-03
CUST_11396,Pooja Patel,Female,Bengaluru,Karnataka,Tier 1,2023-07-18
CUST_11397,Ishita Kumar,Female,Ahmedabad,Gujarat,Tier 2,2024-03-15
CUST_11398,Sneha Sharma,Female,Delhi,Delhi,Tier 1,2023-10-16
CUST_11399,Rohan Verma,Male,Chandigarh,Punjab,Tier 2,2024-11-04
CUST_11400,Kunal Patel,Male,Chennai,Tamil Nadu,Tier 1,2024-04-06
CUST_11401,Rohan Nair,Male,Indore,Madhya Pradesh,Tier 2,2024-08-22
CUST_11402,Riya Verma,Female,Jaipur,Rajasthan,Tier 2,2024-10-28
CUST_11403,Kunal Verma,Male,Kochi,Kerala,Tier 2,2023-09-14
CUST_11404,Rohan Iyer,Male,Mumbai,Maharashtra,Tier 1,2023-10-22
CUST_11405,Tanvi Mehta,Female,Pune,Maharashtra,Tier 1,2024-02-25
CUST_11406,Pooja Kumar,Female,Bengaluru,Karnataka,Tier 1,2024-11-26
CUST_11407,Ishita Mehta,Female,Delhi,Delhi,Tier 1,2024-09-26
CUST_11408,Kunal Singh,Male,Bengaluru,Karnataka,Tier 1,2024-04-14
CUST_11409,Sneha Reddy,Female,Chennai,Tamil Nadu,Tier 1,2024-09-09
CUST_11410,Rohan Iyer,Male,Chandigarh,Punjab,Tier 2,2023-08-15
CUST_11411,Aditya Mehta,Male,Pune,Maharashtra,Tier 1,2023-09-14
CUST_11412,Rohan Kumar,Male,Mumbai,Maharashtra,Tier 1,2024-01-11
CUST_11413,Pooja Iyer,Female,Chandigarh,Punjab,Tier 2,2024-09-05
CUST_11414,Vikram Verma,Male,Chennai,Tamil Nadu,Tier 1,2024-05-10
CUST_11415,Priya Mehta,Female,Mumbai,Maharashtra,Tier 1,2023-11-02
CUST_11416,Kabir Iyer,Male,Jaipur,Rajasthan,Tier 2,2024-07-13
CUST_11417,Rahul Nair,Male,Indore,Madhya Pradesh,Tier 2,2024-05-13
CUST_11418,Ishita Singh,Female,Bengaluru,Karnataka,Tier 1,2024-03-16
CUST_11419,Rohan Sharma,Male,Dehradun,Uttarakhand,Tier 3,2024-10-10
CUST_11420,Neha Gupta,Female,Jaipur,Rajasthan,Tier 2,2024-07-20
CUST_11421,Tanvi Reddy,Female,Ahmedabad,Gujarat,Tier 2,2023-12-09
CUST_11422,Ishita Mehta,Female,Chennai,Tamil Nadu,Tier 1,2023-07-03
CUST_11423,Divya Nair,Female,Kochi,Kerala,Tier 2,2024-10-11
CUST_11424,Aarav Reddy,Male,Kochi,Kerala,Tier 2,2024-11-05
CUST_11425,Aditya Nair,Male,Bengaluru,Karnataka,Tier 1,2023-09-19
CUST_11426,Arjun Patel,Male,Pune,Maharashtra,Tier 1,2023-12-13
CUST_11427,Varun Kumar,Male,Lucknow,Uttar Pradesh,Tier 2,2024-06-22
CUST_11428,Tanvi Reddy,Female,Delhi,Delhi,Tier 1,2024-04-25
CUST_11429,Pooja Patel,Female,Chennai,Tamil Nadu,Tier 1,2024-05-02
CUST_11430,Kabir Singh,Male,Chandigarh,Punjab,Tier 2,2024-11-16
CUST_11431,Ishita Nair,Female,Varanasi,Uttar Pradesh,Tier 3,2024-06-18
CUST_11432,Riya Reddy,Female,Bengaluru,Karnataka,Tier 1,2023-06-30
CUST_11433,Amit Iyer,Male,Lucknow,Uttar Pradesh,Tier 2,2024-04-07
CUST_11434,Kunal Verma,Male,Bhopal,Madhya Pradesh,Tier 3,2024-03-18
CUST_11435,Amit Nair,Male,Bengaluru,Karnataka,Tier 1,2024-02-07
CUST_11436,Sneha Singh,Female,Ahmedabad,Gujarat,Tier 2,2024-03-30
CUST_11437,Varun Gupta,Male,Chandigarh,Punjab,Tier 2,2024-04-20
CUST_11438,Pooja Nair,Female,Indore,Madhya Pradesh,Tier 2,2024-01-26
CUST_11439,Kavya Verma,Female,Mumbai,Maharashtra,Tier 1,2023-06-13
CUST_11440,Sneha Verma,Female,Patna,Bihar,Tier 3,2023-07-19
CUST_11441,Tanvi Sharma,Female,Mumbai,Maharashtra,Tier 1,2023-11-01
CUST_11442,Neha Sharma,Female,Chennai,Tamil Nadu,Tier 1,2023-08-26
CUST_11443,Aditya Reddy,Male,Jaipur,Rajasthan,Tier 2,2023-07-31
CUST_11444,Ishita Singh,Female,Chennai,Tamil Nadu,Tier 1,2024-07-23
CUST_11445,Sneha Iyer,Female,Guwahati,Assam,Tier 3,2024-06-05
CUST_11446,Kavya Sharma,Female,Pune,Maharashtra,Tier 1,2023-12-11
CUST_11447,Aarav Sharma,Male,Kochi,Kerala,Tier 2,2024-11-24
CUST_11448,Rahul Singh,Male,Chennai,Tamil Nadu,Tier 1,2023-10-03
CUST_11449,Aarav Gupta,Male,Varanasi,Uttar Pradesh,Tier 3,2024-11-06
CUST_11450,Kavya Reddy,Female,Bengaluru,Karnataka,Tier 1,2023-12-10
CUST_11451,Riya Sharma,Female,Ranchi,Jharkhand,Tier 3,2024-03-07
CUST_11452,Kabir Verma,Male,Varanasi,Uttar Pradesh,Tier 3,2024-11-03
CUST_11453,Rahul Patel,Male,Mumbai,Maharashtra,Tier 1,2023-11-17
CUST_11454,Ananya Verma,Female,Mumbai,Maharashtra,Tier 1,2023-12-01
CUST_11455,Rahul Verma,Male,Pune,Maharashtra,Tier 1,2023-10-18
CUST_11456,Ishita Verma,Female,Mumbai,Maharashtra,Tier 1,2024-10-19
CUST_11457,Kabir Sharma,Male,Bengaluru,Karnataka,Tier 1,2024-03-02
CUST_11458,Arjun Verma,Male,Bengaluru,Karnataka,Tier 1,2024-05-13
CUST_11459,Rahul Verma,Male,Pune,Maharashtra,Tier 1,2024-10-03
CUST_11460,Sneha Nair,Female,Delhi,Delhi,Tier 1,2024-02-08
CUST_11461,Priya Iyer,Female,Kochi,Kerala,Tier 2,2023-10-04
CUST_11462,Divya Nair,Female,Ranchi,Jharkhand,Tier 3,2024-07-21
CUST_11463,Aarav Verma,Male,Kochi,Kerala,Tier 2,2023-09-14
CUST_11464,Kabir Singh,Male,Bhopal,Madhya Pradesh,Tier 3,2023-09-25
CUST_11465,Neha Sharma,Female,Delhi,Delhi,Tier 1,2023-09-21
CUST_11466,Vikram Nair,Male,Jaipur,Rajasthan,Tier 2,2024-07-21
CUST_11467,Kavya Gupta,Female,Dehradun,Uttarakhand,Tier 3,2023-07-01
CUST_11468,Varun Nair,Male,Mumbai,Maharashtra,Tier 1,2024-10-19
CUST_11469,Arjun Kumar,Male,Chennai,Tamil Nadu,Tier 1,2023-12-27
CUST_11470,Sneha Kumar,Female,Dehradun,Uttarakhand,Tier 3,2023-10-08
CUST_11471,Kabir Gupta,Male,Chennai,Tamil Nadu,Tier 1,2024-09-18
CUST_11472,Arjun Reddy,Male,Varanasi,Uttar Pradesh,Tier 3,2023-10-24
CUST_11473,Divya Singh,Female,Dehradun,Uttarakhand,Tier 3,2023-06-20
CUST_11474,Aditya Sharma,Male,Pune,Maharashtra,Tier 1,2024-09-04
CUST_11475,Kabir Mehta,Male,Chennai,Tamil Nadu,Tier 1,2023-11-17
CUST_11476,Divya Reddy,Female,Ranchi,Jharkhand,Tier 3,2023-12-20
CUST_11477,Arjun Nair,Male,Pune,Maharashtra,Tier 1,2024-11-03
CUST_11478,Ishita Gupta,Female,Guwahati,Assam,Tier 3,2023-12-05
CUST_11479,Rahul Patel,Male,Indore,Madhya Pradesh,Tier 2,2024-03-22
CUST_11480,Vikram Sharma,Male,Bengaluru,Karnataka,Tier 1,2024-08-12
CUST_11481,Ishita Singh,Female,Bengaluru,Karnataka,Tier 1,2023-09-11
CUST_11482,Tanvi Patel,Female,Pune,Maharashtra,Tier 1,2024-02-24
CUST_11483,Varun Sharma,Male,Delhi,Delhi,Tier 1,2024-05-06
CUST_11484,Kunal Nair,Male,Hyderabad,Telangana,Tier 1,2023-07-07
CUST_11485,Tanvi Singh,Female,Chandigarh,Punjab,Tier 2,2023-09-07
CUST_11486,Sneha Iyer,Female,Hyderabad,Telangana,Tier 1,2024-11-07
CUST_11487,Kabir Mehta,Male,Delhi,Delhi,Tier 1,2024-01-17
CUST_11488,Amit Singh,Male,Varanasi,Uttar Pradesh,Tier 3,2023-10-20
CUST_11489,Divya Reddy,Female,Kochi,Kerala,Tier 2,2023-12-19
CUST_11490,Rohan Sharma,Male,Bhopal,Madhya Pradesh,Tier 3,2023-07-22
CUST_11491,Sneha Sharma,Female,Chandigarh,Punjab,Tier 2,2024-02-20
CUST_11492,Divya Nair,Female,Mumbai,Maharashtra,Tier 1,2024-02-20
CUST_11493,Ananya Kumar,Female,Indore,Madhya Pradesh,Tier 2,2024-08-21
CUST_11494,Divya Kumar,Female,Hyderabad,Telangana,Tier 1,2024-02-19
CUST_11495,Varun Kumar,Male,Patna,Bihar,Tier 3,2024-03-30
CUST_11496,Divya Patel,Female,Jaipur,Rajasthan,Tier 2,2024-06-15
CUST_11497,Kavya Kumar,Female,Pune,Maharashtra,Tier 1,2023-08-28
CUST_11498,Amit Mehta,Male,Bengaluru,Karnataka,Tier 1,2024-09-06
CUST_11499,Divya Singh,Female,Bhopal,Madhya Pradesh,Tier 3,2023-12-06
CUST_11500,Rahul Iyer,Male,Indore,Madhya Pradesh,Tier 2,2024-10-25
CUST_11501,Riya Patel,Female,Pune,Maharashtra,Tier 1,2024-07-25
CUST_11502,Aarav Singh,Male,Indore,Madhya Pradesh,Tier 2,2024-05-15
CUST_11503,Varun Singh,Male,Guwahati,Assam,Tier 3,2024-06-23
CUST_11504,Priya Gupta,Female,Pune,Maharashtra,Tier 1,2023-11-20
CUST_11505,Aarav Kumar,Male,Ahmedabad,Gujarat,Tier 2,2023-11-12
CUST_11506,Priya Patel,Female,Pune,Maharashtra,Tier 1,2024-03-16
CUST_11507,Sneha Mehta,Female,Varanasi,Uttar Pradesh,Tier 3,2024-08-18
CUST_11508,Kavya Kumar,Female,Chennai,Tamil Nadu,Tier 1,2024-08-10
CUST_11509,Aarav Sharma,Male,Patna,Bihar,Tier 3,2023-12-15
CUST_11510,Kabir Iyer,Male,Varanasi,Uttar Pradesh,Tier 3,2023-08-20
CUST_11511,Tanvi Singh,Female,Chennai,Tamil Nadu,Tier 1,2024-06-08
CUST_11512,Tanvi Iyer,Female,Bengaluru,Karnataka,Tier 1,2024-02-26
CUST_11513,Neha Mehta,Female,Mumbai,Maharashtra,Tier 1,2024-10-29
CUST_11514,Varun Gupta,Male,Patna,Bihar,Tier 3,2024-09-28
CUST_11515,Riya Verma,Female,Jaipur,Rajasthan,Tier 2,2024-08-07
CUST_11516,Tanvi Gupta,Female,Chandigarh,Punjab,Tier 2,2024-07-16
CUST_11517,Ananya Gupta,Female,Hyderabad,Telangana,Tier 1,2024-06-01
CUST_11518,Ishita Gupta,Female,Bengaluru,Karnataka,Tier 1,2023-08-26
CUST_11519,Arjun Iyer,Male,Ranchi,Jharkhand,Tier 3,2024-07-04
CUST_11520,Varun Patel,Male,Pune,Maharashtra,Tier 1,2024-07-21
CUST_11521,Aditya Singh,Male,Hyderabad,Telangana,Tier 1,2023-11-24
CUST_11522,Priya Kumar,Female,Chennai,Tamil Nadu,Tier 1,2024-11-21
CUST_11523,Kunal Iyer,Male,Chandigarh,Punjab,Tier 2,2024-09-01
CUST_11524,Priya Reddy,Female,Lucknow,Uttar Pradesh,Tier 2,2024-02-09
CUST_11525,Ananya Verma,Female,Hyderabad,Telangana,Tier 1,2024-12-02
CUST_11526,Neha Gupta,Female,Jaipur,Rajasthan,Tier 2,2024-06-11
CUST_11527,Vikram Kumar,Male,Delhi,Delhi,Tier 1,2023-09-11
CUST_11528,Kavya Singh,Female,Ahmedabad,Gujarat,Tier 2,2023-07-27
CUST_11529,Priya Nair,Female,Ranchi,Jharkhand,Tier 3,2024-04-04
CUST_11530,Tanvi Sharma,Female,Dehradun,Uttarakhand,Tier 3,2024-06-14
CUST_11531,Tanvi Singh,Female,Bengaluru,Karnataka,Tier 1,2023-12-26
CUST_11532,Pooja Patel,Female,Bhopal,Madhya Pradesh,Tier 3,2024-12-02
CUST_11533,Tanvi Patel,Female,Bengaluru,Karnataka,Tier 1,2023-10-24
CUST_11534,Kunal Mehta,Male,Chennai,Tamil Nadu,Tier 1,2024-05-10
CUST_11535,Tanvi Reddy,Female,Pune,Maharashtra,Tier 1,2023-07-28
CUST_11536,Ananya Reddy,Female,Ranchi,Jharkhand,Tier 3,2024-10-19
CUST_11537,Aditya Gupta,Male,Hyderabad,Telangana,Tier 1,2024-07-27
CUST_11538,Vikram Reddy,Male,Chandigarh,Punjab,Tier 2,2024-05-27
CUST_11539,Priya Gupta,Female,Mumbai,Maharashtra,Tier 1,2023-11-09
CUST_11540,Priya Patel,Female,Patna,Bihar,Tier 3,2024-02-17
CUST_11541,Neha Patel,Female,Delhi,Delhi,Tier 1,2023-08-29
CUST_11542,Tanvi Singh,Female,Lucknow,Uttar Pradesh,Tier 2,2024-08-06
CUST_11543,Vikram Nair,Male,Jaipur,Rajasthan,Tier 2,2024-05-14
CUST_11544,Ishita Verma,Female,Bhopal,Madhya Pradesh,Tier 3,2023-12-26
CUST_11545,Kunal Sharma,Male,Mumbai,Maharashtra,Tier 1,2023-09-27
CUST_11546,Tanvi Gupta,Female,Varanasi,Uttar Pradesh,Tier 3,2024-05-14
CUST_11547,Aditya Sharma,Male,Indore,Madhya Pradesh,Tier 2,2023-08-28
CUST_11548,Amit Gupta,Male,Pune,Maharashtra,Tier 1,2024-07-17
CUST_11549,Vikram Iyer,Male,Ahmedabad,Gujarat,Tier 2,2024-06-07
CUST_11550,Divya Verma,Female,Mumbai,Maharashtra,Tier 1,2023-06-14
CUST_11551,Kavya Nair,Female,Pune,Maharashtra,Tier 1,2023-06-29
CUST_11552,Ananya Singh,Female,Jaipur,Rajasthan,Tier 2,2024-07-03
CUST_11553,Arjun Gupta,Male,Kochi,Kerala,Tier 2,2023-09-09
CUST_11554,Aarav Gupta,Male,Delhi,Delhi,Tier 1,2024-11-20
CUST_11555,Pooja Iyer,Female,Varanasi,Uttar Pradesh,Tier 3,2023-06-14
CUST_11556,Ishita Sharma,Female,Jaipur,Rajasthan,Tier 2,2024-04-18
CUST_11557,Riya Iyer,Female,Kochi,Kerala,Tier 2,2024-10-09
CUST_11558,Ishita Singh,Female,Jaipur,Rajasthan,Tier 2,2023-11-21
CUST_11559,Divya Mehta,Female,Jaipur,Rajasthan,Tier 2,2024-01-07
CUST_11560,Kunal Iyer,Male,Indore,Madhya Pradesh,Tier 2,2024-03-15
CUST_11561,Riya Kumar,Female,Ahmedabad,Gujarat,Tier 2,2023-06-24
CUST_11562,Neha Mehta,Female,Jaipur,Rajasthan,Tier 2,2024-04-26
CUST_11563,Arjun Verma,Male,Kochi,Kerala,Tier 2,2024-05-27
CUST_11564,Ishita Patel,Female,Patna,Bihar,Tier 3,2024-07-16
CUST_11565,Pooja Gupta,Female,Delhi,Delhi,Tier 1,2023-09-22
CUST_11566,Amit Verma,Male,Hyderabad,Telangana,Tier 1,2024-08-19
CUST_11567,Rohan Reddy,Male,Mumbai,Maharashtra,Tier 1,2024-05-26
CUST_11568,Ishita Mehta,Female,Chennai,Tamil Nadu,Tier 1,2024-05-07
CUST_11569,Ananya Sharma,Female,Indore,Madhya Pradesh,Tier 2,2023-07-05
CUST_11570,Vikram Mehta,Male,Hyderabad,Telangana,Tier 1,2023-11-05
CUST_11571,Aditya Kumar,Male,Bengaluru,Karnataka,Tier 1,2024-01-31
CUST_11572,Pooja Mehta,Female,Hyderabad,Telangana,Tier 1,2023-08-30
CUST_11573,Aarav Kumar,Male,Ahmedabad,Gujarat,Tier 2,2023-10-10
CUST_11574,Aditya Nair,Male,Hyderabad,Telangana,Tier 1,2024-10-29
CUST_11575,Amit Iyer,Male,Lucknow,Uttar Pradesh,Tier 2,2024-11-05
CUST_11576,Ananya Patel,Female,Patna,Bihar,Tier 3,2024-07-16
CUST_11577,Kavya Mehta,Female,Dehradun,Uttarakhand,Tier 3,2023-07-22
CUST_11578,Tanvi Iyer,Female,Chandigarh,Punjab,Tier 2,2023-07-01
CUST_11579,Varun Gupta,Male,Pune,Maharashtra,Tier 1,2024-08-20
CUST_11580,Riya Singh,Female,Delhi,Delhi,Tier 1,2024-01-18
CUST_11581,Kavya Reddy,Female,Ranchi,Jharkhand,Tier 3,2023-09-24
CUST_11582,Tanvi Mehta,Female,Bengaluru,Karnataka,Tier 1,2024-07-22
CUST_11583,Aarav Verma,Male,Dehradun,Uttarakhand,Tier 3,2023-11-15
CUST_11584,Rohan Patel,Male,Mumbai,Maharashtra,Tier 1,2024-07-13
CUST_11585,Sneha Gupta,Female,Chandigarh,Punjab,Tier 2,2024-01-21
CUST_11586,Amit Verma,Male,Bengaluru,Karnataka,Tier 1,2023-12-20
CUST_11587,Ananya Mehta,Female,Indore,Madhya Pradesh,Tier 2,2023-10-10
CUST_11588,Arjun Patel,Male,Ahmedabad,Gujarat,Tier 2,2024-05-17
CUST_11589,Vikram Patel,Male,Pune,Maharashtra,Tier 1,2024-05-04
CUST_11590,Rohan Gupta,Male,Ahmedabad,Gujarat,Tier 2,2024-01-15
CUST_11591,Rohan Verma,Male,Bhopal,Madhya Pradesh,Tier 3,2024-06-21
CUST_11592,Ishita Kumar,Female,Lucknow,Uttar Pradesh,Tier 2,2023-12-16
CUST_11593,Tanvi Gupta,Female,Ranchi,Jharkhand,Tier 3,2024-08-12
CUST_11594,Ishita Patel,Female,Jaipur,Rajasthan,Tier 2,2023-06-27
CUST_11595,Pooja Reddy,Female,Pune,Maharashtra,Tier 1,2024-09-06
CUST_11596,Riya Gupta,Female,Patna,Bihar,Tier 3,2024-01-24
CUST_11597,Ananya Nair,Female,Lucknow,Uttar Pradesh,Tier 2,2024-06-15
CUST_11598,Ananya Singh,Female,Chennai,Tamil Nadu,Tier 1,2024-05-11
CUST_11599,Riya Patel,Female,Indore,Madhya Pradesh,Tier 2,2024-11-06
CUST_11600,Riya Patel,Female,Pune,Maharashtra,Tier 1,2024-02-28
CUST_11601,Amit Sharma,Male,Delhi,Delhi,Tier 1,2024-09-09
CUST_11602,Ishita Iyer,Female,Jaipur,Rajasthan,Tier 2,2023-10-01
CUST_11603,Ananya Nair,Female,Chennai,Tamil Nadu,Tier 1,2024-09-22
CUST_11604,Pooja Iyer,Female,Chennai,Tamil Nadu,Tier 1,2024-06-04
CUST_11605,Neha Gupta,Female,Jaipur,Rajasthan,Tier 2,2024-02-14
CUST_11606,Kunal Sharma,Male,Lucknow,Uttar Pradesh,Tier 2,2024-07-26
CUST_11607,Riya Nair,Female,Guwahati,Assam,Tier 3,2024-04-03
CUST_11608,Aditya Nair,Male,Jaipur,Rajasthan,Tier 2,2024-06-10
CUST_11609,Arjun Mehta,Male,Chennai,Tamil Nadu,Tier 1,2023-08-21
CUST_11610,Neha Nair,Female,Hyderabad,Telangana,Tier 1,2023-08-03
CUST_11611,Riya Singh,Female,Mumbai,Maharashtra,Tier 1,2023-11-23
CUST_11612,Ishita Patel,Female,Guwahati,Assam,Tier 3,2023-09-19
CUST_11613,Ishita Sharma,Female,Indore,Madhya Pradesh,Tier 2,2024-04-30
CUST_11614,Rohan Nair,Male,Jaipur,Rajasthan,Tier 2,2023-07-11
CUST_11615,Ishita Reddy,Female,Pune,Maharashtra,Tier 1,2024-07-14
CUST_11616,Tanvi Verma,Female,Indore,Madhya Pradesh,Tier 2,2023-08-24
CUST_11617,Kavya Reddy,Female,Bengaluru,Karnataka,Tier 1,2024-10-23
CUST_11618,Riya Verma,Female,Hyderabad,Telangana,Tier 1,2024-07-26
CUST_11619,Rahul Gupta,Male,Patna,Bihar,Tier 3,2024-08-07
CUST_11620,Aarav Patel,Male,Patna,Bihar,Tier 3,2024-10-17
CUST_11621,Kavya Mehta,Female,Pune,Maharashtra,Tier 1,2024-06-27
CUST_11622,Tanvi Reddy,Female,Ranchi,Jharkhand,Tier 3,2023-06-29
CUST_11623,Rahul Verma,Male,Chennai,Tamil Nadu,Tier 1,2023-11-18
CUST_11624,Kavya Nair,Female,Delhi,Delhi,Tier 1,2024-03-08
CUST_11625,Divya Iyer,Female,Patna,Bihar,Tier 3,2024-02-27
CUST_11626,Amit Kumar,Male,Pune,Maharashtra,Tier 1,2024-07-25
CUST_11627,Rahul Reddy,Male,Lucknow,Uttar Pradesh,Tier 2,2024-11-27
CUST_11628,Amit Patel,Male,Ranchi,Jharkhand,Tier 3,2023-09-21
CUST_11629,Kabir Iyer,Male,Mumbai,Maharashtra,Tier 1,2023-12-20
CUST_11630,Varun Nair,Male,Hyderabad,Telangana,Tier 1,2024-02-07
CUST_11631,Kunal Patel,Male,Mumbai,Maharashtra,Tier 1,2024-10-14
CUST_11632,Ishita Verma,Female,Mumbai,Maharashtra,Tier 1,2024-05-18
CUST_11633,Divya Reddy,Female,Guwahati,Assam,Tier 3,2024-06-12
CUST_11634,Rohan Singh,Male,Chandigarh,Punjab,Tier 2,2024-08-26
CUST_11635,Priya Gupta,Female,Chennai,Tamil Nadu,Tier 1,2024-04-19
CUST_11636,Amit Sharma,Male,Chandigarh,Punjab,Tier 2,2023-10-24
CUST_11637,Ishita Gupta,Female,Varanasi,Uttar Pradesh,Tier 3,2023-09-04
CUST_11638,Varun Patel,Male,Kochi,Kerala,Tier 2,2024-03-14
CUST_11639,Ananya Patel,Female,Chennai,Tamil Nadu,Tier 1,2023-07-17
CUST_11640,Kabir Nair,Male,Guwahati,Assam,Tier 3,2024-09-18
CUST_11641,Pooja Kumar,Female,Jaipur,Rajasthan,Tier 2,2024-11-03
CUST_11642,Ishita Singh,Female,Bengaluru,Karnataka,Tier 1,2024-04-02
CUST_11643,Riya Iyer,Female,Hyderabad,Telangana,Tier 1,2024-07-02
CUST_11644,Kavya Gupta,Female,Lucknow,Uttar Pradesh,Tier 2,2024-11-15
CUST_11645,Tanvi Nair,Female,Indore,Madhya Pradesh,Tier 2,2024-05-16
CUST_11646,Varun Patel,Male,Jaipur,Rajasthan,Tier 2,2023-12-22
CUST_11647,Kunal Mehta,Male,Mumbai,Maharashtra,Tier 1,2024-07-09
CUST_11648,Ananya Nair,Female,Chennai,Tamil Nadu,Tier 1,2024-04-02
CUST_11649,Riya Nair,Female,Jaipur,Rajasthan,Tier 2,2023-10-28
CUST_11650,Amit Singh,Male,Hyderabad,Telangana,Tier 1,2024-01-26
CUST_11651,Divya Iyer,Female,Mumbai,Maharashtra,Tier 1,2023-09-04
CUST_11652,Neha Nair,Female,Delhi,Delhi,Tier 1,2024-03-09
CUST_11653,Varun Gupta,Male,Mumbai,Maharashtra,Tier 1,2023-06-13
CUST_11654,Sneha Nair,Female,Bengaluru,Karnataka,Tier 1,2023-10-02
CUST_11655,Arjun Patel,Male,Ranchi,Jharkhand,Tier 3,2024-06-16
CUST_11656,Rohan Patel,Male,Patna,Bihar,Tier 3,2024-07-20
CUST_11657,Vikram Singh,Male,Hyderabad,Telangana,Tier 1,2023-11-04
CUST_11658,Aarav Gupta,Male,Delhi,Delhi,Tier 1,2024-02-22
CUST_11659,Tanvi Gupta,Female,Jaipur,Rajasthan,Tier 2,2023-12-12
CUST_11660,Ananya Reddy,Female,Bengaluru,Karnataka,Tier 1,2024-06-18
CUST_11661,Neha Kumar,Female,Pune,Maharashtra,Tier 1,2024-11-23
CUST_11662,Kabir Reddy,Male,Kochi,Kerala,Tier 2,2023-12-28
CUST_11663,Priya Verma,Female,Jaipur,Rajasthan,Tier 2,2024-05-24
CUST_11664,Divya Verma,Female,Kochi,Kerala,Tier 2,2024-09-26
CUST_11665,Amit Nair,Male,Indore,Madhya Pradesh,Tier 2,2024-10-30
CUST_11666,Kabir Nair,Male,Jaipur,Rajasthan,Tier 2,2024-11-23
CUST_11667,Sneha Mehta,Female,Chandigarh,Punjab,Tier 2,2024-11-12
CUST_11668,Ananya Nair,Female,Jaipur,Rajasthan,Tier 2,2024-06-07
CUST_11669,Priya Kumar,Female,Bhopal,Madhya Pradesh,Tier 3,2023-09-17
CUST_11670,Aarav Sharma,Male,Hyderabad,Telangana,Tier 1,2023-08-11
CUST_11671,Ananya Gupta,Female,Chandigarh,Punjab,Tier 2,2024-11-10
CUST_11672,Divya Sharma,Female,Bhopal,Madhya Pradesh,Tier 3,2024-08-28
CUST_11673,Amit Gupta,Male,Varanasi,Uttar Pradesh,Tier 3,2024-04-05
CUST_11674,Pooja Iyer,Female,Mumbai,Maharashtra,Tier 1,2024-09-13
CUST_11675,Sneha Mehta,Female,Ahmedabad,Gujarat,Tier 2,2023-12-16
CUST_11676,Tanvi Patel,Female,Varanasi,Uttar Pradesh,Tier 3,2024-03-08
CUST_11677,Ananya Verma,Female,Ranchi,Jharkhand,Tier 3,2023-06-19
CUST_11678,Tanvi Patel,Female,Bhopal,Madhya Pradesh,Tier 3,2024-07-17
CUST_11679,Divya Patel,Female,Ranchi,Jharkhand,Tier 3,2023-10-16
CUST_11680,Rohan Mehta,Male,Bengaluru,Karnataka,Tier 1,2024-02-13
CUST_11681,Tanvi Mehta,Female,Chennai,Tamil Nadu,Tier 1,2024-10-25
CUST_11682,Sneha Nair,Female,Pune,Maharashtra,Tier 1,2023-06-19
CUST_11683,Rohan Iyer,Male,Pune,Maharashtra,Tier 1,2024-05-03
CUST_11684,Kabir Iyer,Male,Chennai,Tamil Nadu,Tier 1,2024-05-23
CUST_11685,Arjun Mehta,Male,Kochi,Kerala,Tier 2,2024-03-15
CUST_11686,Ishita Nair,Female,Guwahati,Assam,Tier 3,2023-10-23
CUST_11687,Kavya Iyer,Female,Guwahati,Assam,Tier 3,2024-11-15
CUST_11688,Ishita Verma,Female,Lucknow,Uttar Pradesh,Tier 2,2023-10-02
CUST_11689,Sneha Mehta,Female,Ahmedabad,Gujarat,Tier 2,2024-11-13
CUST_11690,Aditya Iyer,Male,Chennai,Tamil Nadu,Tier 1,2024-09-11
CUST_11691,Riya Verma,Female,Ahmedabad,Gujarat,Tier 2,2024-09-26
CUST_11692,Kabir Kumar,Male,Delhi,Delhi,Tier 1,2023-06-28
CUST_11693,Riya Reddy,Female,Mumbai,Maharashtra,Tier 1,2023-12-05
CUST_11694,Priya Mehta,Female,Pune,Maharashtra,Tier 1,2023-07-12
CUST_11695,Ananya Patel,Female,Indore,Madhya Pradesh,Tier 2,2023-09-29
CUST_11696,Priya Sharma,Female,Jaipur,Rajasthan,Tier 2,2024-09-26
CUST_11697,Ishita Iyer,Female,Delhi,Delhi,Tier 1,2023-12-26
CUST_11698,Ananya Sharma,Female,Delhi,Delhi,Tier 1,2024-04-07
CUST_11699,Neha Iyer,Female,Hyderabad,Telangana,Tier 1,2024-06-13
CUST_11700,Kunal Mehta,Male,Lucknow,Uttar Pradesh,Tier 2,2024-07-11
CUST_11701,Pooja Reddy,Female,Delhi,Delhi,Tier 1,2024-03-07
CUST_11702,Priya Patel,Female,Ranchi,Jharkhand,Tier 3,2024-04-18
CUST_11703,Vikram Mehta,Male,Mumbai,Maharashtra,Tier 1,2023-07-18
CUST_11704,Varun Verma,Male,Indore,Madhya Pradesh,Tier 2,2024-11-05
CUST_11705,Pooja Singh,Female,Jaipur,Rajasthan,Tier 2,2023-10-16
CUST_11706,Ananya Nair,Female,Patna,Bihar,Tier 3,2024-01-28
CUST_11707,Ananya Gupta,Female,Jaipur,Rajasthan,Tier 2,2023-08-18
CUST_11708,Kunal Singh,Male,Chandigarh,Punjab,Tier 2,2024-10-24
CUST_11709,Arjun Mehta,Male,Ranchi,Jharkhand,Tier 3,2023-10-08
CUST_11710,Tanvi Verma,Female,Chennai,Tamil Nadu,Tier 1,2024-02-05
CUST_11711,Amit Sharma,Male,Delhi,Delhi,Tier 1,2024-10-09
CUST_11712,Ananya Kumar,Female,Chennai,Tamil Nadu,Tier 1,2024-05-01
CUST_11713,Kabir Iyer,Male,Bengaluru,Karnataka,Tier 1,2024-07-23
CUST_11714,Aditya Kumar,Male,Mumbai,Maharashtra,Tier 1,2024-09-15
CUST_11715,Arjun Verma,Male,Delhi,Delhi,Tier 1,2023-07-11
CUST_11716,Varun Verma,Male,Jaipur,Rajasthan,Tier 2,2024-06-07
CUST_11717,Kunal Patel,Male,Jaipur,Rajasthan,Tier 2,2024-09-15
CUST_11718,Riya Sharma,Female,Ahmedabad,Gujarat,Tier 2,2024-11-19
CUST_11719,Neha Iyer,Female,Chennai,Tamil Nadu,Tier 1,2024-01-04
CUST_11720,Rohan Kumar,Male,Indore,Madhya Pradesh,Tier 2,2024-04-26
CUST_11721,Arjun Singh,Male,Mumbai,Maharashtra,Tier 1,2024-11-23
CUST_11722,Amit Nair,Male,Hyderabad,Telangana,Tier 1,2023-06-02
CUST_11723,Varun Reddy,Male,Bengaluru,Karnataka,Tier 1,2024-07-30
CUST_11724,Amit Reddy,Male,Chandigarh,Punjab,Tier 2,2023-09-07
CUST_11725,Sneha Mehta,Female,Hyderabad,Telangana,Tier 1,2024-05-15
CUST_11726,Neha Nair,Female,Chennai,Tamil Nadu,Tier 1,2023-09-05
CUST_11727,Kavya Nair,Female,Chennai,Tamil Nadu,Tier 1,2023-12-19
CUST_11728,Aarav Iyer,Male,Mumbai,Maharashtra,Tier 1,2023-11-16
CUST_11729,Arjun Singh,Male,Bengaluru,Karnataka,Tier 1,2024-08-04
CUST_11730,Neha Patel,Female,Ahmedabad,Gujarat,Tier 2,2024-02-02
CUST_11731,Priya Iyer,Female,Kochi,Kerala,Tier 2,2023-08-24
CUST_11732,Rahul Nair,Male,Kochi,Kerala,Tier 2,2023-11-29
CUST_11733,Pooja Nair,Female,Lucknow,Uttar Pradesh,Tier 2,2024-08-20
CUST_11734,Divya Patel,Female,Guwahati,Assam,Tier 3,2023-07-26
CUST_11735,Rohan Kumar,Male,Mumbai,Maharashtra,Tier 1,2023-11-21
CUST_11736,Kavya Nair,Female,Hyderabad,Telangana,Tier 1,2024-09-16
CUST_11737,Varun Patel,Male,Pune,Maharashtra,Tier 1,2023-12-19
CUST_11738,Pooja Gupta,Female,Lucknow,Uttar Pradesh,Tier 2,2024-01-14
CUST_11739,Kabir Mehta,Male,Delhi,Delhi,Tier 1,2023-10-20
CUST_11740,Ananya Sharma,Female,Bengaluru,Karnataka,Tier 1,2023-09-18
CUST_11741,Aditya Sharma,Male,Ahmedabad,Gujarat,Tier 2,2024-11-20
CUST_11742,Rohan Patel,Male,Mumbai,Maharashtra,Tier 1,2024-02-26
CUST_11743,Arjun Kumar,Male,Varanasi,Uttar Pradesh,Tier 3,2023-08-01
CUST_11744,Aarav Reddy,Male,Patna,Bihar,Tier 3,2024-05-06
CUST_11745,Aarav Kumar,Male,Jaipur,Rajasthan,Tier 2,2023-08-21
CUST_11746,Varun Reddy,Male,Pune,Maharashtra,Tier 1,2023-06-29
CUST_11747,Priya Verma,Female,Varanasi,Uttar Pradesh,Tier 3,2024-04-26
CUST_11748,Vikram Verma,Male,Mumbai,Maharashtra,Tier 1,2024-05-17
CUST_11749,Rohan Verma,Male,Guwahati,Assam,Tier 3,2024-09-09
CUST_11750,Ananya Nair,Female,Hyderabad,Telangana,Tier 1,2023-07-13
CUST_11751,Varun Sharma,Male,Lucknow,Uttar Pradesh,Tier 2,2023-06-09
CUST_11752,Divya Iyer,Female,Pune,Maharashtra,Tier 1,2024-02-02
CUST_11753,Priya Iyer,Female,Delhi,Delhi,Tier 1,2024-06-13
CUST_11754,Vikram Verma,Male,Chennai,Tamil Nadu,Tier 1,2024-12-02
CUST_11755,Kunal Kumar,Male,Jaipur,Rajasthan,Tier 2,2023-07-14
CUST_11756,Ishita Mehta,Female,Indore,Madhya Pradesh,Tier 2,2024-02-01
CUST_11757,Divya Verma,Female,Ranchi,Jharkhand,Tier 3,2024-05-09
CUST_11758,Arjun Patel,Male,Hyderabad,Telangana,Tier 1,2023-07-28
CUST_11759,Sneha Mehta,Female,Kochi,Kerala,Tier 2,2024-04-11
CUST_11760,Kavya Sharma,Female,Guwahati,Assam,Tier 3,2023-08-11
CUST_11761,Ishita Mehta,Female,Hyderabad,Telangana,Tier 1,2023-12-14
CUST_11762,Riya Sharma,Female,Dehradun,Uttarakhand,Tier 3,2024-06-12
CUST_11763,Ishita Nair,Female,Pune,Maharashtra,Tier 1,2024-06-15
CUST_11764,Neha Reddy,Female,Bengaluru,Karnataka,Tier 1,2024-08-27
CUST_11765,Kavya Reddy,Female,Hyderabad,Telangana,Tier 1,2023-10-13
CUST_11766,Priya Sharma,Female,Dehradun,Uttarakhand,Tier 3,2024-07-04
CUST_11767,Aarav Singh,Male,Bengaluru,Karnataka,Tier 1,2024-02-11
CUST_11768,Kunal Mehta,Male,Dehradun,Uttarakhand,Tier 3,2024-05-23
CUST_11769,Amit Gupta,Male,Ahmedabad,Gujarat,Tier 2,2023-08-07
CUST_11770,Divya Reddy,Female,Jaipur,Rajasthan,Tier 2,2024-09-21
CUST_11771,Priya Gupta,Female,Jaipur,Rajasthan,Tier 2,2024-11-15
CUST_11772,Pooja Singh,Female,Indore,Madhya Pradesh,Tier 2,2024-04-18
CUST_11773,Kunal Singh,Male,Varanasi,Uttar Pradesh,Tier 3,2024-02-20
CUST_11774,Riya Mehta,Female,Indore,Madhya Pradesh,Tier 2,2024-03-14
CUST_11775,Divya Patel,Female,Mumbai,Maharashtra,Tier 1,2024-07-29
CUST_11776,Varun Kumar,Male,Chennai,Tamil Nadu,Tier 1,2024-11-16
CUST_11777,Aditya Nair,Male,Bhopal,Madhya Pradesh,Tier 3,2023-12-11
CUST_11778,Divya Singh,Female,Patna,Bihar,Tier 3,2024-05-11
CUST_11779,Varun Iyer,Male,Hyderabad,Telangana,Tier 1,2024-09-25
CUST_11780,Priya Mehta,Female,Pune,Maharashtra,Tier 1,2024-07-26
CUST_11781,Arjun Sharma,Male,Mumbai,Maharashtra,Tier 1,2023-09-15
CUST_11782,Aditya Reddy,Male,Jaipur,Rajasthan,Tier 2,2024-09-25
CUST_11783,Ishita Iyer,Female,Mumbai,Maharashtra,Tier 1,2023-07-30
CUST_11784,Kunal Reddy,Male,Delhi,Delhi,Tier 1,2024-04-01
CUST_11785,Aarav Iyer,Male,Chandigarh,Punjab,Tier 2,2023-12-09
CUST_11786,Ananya Iyer,Female,Patna,Bihar,Tier 3,2024-07-23
CUST_11787,Tanvi Sharma,Female,Bengaluru,Karnataka,Tier 1,2024-07-31
CUST_11788,Rahul Kumar,Male,Kochi,Kerala,Tier 2,2023-11-08
CUST_11789,Pooja Reddy,Female,Indore,Madhya Pradesh,Tier 2,2023-06-27
CUST_11790,Ananya Singh,Female,Guwahati,Assam,Tier 3,2023-06-28
CUST_11791,Vikram Verma,Male,Chennai,Tamil Nadu,Tier 1,2023-09-15
CUST_11792,Neha Patel,Female,Hyderabad,Telangana,Tier 1,2024-08-24
CUST_11793,Aarav Iyer,Male,Patna,Bihar,Tier 3,2024-01-16
CUST_11794,Aarav Verma,Male,Lucknow,Uttar Pradesh,Tier 2,2024-05-03
CUST_11795,Amit Gupta,Male,Bengaluru,Karnataka,Tier 1,2024-02-20
CUST_11796,Kavya Sharma,Female,Bengaluru,Karnataka,Tier 1,2024-02-10
CUST_11797,Riya Singh,Female,Varanasi,Uttar Pradesh,Tier 3,2024-05-18
CUST_11798,Kavya Sharma,Female,Hyderabad,Telangana,Tier 1,2023-09-10
CUST_11799,Ananya Sharma,Female,Ahmedabad,Gujarat,Tier 2,2024-11-09
CUST_11800,Amit Patel,Male,Mumbai,Maharashtra,Tier 1,2023-07-27
CUST_11801,Rahul Sharma,Male,Bengaluru,Karnataka,Tier 1,2024-04-22
CUST_11802,Arjun Patel,Male,Chennai,Tamil Nadu,Tier 1,2024-08-09
CUST_11803,Divya Kumar,Female,Chandigarh,Punjab,Tier 2,2024-04-16
CUST_11804,Priya Nair,Female,Pune,Maharashtra,Tier 1,2024-09-02
CUST_11805,Kabir Sharma,Male,Ranchi,Jharkhand,Tier 3,2024-09-20
CUST_11806,Arjun Kumar,Male,Guwahati,Assam,Tier 3,2024-09-02
CUST_11807,Divya Patel,Female,Dehradun,Uttarakhand,Tier 3,2024-01-02
CUST_11808,Kabir Verma,Male,Chennai,Tamil Nadu,Tier 1,2023-08-20
CUST_11809,Ishita Mehta,Female,Mumbai,Maharashtra,Tier 1,2024-05-03
CUST_11810,Priya Iyer,Female,Chennai,Tamil Nadu,Tier 1,2023-12-19
CUST_11811,Tanvi Verma,Female,Chandigarh,Punjab,Tier 2,2024-06-04
CUST_11812,Amit Nair,Male,Bhopal,Madhya Pradesh,Tier 3,2024-09-19
CUST_11813,Ananya Gupta,Female,Chennai,Tamil Nadu,Tier 1,2024-09-04
CUST_11814,Rahul Kumar,Male,Bengaluru,Karnataka,Tier 1,2024-09-04
CUST_11815,Ishita Singh,Female,Ahmedabad,Gujarat,Tier 2,2023-09-28
CUST_11816,Ishita Patel,Female,Ranchi,Jharkhand,Tier 3,2024-02-28
CUST_11817,Amit Mehta,Male,Chennai,Tamil Nadu,Tier 1,2024-03-06
CUST_11818,Pooja Singh,Female,Pune,Maharashtra,Tier 1,2024-11-16
CUST_11819,Kavya Iyer,Female,Jaipur,Rajasthan,Tier 2,2023-07-28
CUST_11820,Neha Verma,Female,Chandigarh,Punjab,Tier 2,2024-06-21
CUST_11821,Kabir Reddy,Male,Lucknow,Uttar Pradesh,Tier 2,2024-11-01
CUST_11822,Amit Gupta,Male,Lucknow,Uttar Pradesh,Tier 2,2023-11-13
CUST_11823,Aarav Reddy,Male,Bhopal,Madhya Pradesh,Tier 3,2024-07-07
CUST_11824,Riya Mehta,Female,Bengaluru,Karnataka,Tier 1,2023-10-04
CUST_11825,Arjun Iyer,Male,Ahmedabad,Gujarat,Tier 2,2024-09-13
CUST_11826,Rahul Singh,Male,Chandigarh,Punjab,Tier 2,2024-07-22
CUST_11827,Varun Mehta,Male,Pune,Maharashtra,Tier 1,2024-10-19
CUST_11828,Tanvi Sharma,Female,Bengaluru,Karnataka,Tier 1,2023-06-23
CUST_11829,Sneha Singh,Female,Bengaluru,Karnataka,Tier 1,2023-10-05
CUST_11830,Neha Verma,Female,Lucknow,Uttar Pradesh,Tier 2,2024-07-04
CUST_11831,Sneha Patel,Female,Varanasi,Uttar Pradesh,Tier 3,2023-06-10
CUST_11832,Ishita Singh,Female,Hyderabad,Telangana,Tier 1,2024-05-31
CUST_11833,Kavya Nair,Female,Delhi,Delhi,Tier 1,2023-12-06
CUST_11834,Aarav Mehta,Male,Patna,Bihar,Tier 3,2024-09-05
CUST_11835,Arjun Singh,Male,Hyderabad,Telangana,Tier 1,2023-08-15
CUST_11836,Rohan Patel,Male,Pune,Maharashtra,Tier 1,2024-08-30
CUST_11837,Riya Verma,Female,Hyderabad,Telangana,Tier 1,2023-10-18
CUST_11838,Aditya Verma,Male,Ahmedabad,Gujarat,Tier 2,2023-08-25
CUST_11839,Varun Gupta,Male,Lucknow,Uttar Pradesh,Tier 2,2023-07-19
CUST_11840,Amit Patel,Male,Chandigarh,Punjab,Tier 2,2024-10-10
CUST_11841,Rahul Sharma,Male,Jaipur,Rajasthan,Tier 2,2023-08-18
CUST_11842,Kabir Sharma,Male,Dehradun,Uttarakhand,Tier 3,2024-01-19
CUST_11843,Arjun Gupta,Male,Ahmedabad,Gujarat,Tier 2,2024-03-21
CUST_11844,Divya Patel,Female,Lucknow,Uttar Pradesh,Tier 2,2024-08-10
CUST_11845,Neha Singh,Female,Mumbai,Maharashtra,Tier 1,2023-11-21
CUST_11846,Kavya Reddy,Female,Pune,Maharashtra,Tier 1,2024-05-04
CUST_11847,Riya Iyer,Female,Chandigarh,Punjab,Tier 2,2024-02-15
CUST_11848,Sneha Reddy,Female,Jaipur,Rajasthan,Tier 2,2024-02-22
CUST_11849,Rahul Nair,Male,Hyderabad,Telangana,Tier 1,2023-09-22
CUST_11850,Priya Gupta,Female,Guwahati,Assam,Tier 3,2024-03-20
CUST_11851,Riya Patel,Female,Ahmedabad,Gujarat,Tier 2,2023-12-10
CUST_11852,Pooja Patel,Female,Bengaluru,Karnataka,Tier 1,2023-06-12
CUST_11853,Sneha Iyer,Female,Indore,Madhya Pradesh,Tier 2,2024-04-25
CUST_11854,Neha Verma,Female,Bengaluru,Karnataka,Tier 1,2024-08-25
CUST_11855,Rohan Gupta,Male,Ahmedabad,Gujarat,Tier 2,2023-07-15
CUST_11856,Ishita Patel,Female,Mumbai,Maharashtra,Tier 1,2024-09-28
CUST_11857,Tanvi Reddy,Female,Bhopal,Madhya Pradesh,Tier 3,2023-10-09
CUST_11858,Varun Verma,Male,Kochi,Kerala,Tier 2,2024-05-14
CUST_11859,Kabir Nair,Male,Jaipur,Rajasthan,Tier 2,2024-04-13
CUST_11860,Vikram Gupta,Male,Dehradun,Uttarakhand,Tier 3,2023-09-27
CUST_11861,Amit Nair,Male,Mumbai,Maharashtra,Tier 1,2024-03-03
CUST_11862,Neha Sharma,Female,Chandigarh,Punjab,Tier 2,2023-09-18
CUST_11863,Divya Mehta,Female,Indore,Madhya Pradesh,Tier 2,2024-10-15
CUST_11864,Amit Verma,Male,Chennai,Tamil Nadu,Tier 1,2024-07-10
CUST_11865,Kunal Sharma,Male,Ranchi,Jharkhand,Tier 3,2023-11-20
CUST_11866,Amit Kumar,Male,Mumbai,Maharashtra,Tier 1,2023-10-19
CUST_11867,Priya Gupta,Female,Bengaluru,Karnataka,Tier 1,2024-05-17
CUST_11868,Tanvi Singh,Female,Indore,Madhya Pradesh,Tier 2,2023-06-21
CUST_11869,Kunal Kumar,Male,Patna,Bihar,Tier 3,2023-08-02
CUST_11870,Rohan Reddy,Male,Bengaluru,Karnataka,Tier 1,2024-03-26
CUST_11871,Kabir Reddy,Male,Indore,Madhya Pradesh,Tier 2,2023-09-04
CUST_11872,Kunal Reddy,Male,Chennai,Tamil Nadu,Tier 1,2024-06-04
CUST_11873,Aditya Nair,Male,Lucknow,Uttar Pradesh,Tier 2,2024-01-31
CUST_11874,Varun Verma,Male,Bhopal,Madhya Pradesh,Tier 3,2024-10-27
CUST_11875,Rohan Nair,Male,Patna,Bihar,Tier 3,2023-07-17
CUST_11876,Kunal Singh,Male,Mumbai,Maharashtra,Tier 1,2024-06-30
CUST_11877,Amit Singh,Male,Mumbai,Maharashtra,Tier 1,2024-10-11
CUST_11878,Ananya Mehta,Female,Hyderabad,Telangana,Tier 1,2023-10-20
CUST_11879,Riya Patel,Female,Hyderabad,Telangana,Tier 1,2023-11-24
CUST_11880,Rahul Gupta,Male,Hyderabad,Telangana,Tier 1,2023-10-31
CUST_11881,Aditya Mehta,Male,Mumbai,Maharashtra,Tier 1,2023-11-10
CUST_11882,Ananya Mehta,Female,Mumbai,Maharashtra,Tier 1,2024-08-30
CUST_11883,Tanvi Verma,Female,Indore,Madhya Pradesh,Tier 2,2024-11-22
CUST_11884,Vikram Singh,Male,Jaipur,Rajasthan,Tier 2,2024-09-10
CUST_11885,Aarav Iyer,Male,Guwahati,Assam,Tier 3,2023-08-25
CUST_11886,Varun Patel,Male,Chennai,Tamil Nadu,Tier 1,2023-10-24
CUST_11887,Priya Patel,Female,Lucknow,Uttar Pradesh,Tier 2,2024-05-30
CUST_11888,Kavya Patel,Female,Chennai,Tamil Nadu,Tier 1,2024-11-02
CUST_11889,Rahul Sharma,Male,Lucknow,Uttar Pradesh,Tier 2,2024-10-14
CUST_11890,Divya Nair,Female,Bengaluru,Karnataka,Tier 1,2023-11-28
CUST_11891,Arjun Reddy,Male,Delhi,Delhi,Tier 1,2023-08-24
CUST_11892,Kavya Kumar,Female,Chennai,Tamil Nadu,Tier 1,2024-04-15
CUST_11893,Riya Singh,Female,Pune,Maharashtra,Tier 1,2024-09-17
CUST_11894,Kunal Patel,Male,Mumbai,Maharashtra,Tier 1,2023-11-15
CUST_11895,Aditya Singh,Male,Lucknow,Uttar Pradesh,Tier 2,2024-10-09
CUST_11896,Kavya Reddy,Female,Lucknow,Uttar Pradesh,Tier 2,2024-10-17
CUST_11897,Priya Mehta,Female,Bhopal,Madhya Pradesh,Tier 3,2023-08-18
CUST_11898,Arjun Kumar,Male,Mumbai,Maharashtra,Tier 1,2024-08-04
CUST_11899,Kavya Gupta,Female,Ahmedabad,Gujarat,Tier 2,2024-06-22
CUST_11900,Kavya Reddy,Female,Hyderabad,Telangana,Tier 1,2023-09-18
CUST_11901,Priya Kumar,Female,Jaipur,Rajasthan,Tier 2,2024-01-15
CUST_11902,Aditya Mehta,Male,Mumbai,Maharashtra,Tier 1,2024-06-15
CUST_11903,Ananya Verma,Female,Pune,Maharashtra,Tier 1,2024-04-08
CUST_11904,Aarav Mehta,Male,Jaipur,Rajasthan,Tier 2,2023-08-19
CUST_11905,Kunal Mehta,Male,Bhopal,Madhya Pradesh,Tier 3,2023-06-25
CUST_11906,Rahul Sharma,Male,Hyderabad,Telangana,Tier 1,2024-01-20
CUST_11907,Rahul Gupta,Male,Jaipur,Rajasthan,Tier 2,2024-07-11
CUST_11908,Ishita Gupta,Female,Bengaluru,Karnataka,Tier 1,2024-10-05
CUST_11909,Varun Iyer,Male,Patna,Bihar,Tier 3,2024-07-22
CUST_11910,Varun Iyer,Male,Chandigarh,Punjab,Tier 2,2024-04-16
CUST_11911,Ishita Verma,Female,Ahmedabad,Gujarat,Tier 2,2024-05-05
CUST_11912,Rohan Sharma,Male,Pune,Maharashtra,Tier 1,2024-04-08
CUST_11913,Amit Mehta,Male,Pune,Maharashtra,Tier 1,2024-02-06
CUST_11914,Kunal Kumar,Male,Pune,Maharashtra,Tier 1,2024-07-02
CUST_11915,Ishita Gupta,Female,Chennai,Tamil Nadu,Tier 1,2023-10-07
CUST_11916,Rohan Mehta,Male,Jaipur,Rajasthan,Tier 2,2024-07-10
CUST_11917,Pooja Mehta,Female,Pune,Maharashtra,Tier 1,2024-07-06
CUST_11918,Rohan Nair,Male,Delhi,Delhi,Tier 1,2023-09-22
CUST_11919,Kabir Verma,Male,Ranchi,Jharkhand,Tier 3,2024-03-27
CUST_11920,Tanvi Kumar,Female,Lucknow,Uttar Pradesh,Tier 2,2023-12-14
CUST_11921,Kavya Iyer,Female,Lucknow,Uttar Pradesh,Tier 2,2024-08-16
CUST_11922,Aarav Nair,Male,Delhi,Delhi,Tier 1,2024-09-09
CUST_11923,Aditya Patel,Male,Bengaluru,Karnataka,Tier 1,2023-06-14
CUST_11924,Pooja Iyer,Female,Chennai,Tamil Nadu,Tier 1,2024-02-29
CUST_11925,Pooja Verma,Female,Varanasi,Uttar Pradesh,Tier 3,2024-06-08
CUST_11926,Amit Nair,Male,Kochi,Kerala,Tier 2,2024-01-13
CUST_11927,Rahul Iyer,Male,Indore,Madhya Pradesh,Tier 2,2024-03-05
CUST_11928,Amit Patel,Male,Hyderabad,Telangana,Tier 1,2023-10-06
CUST_11929,Ananya Verma,Female,Pune,Maharashtra,Tier 1,2024-10-16
CUST_11930,Amit Iyer,Male,Lucknow,Uttar Pradesh,Tier 2,2024-11-26
CUST_11931,Rohan Patel,Male,Dehradun,Uttarakhand,Tier 3,2023-09-05
CUST_11932,Rohan Kumar,Male,Jaipur,Rajasthan,Tier 2,2024-07-29
CUST_11933,Varun Reddy,Male,Patna,Bihar,Tier 3,2024-10-06
CUST_11934,Vikram Patel,Male,Ahmedabad,Gujarat,Tier 2,2024-08-22
CUST_11935,Tanvi Gupta,Female,Lucknow,Uttar Pradesh,Tier 2,2023-09-14
CUST_11936,Aarav Iyer,Male,Patna,Bihar,Tier 3,2023-12-23
CUST_11937,Varun Singh,Male,Mumbai,Maharashtra,Tier 1,2024-06-27
CUST_11938,Pooja Patel,Female,Indore,Madhya Pradesh,Tier 2,2024-10-06
CUST_11939,Kabir Sharma,Male,Chandigarh,Punjab,Tier 2,2023-11-04
CUST_11940,Aditya Patel,Male,Ranchi,Jharkhand,Tier 3,2024-06-16
CUST_11941,Varun Singh,Male,Patna,Bihar,Tier 3,2024-11-08
CUST_11942,Rohan Reddy,Male,Dehradun,Uttarakhand,Tier 3,2024-03-20
CUST_11943,Arjun Sharma,Male,Jaipur,Rajasthan,Tier 2,2024-07-12
CUST_11944,Arjun Nair,Male,Kochi,Kerala,Tier 2,2024-06-27
CUST_11945,Aarav Reddy,Male,Mumbai,Maharashtra,Tier 1,2023-11-03
CUST_11946,Neha Kumar,Female,Ahmedabad,Gujarat,Tier 2,2024-02-02
CUST_11947,Pooja Iyer,Female,Bengaluru,Karnataka,Tier 1,2023-09-13
CUST_11948,Amit Iyer,Male,Jaipur,Rajasthan,Tier 2,2023-06-07
CUST_11949,Varun Kumar,Male,Guwahati,Assam,Tier 3,2024-11-14
CUST_11950,Rahul Mehta,Male,Bhopal,Madhya Pradesh,Tier 3,2024-05-10
CUST_11951,Sneha Mehta,Female,Mumbai,Maharashtra,Tier 1,2023-10-13
CUST_11952,Vikram Patel,Male,Delhi,Delhi,Tier 1,2023-08-17
CUST_11953,Rohan Singh,Male,Lucknow,Uttar Pradesh,Tier 2,2023-12-14
CUST_11954,Kabir Gupta,Male,Patna,Bihar,Tier 3,2024-08-22
CUST_11955,Tanvi Sharma,Female,Chandigarh,Punjab,Tier 2,2023-09-19
CUST_11956,Kabir Verma,Male,Lucknow,Uttar Pradesh,Tier 2,2024-04-05
CUST_11957,Rohan Sharma,Male,Lucknow,Uttar Pradesh,Tier 2,2024-12-01
CUST_11958,Varun Sharma,Male,Bengaluru,Karnataka,Tier 1,2024-08-19
CUST_11959,Riya Gupta,Female,Pune,Maharashtra,Tier 1,2023-06-11
CUST_11960,Arjun Nair,Male,Kochi,Kerala,Tier 2,2024-05-19
CUST_11961,Rohan Reddy,Male,Ranchi,Jharkhand,Tier 3,2024-08-11
CUST_11962,Rahul Singh,Male,Kochi,Kerala,Tier 2,2024-06-19
CUST_11963,Divya Reddy,Female,Delhi,Delhi,Tier 1,2024-08-12
CUST_11964,Arjun Kumar,Male,Kochi,Kerala,Tier 2,2023-07-12
CUST_11965,Amit Patel,Male,Chandigarh,Punjab,Tier 2,2024-03-31
CUST_11966,Divya Singh,Female,Guwahati,Assam,Tier 3,2023-12-05
CUST_11967,Riya Kumar,Female,Lucknow,Uttar Pradesh,Tier 2,2024-03-28
CUST_11968,Neha Nair,Female,Varanasi,Uttar Pradesh,Tier 3,2023-07-19
CUST_11969,Aditya Reddy,Male,Ahmedabad,Gujarat,Tier 2,2024-02-09
CUST_11970,Sneha Nair,Female,Hyderabad,Telangana,Tier 1,2023-10-11
CUST_11971,Sneha Sharma,Female,Ranchi,Jharkhand,Tier 3,2024-06-10
CUST_11972,Kabir Patel,Male,Hyderabad,Telangana,Tier 1,2023-08-03
CUST_11973,Neha Patel,Female,Hyderabad,Telangana,Tier 1,2024-09-08
CUST_11974,Aarav Sharma,Male,Chennai,Tamil Nadu,Tier 1,2023-07-21
CUST_11975,Aarav Singh,Male,Bengaluru,Karnataka,Tier 1,2024-10-10
CUST_11976,Divya Sharma,Female,Kochi,Kerala,Tier 2,2023-09-03
CUST_11977,Rohan Kumar,Male,Bhopal,Madhya Pradesh,Tier 3,2024-02-08
CUST_11978,Ananya Iyer,Female,Indore,Madhya Pradesh,Tier 2,2024-05-12
CUST_11979,Arjun Patel,Male,Ahmedabad,Gujarat,Tier 2,2023-10-05
CUST_11980,Arjun Mehta,Male,Pune,Maharashtra,Tier 1,2024-06-10
CUST_11981,Riya Nair,Female,Hyderabad,Telangana,Tier 1,2024-09-03
CUST_11982,Riya Gupta,Female,Pune,Maharashtra,Tier 1,2023-07-04
CUST_11983,Kavya Verma,Female,Bengaluru,Karnataka,Tier 1,2023-10-14
CUST_11984,Kavya Singh,Female,Bhopal,Madhya Pradesh,Tier 3,2024-10-07
CUST_11985,Vikram Patel,Male,Jaipur,Rajasthan,Tier 2,2024-04-06
CUST_11986,Kabir Patel,Male,Hyderabad,Telangana,Tier 1,2024-08-23
CUST_11987,Ananya Sharma,Female,Pune,Maharashtra,Tier 1,2024-05-15
CUST_11988,Kavya Sharma,Female,Pune,Maharashtra,Tier 1,2023-12-28
CUST_11989,Neha Gupta,Female,Mumbai,Maharashtra,Tier 1,2024-11-09
CUST_11990,Rahul Mehta,Male,Patna,Bihar,Tier 3,2023-12-16
CUST_11991,Arjun Sharma,Male,Bhopal,Madhya Pradesh,Tier 3,2023-06-06
CUST_11992,Kunal Gupta,Male,Chennai,Tamil Nadu,Tier 1,2023-07-10
CUST_11993,Ananya Reddy,Female,Mumbai,Maharashtra,Tier 1,2024-07-10
CUST_11994,Ishita Sharma,Female,Hyderabad,Telangana,Tier 1,2024-08-26
CUST_11995,Ananya Reddy,Female,Jaipur,Rajasthan,Tier 2,2024-03-02
CUST_11996,Tanvi Sharma,Female,Delhi,Delhi,Tier 1,2024-01-29
CUST_11997,Varun Iyer,Male,Mumbai,Maharashtra,Tier 1,2024-03-07
CUST_11998,Divya Iyer,Female,Chennai,Tamil Nadu,Tier 1,2024-07-03
CUST_11999,Kabir Iyer,Male,Pune,Maharashtra,Tier 1,2024-08-23
CUST_12000,Arjun Patel,Male,Delhi,Delhi,Tier 1,2024-05-10
