order_id,return_type,return_reason,refund_amount
ORD_000002,Customer Return,Size / Fit Issue,3139.2
ORD_000004,RTO (Undelivered),Customer Refused at Doorstep,3233.8
ORD_000005,Customer Return,Size / Fit Issue,2085.6
ORD_000006,RTO (Undelivered),Customer Refused at Doorstep,1599.6
ORD_000018,Customer Return,Defective / Damaged Item,2220.8
ORD_000019,Customer Return,Late Delivery,1853.8
ORD_000021,Customer Return,Size / Fit Issue,4182.8
ORD_000025,Customer Return,Size / Fit Issue,1686.4
ORD_000026,Customer Return,Quality Not as Expected,1578.2
ORD_000027,RTO (Undelivered),Customer Refused at Doorstep,2416.6
ORD_000033,RTO (Undelivered),Customer Refused at Doorstep,4128.4
ORD_000041,Customer Return,Found Better Price Elsewhere,1120.0
ORD_000045,Customer Return,Size / Fit Issue,684.6
ORD_000049,Customer Return,Late Delivery,2014.8
ORD_000067,RTO (Undelivered),Customer Refused at Doorstep,2792.4
ORD_000070,Customer Return,Size / Fit Issue,3287.3
ORD_000075,RTO (Undelivered),Customer Refused at Doorstep,2585.0
ORD_000076,RTO (Undelivered),Customer Refused at Doorstep,1363.6
ORD_000077,Customer Return,Size / Fit Issue,4201.4
ORD_000079,Customer Return,Size / Fit Issue,773.9
ORD_000080,Customer Return,Size / Fit Issue,4442.9
ORD_000083,Customer Return,Size / Fit Issue,2056.2
ORD_000093,RTO (Undelivered),Customer Refused at Doorstep,3300.0
ORD_000097,RTO (Undelivered),Customer Refused at Doorstep,3230.2
ORD_000101,RTO (Undelivered),Customer Refused at Doorstep,3388.7
ORD_000103,Customer Return,Late Delivery,1596.0
ORD_000105,Customer Return,Defective / Damaged Item,4110.4
ORD_000106,Customer Return,Size / Fit Issue,2458.5
ORD_000108,RTO (Undelivered),Customer Refused at Doorstep,1334.5
ORD_000110,Customer Return,Size / Fit Issue,900.0
ORD_000115,RTO (Undelivered),Customer Refused at Doorstep,3341.1
ORD_000120,RTO (Undelivered),Customer Refused at Doorstep,3212.6
ORD_000129,Customer Return,Size / Fit Issue,1470.5
ORD_000130,Customer Return,Quality Not as Expected,420.0
ORD_000132,RTO (Undelivered),Customer Refused at Doorstep,2027.1
ORD_000137,RTO (Undelivered),Customer Refused at Doorstep,3715.0
ORD_000138,Customer Return,Size / Fit Issue,5073.0
ORD_000139,Customer Return,Found Better Price Elsewhere,2240.4
ORD_000145,RTO (Undelivered),Customer Refused at Doorstep,1250.2
ORD_000147,Customer Return,Size / Fit Issue,873.6
ORD_000151,Customer Return,Size / Fit Issue,976.5
ORD_000157,Customer Return,Size / Fit Issue,3432.0
ORD_000159,Customer Return,Quality Not as Expected,820.8
ORD_000160,Customer Return,Defective / Damaged Item,2930.1
ORD_000162,RTO (Undelivered),Customer Refused at Doorstep,1957.8
ORD_000167,Customer Return,Quality Not as Expected,1028.9
ORD_000173,Customer Return,Late Delivery,3124.0
ORD_000174,Customer Return,Size / Fit Issue,939.7
ORD_000176,Customer Return,Size / Fit Issue,1495.2
ORD_000182,Customer Return,Quality Not as Expected,1268.8
ORD_000187,Customer Return,Defective / Damaged Item,943.5
ORD_000194,Customer Return,Late Delivery,1863.4
ORD_000195,Customer Return,Found Better Price Elsewhere,2888.1
ORD_000197,Customer Return,Late Delivery,1837.5
ORD_000203,Customer Return,Size / Fit Issue,2533.1
ORD_000205,Customer Return,Size / Fit Issue,793.8
ORD_000206,Customer Return,Size / Fit Issue,1054.0
ORD_000217,RTO (Undelivered),Customer Refused at Doorstep,4548.1
ORD_000223,RTO (Undelivered),Customer Refused at Doorstep,2132.0
ORD_000229,Customer Return,Defective / Damaged Item,638.4
ORD_000230,Customer Return,Size / Fit Issue,6385.6
ORD_000233,RTO (Undelivered),Customer Refused at Doorstep,4334.1
ORD_000239,Customer Return,Quality Not as Expected,4026.2
ORD_000247,RTO (Undelivered),Customer Refused at Doorstep,3519.5
ORD_000252,RTO (Undelivered),Customer Refused at Doorstep,1116.5
ORD_000253,Customer Return,Defective / Damaged Item,817.0
ORD_000268,RTO (Undelivered),Customer Refused at Doorstep,1499.6
ORD_000273,Customer Return,Size / Fit Issue,1629.2
ORD_000278,Customer Return,Quality Not as Expected,1183.0
ORD_000280,Customer Return,Size / Fit Issue,2659.6
ORD_000284,Customer Return,Size / Fit Issue,1895.5
ORD_000293,Customer Return,Size / Fit Issue,739.5
ORD_000299,Customer Return,Defective / Damaged Item,1107.2
ORD_000301,RTO (Undelivered),Customer Refused at Doorstep,1580.8
ORD_000315,RTO (Undelivered),Customer Refused at Doorstep,524.2
ORD_000319,Customer Return,Defective / Damaged Item,8535.7
ORD_000324,Customer Return,Size / Fit Issue,721.6
ORD_000327,Customer Return,Size / Fit Issue,1550.4
ORD_000332,RTO (Undelivered),Customer Refused at Doorstep,1162.3
ORD_000338,Customer Return,Size / Fit Issue,2604.0
ORD_000343,Customer Return,Size / Fit Issue,723.2
ORD_000344,RTO (Undelivered),Customer Refused at Doorstep,2400.9
ORD_000345,RTO (Undelivered),Customer Refused at Doorstep,1728.4
ORD_000346,Customer Return,Size / Fit Issue,1766.4
ORD_000348,RTO (Undelivered),Customer Refused at Doorstep,936.0
ORD_000350,Customer Return,Size / Fit Issue,512.4
ORD_000351,RTO (Undelivered),Customer Refused at Doorstep,1093.4
ORD_000352,Customer Return,Size / Fit Issue,2522.0
ORD_000353,Customer Return,Defective / Damaged Item,2144.0
ORD_000357,Customer Return,Found Better Price Elsewhere,540.0
ORD_000362,RTO (Undelivered),Customer Refused at Doorstep,1275.6
ORD_000368,RTO (Undelivered),Customer Refused at Doorstep,2504.1
ORD_000369,RTO (Undelivered),Customer Refused at Doorstep,2984.0
ORD_000371,RTO (Undelivered),Customer Refused at Doorstep,1880.5
ORD_000373,RTO (Undelivered),Customer Refused at Doorstep,489.8
ORD_000394,RTO (Undelivered),Customer Refused at Doorstep,1422.1
ORD_000399,RTO (Undelivered),Customer Refused at Doorstep,1025.2
ORD_000401,RTO (Undelivered),Customer Refused at Doorstep,2413.8
ORD_000405,RTO (Undelivered),Customer Refused at Doorstep,399.0
ORD_000407,RTO (Undelivered),Customer Refused at Doorstep,2899.6
ORD_000409,RTO (Undelivered),Customer Refused at Doorstep,237.8
ORD_000437,RTO (Undelivered),Customer Refused at Doorstep,1159.6
ORD_000439,RTO (Undelivered),Customer Refused at Doorstep,2302.0
ORD_000444,Customer Return,Found Better Price Elsewhere,2872.6
ORD_000445,RTO (Undelivered),Customer Refused at Doorstep,3278.1
ORD_000449,RTO (Undelivered),Customer Refused at Doorstep,1407.5
ORD_000452,Customer Return,Defective / Damaged Item,3947.1
ORD_000455,RTO (Undelivered),Customer Refused at Doorstep,2863.8
ORD_000457,Customer Return,Size / Fit Issue,878.8
ORD_000464,Customer Return,Late Delivery,2604.0
ORD_000469,Customer Return,Size / Fit Issue,1525.2
ORD_000470,RTO (Undelivered),Customer Refused at Doorstep,2256.1
ORD_000475,Customer Return,Defective / Damaged Item,1013.6
ORD_000483,Customer Return,Size / Fit Issue,654.0
ORD_000487,RTO (Undelivered),Customer Refused at Doorstep,4193.2
ORD_000499,RTO (Undelivered),Customer Refused at Doorstep,921.3
ORD_000502,Customer Return,Quality Not as Expected,2880.1
ORD_000511,RTO (Undelivered),Customer Refused at Doorstep,1355.2
ORD_000517,Customer Return,Size / Fit Issue,1788.0
ORD_000524,Customer Return,Size / Fit Issue,1725.0
ORD_000535,Customer Return,Late Delivery,579.6
ORD_000544,Customer Return,Size / Fit Issue,237.6
ORD_000545,Customer Return,Size / Fit Issue,1682.1
ORD_000547,RTO (Undelivered),Customer Refused at Doorstep,2599.6
ORD_000549,Customer Return,Quality Not as Expected,697.6
ORD_000552,Customer Return,Quality Not as Expected,2949.2
ORD_000554,Customer Return,Size / Fit Issue,2029.2
ORD_000555,Customer Return,Size / Fit Issue,3162.3
ORD_000569,Customer Return,Quality Not as Expected,1256.7
ORD_000574,RTO (Undelivered),Customer Refused at Doorstep,4595.1
ORD_000579,RTO (Undelivered),Customer Refused at Doorstep,2849.3
ORD_000581,RTO (Undelivered),Customer Refused at Doorstep,2384.4
ORD_000588,RTO (Undelivered),Customer Refused at Doorstep,3947.2
ORD_000593,Customer Return,Size / Fit Issue,672.0
ORD_000600,Customer Return,Size / Fit Issue,1092.0
ORD_000605,RTO (Undelivered),Customer Refused at Doorstep,1897.8
ORD_000606,RTO (Undelivered),Customer Refused at Doorstep,666.9
ORD_000609,Customer Return,Size / Fit Issue,2100.9
ORD_000612,Customer Return,Late Delivery,5564.9
ORD_000613,Customer Return,Late Delivery,3263.0
ORD_000614,Customer Return,Size / Fit Issue,1771.2
ORD_000617,RTO (Undelivered),Customer Refused at Doorstep,1227.6
ORD_000621,Customer Return,Quality Not as Expected,6178.6
ORD_000633,Customer Return,Size / Fit Issue,713.4
ORD_000635,Customer Return,Size / Fit Issue,2696.4
ORD_000640,Customer Return,Size / Fit Issue,3052.5
ORD_000642,Customer Return,Size / Fit Issue,3057.2
ORD_000645,RTO (Undelivered),Customer Refused at Doorstep,1910.7
ORD_000660,Customer Return,Quality Not as Expected,1064.7
ORD_000662,Customer Return,Late Delivery,7735.9
ORD_000663,Customer Return,Late Delivery,7114.8
ORD_000670,Customer Return,Size / Fit Issue,4221.7
ORD_000673,Customer Return,Size / Fit Issue,2296.8
ORD_000676,Customer Return,Found Better Price Elsewhere,4963.8
ORD_000681,RTO (Undelivered),Customer Refused at Doorstep,176.3
ORD_000683,RTO (Undelivered),Customer Refused at Doorstep,865.0
ORD_000684,RTO (Undelivered),Customer Refused at Doorstep,1457.4
ORD_000688,Customer Return,Defective / Damaged Item,1402.7
ORD_000693,Customer Return,Quality Not as Expected,5351.2
ORD_000695,RTO (Undelivered),Customer Refused at Doorstep,1062.0
ORD_000699,RTO (Undelivered),Customer Refused at Doorstep,2984.2
ORD_000701,Customer Return,Size / Fit Issue,1356.6
ORD_000725,Customer Return,Late Delivery,523.2
ORD_000732,Customer Return,Size / Fit Issue,2293.2
ORD_000733,Customer Return,Late Delivery,5151.4
ORD_000738,Customer Return,Found Better Price Elsewhere,2992.0
ORD_000745,Customer Return,Size / Fit Issue,1700.4
ORD_000751,RTO (Undelivered),Customer Refused at Doorstep,3381.2
ORD_000752,Customer Return,Size / Fit Issue,3831.0
ORD_000756,Customer Return,Size / Fit Issue,4436.2
ORD_000766,RTO (Undelivered),Customer Refused at Doorstep,429.2
ORD_000774,RTO (Undelivered),Customer Refused at Doorstep,994.3
ORD_000778,Customer Return,Size / Fit Issue,3860.1
ORD_000791,RTO (Undelivered),Customer Refused at Doorstep,910.8
ORD_000793,Customer Return,Late Delivery,4134.6
ORD_000795,RTO (Undelivered),Customer Refused at Doorstep,2359.8
ORD_000797,Customer Return,Late Delivery,1434.4
ORD_000798,Customer Return,Quality Not as Expected,1795.9
ORD_000800,Customer Return,Quality Not as Expected,3129.0
ORD_000808,RTO (Undelivered),Customer Refused at Doorstep,3572.0
ORD_000810,Customer Return,Size / Fit Issue,688.0
ORD_000811,Customer Return,Defective / Damaged Item,584.6
ORD_000815,Customer Return,Size / Fit Issue,3540.9
ORD_000816,RTO (Undelivered),Customer Refused at Doorstep,728.0
ORD_000818,Customer Return,Size / Fit Issue,1430.4
ORD_000819,RTO (Undelivered),Customer Refused at Doorstep,3132.3
ORD_000826,Customer Return,Late Delivery,896.8
ORD_000831,RTO (Undelivered),Customer Refused at Doorstep,831.3
ORD_000834,RTO (Undelivered),Customer Refused at Doorstep,4357.2
ORD_000836,RTO (Undelivered),Customer Refused at Doorstep,4165.8
ORD_000837,Customer Return,Size / Fit Issue,1349.2
ORD_000838,Customer Return,Found Better Price Elsewhere,2488.2
ORD_000841,Customer Return,Quality Not as Expected,1350.0
ORD_000845,Customer Return,Size / Fit Issue,1392.0
ORD_000848,RTO (Undelivered),Customer Refused at Doorstep,3061.0
ORD_000849,RTO (Undelivered),Customer Refused at Doorstep,2425.6
ORD_000861,Customer Return,Found Better Price Elsewhere,3749.6
ORD_000863,RTO (Undelivered),Customer Refused at Doorstep,1549.8
ORD_000868,Customer Return,Size / Fit Issue,1198.4
ORD_000872,Customer Return,Size / Fit Issue,2130.2
ORD_000873,RTO (Undelivered),Customer Refused at Doorstep,700.6
ORD_000875,RTO (Undelivered),Customer Refused at Doorstep,660.0
ORD_000880,RTO (Undelivered),Customer Refused at Doorstep,3069.3
ORD_000893,RTO (Undelivered),Customer Refused at Doorstep,3304.6
ORD_000894,Customer Return,Quality Not as Expected,2266.4
ORD_000896,RTO (Undelivered),Customer Refused at Doorstep,1395.0
ORD_000897,Customer Return,Quality Not as Expected,1160.9
ORD_000898,Customer Return,Quality Not as Expected,1066.8
ORD_000907,Customer Return,Size / Fit Issue,1493.1
ORD_000918,RTO (Undelivered),Customer Refused at Doorstep,3715.2
ORD_000919,RTO (Undelivered),Customer Refused at Doorstep,1469.0
ORD_000923,RTO (Undelivered),Customer Refused at Doorstep,1595.8
ORD_000926,RTO (Undelivered),Customer Refused at Doorstep,411.6
ORD_000934,Customer Return,Quality Not as Expected,849.6
ORD_000936,Customer Return,Quality Not as Expected,1340.9
ORD_000953,RTO (Undelivered),Customer Refused at Doorstep,3003.9
ORD_000955,Customer Return,Late Delivery,1095.6
ORD_000958,RTO (Undelivered),Customer Refused at Doorstep,1471.0
ORD_000965,RTO (Undelivered),Customer Refused at Doorstep,2989.6
ORD_000967,RTO (Undelivered),Customer Refused at Doorstep,2235.0
ORD_000971,RTO (Undelivered),Customer Refused at Doorstep,3256.0
ORD_000974,RTO (Undelivered),Customer Refused at Doorstep,748.2
ORD_000982,Customer Return,Size / Fit Issue,3353.2
ORD_000983,Customer Return,Defective / Damaged Item,3444.5
ORD_000984,Customer Return,Quality Not as Expected,7648.3
ORD_000985,Customer Return,Size / Fit Issue,982.8
ORD_000989,RTO (Undelivered),Customer Refused at Doorstep,1001.0
ORD_000997,Customer Return,Defective / Damaged Item,2084.5
ORD_001002,RTO (Undelivered),Customer Refused at Doorstep,3670.8
ORD_001005,Customer Return,Quality Not as Expected,3995.0
ORD_001007,RTO (Undelivered),Customer Refused at Doorstep,1072.8
ORD_001010,Customer Return,Size / Fit Issue,811.3
ORD_001014,Customer Return,Size / Fit Issue,2922.8
ORD_001022,Customer Return,Size / Fit Issue,653.6
ORD_001030,Customer Return,Size / Fit Issue,3081.6
ORD_001032,Customer Return,Size / Fit Issue,2636.3
ORD_001040,RTO (Undelivered),Customer Refused at Doorstep,3157.9
ORD_001042,Customer Return,Late Delivery,2697.5
ORD_001043,Customer Return,Size / Fit Issue,3251.8
ORD_001045,RTO (Undelivered),Customer Refused at Doorstep,1975.8
ORD_001051,RTO (Undelivered),Customer Refused at Doorstep,1140.6
ORD_001052,RTO (Undelivered),Customer Refused at Doorstep,3447.6
ORD_001061,Customer Return,Defective / Damaged Item,2048.0
ORD_001065,RTO (Undelivered),Customer Refused at Doorstep,1361.6
ORD_001073,RTO (Undelivered),Customer Refused at Doorstep,1543.3
ORD_001076,Customer Return,Late Delivery,985.6
ORD_001079,Customer Return,Defective / Damaged Item,862.4
ORD_001085,RTO (Undelivered),Customer Refused at Doorstep,3173.6
ORD_001086,RTO (Undelivered),Customer Refused at Doorstep,2546.8
ORD_001087,Customer Return,Defective / Damaged Item,5428.2
ORD_001089,Customer Return,Quality Not as Expected,766.1
ORD_001096,RTO (Undelivered),Customer Refused at Doorstep,2958.3
ORD_001097,Customer Return,Defective / Damaged Item,1877.4
ORD_001098,Customer Return,Quality Not as Expected,1638.5
ORD_001100,RTO (Undelivered),Customer Refused at Doorstep,684.0
ORD_001106,Customer Return,Size / Fit Issue,579.6
ORD_001111,RTO (Undelivered),Customer Refused at Doorstep,2133.6
ORD_001113,RTO (Undelivered),Customer Refused at Doorstep,3496.0
ORD_001114,RTO (Undelivered),Customer Refused at Doorstep,760.5
ORD_001115,Customer Return,Quality Not as Expected,4629.4
ORD_001116,Customer Return,Size / Fit Issue,1623.6
ORD_001121,Customer Return,Size / Fit Issue,710.4
ORD_001122,RTO (Undelivered),Customer Refused at Doorstep,3845.4
ORD_001127,RTO (Undelivered),Customer Refused at Doorstep,390.6
ORD_001132,Customer Return,Size / Fit Issue,1378.5
ORD_001134,Customer Return,Size / Fit Issue,795.7
ORD_001137,RTO (Undelivered),Customer Refused at Doorstep,6569.5
ORD_001145,RTO (Undelivered),Customer Refused at Doorstep,2025.4
ORD_001146,Customer Return,Size / Fit Issue,3387.6
ORD_001153,RTO (Undelivered),Customer Refused at Doorstep,4416.9
ORD_001154,RTO (Undelivered),Customer Refused at Doorstep,1421.9
ORD_001155,RTO (Undelivered),Customer Refused at Doorstep,653.6
ORD_001160,Customer Return,Size / Fit Issue,3452.3
ORD_001162,Customer Return,Defective / Damaged Item,1810.4
ORD_001167,Customer Return,Quality Not as Expected,2135.6
ORD_001170,RTO (Undelivered),Customer Refused at Doorstep,3007.0
ORD_001177,RTO (Undelivered),Customer Refused at Doorstep,4316.7
ORD_001187,Customer Return,Quality Not as Expected,2521.1
ORD_001196,RTO (Undelivered),Customer Refused at Doorstep,1345.5
ORD_001199,RTO (Undelivered),Customer Refused at Doorstep,2813.4
ORD_001203,Customer Return,Size / Fit Issue,3005.6
ORD_001206,Customer Return,Quality Not as Expected,2539.3
ORD_001207,RTO (Undelivered),Customer Refused at Doorstep,5088.1
ORD_001211,Customer Return,Quality Not as Expected,830.4
ORD_001220,Customer Return,Size / Fit Issue,1497.3
ORD_001227,RTO (Undelivered),Customer Refused at Doorstep,2989.6
ORD_001233,Customer Return,Late Delivery,1668.9
ORD_001240,Customer Return,Quality Not as Expected,3265.1
ORD_001244,Customer Return,Defective / Damaged Item,2172.8
ORD_001251,Customer Return,Quality Not as Expected,1277.3
ORD_001263,Customer Return,Size / Fit Issue,1840.4
ORD_001266,Customer Return,Size / Fit Issue,3172.3
ORD_001267,Customer Return,Defective / Damaged Item,1470.0
ORD_001271,Customer Return,Defective / Damaged Item,1905.0
ORD_001272,Customer Return,Quality Not as Expected,2233.0
ORD_001275,RTO (Undelivered),Customer Refused at Doorstep,455.1
ORD_001277,Customer Return,Size / Fit Issue,1488.5
ORD_001279,RTO (Undelivered),Customer Refused at Doorstep,3282.3
ORD_001280,Customer Return,Size / Fit Issue,188.1
ORD_001284,RTO (Undelivered),Customer Refused at Doorstep,952.5
ORD_001285,Customer Return,Quality Not as Expected,554.4
ORD_001288,RTO (Undelivered),Customer Refused at Doorstep,3396.4
ORD_001290,Customer Return,Size / Fit Issue,3335.2
ORD_001299,Customer Return,Quality Not as Expected,1086.8
ORD_001300,RTO (Undelivered),Customer Refused at Doorstep,3488.0
ORD_001305,RTO (Undelivered),Customer Refused at Doorstep,1459.5
ORD_001312,RTO (Undelivered),Customer Refused at Doorstep,2771.9
ORD_001315,RTO (Undelivered),Customer Refused at Doorstep,1659.2
ORD_001324,Customer Return,Size / Fit Issue,1083.6
ORD_001325,Customer Return,Size / Fit Issue,1984.0
ORD_001328,RTO (Undelivered),Customer Refused at Doorstep,3165.3
ORD_001339,RTO (Undelivered),Customer Refused at Doorstep,1123.3
ORD_001343,RTO (Undelivered),Customer Refused at Doorstep,2075.2
ORD_001347,Customer Return,Quality Not as Expected,3604.5
ORD_001348,RTO (Undelivered),Customer Refused at Doorstep,486.0
ORD_001355,Customer Return,Found Better Price Elsewhere,1958.5
ORD_001356,Customer Return,Size / Fit Issue,1768.9
ORD_001357,Customer Return,Quality Not as Expected,1310.4
ORD_001358,RTO (Undelivered),Customer Refused at Doorstep,1881.0
ORD_001362,Customer Return,Defective / Damaged Item,3398.3
ORD_001364,Customer Return,Size / Fit Issue,1430.4
ORD_001365,RTO (Undelivered),Customer Refused at Doorstep,1256.0
ORD_001367,Customer Return,Quality Not as Expected,3725.8
ORD_001369,RTO (Undelivered),Customer Refused at Doorstep,6060.3
ORD_001370,Customer Return,Late Delivery,2056.2
ORD_001372,Customer Return,Late Delivery,4414.5
ORD_001379,RTO (Undelivered),Customer Refused at Doorstep,2407.0
ORD_001395,RTO (Undelivered),Customer Refused at Doorstep,2610.3
ORD_001398,RTO (Undelivered),Customer Refused at Doorstep,1212.4
ORD_001402,RTO (Undelivered),Customer Refused at Doorstep,1517.0
ORD_001412,RTO (Undelivered),Customer Refused at Doorstep,907.2
ORD_001416,RTO (Undelivered),Customer Refused at Doorstep,1741.5
ORD_001417,RTO (Undelivered),Customer Refused at Doorstep,5320.3
ORD_001420,Customer Return,Size / Fit Issue,3531.6
ORD_001436,Customer Return,Quality Not as Expected,1348.2
ORD_001437,RTO (Undelivered),Customer Refused at Doorstep,2512.2
ORD_001438,Customer Return,Size / Fit Issue,1605.5
ORD_001440,RTO (Undelivered),Customer Refused at Doorstep,567.0
ORD_001445,Customer Return,Size / Fit Issue,2545.2
ORD_001446,RTO (Undelivered),Customer Refused at Doorstep,2560.7
ORD_001447,Customer Return,Defective / Damaged Item,1155.6
ORD_001450,RTO (Undelivered),Customer Refused at Doorstep,2192.4
ORD_001454,Customer Return,Defective / Damaged Item,4188.9
ORD_001457,RTO (Undelivered),Customer Refused at Doorstep,1827.0
ORD_001462,Customer Return,Defective / Damaged Item,2235.7
ORD_001468,Customer Return,Late Delivery,487.2
ORD_001469,RTO (Undelivered),Customer Refused at Doorstep,2956.2
ORD_001471,Customer Return,Quality Not as Expected,615.0
ORD_001473,Customer Return,Quality Not as Expected,2903.1
ORD_001478,Customer Return,Defective / Damaged Item,5194.0
ORD_001481,Customer Return,Size / Fit Issue,873.6
ORD_001483,Customer Return,Defective / Damaged Item,3129.0
ORD_001486,Customer Return,Size / Fit Issue,585.2
ORD_001487,Customer Return,Size / Fit Issue,4975.6
ORD_001489,RTO (Undelivered),Customer Refused at Doorstep,4843.8
ORD_001490,RTO (Undelivered),Customer Refused at Doorstep,5380.0
ORD_001492,Customer Return,Size / Fit Issue,1398.7
ORD_001493,RTO (Undelivered),Customer Refused at Doorstep,4011.7
ORD_001500,Customer Return,Size / Fit Issue,1195.6
ORD_001502,RTO (Undelivered),Customer Refused at Doorstep,1646.4
ORD_001504,RTO (Undelivered),Customer Refused at Doorstep,969.0
ORD_001509,RTO (Undelivered),Customer Refused at Doorstep,539.4
ORD_001510,RTO (Undelivered),Customer Refused at Doorstep,3666.0
ORD_001525,Customer Return,Late Delivery,4583.4
ORD_001533,Customer Return,Size / Fit Issue,512.4
ORD_001537,Customer Return,Quality Not as Expected,1341.0
ORD_001538,RTO (Undelivered),Customer Refused at Doorstep,3696.0
ORD_001539,Customer Return,Size / Fit Issue,1777.5
ORD_001543,Customer Return,Size / Fit Issue,2105.4
ORD_001544,RTO (Undelivered),Customer Refused at Doorstep,1657.5
ORD_001548,Customer Return,Size / Fit Issue,742.6
ORD_001550,Customer Return,Late Delivery,468.0
ORD_001562,Customer Return,Quality Not as Expected,1399.2
ORD_001564,RTO (Undelivered),Customer Refused at Doorstep,2248.3
ORD_001574,Customer Return,Quality Not as Expected,1170.4
ORD_001579,Customer Return,Found Better Price Elsewhere,2691.5
ORD_001584,RTO (Undelivered),Customer Refused at Doorstep,723.8
ORD_001588,Customer Return,Late Delivery,3686.4
ORD_001591,RTO (Undelivered),Customer Refused at Doorstep,2917.2
ORD_001593,RTO (Undelivered),Customer Refused at Doorstep,577.5
ORD_001598,RTO (Undelivered),Customer Refused at Doorstep,1462.0
ORD_001606,RTO (Undelivered),Customer Refused at Doorstep,1971.2
ORD_001607,RTO (Undelivered),Customer Refused at Doorstep,722.2
ORD_001612,Customer Return,Defective / Damaged Item,3149.3
ORD_001619,RTO (Undelivered),Customer Refused at Doorstep,544.0
ORD_001622,RTO (Undelivered),Customer Refused at Doorstep,3147.6
ORD_001630,Customer Return,Size / Fit Issue,2405.5
ORD_001639,Customer Return,Quality Not as Expected,3100.6
ORD_001642,Customer Return,Size / Fit Issue,976.0
ORD_001646,RTO (Undelivered),Customer Refused at Doorstep,477.4
ORD_001652,Customer Return,Size / Fit Issue,469.8
ORD_001654,Customer Return,Quality Not as Expected,2056.2
ORD_001655,Customer Return,Late Delivery,1401.3
ORD_001658,RTO (Undelivered),Customer Refused at Doorstep,815.9
ORD_001661,Customer Return,Size / Fit Issue,1718.2
ORD_001664,Customer Return,Quality Not as Expected,1788.0
ORD_001667,Customer Return,Size / Fit Issue,5131.4
ORD_001673,Customer Return,Late Delivery,1429.7
ORD_001679,RTO (Undelivered),Customer Refused at Doorstep,2903.6
ORD_001684,Customer Return,Late Delivery,1631.8
ORD_001685,RTO (Undelivered),Customer Refused at Doorstep,2063.1
ORD_001692,RTO (Undelivered),Customer Refused at Doorstep,1946.6
ORD_001698,Customer Return,Size / Fit Issue,2131.1
ORD_001704,Customer Return,Found Better Price Elsewhere,927.2
ORD_001710,Customer Return,Quality Not as Expected,2949.2
ORD_001715,Customer Return,Quality Not as Expected,2843.1
ORD_001717,Customer Return,Late Delivery,722.4
ORD_001718,RTO (Undelivered),Customer Refused at Doorstep,315.0
ORD_001721,Customer Return,Size / Fit Issue,4721.6
ORD_001722,Customer Return,Quality Not as Expected,2775.0
ORD_001724,Customer Return,Size / Fit Issue,3240.1
ORD_001725,RTO (Undelivered),Customer Refused at Doorstep,994.3
ORD_001726,Customer Return,Size / Fit Issue,4576.8
ORD_001730,Customer Return,Quality Not as Expected,1818.7
ORD_001733,Customer Return,Quality Not as Expected,1047.2
ORD_001740,Customer Return,Late Delivery,2629.1
ORD_001748,Customer Return,Late Delivery,4648.8
ORD_001752,Customer Return,Quality Not as Expected,952.6
ORD_001754,Customer Return,Size / Fit Issue,3952.2
ORD_001757,RTO (Undelivered),Customer Refused at Doorstep,4614.1
ORD_001763,Customer Return,Size / Fit Issue,3576.0
ORD_001767,RTO (Undelivered),Customer Refused at Doorstep,2503.2
ORD_001775,Customer Return,Size / Fit Issue,749.3
ORD_001779,RTO (Undelivered),Customer Refused at Doorstep,2038.6
ORD_001783,Customer Return,Quality Not as Expected,2773.0
ORD_001787,RTO (Undelivered),Customer Refused at Doorstep,1531.4
ORD_001788,Customer Return,Size / Fit Issue,4968.0
ORD_001792,RTO (Undelivered),Customer Refused at Doorstep,3990.4
ORD_001794,Customer Return,Quality Not as Expected,2007.7
ORD_001797,Customer Return,Size / Fit Issue,3299.7
ORD_001804,RTO (Undelivered),Customer Refused at Doorstep,1016.4
ORD_001810,RTO (Undelivered),Customer Refused at Doorstep,2556.4
ORD_001814,Customer Return,Defective / Damaged Item,1259.0
ORD_001817,RTO (Undelivered),Customer Refused at Doorstep,626.4
ORD_001829,Customer Return,Quality Not as Expected,1664.0
ORD_001838,RTO (Undelivered),Customer Refused at Doorstep,2528.0
ORD_001839,RTO (Undelivered),Customer Refused at Doorstep,394.8
ORD_001840,RTO (Undelivered),Customer Refused at Doorstep,1955.8
ORD_001845,Customer Return,Quality Not as Expected,1638.0
ORD_001846,Customer Return,Size / Fit Issue,2905.5
ORD_001847,RTO (Undelivered),Customer Refused at Doorstep,826.6
ORD_001855,Customer Return,Size / Fit Issue,1246.4
ORD_001857,Customer Return,Found Better Price Elsewhere,1496.4
ORD_001863,Customer Return,Quality Not as Expected,2964.9
ORD_001864,RTO (Undelivered),Customer Refused at Doorstep,774.7
ORD_001872,Customer Return,Quality Not as Expected,582.9
ORD_001875,RTO (Undelivered),Customer Refused at Doorstep,1671.6
ORD_001877,RTO (Undelivered),Customer Refused at Doorstep,3035.8
ORD_001885,Customer Return,Size / Fit Issue,3506.3
ORD_001888,Customer Return,Size / Fit Issue,3433.3
ORD_001892,Customer Return,Late Delivery,2758.4
ORD_001895,Customer Return,Size / Fit Issue,1631.7
ORD_001908,RTO (Undelivered),Customer Refused at Doorstep,1458.6
ORD_001910,RTO (Undelivered),Customer Refused at Doorstep,1136.8
ORD_001911,RTO (Undelivered),Customer Refused at Doorstep,2464.2
ORD_001912,Customer Return,Quality Not as Expected,2324.4
ORD_001914,Customer Return,Size / Fit Issue,3350.7
ORD_001923,Customer Return,Size / Fit Issue,638.6
ORD_001926,Customer Return,Defective / Damaged Item,1508.0
ORD_001931,Customer Return,Quality Not as Expected,2220.8
ORD_001934,RTO (Undelivered),Customer Refused at Doorstep,1132.8
ORD_001936,Customer Return,Size / Fit Issue,336.2
ORD_001937,Customer Return,Size / Fit Issue,1281.5
ORD_001939,Customer Return,Defective / Damaged Item,3644.7
ORD_001946,RTO (Undelivered),Customer Refused at Doorstep,3511.2
ORD_001948,Customer Return,Late Delivery,1963.5
ORD_001953,Customer Return,Size / Fit Issue,2828.8
ORD_001955,RTO (Undelivered),Customer Refused at Doorstep,1058.4
ORD_001957,RTO (Undelivered),Customer Refused at Doorstep,699.3
ORD_001966,RTO (Undelivered),Customer Refused at Doorstep,1830.7
ORD_001967,RTO (Undelivered),Customer Refused at Doorstep,4892.4
ORD_001973,RTO (Undelivered),Customer Refused at Doorstep,501.6
ORD_001977,Customer Return,Quality Not as Expected,2656.0
ORD_001978,Customer Return,Defective / Damaged Item,1989.0
ORD_001981,RTO (Undelivered),Customer Refused at Doorstep,505.6
ORD_001982,RTO (Undelivered),Customer Refused at Doorstep,381.6
ORD_001984,Customer Return,Size / Fit Issue,1327.5
ORD_001986,Customer Return,Size / Fit Issue,1435.2
ORD_001995,Customer Return,Size / Fit Issue,988.0
ORD_001996,RTO (Undelivered),Customer Refused at Doorstep,3016.0
ORD_001999,Customer Return,Size / Fit Issue,2083.7
ORD_002001,Customer Return,Size / Fit Issue,1373.1
ORD_002002,Customer Return,Size / Fit Issue,2816.0
ORD_002007,RTO (Undelivered),Customer Refused at Doorstep,4565.2
ORD_002015,Customer Return,Size / Fit Issue,1047.4
ORD_002020,Customer Return,Size / Fit Issue,4294.8
ORD_002024,Customer Return,Quality Not as Expected,1109.8
ORD_002026,Customer Return,Size / Fit Issue,2678.6
ORD_002034,Customer Return,Size / Fit Issue,1231.2
ORD_002049,Customer Return,Size / Fit Issue,240.9
ORD_002053,RTO (Undelivered),Customer Refused at Doorstep,2882.5
ORD_002056,RTO (Undelivered),Customer Refused at Doorstep,1651.0
ORD_002059,RTO (Undelivered),Customer Refused at Doorstep,688.2
ORD_002066,Customer Return,Defective / Damaged Item,2292.4
ORD_002071,Customer Return,Defective / Damaged Item,1556.3
ORD_002076,Customer Return,Size / Fit Issue,1758.4
ORD_002083,Customer Return,Size / Fit Issue,3100.4
ORD_002085,Customer Return,Late Delivery,3426.8
ORD_002095,RTO (Undelivered),Customer Refused at Doorstep,2528.8
ORD_002096,Customer Return,Quality Not as Expected,3734.5
ORD_002098,Customer Return,Size / Fit Issue,296.1
ORD_002103,RTO (Undelivered),Customer Refused at Doorstep,786.6
ORD_002105,Customer Return,Size / Fit Issue,2924.0
ORD_002106,Customer Return,Quality Not as Expected,3333.6
ORD_002107,Customer Return,Late Delivery,3026.1
ORD_002108,Customer Return,Size / Fit Issue,2746.8
ORD_002109,Customer Return,Size / Fit Issue,3016.0
ORD_002110,Customer Return,Size / Fit Issue,653.6
ORD_002111,RTO (Undelivered),Customer Refused at Doorstep,3792.0
ORD_002113,RTO (Undelivered),Customer Refused at Doorstep,2577.6
ORD_002114,RTO (Undelivered),Customer Refused at Doorstep,711.9
ORD_002117,Customer Return,Size / Fit Issue,901.0
ORD_002119,Customer Return,Defective / Damaged Item,784.0
ORD_002120,Customer Return,Quality Not as Expected,2144.0
ORD_002127,RTO (Undelivered),Customer Refused at Doorstep,1147.0
ORD_002129,Customer Return,Size / Fit Issue,2875.8
ORD_002131,Customer Return,Late Delivery,1820.4
ORD_002132,Customer Return,Size / Fit Issue,3282.5
ORD_002144,RTO (Undelivered),Customer Refused at Doorstep,1081.6
ORD_002146,Customer Return,Late Delivery,5577.8
ORD_002150,Customer Return,Size / Fit Issue,1850.9
ORD_002152,Customer Return,Size / Fit Issue,630.0
ORD_002159,Customer Return,Size / Fit Issue,1531.1
ORD_002161,Customer Return,Late Delivery,3703.1
ORD_002163,RTO (Undelivered),Customer Refused at Doorstep,1190.4
ORD_002170,RTO (Undelivered),Customer Refused at Doorstep,2819.4
ORD_002171,Customer Return,Late Delivery,3733.8
ORD_002174,Customer Return,Size / Fit Issue,2559.2
ORD_002177,Customer Return,Size / Fit Issue,545.1
ORD_002185,RTO (Undelivered),Customer Refused at Doorstep,705.6
ORD_002186,RTO (Undelivered),Customer Refused at Doorstep,2324.0
ORD_002189,RTO (Undelivered),Customer Refused at Doorstep,410.4
ORD_002191,Customer Return,Late Delivery,361.8
ORD_002199,RTO (Undelivered),Customer Refused at Doorstep,457.5
ORD_002200,Customer Return,Size / Fit Issue,772.2
ORD_002202,Customer Return,Late Delivery,2247.9
ORD_002205,Customer Return,Quality Not as Expected,703.0
ORD_002206,Customer Return,Quality Not as Expected,555.0
ORD_002208,RTO (Undelivered),Customer Refused at Doorstep,2590.0
ORD_002211,Customer Return,Found Better Price Elsewhere,2025.4
ORD_002215,Customer Return,Size / Fit Issue,4074.0
ORD_002225,Customer Return,Quality Not as Expected,2385.4
ORD_002228,RTO (Undelivered),Customer Refused at Doorstep,1145.4
ORD_002235,RTO (Undelivered),Customer Refused at Doorstep,3019.5
ORD_002238,RTO (Undelivered),Customer Refused at Doorstep,1115.4
ORD_002240,Customer Return,Late Delivery,427.5
ORD_002241,Customer Return,Size / Fit Issue,655.2
ORD_002247,RTO (Undelivered),Customer Refused at Doorstep,345.6
ORD_002252,Customer Return,Size / Fit Issue,1993.2
ORD_002253,Customer Return,Size / Fit Issue,2917.6
ORD_002254,RTO (Undelivered),Customer Refused at Doorstep,3643.2
ORD_002260,Customer Return,Found Better Price Elsewhere,2396.1
ORD_002263,Customer Return,Defective / Damaged Item,1280.0
ORD_002291,Customer Return,Quality Not as Expected,2824.8
ORD_002294,RTO (Undelivered),Customer Refused at Doorstep,971.5
ORD_002303,RTO (Undelivered),Customer Refused at Doorstep,324.0
ORD_002312,Customer Return,Late Delivery,1042.4
ORD_002314,RTO (Undelivered),Customer Refused at Doorstep,465.0
ORD_002319,Customer Return,Size / Fit Issue,818.4
ORD_002321,Customer Return,Late Delivery,6310.8
ORD_002322,Customer Return,Size / Fit Issue,1922.8
ORD_002327,Customer Return,Defective / Damaged Item,3179.0
ORD_002331,Customer Return,Quality Not as Expected,1646.4
ORD_002339,Customer Return,Size / Fit Issue,667.8
ORD_002348,Customer Return,Size / Fit Issue,3781.6
ORD_002350,Customer Return,Quality Not as Expected,483.8
ORD_002352,RTO (Undelivered),Customer Refused at Doorstep,1187.2
ORD_002353,Customer Return,Size / Fit Issue,3327.0
ORD_002364,RTO (Undelivered),Customer Refused at Doorstep,1165.5
ORD_002367,Customer Return,Size / Fit Issue,2653.6
ORD_002383,RTO (Undelivered),Customer Refused at Doorstep,6079.5
ORD_002385,Customer Return,Defective / Damaged Item,694.4
ORD_002387,RTO (Undelivered),Customer Refused at Doorstep,3313.6
ORD_002394,RTO (Undelivered),Customer Refused at Doorstep,2616.3
ORD_002399,Customer Return,Quality Not as Expected,2352.0
ORD_002406,RTO (Undelivered),Customer Refused at Doorstep,496.8
ORD_002408,Customer Return,Size / Fit Issue,904.7
ORD_002409,RTO (Undelivered),Customer Refused at Doorstep,613.2
ORD_002411,Customer Return,Size / Fit Issue,5216.6
ORD_002413,Customer Return,Size / Fit Issue,2812.8
ORD_002414,Customer Return,Size / Fit Issue,856.8
ORD_002421,RTO (Undelivered),Customer Refused at Doorstep,2467.5
ORD_002423,RTO (Undelivered),Customer Refused at Doorstep,693.5
ORD_002440,RTO (Undelivered),Customer Refused at Doorstep,3483.1
ORD_002442,Customer Return,Size / Fit Issue,1806.3
ORD_002447,RTO (Undelivered),Customer Refused at Doorstep,1920.0
ORD_002468,Customer Return,Quality Not as Expected,3875.6
ORD_002481,Customer Return,Size / Fit Issue,2626.0
ORD_002483,RTO (Undelivered),Customer Refused at Doorstep,6228.5
ORD_002486,RTO (Undelivered),Customer Refused at Doorstep,604.8
ORD_002499,Customer Return,Size / Fit Issue,3833.2
ORD_002512,Customer Return,Late Delivery,1850.9
ORD_002522,RTO (Undelivered),Customer Refused at Doorstep,886.4
ORD_002527,RTO (Undelivered),Customer Refused at Doorstep,1113.7
ORD_002529,Customer Return,Size / Fit Issue,3509.0
ORD_002531,Customer Return,Quality Not as Expected,1124.7
ORD_002532,RTO (Undelivered),Customer Refused at Doorstep,2136.4
ORD_002539,RTO (Undelivered),Customer Refused at Doorstep,2258.6
ORD_002557,Customer Return,Quality Not as Expected,1027.2
ORD_002563,Customer Return,Late Delivery,2872.6
ORD_002575,Customer Return,Quality Not as Expected,1568.0
ORD_002577,Customer Return,Defective / Damaged Item,737.1
ORD_002579,Customer Return,Size / Fit Issue,2257.8
ORD_002582,Customer Return,Size / Fit Issue,731.6
ORD_002592,RTO (Undelivered),Customer Refused at Doorstep,3954.7
ORD_002593,Customer Return,Size / Fit Issue,532.8
ORD_002597,Customer Return,Late Delivery,1861.2
ORD_002600,RTO (Undelivered),Customer Refused at Doorstep,432.6
ORD_002603,Customer Return,Size / Fit Issue,1686.4
ORD_002606,Customer Return,Defective / Damaged Item,1374.7
ORD_002617,Customer Return,Size / Fit Issue,713.4
ORD_002627,Customer Return,Defective / Damaged Item,4418.7
ORD_002629,RTO (Undelivered),Customer Refused at Doorstep,5256.7
ORD_002638,Customer Return,Late Delivery,635.1
ORD_002643,Customer Return,Quality Not as Expected,3480.6
ORD_002648,Customer Return,Late Delivery,897.6
ORD_002649,RTO (Undelivered),Customer Refused at Doorstep,4354.8
ORD_002653,RTO (Undelivered),Customer Refused at Doorstep,2223.7
ORD_002660,Customer Return,Size / Fit Issue,1457.7
ORD_002666,Customer Return,Defective / Damaged Item,3307.5
ORD_002671,Customer Return,Defective / Damaged Item,2596.0
ORD_002673,Customer Return,Size / Fit Issue,604.8
ORD_002700,Customer Return,Size / Fit Issue,1241.1
ORD_002703,Customer Return,Size / Fit Issue,3220.4
ORD_002704,Customer Return,Defective / Damaged Item,2776.4
ORD_002706,RTO (Undelivered),Customer Refused at Doorstep,3704.0
ORD_002708,Customer Return,Quality Not as Expected,1744.0
ORD_002712,RTO (Undelivered),Customer Refused at Doorstep,1310.4
ORD_002720,RTO (Undelivered),Customer Refused at Doorstep,655.4
ORD_002721,Customer Return,Late Delivery,2420.3
ORD_002722,Customer Return,Size / Fit Issue,3530.6
ORD_002733,RTO (Undelivered),Customer Refused at Doorstep,2108.2
ORD_002737,RTO (Undelivered),Customer Refused at Doorstep,4769.6
ORD_002740,Customer Return,Size / Fit Issue,2049.2
ORD_002741,Customer Return,Size / Fit Issue,898.8
ORD_002744,RTO (Undelivered),Customer Refused at Doorstep,5367.2
ORD_002756,Customer Return,Size / Fit Issue,2027.1
ORD_002763,Customer Return,Size / Fit Issue,837.4
ORD_002764,RTO (Undelivered),Customer Refused at Doorstep,899.0
ORD_002768,RTO (Undelivered),Customer Refused at Doorstep,2520.0
ORD_002787,Customer Return,Quality Not as Expected,1709.4
ORD_002793,Customer Return,Quality Not as Expected,1250.6
ORD_002795,Customer Return,Quality Not as Expected,5847.0
ORD_002796,RTO (Undelivered),Customer Refused at Doorstep,1235.1
ORD_002798,RTO (Undelivered),Customer Refused at Doorstep,1706.5
ORD_002799,Customer Return,Size / Fit Issue,3053.6
ORD_002805,RTO (Undelivered),Customer Refused at Doorstep,1519.4
ORD_002807,RTO (Undelivered),Customer Refused at Doorstep,2095.2
ORD_002810,Customer Return,Size / Fit Issue,1606.5
ORD_002821,RTO (Undelivered),Customer Refused at Doorstep,3048.6
ORD_002822,Customer Return,Size / Fit Issue,2412.7
ORD_002823,RTO (Undelivered),Customer Refused at Doorstep,5161.8
ORD_002835,RTO (Undelivered),Customer Refused at Doorstep,1108.8
ORD_002837,Customer Return,Size / Fit Issue,1835.4
ORD_002846,Customer Return,Quality Not as Expected,4906.4
ORD_002847,Customer Return,Size / Fit Issue,741.9
ORD_002855,RTO (Undelivered),Customer Refused at Doorstep,232.2
ORD_002864,Customer Return,Defective / Damaged Item,1134.2
ORD_002869,RTO (Undelivered),Customer Refused at Doorstep,4555.2
ORD_002872,Customer Return,Found Better Price Elsewhere,3525.0
ORD_002873,Customer Return,Quality Not as Expected,1144.6
ORD_002880,Customer Return,Quality Not as Expected,1890.7
ORD_002892,RTO (Undelivered),Customer Refused at Doorstep,768.5
ORD_002897,RTO (Undelivered),Customer Refused at Doorstep,1780.4
ORD_002904,RTO (Undelivered),Customer Refused at Doorstep,2420.0
ORD_002912,Customer Return,Defective / Damaged Item,391.5
ORD_002914,Customer Return,Found Better Price Elsewhere,453.6
ORD_002917,Customer Return,Quality Not as Expected,3353.2
ORD_002919,Customer Return,Quality Not as Expected,4018.0
ORD_002921,Customer Return,Size / Fit Issue,2329.7
ORD_002926,RTO (Undelivered),Customer Refused at Doorstep,989.1
ORD_002927,Customer Return,Quality Not as Expected,1406.0
ORD_002930,Customer Return,Quality Not as Expected,5763.4
ORD_002933,Customer Return,Quality Not as Expected,3901.0
ORD_002934,Customer Return,Late Delivery,6621.5
ORD_002938,Customer Return,Defective / Damaged Item,4904.8
ORD_002940,RTO (Undelivered),Customer Refused at Doorstep,3444.0
ORD_002941,Customer Return,Size / Fit Issue,2731.7
ORD_002948,Customer Return,Size / Fit Issue,4244.2
ORD_002949,RTO (Undelivered),Customer Refused at Doorstep,504.0
ORD_002953,Customer Return,Found Better Price Elsewhere,1159.2
ORD_002966,Customer Return,Quality Not as Expected,1332.0
ORD_002971,Customer Return,Quality Not as Expected,1308.7
ORD_002974,Customer Return,Size / Fit Issue,5452.5
ORD_002981,Customer Return,Defective / Damaged Item,1574.4
ORD_002985,Customer Return,Quality Not as Expected,2171.4
ORD_002992,Customer Return,Size / Fit Issue,820.8
ORD_002993,Customer Return,Quality Not as Expected,3231.9
ORD_003005,Customer Return,Defective / Damaged Item,920.2
ORD_003009,Customer Return,Size / Fit Issue,6222.8
ORD_003010,Customer Return,Quality Not as Expected,3508.4
ORD_003011,Customer Return,Defective / Damaged Item,2831.7
ORD_003013,RTO (Undelivered),Customer Refused at Doorstep,447.2
ORD_003021,Customer Return,Quality Not as Expected,434.7
ORD_003025,Customer Return,Quality Not as Expected,3577.2
ORD_003034,Customer Return,Size / Fit Issue,714.0
ORD_003037,Customer Return,Quality Not as Expected,1387.2
ORD_003049,Customer Return,Size / Fit Issue,980.5
ORD_003057,RTO (Undelivered),Customer Refused at Doorstep,3788.2
ORD_003061,RTO (Undelivered),Customer Refused at Doorstep,1264.8
ORD_003065,Customer Return,Quality Not as Expected,555.0
ORD_003076,Customer Return,Late Delivery,656.6
ORD_003079,RTO (Undelivered),Customer Refused at Doorstep,2314.3
ORD_003081,RTO (Undelivered),Customer Refused at Doorstep,1907.2
ORD_003084,RTO (Undelivered),Customer Refused at Doorstep,237.6
ORD_003092,RTO (Undelivered),Customer Refused at Doorstep,4540.5
ORD_003098,RTO (Undelivered),Customer Refused at Doorstep,1575.0
ORD_003099,RTO (Undelivered),Customer Refused at Doorstep,672.4
ORD_003103,Customer Return,Defective / Damaged Item,2861.5
ORD_003111,Customer Return,Size / Fit Issue,600.3
ORD_003123,Customer Return,Size / Fit Issue,1797.6
ORD_003128,RTO (Undelivered),Customer Refused at Doorstep,457.6
ORD_003131,Customer Return,Defective / Damaged Item,584.6
ORD_003133,RTO (Undelivered),Customer Refused at Doorstep,1438.8
ORD_003134,Customer Return,Defective / Damaged Item,2682.8
ORD_003135,Customer Return,Size / Fit Issue,2237.4
ORD_003138,Customer Return,Size / Fit Issue,1593.9
ORD_003144,RTO (Undelivered),Customer Refused at Doorstep,1584.4
ORD_003148,Customer Return,Size / Fit Issue,696.0
ORD_003150,RTO (Undelivered),Customer Refused at Doorstep,2009.6
ORD_003151,RTO (Undelivered),Customer Refused at Doorstep,2288.7
ORD_003156,Customer Return,Quality Not as Expected,2254.8
ORD_003161,RTO (Undelivered),Customer Refused at Doorstep,2242.9
ORD_003162,Customer Return,Size / Fit Issue,596.4
ORD_003163,Customer Return,Size / Fit Issue,2082.7
ORD_003167,Customer Return,Size / Fit Issue,1267.5
ORD_003174,RTO (Undelivered),Customer Refused at Doorstep,1387.2
ORD_003176,RTO (Undelivered),Customer Refused at Doorstep,1457.9
ORD_003182,Customer Return,Size / Fit Issue,297.0
ORD_003190,RTO (Undelivered),Customer Refused at Doorstep,3749.7
ORD_003191,RTO (Undelivered),Customer Refused at Doorstep,507.6
ORD_003193,Customer Return,Defective / Damaged Item,1253.0
ORD_003200,Customer Return,Size / Fit Issue,7005.0
ORD_003203,RTO (Undelivered),Customer Refused at Doorstep,690.0
ORD_003206,Customer Return,Quality Not as Expected,2919.2
ORD_003210,RTO (Undelivered),Customer Refused at Doorstep,624.1
ORD_003213,Customer Return,Late Delivery,360.0
ORD_003216,Customer Return,Quality Not as Expected,633.6
ORD_003222,RTO (Undelivered),Customer Refused at Doorstep,842.0
ORD_003229,RTO (Undelivered),Customer Refused at Doorstep,960.0
ORD_003230,Customer Return,Defective / Damaged Item,1926.0
ORD_003237,Customer Return,Defective / Damaged Item,353.8
ORD_003239,Customer Return,Quality Not as Expected,2083.2
ORD_003249,Customer Return,Size / Fit Issue,355.5
ORD_003252,Customer Return,Late Delivery,910.2
ORD_003256,Customer Return,Quality Not as Expected,1271.0
ORD_003260,Customer Return,Late Delivery,3489.6
ORD_003262,RTO (Undelivered),Customer Refused at Doorstep,1335.6
ORD_003263,Customer Return,Late Delivery,664.3
ORD_003264,RTO (Undelivered),Customer Refused at Doorstep,749.8
ORD_003268,Customer Return,Size / Fit Issue,1219.4
ORD_003270,RTO (Undelivered),Customer Refused at Doorstep,1200.0
ORD_003278,Customer Return,Late Delivery,6327.0
ORD_003291,RTO (Undelivered),Customer Refused at Doorstep,1875.5
ORD_003295,RTO (Undelivered),Customer Refused at Doorstep,591.3
ORD_003299,RTO (Undelivered),Customer Refused at Doorstep,532.8
ORD_003302,Customer Return,Late Delivery,936.0
ORD_003304,Customer Return,Quality Not as Expected,2901.1
ORD_003305,RTO (Undelivered),Customer Refused at Doorstep,2867.6
ORD_003307,RTO (Undelivered),Customer Refused at Doorstep,468.0
ORD_003312,Customer Return,Quality Not as Expected,2276.4
ORD_003315,Customer Return,Late Delivery,2209.8
ORD_003318,Customer Return,Quality Not as Expected,2478.9
ORD_003332,RTO (Undelivered),Customer Refused at Doorstep,960.0
ORD_003333,Customer Return,Size / Fit Issue,805.6
ORD_003334,Customer Return,Defective / Damaged Item,3173.0
ORD_003335,RTO (Undelivered),Customer Refused at Doorstep,826.8
ORD_003339,Customer Return,Quality Not as Expected,2401.3
ORD_003346,Customer Return,Size / Fit Issue,1554.0
ORD_003347,Customer Return,Size / Fit Issue,1438.8
ORD_003348,Customer Return,Late Delivery,1915.2
ORD_003350,RTO (Undelivered),Customer Refused at Doorstep,1449.5
ORD_003352,Customer Return,Late Delivery,2764.7
ORD_003353,RTO (Undelivered),Customer Refused at Doorstep,2933.7
ORD_003355,Customer Return,Quality Not as Expected,1457.7
ORD_003359,Customer Return,Size / Fit Issue,2900.1
ORD_003361,Customer Return,Size / Fit Issue,1406.2
ORD_003368,Customer Return,Defective / Damaged Item,664.2
ORD_003369,Customer Return,Size / Fit Issue,3854.0
ORD_003370,RTO (Undelivered),Customer Refused at Doorstep,852.0
ORD_003381,Customer Return,Size / Fit Issue,1831.2
ORD_003384,Customer Return,Late Delivery,774.0
ORD_003389,Customer Return,Size / Fit Issue,942.0
ORD_003397,Customer Return,Size / Fit Issue,1675.8
ORD_003399,RTO (Undelivered),Customer Refused at Doorstep,1763.3
ORD_003418,Customer Return,Size / Fit Issue,780.0
ORD_003419,RTO (Undelivered),Customer Refused at Doorstep,1321.4
ORD_003422,Customer Return,Late Delivery,352.8
ORD_003423,Customer Return,Quality Not as Expected,628.1
ORD_003429,Customer Return,Size / Fit Issue,2672.2
ORD_003437,Customer Return,Quality Not as Expected,496.0
ORD_003442,Customer Return,Size / Fit Issue,3682.0
ORD_003446,Customer Return,Quality Not as Expected,2817.2
ORD_003453,RTO (Undelivered),Customer Refused at Doorstep,2068.0
ORD_003460,Customer Return,Size / Fit Issue,1442.7
ORD_003461,RTO (Undelivered),Customer Refused at Doorstep,4609.0
ORD_003466,Customer Return,Found Better Price Elsewhere,3504.3
ORD_003471,Customer Return,Size / Fit Issue,1217.2
ORD_003477,Customer Return,Size / Fit Issue,671.6
ORD_003478,RTO (Undelivered),Customer Refused at Doorstep,729.6
ORD_003484,Customer Return,Found Better Price Elsewhere,2664.1
ORD_003487,Customer Return,Quality Not as Expected,2755.8
ORD_003492,Customer Return,Quality Not as Expected,1432.6
ORD_003496,Customer Return,Size / Fit Issue,1547.0
ORD_003499,RTO (Undelivered),Customer Refused at Doorstep,1095.6
ORD_003515,Customer Return,Quality Not as Expected,1060.8
ORD_003517,Customer Return,Size / Fit Issue,319.5
ORD_003531,Customer Return,Size / Fit Issue,1201.2
ORD_003534,Customer Return,Quality Not as Expected,937.9
ORD_003536,Customer Return,Found Better Price Elsewhere,1025.2
ORD_003542,Customer Return,Late Delivery,1436.4
ORD_003543,RTO (Undelivered),Customer Refused at Doorstep,3363.2
ORD_003544,Customer Return,Quality Not as Expected,377.0
ORD_003551,Customer Return,Quality Not as Expected,2590.0
ORD_003553,Customer Return,Quality Not as Expected,1349.4
ORD_003556,Customer Return,Size / Fit Issue,2545.2
ORD_003561,RTO (Undelivered),Customer Refused at Doorstep,923.4
ORD_003566,RTO (Undelivered),Customer Refused at Doorstep,1351.8
ORD_003577,Customer Return,Quality Not as Expected,4640.7
ORD_003578,RTO (Undelivered),Customer Refused at Doorstep,3539.7
ORD_003583,Customer Return,Size / Fit Issue,2024.0
ORD_003588,Customer Return,Late Delivery,667.0
ORD_003591,Customer Return,Size / Fit Issue,5879.6
ORD_003593,RTO (Undelivered),Customer Refused at Doorstep,1841.2
ORD_003596,RTO (Undelivered),Customer Refused at Doorstep,1093.4
ORD_003597,RTO (Undelivered),Customer Refused at Doorstep,1176.0
ORD_003598,Customer Return,Late Delivery,1038.0
ORD_003599,Customer Return,Size / Fit Issue,4010.8
ORD_003601,Customer Return,Size / Fit Issue,952.2
ORD_003608,RTO (Undelivered),Customer Refused at Doorstep,207.0
ORD_003609,Customer Return,Size / Fit Issue,4135.8
ORD_003610,RTO (Undelivered),Customer Refused at Doorstep,2044.0
ORD_003615,Customer Return,Size / Fit Issue,984.5
ORD_003617,Customer Return,Quality Not as Expected,3243.5
ORD_003626,Customer Return,Defective / Damaged Item,1260.0
ORD_003635,Customer Return,Quality Not as Expected,2598.6
ORD_003636,RTO (Undelivered),Customer Refused at Doorstep,3113.6
ORD_003639,RTO (Undelivered),Customer Refused at Doorstep,567.6
ORD_003645,Customer Return,Size / Fit Issue,920.4
ORD_003650,Customer Return,Found Better Price Elsewhere,8410.7
ORD_003653,RTO (Undelivered),Customer Refused at Doorstep,6029.1
ORD_003663,RTO (Undelivered),Customer Refused at Doorstep,1478.4
ORD_003669,Customer Return,Defective / Damaged Item,1700.1
ORD_003673,Customer Return,Size / Fit Issue,1137.3
ORD_003675,Customer Return,Late Delivery,6794.8
ORD_003678,Customer Return,Size / Fit Issue,4015.0
ORD_003683,Customer Return,Size / Fit Issue,4189.2
ORD_003684,Customer Return,Size / Fit Issue,5377.7
ORD_003693,RTO (Undelivered),Customer Refused at Doorstep,559.0
ORD_003695,Customer Return,Late Delivery,750.4
ORD_003699,Customer Return,Size / Fit Issue,2745.9
ORD_003700,Customer Return,Quality Not as Expected,1329.4
ORD_003704,Customer Return,Quality Not as Expected,1888.1
ORD_003717,Customer Return,Size / Fit Issue,1764.0
ORD_003719,Customer Return,Size / Fit Issue,2917.9
ORD_003726,Customer Return,Defective / Damaged Item,3142.4
ORD_003729,Customer Return,Quality Not as Expected,2073.4
ORD_003735,Customer Return,Quality Not as Expected,2409.4
ORD_003740,Customer Return,Found Better Price Elsewhere,4027.6
ORD_003742,RTO (Undelivered),Customer Refused at Doorstep,2637.3
ORD_003747,Customer Return,Late Delivery,1324.6
ORD_003748,Customer Return,Size / Fit Issue,742.6
ORD_003764,RTO (Undelivered),Customer Refused at Doorstep,2295.2
ORD_003770,RTO (Undelivered),Customer Refused at Doorstep,695.6
ORD_003774,RTO (Undelivered),Customer Refused at Doorstep,832.6
ORD_003781,Customer Return,Size / Fit Issue,4534.8
ORD_003787,Customer Return,Size / Fit Issue,1419.6
ORD_003790,Customer Return,Size / Fit Issue,2211.6
ORD_003800,Customer Return,Quality Not as Expected,346.5
ORD_003802,RTO (Undelivered),Customer Refused at Doorstep,1369.2
ORD_003804,Customer Return,Quality Not as Expected,931.0
ORD_003808,RTO (Undelivered),Customer Refused at Doorstep,1224.0
ORD_003810,Customer Return,Quality Not as Expected,1293.6
ORD_003811,Customer Return,Quality Not as Expected,2332.2
ORD_003817,RTO (Undelivered),Customer Refused at Doorstep,719.2
ORD_003822,Customer Return,Defective / Damaged Item,522.0
ORD_003841,Customer Return,Size / Fit Issue,2759.4
ORD_003843,RTO (Undelivered),Customer Refused at Doorstep,3515.1
ORD_003845,Customer Return,Size / Fit Issue,626.4
ORD_003848,Customer Return,Size / Fit Issue,3334.6
ORD_003850,Customer Return,Size / Fit Issue,1625.4
ORD_003854,RTO (Undelivered),Customer Refused at Doorstep,1373.7
ORD_003864,Customer Return,Size / Fit Issue,1592.0
ORD_003870,RTO (Undelivered),Customer Refused at Doorstep,4335.8
ORD_003877,Customer Return,Size / Fit Issue,1335.1
ORD_003878,Customer Return,Size / Fit Issue,5523.4
ORD_003883,RTO (Undelivered),Customer Refused at Doorstep,2141.8
ORD_003884,RTO (Undelivered),Customer Refused at Doorstep,1270.0
ORD_003885,Customer Return,Quality Not as Expected,3066.0
ORD_003888,RTO (Undelivered),Customer Refused at Doorstep,2396.6
ORD_003896,RTO (Undelivered),Customer Refused at Doorstep,2100.0
ORD_003902,RTO (Undelivered),Customer Refused at Doorstep,2354.4
ORD_003905,Customer Return,Size / Fit Issue,1627.2
ORD_003922,Customer Return,Quality Not as Expected,1672.8
ORD_003923,Customer Return,Quality Not as Expected,2373.0
ORD_003927,Customer Return,Quality Not as Expected,8248.2
ORD_003932,RTO (Undelivered),Customer Refused at Doorstep,2150.5
ORD_003933,RTO (Undelivered),Customer Refused at Doorstep,1837.3
ORD_003934,Customer Return,Size / Fit Issue,4877.7
ORD_003942,Customer Return,Quality Not as Expected,2296.0
ORD_003948,RTO (Undelivered),Customer Refused at Doorstep,1845.9
ORD_003949,RTO (Undelivered),Customer Refused at Doorstep,1073.0
ORD_003967,RTO (Undelivered),Customer Refused at Doorstep,4220.1
ORD_003972,Customer Return,Defective / Damaged Item,2562.8
ORD_003976,Customer Return,Size / Fit Issue,2180.0
ORD_003977,Customer Return,Quality Not as Expected,3793.6
ORD_003999,Customer Return,Size / Fit Issue,1293.6
ORD_004004,Customer Return,Late Delivery,919.8
ORD_004005,Customer Return,Late Delivery,513.5
ORD_004007,RTO (Undelivered),Customer Refused at Doorstep,1156.8
ORD_004014,Customer Return,Size / Fit Issue,498.2
ORD_004022,RTO (Undelivered),Customer Refused at Doorstep,2653.6
ORD_004040,Customer Return,Quality Not as Expected,1552.9
ORD_004043,RTO (Undelivered),Customer Refused at Doorstep,2476.4
ORD_004046,RTO (Undelivered),Customer Refused at Doorstep,1301.4
ORD_004057,Customer Return,Found Better Price Elsewhere,2272.4
ORD_004059,RTO (Undelivered),Customer Refused at Doorstep,4281.8
ORD_004060,Customer Return,Size / Fit Issue,931.0
ORD_004063,RTO (Undelivered),Customer Refused at Doorstep,2157.4
ORD_004071,Customer Return,Late Delivery,959.2
ORD_004073,RTO (Undelivered),Customer Refused at Doorstep,1138.0
ORD_004075,Customer Return,Quality Not as Expected,1628.4
ORD_004082,Customer Return,Late Delivery,2332.9
ORD_004083,Customer Return,Defective / Damaged Item,2124.2
ORD_004088,RTO (Undelivered),Customer Refused at Doorstep,1086.0
ORD_004099,Customer Return,Size / Fit Issue,1740.8
ORD_004107,Customer Return,Size / Fit Issue,2824.3
ORD_004124,Customer Return,Quality Not as Expected,2696.2
ORD_004125,Customer Return,Size / Fit Issue,1759.9
ORD_004141,Customer Return,Size / Fit Issue,1268.8
ORD_004149,Customer Return,Quality Not as Expected,3197.6
ORD_004153,RTO (Undelivered),Customer Refused at Doorstep,3955.8
ORD_004156,Customer Return,Size / Fit Issue,309.6
ORD_004158,RTO (Undelivered),Customer Refused at Doorstep,1747.5
ORD_004174,RTO (Undelivered),Customer Refused at Doorstep,453.6
ORD_004187,RTO (Undelivered),Customer Refused at Doorstep,1729.0
ORD_004188,Customer Return,Found Better Price Elsewhere,2967.4
ORD_004195,Customer Return,Defective / Damaged Item,3032.5
ORD_004200,Customer Return,Size / Fit Issue,3334.4
ORD_004201,Customer Return,Size / Fit Issue,1048.8
ORD_004205,Customer Return,Late Delivery,1901.2
ORD_004206,Customer Return,Found Better Price Elsewhere,1697.4
ORD_004207,Customer Return,Size / Fit Issue,2262.0
ORD_004208,Customer Return,Quality Not as Expected,502.5
ORD_004210,Customer Return,Size / Fit Issue,5393.1
ORD_004212,Customer Return,Quality Not as Expected,6222.7
ORD_004217,RTO (Undelivered),Customer Refused at Doorstep,876.0
ORD_004220,Customer Return,Late Delivery,1817.4
ORD_004222,RTO (Undelivered),Customer Refused at Doorstep,2557.3
ORD_004230,RTO (Undelivered),Customer Refused at Doorstep,676.0
ORD_004236,Customer Return,Quality Not as Expected,1525.2
ORD_004237,Customer Return,Defective / Damaged Item,5065.2
ORD_004240,RTO (Undelivered),Customer Refused at Doorstep,2099.5
ORD_004241,RTO (Undelivered),Customer Refused at Doorstep,1026.9
ORD_004253,Customer Return,Defective / Damaged Item,7079.5
ORD_004255,RTO (Undelivered),Customer Refused at Doorstep,2124.0
ORD_004257,RTO (Undelivered),Customer Refused at Doorstep,1688.4
ORD_004260,Customer Return,Size / Fit Issue,1113.9
ORD_004262,Customer Return,Quality Not as Expected,2685.0
ORD_004270,Customer Return,Late Delivery,3249.2
ORD_004271,Customer Return,Quality Not as Expected,4516.4
ORD_004274,Customer Return,Quality Not as Expected,2752.0
ORD_004275,Customer Return,Found Better Price Elsewhere,518.4
ORD_004282,RTO (Undelivered),Customer Refused at Doorstep,1116.5
ORD_004286,RTO (Undelivered),Customer Refused at Doorstep,1845.0
ORD_004289,RTO (Undelivered),Customer Refused at Doorstep,2021.6
ORD_004290,RTO (Undelivered),Customer Refused at Doorstep,1601.3
ORD_004294,RTO (Undelivered),Customer Refused at Doorstep,2034.0
ORD_004295,RTO (Undelivered),Customer Refused at Doorstep,850.9
ORD_004299,Customer Return,Quality Not as Expected,1739.8
ORD_004303,Customer Return,Late Delivery,3029.4
ORD_004304,Customer Return,Size / Fit Issue,2527.7
ORD_004316,RTO (Undelivered),Customer Refused at Doorstep,2634.4
ORD_004317,Customer Return,Found Better Price Elsewhere,2063.6
ORD_004318,RTO (Undelivered),Customer Refused at Doorstep,1353.6
ORD_004320,Customer Return,Size / Fit Issue,1192.8
ORD_004325,Customer Return,Quality Not as Expected,3129.0
ORD_004326,Customer Return,Size / Fit Issue,5294.2
ORD_004327,Customer Return,Quality Not as Expected,528.9
ORD_004329,RTO (Undelivered),Customer Refused at Doorstep,1288.0
ORD_004342,RTO (Undelivered),Customer Refused at Doorstep,1493.1
ORD_004343,Customer Return,Size / Fit Issue,2688.0
ORD_004344,RTO (Undelivered),Customer Refused at Doorstep,1572.1
ORD_004346,Customer Return,Size / Fit Issue,2464.0
ORD_004347,Customer Return,Quality Not as Expected,1746.0
ORD_004351,Customer Return,Size / Fit Issue,2465.0
ORD_004360,Customer Return,Size / Fit Issue,319.2
ORD_004361,RTO (Undelivered),Customer Refused at Doorstep,814.0
ORD_004363,Customer Return,Defective / Damaged Item,2640.7
ORD_004383,RTO (Undelivered),Customer Refused at Doorstep,6880.8
ORD_004386,Customer Return,Defective / Damaged Item,607.2
ORD_004387,Customer Return,Found Better Price Elsewhere,2196.6
ORD_004389,RTO (Undelivered),Customer Refused at Doorstep,1988.1
ORD_004391,RTO (Undelivered),Customer Refused at Doorstep,2709.7
ORD_004396,Customer Return,Quality Not as Expected,4571.8
ORD_004397,Customer Return,Late Delivery,2652.0
ORD_004399,RTO (Undelivered),Customer Refused at Doorstep,722.4
ORD_004402,Customer Return,Quality Not as Expected,3378.7
ORD_004410,RTO (Undelivered),Customer Refused at Doorstep,1277.3
ORD_004414,Customer Return,Size / Fit Issue,1990.8
ORD_004416,Customer Return,Size / Fit Issue,2298.4
ORD_004418,RTO (Undelivered),Customer Refused at Doorstep,5577.4
ORD_004419,Customer Return,Quality Not as Expected,530.7
ORD_004423,RTO (Undelivered),Customer Refused at Doorstep,3248.2
ORD_004425,RTO (Undelivered),Customer Refused at Doorstep,4711.7
ORD_004428,Customer Return,Size / Fit Issue,1715.6
ORD_004429,Customer Return,Late Delivery,1559.9
ORD_004430,Customer Return,Late Delivery,4666.3
ORD_004432,RTO (Undelivered),Customer Refused at Doorstep,4340.7
ORD_004436,RTO (Undelivered),Customer Refused at Doorstep,1064.0
ORD_004437,Customer Return,Size / Fit Issue,2563.2
ORD_004438,Customer Return,Quality Not as Expected,3558.4
ORD_004441,Customer Return,Quality Not as Expected,1555.2
ORD_004442,Customer Return,Size / Fit Issue,526.5
ORD_004445,Customer Return,Quality Not as Expected,1686.4
ORD_004452,Customer Return,Size / Fit Issue,1393.6
ORD_004455,Customer Return,Defective / Damaged Item,2975.8
ORD_004456,RTO (Undelivered),Customer Refused at Doorstep,1123.3
ORD_004472,RTO (Undelivered),Customer Refused at Doorstep,6813.8
ORD_004474,RTO (Undelivered),Customer Refused at Doorstep,1554.6
ORD_004480,RTO (Undelivered),Customer Refused at Doorstep,3142.8
ORD_004486,RTO (Undelivered),Customer Refused at Doorstep,4621.1
ORD_004487,Customer Return,Defective / Damaged Item,609.0
ORD_004489,RTO (Undelivered),Customer Refused at Doorstep,630.0
ORD_004490,RTO (Undelivered),Customer Refused at Doorstep,1601.3
ORD_004497,RTO (Undelivered),Customer Refused at Doorstep,1108.8
ORD_004500,Customer Return,Size / Fit Issue,3474.9
ORD_004504,Customer Return,Defective / Damaged Item,2648.0
ORD_004505,RTO (Undelivered),Customer Refused at Doorstep,4231.0
ORD_004508,RTO (Undelivered),Customer Refused at Doorstep,3283.7
ORD_004509,Customer Return,Size / Fit Issue,2058.0
ORD_004511,RTO (Undelivered),Customer Refused at Doorstep,1905.1
ORD_004514,Customer Return,Size / Fit Issue,1692.6
ORD_004516,RTO (Undelivered),Customer Refused at Doorstep,3696.0
ORD_004517,RTO (Undelivered),Customer Refused at Doorstep,1812.7
ORD_004518,Customer Return,Size / Fit Issue,1549.8
ORD_004522,Customer Return,Size / Fit Issue,3958.6
ORD_004526,RTO (Undelivered),Customer Refused at Doorstep,1368.9
ORD_004535,RTO (Undelivered),Customer Refused at Doorstep,3277.5
ORD_004539,RTO (Undelivered),Customer Refused at Doorstep,615.6
ORD_004548,RTO (Undelivered),Customer Refused at Doorstep,8822.9
ORD_004554,Customer Return,Size / Fit Issue,2684.0
ORD_004562,RTO (Undelivered),Customer Refused at Doorstep,2187.1
ORD_004563,RTO (Undelivered),Customer Refused at Doorstep,972.8
ORD_004572,RTO (Undelivered),Customer Refused at Doorstep,1588.5
ORD_004581,RTO (Undelivered),Customer Refused at Doorstep,1040.4
ORD_004582,RTO (Undelivered),Customer Refused at Doorstep,287.0
ORD_004586,RTO (Undelivered),Customer Refused at Doorstep,2210.0
ORD_004594,Customer Return,Quality Not as Expected,2167.5
ORD_004596,RTO (Undelivered),Customer Refused at Doorstep,2302.3
ORD_004600,Customer Return,Quality Not as Expected,1744.7
ORD_004602,Customer Return,Size / Fit Issue,2529.3
ORD_004603,Customer Return,Quality Not as Expected,2143.3
ORD_004613,Customer Return,Size / Fit Issue,2922.0
ORD_004616,Customer Return,Late Delivery,1762.2
ORD_004617,Customer Return,Late Delivery,1062.0
ORD_004621,RTO (Undelivered),Customer Refused at Doorstep,1635.3
ORD_004622,RTO (Undelivered),Customer Refused at Doorstep,763.8
ORD_004625,Customer Return,Quality Not as Expected,832.2
ORD_004626,Customer Return,Defective / Damaged Item,2117.0
ORD_004628,Customer Return,Quality Not as Expected,2614.5
ORD_004637,Customer Return,Size / Fit Issue,3217.8
ORD_004638,RTO (Undelivered),Customer Refused at Doorstep,491.4
ORD_004644,RTO (Undelivered),Customer Refused at Doorstep,2464.4
ORD_004650,Customer Return,Size / Fit Issue,1386.0
ORD_004653,RTO (Undelivered),Customer Refused at Doorstep,3008.2
ORD_004655,Customer Return,Size / Fit Issue,823.2
ORD_004656,RTO (Undelivered),Customer Refused at Doorstep,1088.0
ORD_004657,Customer Return,Quality Not as Expected,831.6
ORD_004661,Customer Return,Size / Fit Issue,3732.3
ORD_004664,RTO (Undelivered),Customer Refused at Doorstep,922.5
ORD_004666,Customer Return,Size / Fit Issue,3447.6
ORD_004675,RTO (Undelivered),Customer Refused at Doorstep,547.6
ORD_004679,RTO (Undelivered),Customer Refused at Doorstep,588.0
ORD_004683,RTO (Undelivered),Customer Refused at Doorstep,1788.8
ORD_004685,RTO (Undelivered),Customer Refused at Doorstep,1109.6
ORD_004689,Customer Return,Quality Not as Expected,972.8
ORD_004690,Customer Return,Late Delivery,1004.0
ORD_004692,RTO (Undelivered),Customer Refused at Doorstep,2113.8
ORD_004703,RTO (Undelivered),Customer Refused at Doorstep,2716.0
ORD_004705,Customer Return,Size / Fit Issue,1907.6
ORD_004706,Customer Return,Size / Fit Issue,2515.5
ORD_004710,Customer Return,Size / Fit Issue,1818.9
ORD_004713,Customer Return,Quality Not as Expected,3119.5
ORD_004715,Customer Return,Size / Fit Issue,2520.2
ORD_004716,RTO (Undelivered),Customer Refused at Doorstep,1580.8
ORD_004724,RTO (Undelivered),Customer Refused at Doorstep,2790.4
ORD_004725,Customer Return,Defective / Damaged Item,2580.4
ORD_004734,Customer Return,Quality Not as Expected,4505.7
ORD_004735,Customer Return,Size / Fit Issue,1166.4
ORD_004742,Customer Return,Quality Not as Expected,1674.9
ORD_004745,Customer Return,Defective / Damaged Item,1117.2
ORD_004761,Customer Return,Quality Not as Expected,4050.0
ORD_004766,Customer Return,Size / Fit Issue,1356.8
ORD_004769,Customer Return,Size / Fit Issue,966.0
ORD_004770,Customer Return,Size / Fit Issue,3723.2
ORD_004772,Customer Return,Defective / Damaged Item,672.0
ORD_004776,Customer Return,Quality Not as Expected,2258.6
ORD_004777,RTO (Undelivered),Customer Refused at Doorstep,3298.4
ORD_004789,RTO (Undelivered),Customer Refused at Doorstep,1624.0
ORD_004793,Customer Return,Size / Fit Issue,1178.0
ORD_004794,Customer Return,Size / Fit Issue,447.2
ORD_004801,Customer Return,Size / Fit Issue,5497.2
ORD_004804,Customer Return,Quality Not as Expected,2048.0
ORD_004807,Customer Return,Late Delivery,1462.5
ORD_004811,RTO (Undelivered),Customer Refused at Doorstep,667.0
ORD_004812,Customer Return,Defective / Damaged Item,1355.4
ORD_004816,Customer Return,Size / Fit Issue,585.2
ORD_004818,Customer Return,Defective / Damaged Item,1273.0
ORD_004822,RTO (Undelivered),Customer Refused at Doorstep,4895.2
ORD_004823,RTO (Undelivered),Customer Refused at Doorstep,1663.2
ORD_004828,RTO (Undelivered),Customer Refused at Doorstep,1928.0
ORD_004829,RTO (Undelivered),Customer Refused at Doorstep,1280.0
ORD_004838,Customer Return,Found Better Price Elsewhere,2739.5
ORD_004846,RTO (Undelivered),Customer Refused at Doorstep,1102.4
ORD_004854,Customer Return,Size / Fit Issue,3023.4
ORD_004856,Customer Return,Quality Not as Expected,2453.2
ORD_004858,Customer Return,Defective / Damaged Item,4063.8
ORD_004862,Customer Return,Size / Fit Issue,3543.3
ORD_004870,Customer Return,Quality Not as Expected,3133.9
ORD_004871,Customer Return,Quality Not as Expected,1411.2
ORD_004872,RTO (Undelivered),Customer Refused at Doorstep,1239.0
ORD_004877,RTO (Undelivered),Customer Refused at Doorstep,426.6
ORD_004879,RTO (Undelivered),Customer Refused at Doorstep,1351.5
ORD_004880,Customer Return,Size / Fit Issue,1176.4
ORD_004882,Customer Return,Size / Fit Issue,3878.9
ORD_004886,RTO (Undelivered),Customer Refused at Doorstep,1627.2
ORD_004893,Customer Return,Quality Not as Expected,2948.8
ORD_004897,Customer Return,Quality Not as Expected,2201.1
ORD_004901,Customer Return,Quality Not as Expected,3715.2
ORD_004903,RTO (Undelivered),Customer Refused at Doorstep,1302.0
ORD_004905,RTO (Undelivered),Customer Refused at Doorstep,2198.1
ORD_004907,Customer Return,Quality Not as Expected,1584.7
ORD_004908,Customer Return,Size / Fit Issue,520.8
ORD_004914,RTO (Undelivered),Customer Refused at Doorstep,2749.8
ORD_004917,Customer Return,Quality Not as Expected,1647.0
ORD_004920,RTO (Undelivered),Customer Refused at Doorstep,3746.8
ORD_004927,Customer Return,Size / Fit Issue,1650.2
ORD_004931,Customer Return,Size / Fit Issue,4065.0
ORD_004936,Customer Return,Quality Not as Expected,1593.3
ORD_004939,RTO (Undelivered),Customer Refused at Doorstep,530.7
ORD_004945,RTO (Undelivered),Customer Refused at Doorstep,1328.1
ORD_004952,Customer Return,Size / Fit Issue,306.0
ORD_004956,Customer Return,Quality Not as Expected,627.0
ORD_004960,Customer Return,Size / Fit Issue,3053.6
ORD_004969,RTO (Undelivered),Customer Refused at Doorstep,2182.4
ORD_004981,Customer Return,Found Better Price Elsewhere,4075.6
ORD_004983,Customer Return,Found Better Price Elsewhere,3879.4
ORD_004994,Customer Return,Size / Fit Issue,5061.6
ORD_004995,Customer Return,Size / Fit Issue,1770.3
ORD_005006,RTO (Undelivered),Customer Refused at Doorstep,2362.2
ORD_005016,RTO (Undelivered),Customer Refused at Doorstep,1074.6
ORD_005024,RTO (Undelivered),Customer Refused at Doorstep,2079.3
ORD_005027,Customer Return,Late Delivery,2356.2
ORD_005035,Customer Return,Defective / Damaged Item,2147.0
ORD_005041,Customer Return,Late Delivery,979.8
ORD_005044,Customer Return,Quality Not as Expected,1249.5
ORD_005050,Customer Return,Size / Fit Issue,1715.0
ORD_005057,Customer Return,Size / Fit Issue,3409.8
ORD_005062,Customer Return,Size / Fit Issue,699.2
ORD_005067,RTO (Undelivered),Customer Refused at Doorstep,1520.4
ORD_005073,Customer Return,Quality Not as Expected,604.8
ORD_005074,Customer Return,Size / Fit Issue,3270.8
ORD_005078,RTO (Undelivered),Customer Refused at Doorstep,2715.8
ORD_005085,Customer Return,Quality Not as Expected,6014.6
ORD_005090,Customer Return,Defective / Damaged Item,3683.1
ORD_005094,RTO (Undelivered),Customer Refused at Doorstep,761.6
ORD_005095,RTO (Undelivered),Customer Refused at Doorstep,851.2
ORD_005100,RTO (Undelivered),Customer Refused at Doorstep,689.0
ORD_005112,Customer Return,Quality Not as Expected,5756.2
ORD_005117,Customer Return,Size / Fit Issue,1159.1
ORD_005118,RTO (Undelivered),Customer Refused at Doorstep,1654.3
ORD_005119,Customer Return,Quality Not as Expected,3102.1
ORD_005120,Customer Return,Quality Not as Expected,1474.2
ORD_005128,Customer Return,Quality Not as Expected,5188.2
ORD_005141,Customer Return,Quality Not as Expected,621.6
ORD_005142,Customer Return,Quality Not as Expected,3306.2
ORD_005145,Customer Return,Quality Not as Expected,2352.0
ORD_005148,Customer Return,Quality Not as Expected,1121.3
ORD_005158,RTO (Undelivered),Customer Refused at Doorstep,2064.1
ORD_005163,RTO (Undelivered),Customer Refused at Doorstep,1512.4
ORD_005169,Customer Return,Found Better Price Elsewhere,955.8
ORD_005172,RTO (Undelivered),Customer Refused at Doorstep,1540.8
ORD_005180,Customer Return,Size / Fit Issue,1336.2
ORD_005181,Customer Return,Defective / Damaged Item,4443.7
ORD_005184,Customer Return,Defective / Damaged Item,896.4
ORD_005185,RTO (Undelivered),Customer Refused at Doorstep,775.2
ORD_005187,RTO (Undelivered),Customer Refused at Doorstep,1790.0
ORD_005189,Customer Return,Size / Fit Issue,4746.6
ORD_005191,Customer Return,Quality Not as Expected,836.0
ORD_005192,RTO (Undelivered),Customer Refused at Doorstep,1842.2
ORD_005195,Customer Return,Defective / Damaged Item,2592.6
ORD_005197,Customer Return,Size / Fit Issue,6850.8
ORD_005202,Customer Return,Defective / Damaged Item,746.2
ORD_005209,RTO (Undelivered),Customer Refused at Doorstep,2434.2
ORD_005211,Customer Return,Size / Fit Issue,1238.8
ORD_005217,Customer Return,Defective / Damaged Item,2560.8
ORD_005223,Customer Return,Size / Fit Issue,1044.0
ORD_005226,RTO (Undelivered),Customer Refused at Doorstep,944.0
ORD_005239,RTO (Undelivered),Customer Refused at Doorstep,2935.6
ORD_005240,RTO (Undelivered),Customer Refused at Doorstep,1227.2
ORD_005242,Customer Return,Defective / Damaged Item,2801.0
ORD_005244,RTO (Undelivered),Customer Refused at Doorstep,253.8
ORD_005249,RTO (Undelivered),Customer Refused at Doorstep,2434.4
ORD_005251,Customer Return,Size / Fit Issue,469.8
ORD_005258,Customer Return,Quality Not as Expected,1728.9
ORD_005264,RTO (Undelivered),Customer Refused at Doorstep,805.5
ORD_005267,Customer Return,Defective / Damaged Item,5947.8
ORD_005270,Customer Return,Quality Not as Expected,3498.3
ORD_005274,RTO (Undelivered),Customer Refused at Doorstep,1747.4
ORD_005281,Customer Return,Late Delivery,2745.4
ORD_005291,RTO (Undelivered),Customer Refused at Doorstep,1550.4
ORD_005313,RTO (Undelivered),Customer Refused at Doorstep,2861.6
ORD_005315,Customer Return,Size / Fit Issue,574.2
ORD_005326,RTO (Undelivered),Customer Refused at Doorstep,1365.0
ORD_005330,RTO (Undelivered),Customer Refused at Doorstep,1401.3
ORD_005336,Customer Return,Size / Fit Issue,769.3
ORD_005346,Customer Return,Found Better Price Elsewhere,1538.7
ORD_005350,RTO (Undelivered),Customer Refused at Doorstep,1958.4
ORD_005355,RTO (Undelivered),Customer Refused at Doorstep,1574.7
ORD_005361,Customer Return,Size / Fit Issue,1346.4
ORD_005364,RTO (Undelivered),Customer Refused at Doorstep,780.0
ORD_005365,Customer Return,Quality Not as Expected,697.6
ORD_005370,RTO (Undelivered),Customer Refused at Doorstep,4039.1
ORD_005371,Customer Return,Defective / Damaged Item,1933.2
ORD_005374,RTO (Undelivered),Customer Refused at Doorstep,1337.2
ORD_005376,RTO (Undelivered),Customer Refused at Doorstep,557.6
ORD_005378,RTO (Undelivered),Customer Refused at Doorstep,2601.6
ORD_005379,RTO (Undelivered),Customer Refused at Doorstep,541.5
ORD_005385,RTO (Undelivered),Customer Refused at Doorstep,912.0
ORD_005392,RTO (Undelivered),Customer Refused at Doorstep,437.0
ORD_005403,RTO (Undelivered),Customer Refused at Doorstep,1407.0
ORD_005409,Customer Return,Defective / Damaged Item,2191.8
ORD_005417,Customer Return,Size / Fit Issue,1484.4
ORD_005421,RTO (Undelivered),Customer Refused at Doorstep,3666.0
ORD_005425,Customer Return,Size / Fit Issue,2413.6
ORD_005426,RTO (Undelivered),Customer Refused at Doorstep,2809.6
ORD_005427,Customer Return,Size / Fit Issue,2645.5
ORD_005438,RTO (Undelivered),Customer Refused at Doorstep,1626.9
ORD_005441,RTO (Undelivered),Customer Refused at Doorstep,207.9
ORD_005444,Customer Return,Size / Fit Issue,2941.7
ORD_005447,RTO (Undelivered),Customer Refused at Doorstep,6007.2
ORD_005449,RTO (Undelivered),Customer Refused at Doorstep,771.9
ORD_005451,Customer Return,Defective / Damaged Item,465.0
ORD_005454,Customer Return,Quality Not as Expected,862.4
ORD_005456,Customer Return,Size / Fit Issue,1307.2
ORD_005458,Customer Return,Quality Not as Expected,533.0
ORD_005464,RTO (Undelivered),Customer Refused at Doorstep,3054.8
ORD_005465,Customer Return,Size / Fit Issue,549.9
ORD_005466,RTO (Undelivered),Customer Refused at Doorstep,5135.5
ORD_005467,Customer Return,Size / Fit Issue,2856.4
ORD_005472,RTO (Undelivered),Customer Refused at Doorstep,295.2
ORD_005473,Customer Return,Size / Fit Issue,1848.0
ORD_005487,RTO (Undelivered),Customer Refused at Doorstep,388.8
ORD_005490,Customer Return,Size / Fit Issue,373.5
ORD_005491,Customer Return,Found Better Price Elsewhere,6403.8
ORD_005495,Customer Return,Size / Fit Issue,3749.7
ORD_005502,Customer Return,Late Delivery,3739.8
ORD_005508,RTO (Undelivered),Customer Refused at Doorstep,1623.5
ORD_005509,RTO (Undelivered),Customer Refused at Doorstep,1246.4
ORD_005510,Customer Return,Size / Fit Issue,2283.3
ORD_005511,RTO (Undelivered),Customer Refused at Doorstep,1676.4
ORD_005512,Customer Return,Size / Fit Issue,3317.8
ORD_005515,Customer Return,Size / Fit Issue,537.2
ORD_005516,Customer Return,Defective / Damaged Item,361.2
ORD_005518,Customer Return,Size / Fit Issue,2050.1
ORD_005519,Customer Return,Size / Fit Issue,3387.9
ORD_005524,RTO (Undelivered),Customer Refused at Doorstep,3132.8
ORD_005527,Customer Return,Quality Not as Expected,1845.9
ORD_005530,Customer Return,Defective / Damaged Item,705.0
ORD_005531,Customer Return,Late Delivery,1568.8
ORD_005532,Customer Return,Found Better Price Elsewhere,2560.3
ORD_005539,Customer Return,Size / Fit Issue,1711.0
ORD_005540,Customer Return,Quality Not as Expected,284.2
ORD_005543,Customer Return,Size / Fit Issue,2584.1
ORD_005544,Customer Return,Size / Fit Issue,5355.8
ORD_005550,Customer Return,Defective / Damaged Item,1211.0
ORD_005552,Customer Return,Size / Fit Issue,524.8
ORD_005554,Customer Return,Size / Fit Issue,1413.6
ORD_005561,RTO (Undelivered),Customer Refused at Doorstep,3749.6
ORD_005564,Customer Return,Defective / Damaged Item,2946.5
ORD_005565,Customer Return,Size / Fit Issue,835.6
ORD_005572,Customer Return,Size / Fit Issue,1196.8
ORD_005573,RTO (Undelivered),Customer Refused at Doorstep,3381.2
ORD_005578,RTO (Undelivered),Customer Refused at Doorstep,2192.4
ORD_005579,Customer Return,Quality Not as Expected,661.2
ORD_005581,RTO (Undelivered),Customer Refused at Doorstep,2971.6
ORD_005583,Customer Return,Quality Not as Expected,5855.4
ORD_005587,Customer Return,Size / Fit Issue,3542.8
ORD_005591,Customer Return,Size / Fit Issue,1209.0
ORD_005592,Customer Return,Quality Not as Expected,1184.0
ORD_005596,RTO (Undelivered),Customer Refused at Doorstep,700.9
ORD_005602,Customer Return,Quality Not as Expected,3686.0
ORD_005603,Customer Return,Defective / Damaged Item,3907.5
ORD_005605,Customer Return,Quality Not as Expected,3017.8
ORD_005608,RTO (Undelivered),Customer Refused at Doorstep,1512.0
ORD_005610,RTO (Undelivered),Customer Refused at Doorstep,2311.9
ORD_005617,Customer Return,Defective / Damaged Item,5029.9
ORD_005619,RTO (Undelivered),Customer Refused at Doorstep,1232.2
ORD_005620,Customer Return,Found Better Price Elsewhere,2980.3
ORD_005627,RTO (Undelivered),Customer Refused at Doorstep,2953.2
ORD_005630,Customer Return,Size / Fit Issue,1420.8
ORD_005632,Customer Return,Quality Not as Expected,2129.0
ORD_005637,Customer Return,Size / Fit Issue,638.4
ORD_005647,Customer Return,Size / Fit Issue,2910.4
ORD_005648,Customer Return,Size / Fit Issue,2758.4
ORD_005657,Customer Return,Size / Fit Issue,2874.3
ORD_005659,Customer Return,Size / Fit Issue,2360.4
ORD_005672,Customer Return,Found Better Price Elsewhere,1037.3
ORD_005676,RTO (Undelivered),Customer Refused at Doorstep,4777.1
ORD_005680,RTO (Undelivered),Customer Refused at Doorstep,3990.0
ORD_005683,Customer Return,Size / Fit Issue,2429.6
ORD_005691,Customer Return,Late Delivery,4272.2
ORD_005692,Customer Return,Size / Fit Issue,4172.5
ORD_005696,Customer Return,Quality Not as Expected,4938.6
ORD_005700,RTO (Undelivered),Customer Refused at Doorstep,327.6
ORD_005704,Customer Return,Size / Fit Issue,2998.3
ORD_005709,Customer Return,Size / Fit Issue,1196.8
ORD_005712,RTO (Undelivered),Customer Refused at Doorstep,7213.5
ORD_005713,RTO (Undelivered),Customer Refused at Doorstep,2360.6
ORD_005723,RTO (Undelivered),Customer Refused at Doorstep,517.0
ORD_005728,Customer Return,Size / Fit Issue,468.0
ORD_005734,Customer Return,Size / Fit Issue,2160.3
ORD_005742,Customer Return,Quality Not as Expected,5150.6
ORD_005743,Customer Return,Quality Not as Expected,4130.5
ORD_005744,Customer Return,Late Delivery,2765.4
ORD_005761,Customer Return,Size / Fit Issue,3354.6
ORD_005768,Customer Return,Quality Not as Expected,1327.5
ORD_005770,RTO (Undelivered),Customer Refused at Doorstep,1493.1
ORD_005773,RTO (Undelivered),Customer Refused at Doorstep,1505.7
ORD_005778,RTO (Undelivered),Customer Refused at Doorstep,3418.5
ORD_005783,Customer Return,Quality Not as Expected,3450.5
ORD_005788,RTO (Undelivered),Customer Refused at Doorstep,1216.0
ORD_005791,RTO (Undelivered),Customer Refused at Doorstep,1012.2
ORD_005794,Customer Return,Late Delivery,6113.2
ORD_005795,Customer Return,Quality Not as Expected,1726.2
ORD_005802,Customer Return,Late Delivery,1686.4
ORD_005803,RTO (Undelivered),Customer Refused at Doorstep,863.6
ORD_005806,Customer Return,Size / Fit Issue,931.0
ORD_005807,Customer Return,Size / Fit Issue,619.1
ORD_005810,RTO (Undelivered),Customer Refused at Doorstep,3403.4
ORD_005813,Customer Return,Found Better Price Elsewhere,6067.9
ORD_005814,RTO (Undelivered),Customer Refused at Doorstep,899.1
ORD_005818,RTO (Undelivered),Customer Refused at Doorstep,3794.0
ORD_005820,RTO (Undelivered),Customer Refused at Doorstep,1701.5
ORD_005837,RTO (Undelivered),Customer Refused at Doorstep,6406.4
ORD_005851,RTO (Undelivered),Customer Refused at Doorstep,1642.5
ORD_005852,Customer Return,Size / Fit Issue,2134.6
ORD_005855,Customer Return,Late Delivery,6316.5
ORD_005860,Customer Return,Quality Not as Expected,3115.3
ORD_005867,RTO (Undelivered),Customer Refused at Doorstep,608.0
ORD_005873,Customer Return,Defective / Damaged Item,1375.4
ORD_005877,RTO (Undelivered),Customer Refused at Doorstep,2834.0
ORD_005878,Customer Return,Late Delivery,910.2
ORD_005885,Customer Return,Size / Fit Issue,424.0
ORD_005891,Customer Return,Quality Not as Expected,870.0
ORD_005893,RTO (Undelivered),Customer Refused at Doorstep,1866.0
ORD_005895,Customer Return,Size / Fit Issue,1070.1
ORD_005901,RTO (Undelivered),Customer Refused at Doorstep,1018.4
ORD_005902,RTO (Undelivered),Customer Refused at Doorstep,1743.9
ORD_005908,Customer Return,Size / Fit Issue,3357.2
ORD_005910,Customer Return,Size / Fit Issue,3184.8
ORD_005911,Customer Return,Size / Fit Issue,1289.6
ORD_005914,RTO (Undelivered),Customer Refused at Doorstep,1310.4
ORD_005916,Customer Return,Size / Fit Issue,526.4
ORD_005921,Customer Return,Size / Fit Issue,2720.0
ORD_005924,RTO (Undelivered),Customer Refused at Doorstep,2332.2
ORD_005927,RTO (Undelivered),Customer Refused at Doorstep,817.8
ORD_005928,Customer Return,Size / Fit Issue,1606.4
ORD_005932,RTO (Undelivered),Customer Refused at Doorstep,672.3
ORD_005933,Customer Return,Quality Not as Expected,2476.5
ORD_005946,RTO (Undelivered),Customer Refused at Doorstep,355.1
ORD_005948,Customer Return,Quality Not as Expected,2212.0
ORD_005951,Customer Return,Size / Fit Issue,2894.0
ORD_005956,RTO (Undelivered),Customer Refused at Doorstep,1657.6
ORD_005957,Customer Return,Defective / Damaged Item,2471.2
ORD_005959,Customer Return,Quality Not as Expected,1533.0
ORD_005960,Customer Return,Size / Fit Issue,1462.8
ORD_005961,Customer Return,Quality Not as Expected,2291.2
ORD_005964,Customer Return,Size / Fit Issue,2048.0
ORD_005966,Customer Return,Quality Not as Expected,1857.9
ORD_005973,Customer Return,Size / Fit Issue,1955.8
ORD_005974,Customer Return,Found Better Price Elsewhere,1079.2
ORD_005977,Customer Return,Found Better Price Elsewhere,4195.8
ORD_005984,Customer Return,Late Delivery,3013.5
ORD_005985,Customer Return,Quality Not as Expected,1502.3
ORD_005986,RTO (Undelivered),Customer Refused at Doorstep,1903.2
ORD_005989,Customer Return,Size / Fit Issue,2293.3
ORD_005995,RTO (Undelivered),Customer Refused at Doorstep,2396.6
ORD_006003,Customer Return,Size / Fit Issue,2479.4
ORD_006008,Customer Return,Late Delivery,5234.6
ORD_006010,Customer Return,Quality Not as Expected,2020.0
ORD_006014,RTO (Undelivered),Customer Refused at Doorstep,1822.4
ORD_006018,RTO (Undelivered),Customer Refused at Doorstep,1500.6
ORD_006025,Customer Return,Quality Not as Expected,977.6
ORD_006029,RTO (Undelivered),Customer Refused at Doorstep,760.2
ORD_006035,Customer Return,Quality Not as Expected,3432.4
ORD_006043,Customer Return,Defective / Damaged Item,1626.0
ORD_006045,Customer Return,Size / Fit Issue,1365.0
ORD_006054,Customer Return,Size / Fit Issue,3175.1
ORD_006060,RTO (Undelivered),Customer Refused at Doorstep,453.6
ORD_006061,RTO (Undelivered),Customer Refused at Doorstep,3319.4
ORD_006062,Customer Return,Size / Fit Issue,2252.8
ORD_006064,Customer Return,Size / Fit Issue,1861.6
ORD_006065,RTO (Undelivered),Customer Refused at Doorstep,1238.4
ORD_006066,RTO (Undelivered),Customer Refused at Doorstep,752.4
ORD_006068,RTO (Undelivered),Customer Refused at Doorstep,1435.2
ORD_006074,Customer Return,Size / Fit Issue,1748.0
ORD_006079,Customer Return,Quality Not as Expected,3524.6
ORD_006085,RTO (Undelivered),Customer Refused at Doorstep,996.6
ORD_006086,RTO (Undelivered),Customer Refused at Doorstep,504.0
ORD_006092,Customer Return,Size / Fit Issue,3772.0
ORD_006093,Customer Return,Size / Fit Issue,3232.5
ORD_006099,Customer Return,Defective / Damaged Item,3162.3
ORD_006102,Customer Return,Size / Fit Issue,820.8
ORD_006107,Customer Return,Size / Fit Issue,4462.5
ORD_006108,Customer Return,Quality Not as Expected,3489.3
ORD_006117,Customer Return,Found Better Price Elsewhere,1224.5
ORD_006131,RTO (Undelivered),Customer Refused at Doorstep,744.2
ORD_006133,Customer Return,Size / Fit Issue,1890.6
ORD_006137,Customer Return,Size / Fit Issue,2013.0
ORD_006138,RTO (Undelivered),Customer Refused at Doorstep,1249.5
ORD_006141,RTO (Undelivered),Customer Refused at Doorstep,5696.9
ORD_006147,Customer Return,Size / Fit Issue,846.9
ORD_006151,Customer Return,Size / Fit Issue,630.0
ORD_006163,RTO (Undelivered),Customer Refused at Doorstep,590.4
ORD_006167,RTO (Undelivered),Customer Refused at Doorstep,855.5
ORD_006172,RTO (Undelivered),Customer Refused at Doorstep,1185.9
ORD_006174,RTO (Undelivered),Customer Refused at Doorstep,1792.8
ORD_006175,Customer Return,Size / Fit Issue,910.0
ORD_006180,Customer Return,Quality Not as Expected,3352.8
ORD_006189,Customer Return,Late Delivery,761.4
ORD_006190,Customer Return,Defective / Damaged Item,2148.8
ORD_006191,Customer Return,Size / Fit Issue,2686.5
ORD_006198,RTO (Undelivered),Customer Refused at Doorstep,3006.7
ORD_006204,Customer Return,Size / Fit Issue,4678.5
ORD_006205,Customer Return,Quality Not as Expected,2464.0
ORD_006208,Customer Return,Size / Fit Issue,2475.2
ORD_006209,RTO (Undelivered),Customer Refused at Doorstep,3078.8
ORD_006210,Customer Return,Quality Not as Expected,2834.0
ORD_006211,Customer Return,Late Delivery,3444.4
ORD_006213,RTO (Undelivered),Customer Refused at Doorstep,9222.7
ORD_006218,RTO (Undelivered),Customer Refused at Doorstep,1418.6
ORD_006219,RTO (Undelivered),Customer Refused at Doorstep,3404.9
ORD_006221,RTO (Undelivered),Customer Refused at Doorstep,2250.4
ORD_006223,Customer Return,Found Better Price Elsewhere,1682.1
ORD_006224,Customer Return,Quality Not as Expected,2182.8
ORD_006226,RTO (Undelivered),Customer Refused at Doorstep,361.2
ORD_006229,Customer Return,Quality Not as Expected,590.4
ORD_006231,Customer Return,Defective / Damaged Item,2307.7
ORD_006233,RTO (Undelivered),Customer Refused at Doorstep,1649.1
ORD_006237,RTO (Undelivered),Customer Refused at Doorstep,351.0
ORD_006239,RTO (Undelivered),Customer Refused at Doorstep,1474.6
ORD_006248,Customer Return,Quality Not as Expected,3681.5
ORD_006250,Customer Return,Size / Fit Issue,1705.1
ORD_006254,Customer Return,Quality Not as Expected,1078.0
ORD_006256,Customer Return,Size / Fit Issue,4268.1
ORD_006259,Customer Return,Quality Not as Expected,2604.8
ORD_006262,Customer Return,Quality Not as Expected,4222.6
ORD_006268,RTO (Undelivered),Customer Refused at Doorstep,1331.2
ORD_006269,RTO (Undelivered),Customer Refused at Doorstep,3209.9
ORD_006270,Customer Return,Quality Not as Expected,1641.5
ORD_006276,Customer Return,Defective / Damaged Item,1083.6
ORD_006284,Customer Return,Defective / Damaged Item,616.0
ORD_006285,RTO (Undelivered),Customer Refused at Doorstep,2633.5
ORD_006287,Customer Return,Quality Not as Expected,879.8
ORD_006288,Customer Return,Quality Not as Expected,873.6
ORD_006291,RTO (Undelivered),Customer Refused at Doorstep,1455.3
ORD_006294,RTO (Undelivered),Customer Refused at Doorstep,1431.4
ORD_006299,Customer Return,Quality Not as Expected,1226.4
ORD_006301,RTO (Undelivered),Customer Refused at Doorstep,4079.8
ORD_006302,Customer Return,Size / Fit Issue,1923.6
ORD_006303,Customer Return,Size / Fit Issue,550.8
ORD_006325,Customer Return,Defective / Damaged Item,1425.6
ORD_006327,Customer Return,Size / Fit Issue,732.6
ORD_006330,RTO (Undelivered),Customer Refused at Doorstep,2172.8
ORD_006336,RTO (Undelivered),Customer Refused at Doorstep,2415.0
ORD_006344,RTO (Undelivered),Customer Refused at Doorstep,863.6
ORD_006350,RTO (Undelivered),Customer Refused at Doorstep,1462.5
ORD_006360,Customer Return,Defective / Damaged Item,554.4
ORD_006363,RTO (Undelivered),Customer Refused at Doorstep,1168.4
ORD_006364,Customer Return,Size / Fit Issue,6537.0
ORD_006375,Customer Return,Size / Fit Issue,1264.8
ORD_006378,Customer Return,Quality Not as Expected,1492.4
ORD_006384,Customer Return,Found Better Price Elsewhere,3531.3
ORD_006387,Customer Return,Size / Fit Issue,2006.6
ORD_006390,RTO (Undelivered),Customer Refused at Doorstep,355.5
ORD_006393,Customer Return,Quality Not as Expected,309.6
ORD_006397,Customer Return,Quality Not as Expected,1260.9
ORD_006402,Customer Return,Size / Fit Issue,2358.7
ORD_006404,Customer Return,Size / Fit Issue,4263.6
ORD_006416,Customer Return,Found Better Price Elsewhere,2483.2
ORD_006426,Customer Return,Size / Fit Issue,1695.0
ORD_006436,Customer Return,Quality Not as Expected,2697.5
ORD_006439,Customer Return,Late Delivery,1125.0
ORD_006448,Customer Return,Late Delivery,1101.6
ORD_006454,RTO (Undelivered),Customer Refused at Doorstep,3008.0
ORD_006455,Customer Return,Quality Not as Expected,496.8
ORD_006472,RTO (Undelivered),Customer Refused at Doorstep,2659.6
ORD_006476,RTO (Undelivered),Customer Refused at Doorstep,391.5
ORD_006479,RTO (Undelivered),Customer Refused at Doorstep,3478.0
ORD_006482,RTO (Undelivered),Customer Refused at Doorstep,504.0
ORD_006485,Customer Return,Defective / Damaged Item,1304.0
ORD_006492,Customer Return,Size / Fit Issue,1998.7
ORD_006511,Customer Return,Found Better Price Elsewhere,932.2
ORD_006513,Customer Return,Size / Fit Issue,2553.2
ORD_006518,RTO (Undelivered),Customer Refused at Doorstep,1142.4
ORD_006520,RTO (Undelivered),Customer Refused at Doorstep,418.5
ORD_006521,RTO (Undelivered),Customer Refused at Doorstep,1749.6
ORD_006523,Customer Return,Quality Not as Expected,1825.1
ORD_006526,RTO (Undelivered),Customer Refused at Doorstep,1222.7
ORD_006527,RTO (Undelivered),Customer Refused at Doorstep,194.7
ORD_006529,RTO (Undelivered),Customer Refused at Doorstep,1357.5
ORD_006535,Customer Return,Size / Fit Issue,1360.8
ORD_006536,Customer Return,Size / Fit Issue,1530.9
ORD_006553,Customer Return,Size / Fit Issue,1922.8
ORD_006559,Customer Return,Size / Fit Issue,1902.4
ORD_006562,Customer Return,Defective / Damaged Item,1428.0
ORD_006563,Customer Return,Defective / Damaged Item,2690.9
ORD_006568,RTO (Undelivered),Customer Refused at Doorstep,3009.9
ORD_006570,RTO (Undelivered),Customer Refused at Doorstep,2720.0
ORD_006573,Customer Return,Quality Not as Expected,3751.2
ORD_006575,Customer Return,Defective / Damaged Item,3403.4
ORD_006576,RTO (Undelivered),Customer Refused at Doorstep,2540.0
ORD_006579,Customer Return,Quality Not as Expected,6858.5
ORD_006580,RTO (Undelivered),Customer Refused at Doorstep,2494.8
ORD_006583,Customer Return,Size / Fit Issue,2095.8
ORD_006591,RTO (Undelivered),Customer Refused at Doorstep,604.8
ORD_006593,Customer Return,Size / Fit Issue,2032.8
ORD_006596,RTO (Undelivered),Customer Refused at Doorstep,2423.3
ORD_006602,Customer Return,Quality Not as Expected,1938.0
ORD_006604,RTO (Undelivered),Customer Refused at Doorstep,1092.0
ORD_006607,RTO (Undelivered),Customer Refused at Doorstep,2603.0
ORD_006610,Customer Return,Size / Fit Issue,7897.8
ORD_006611,Customer Return,Size / Fit Issue,1907.2
ORD_006613,RTO (Undelivered),Customer Refused at Doorstep,3907.5
ORD_006616,Customer Return,Found Better Price Elsewhere,1239.0
ORD_006618,Customer Return,Late Delivery,2183.8
ORD_006619,RTO (Undelivered),Customer Refused at Doorstep,1982.6
ORD_006620,RTO (Undelivered),Customer Refused at Doorstep,905.0
ORD_006622,Customer Return,Quality Not as Expected,1273.0
ORD_006624,RTO (Undelivered),Customer Refused at Doorstep,2136.1
ORD_006625,Customer Return,Size / Fit Issue,7657.9
ORD_006629,Customer Return,Size / Fit Issue,2864.1
ORD_006634,Customer Return,Found Better Price Elsewhere,2989.8
ORD_006641,Customer Return,Quality Not as Expected,2830.4
ORD_006647,Customer Return,Defective / Damaged Item,2773.9
ORD_006652,Customer Return,Size / Fit Issue,1297.5
ORD_006655,Customer Return,Size / Fit Issue,3138.2
ORD_006659,RTO (Undelivered),Customer Refused at Doorstep,3977.1
ORD_006663,Customer Return,Size / Fit Issue,296.1
ORD_006674,RTO (Undelivered),Customer Refused at Doorstep,1306.8
ORD_006676,Customer Return,Late Delivery,532.8
ORD_006678,Customer Return,Size / Fit Issue,1664.1
ORD_006680,RTO (Undelivered),Customer Refused at Doorstep,911.6
ORD_006684,Customer Return,Size / Fit Issue,915.3
ORD_006685,Customer Return,Found Better Price Elsewhere,3360.0
ORD_006687,Customer Return,Size / Fit Issue,849.6
ORD_006689,Customer Return,Quality Not as Expected,2697.0
ORD_006691,RTO (Undelivered),Customer Refused at Doorstep,2613.4
ORD_006696,Customer Return,Quality Not as Expected,1073.0
ORD_006697,Customer Return,Quality Not as Expected,1444.1
ORD_006701,RTO (Undelivered),Customer Refused at Doorstep,756.0
ORD_006707,Customer Return,Defective / Damaged Item,1573.8
ORD_006713,Customer Return,Size / Fit Issue,598.6
ORD_006716,RTO (Undelivered),Customer Refused at Doorstep,2445.4
ORD_006717,RTO (Undelivered),Customer Refused at Doorstep,3063.0
ORD_006724,Customer Return,Defective / Damaged Item,3301.1
ORD_006729,Customer Return,Size / Fit Issue,155.1
ORD_006730,RTO (Undelivered),Customer Refused at Doorstep,1003.2
ORD_006733,Customer Return,Late Delivery,1626.4
ORD_006741,Customer Return,Size / Fit Issue,4386.0
ORD_006746,Customer Return,Quality Not as Expected,1190.7
ORD_006747,RTO (Undelivered),Customer Refused at Doorstep,1176.5
ORD_006749,RTO (Undelivered),Customer Refused at Doorstep,824.9
ORD_006754,RTO (Undelivered),Customer Refused at Doorstep,3297.3
ORD_006763,RTO (Undelivered),Customer Refused at Doorstep,390.6
ORD_006766,Customer Return,Size / Fit Issue,2807.2
ORD_006770,Customer Return,Found Better Price Elsewhere,3265.0
ORD_006777,Customer Return,Size / Fit Issue,2334.0
ORD_006779,Customer Return,Quality Not as Expected,2173.6
ORD_006780,Customer Return,Quality Not as Expected,1587.2
ORD_006788,Customer Return,Defective / Damaged Item,1038.4
ORD_006798,Customer Return,Quality Not as Expected,432.6
ORD_006803,RTO (Undelivered),Customer Refused at Doorstep,590.4
ORD_006805,Customer Return,Quality Not as Expected,632.0
ORD_006806,Customer Return,Quality Not as Expected,1178.0
ORD_006808,Customer Return,Late Delivery,3836.8
ORD_006812,Customer Return,Size / Fit Issue,1542.0
ORD_006813,RTO (Undelivered),Customer Refused at Doorstep,437.4
ORD_006815,RTO (Undelivered),Customer Refused at Doorstep,1128.5
ORD_006818,RTO (Undelivered),Customer Refused at Doorstep,4504.1
ORD_006819,Customer Return,Size / Fit Issue,4904.6
ORD_006820,Customer Return,Size / Fit Issue,971.5
ORD_006821,Customer Return,Size / Fit Issue,259.2
ORD_006822,Customer Return,Quality Not as Expected,593.4
ORD_006828,RTO (Undelivered),Customer Refused at Doorstep,2305.8
ORD_006834,Customer Return,Late Delivery,1280.1
ORD_006839,RTO (Undelivered),Customer Refused at Doorstep,5678.7
ORD_006848,Customer Return,Quality Not as Expected,2514.8
ORD_006855,Customer Return,Size / Fit Issue,3715.6
ORD_006858,RTO (Undelivered),Customer Refused at Doorstep,723.2
ORD_006863,Customer Return,Size / Fit Issue,1980.5
ORD_006875,Customer Return,Size / Fit Issue,487.2
ORD_006877,Customer Return,Found Better Price Elsewhere,608.0
ORD_006879,RTO (Undelivered),Customer Refused at Doorstep,713.4
ORD_006888,RTO (Undelivered),Customer Refused at Doorstep,2009.0
ORD_006889,RTO (Undelivered),Customer Refused at Doorstep,2703.1
ORD_006891,RTO (Undelivered),Customer Refused at Doorstep,970.2
ORD_006893,Customer Return,Size / Fit Issue,885.0
ORD_006897,RTO (Undelivered),Customer Refused at Doorstep,1276.8
ORD_006903,Customer Return,Size / Fit Issue,2135.7
ORD_006913,RTO (Undelivered),Customer Refused at Doorstep,3906.3
ORD_006916,RTO (Undelivered),Customer Refused at Doorstep,1641.6
ORD_006917,RTO (Undelivered),Customer Refused at Doorstep,572.0
ORD_006921,RTO (Undelivered),Customer Refused at Doorstep,883.2
ORD_006922,RTO (Undelivered),Customer Refused at Doorstep,3151.2
ORD_006923,RTO (Undelivered),Customer Refused at Doorstep,2455.6
ORD_006930,RTO (Undelivered),Customer Refused at Doorstep,1104.0
ORD_006933,Customer Return,Size / Fit Issue,2659.6
ORD_006938,Customer Return,Late Delivery,1111.5
ORD_006939,Customer Return,Size / Fit Issue,1493.1
ORD_006946,Customer Return,Quality Not as Expected,849.6
ORD_006957,RTO (Undelivered),Customer Refused at Doorstep,1826.5
ORD_006959,Customer Return,Size / Fit Issue,2887.5
ORD_006961,Customer Return,Late Delivery,2354.2
ORD_006963,Customer Return,Size / Fit Issue,1490.4
ORD_006965,RTO (Undelivered),Customer Refused at Doorstep,742.6
ORD_006967,RTO (Undelivered),Customer Refused at Doorstep,1520.0
ORD_006969,Customer Return,Size / Fit Issue,653.2
ORD_006970,Customer Return,Size / Fit Issue,2247.9
ORD_006978,RTO (Undelivered),Customer Refused at Doorstep,620.0
ORD_006984,RTO (Undelivered),Customer Refused at Doorstep,1396.9
ORD_006991,Customer Return,Size / Fit Issue,1395.0
ORD_006996,Customer Return,Size / Fit Issue,2641.1
ORD_006998,RTO (Undelivered),Customer Refused at Doorstep,5795.1
ORD_007001,RTO (Undelivered),Customer Refused at Doorstep,1412.6
ORD_007007,Customer Return,Size / Fit Issue,615.6
ORD_007013,RTO (Undelivered),Customer Refused at Doorstep,1481.4
ORD_007015,Customer Return,Late Delivery,282.9
ORD_007016,Customer Return,Size / Fit Issue,2908.1
ORD_007019,RTO (Undelivered),Customer Refused at Doorstep,2418.8
ORD_007025,RTO (Undelivered),Customer Refused at Doorstep,1430.1
ORD_007035,Customer Return,Size / Fit Issue,3461.0
ORD_007036,Customer Return,Size / Fit Issue,1829.0
ORD_007037,RTO (Undelivered),Customer Refused at Doorstep,1518.8
ORD_007043,Customer Return,Size / Fit Issue,252.0
ORD_007046,RTO (Undelivered),Customer Refused at Doorstep,4752.4
ORD_007049,Customer Return,Late Delivery,4208.3
ORD_007050,RTO (Undelivered),Customer Refused at Doorstep,2742.5
ORD_007071,Customer Return,Defective / Damaged Item,452.4
ORD_007075,RTO (Undelivered),Customer Refused at Doorstep,1780.8
ORD_007079,RTO (Undelivered),Customer Refused at Doorstep,4270.6
ORD_007081,Customer Return,Late Delivery,1379.0
ORD_007089,Customer Return,Quality Not as Expected,1539.9
ORD_007091,Customer Return,Quality Not as Expected,608.3
ORD_007093,Customer Return,Defective / Damaged Item,2772.0
ORD_007094,RTO (Undelivered),Customer Refused at Doorstep,2859.8
ORD_007098,RTO (Undelivered),Customer Refused at Doorstep,3133.0
ORD_007104,RTO (Undelivered),Customer Refused at Doorstep,333.9
ORD_007105,RTO (Undelivered),Customer Refused at Doorstep,1026.0
ORD_007109,Customer Return,Defective / Damaged Item,1818.3
ORD_007118,Customer Return,Late Delivery,1348.2
ORD_007122,Customer Return,Size / Fit Issue,1235.1
ORD_007127,RTO (Undelivered),Customer Refused at Doorstep,5006.1
ORD_007128,Customer Return,Quality Not as Expected,3554.5
ORD_007129,Customer Return,Size / Fit Issue,1600.0
ORD_007130,Customer Return,Quality Not as Expected,2144.0
ORD_007132,Customer Return,Size / Fit Issue,4714.6
ORD_007136,Customer Return,Size / Fit Issue,3300.0
ORD_007145,RTO (Undelivered),Customer Refused at Doorstep,2666.4
ORD_007149,RTO (Undelivered),Customer Refused at Doorstep,3444.0
ORD_007152,RTO (Undelivered),Customer Refused at Doorstep,416.0
ORD_007157,RTO (Undelivered),Customer Refused at Doorstep,1792.5
ORD_007158,Customer Return,Size / Fit Issue,1593.9
ORD_007164,Customer Return,Late Delivery,7020.3
ORD_007165,Customer Return,Size / Fit Issue,1933.0
ORD_007169,Customer Return,Quality Not as Expected,7908.3
ORD_007173,Customer Return,Defective / Damaged Item,4394.3
ORD_007176,RTO (Undelivered),Customer Refused at Doorstep,3095.3
ORD_007177,RTO (Undelivered),Customer Refused at Doorstep,5128.7
ORD_007185,RTO (Undelivered),Customer Refused at Doorstep,1552.1
ORD_007189,Customer Return,Late Delivery,3257.6
ORD_007192,RTO (Undelivered),Customer Refused at Doorstep,158.4
ORD_007194,Customer Return,Size / Fit Issue,1753.7
ORD_007199,Customer Return,Defective / Damaged Item,746.2
ORD_007201,RTO (Undelivered),Customer Refused at Doorstep,1185.6
ORD_007202,RTO (Undelivered),Customer Refused at Doorstep,2411.6
ORD_007211,Customer Return,Found Better Price Elsewhere,1539.4
ORD_007215,Customer Return,Defective / Damaged Item,511.2
ORD_007216,Customer Return,Size / Fit Issue,473.6
ORD_007217,Customer Return,Size / Fit Issue,3306.2
ORD_007230,RTO (Undelivered),Customer Refused at Doorstep,1445.4
ORD_007231,Customer Return,Size / Fit Issue,2896.2
ORD_007232,Customer Return,Size / Fit Issue,688.2
ORD_007234,Customer Return,Late Delivery,5293.2
ORD_007242,Customer Return,Quality Not as Expected,5667.5
ORD_007244,Customer Return,Size / Fit Issue,1966.8
ORD_007245,Customer Return,Quality Not as Expected,2404.4
ORD_007247,RTO (Undelivered),Customer Refused at Doorstep,2921.1
ORD_007250,RTO (Undelivered),Customer Refused at Doorstep,1446.5
ORD_007253,RTO (Undelivered),Customer Refused at Doorstep,5183.7
ORD_007255,Customer Return,Size / Fit Issue,1474.2
ORD_007258,Customer Return,Quality Not as Expected,888.0
ORD_007261,RTO (Undelivered),Customer Refused at Doorstep,3338.1
ORD_007263,Customer Return,Size / Fit Issue,595.2
ORD_007270,RTO (Undelivered),Customer Refused at Doorstep,1712.6
ORD_007271,RTO (Undelivered),Customer Refused at Doorstep,1328.1
ORD_007274,Customer Return,Quality Not as Expected,3881.6
ORD_007279,RTO (Undelivered),Customer Refused at Doorstep,3360.4
ORD_007284,Customer Return,Size / Fit Issue,582.9
ORD_007291,Customer Return,Quality Not as Expected,1617.0
ORD_007296,RTO (Undelivered),Customer Refused at Doorstep,1969.4
ORD_007297,Customer Return,Defective / Damaged Item,441.6
ORD_007299,RTO (Undelivered),Customer Refused at Doorstep,3133.9
ORD_007312,RTO (Undelivered),Customer Refused at Doorstep,736.0
ORD_007314,Customer Return,Size / Fit Issue,5107.0
ORD_007318,RTO (Undelivered),Customer Refused at Doorstep,511.5
ORD_007320,RTO (Undelivered),Customer Refused at Doorstep,831.3
ORD_007341,RTO (Undelivered),Customer Refused at Doorstep,316.0
ORD_007343,RTO (Undelivered),Customer Refused at Doorstep,1123.2
ORD_007351,Customer Return,Size / Fit Issue,1451.4
ORD_007354,RTO (Undelivered),Customer Refused at Doorstep,1062.0
ORD_007360,RTO (Undelivered),Customer Refused at Doorstep,1048.8
ORD_007362,RTO (Undelivered),Customer Refused at Doorstep,585.0
ORD_007368,Customer Return,Quality Not as Expected,2207.2
ORD_007374,Customer Return,Defective / Damaged Item,1831.2
ORD_007378,RTO (Undelivered),Customer Refused at Doorstep,1051.2
ORD_007383,RTO (Undelivered),Customer Refused at Doorstep,1388.8
ORD_007387,Customer Return,Size / Fit Issue,1241.1
ORD_007391,Customer Return,Size / Fit Issue,1269.6
ORD_007392,Customer Return,Quality Not as Expected,2044.8
ORD_007393,RTO (Undelivered),Customer Refused at Doorstep,3625.1
ORD_007400,RTO (Undelivered),Customer Refused at Doorstep,2809.1
ORD_007404,Customer Return,Quality Not as Expected,2461.6
ORD_007409,RTO (Undelivered),Customer Refused at Doorstep,2413.3
ORD_007418,RTO (Undelivered),Customer Refused at Doorstep,3455.5
ORD_007424,Customer Return,Defective / Damaged Item,2720.8
ORD_007426,Customer Return,Size / Fit Issue,3023.4
ORD_007432,RTO (Undelivered),Customer Refused at Doorstep,3808.0
ORD_007436,Customer Return,Quality Not as Expected,3766.6
ORD_007438,Customer Return,Size / Fit Issue,2965.4
ORD_007440,Customer Return,Found Better Price Elsewhere,781.2
ORD_007449,RTO (Undelivered),Customer Refused at Doorstep,2292.4
ORD_007450,RTO (Undelivered),Customer Refused at Doorstep,5049.4
ORD_007460,Customer Return,Quality Not as Expected,2376.0
ORD_007469,RTO (Undelivered),Customer Refused at Doorstep,823.4
ORD_007471,Customer Return,Quality Not as Expected,1003.2
ORD_007475,RTO (Undelivered),Customer Refused at Doorstep,4288.8
ORD_007481,RTO (Undelivered),Customer Refused at Doorstep,4150.8
ORD_007485,Customer Return,Size / Fit Issue,5267.2
ORD_007489,RTO (Undelivered),Customer Refused at Doorstep,1227.6
ORD_007490,RTO (Undelivered),Customer Refused at Doorstep,4889.6
ORD_007495,RTO (Undelivered),Customer Refused at Doorstep,880.2
ORD_007497,RTO (Undelivered),Customer Refused at Doorstep,945.0
ORD_007499,RTO (Undelivered),Customer Refused at Doorstep,6711.5
ORD_007504,RTO (Undelivered),Customer Refused at Doorstep,1766.4
ORD_007508,Customer Return,Quality Not as Expected,2506.4
ORD_007510,RTO (Undelivered),Customer Refused at Doorstep,2832.0
ORD_007513,RTO (Undelivered),Customer Refused at Doorstep,2019.4
ORD_007515,RTO (Undelivered),Customer Refused at Doorstep,1427.8
ORD_007516,Customer Return,Size / Fit Issue,336.0
ORD_007520,Customer Return,Size / Fit Issue,1676.4
ORD_007526,RTO (Undelivered),Customer Refused at Doorstep,3025.6
ORD_007528,RTO (Undelivered),Customer Refused at Doorstep,3190.5
ORD_007530,Customer Return,Defective / Damaged Item,2373.0
ORD_007532,RTO (Undelivered),Customer Refused at Doorstep,1553.2
ORD_007533,Customer Return,Size / Fit Issue,2626.0
ORD_007536,RTO (Undelivered),Customer Refused at Doorstep,1406.0
ORD_007539,RTO (Undelivered),Customer Refused at Doorstep,3950.9
ORD_007542,Customer Return,Late Delivery,3689.2
ORD_007544,Customer Return,Quality Not as Expected,866.2
ORD_007545,RTO (Undelivered),Customer Refused at Doorstep,1003.4
ORD_007546,Customer Return,Size / Fit Issue,3627.3
ORD_007549,RTO (Undelivered),Customer Refused at Doorstep,513.0
ORD_007553,RTO (Undelivered),Customer Refused at Doorstep,1171.8
ORD_007556,Customer Return,Quality Not as Expected,2401.3
ORD_007557,RTO (Undelivered),Customer Refused at Doorstep,1739.3
ORD_007561,RTO (Undelivered),Customer Refused at Doorstep,1824.0
ORD_007563,RTO (Undelivered),Customer Refused at Doorstep,2880.1
ORD_007567,RTO (Undelivered),Customer Refused at Doorstep,1310.4
ORD_007569,RTO (Undelivered),Customer Refused at Doorstep,942.5
ORD_007575,Customer Return,Size / Fit Issue,2915.8
ORD_007580,Customer Return,Found Better Price Elsewhere,2116.4
ORD_007581,Customer Return,Size / Fit Issue,1562.4
ORD_007585,Customer Return,Found Better Price Elsewhere,748.2
ORD_007596,RTO (Undelivered),Customer Refused at Doorstep,770.1
ORD_007598,RTO (Undelivered),Customer Refused at Doorstep,227.7
ORD_007601,RTO (Undelivered),Customer Refused at Doorstep,3154.2
ORD_007607,Customer Return,Quality Not as Expected,1062.0
ORD_007608,Customer Return,Late Delivery,545.2
ORD_007617,Customer Return,Late Delivery,1345.2
ORD_007618,Customer Return,Size / Fit Issue,763.2
ORD_007620,Customer Return,Defective / Damaged Item,3318.0
ORD_007621,Customer Return,Size / Fit Issue,1641.5
ORD_007631,RTO (Undelivered),Customer Refused at Doorstep,2094.4
ORD_007640,Customer Return,Quality Not as Expected,1371.6
ORD_007645,RTO (Undelivered),Customer Refused at Doorstep,410.4
ORD_007649,Customer Return,Size / Fit Issue,5607.2
ORD_007651,RTO (Undelivered),Customer Refused at Doorstep,1809.6
ORD_007652,Customer Return,Size / Fit Issue,2535.2
ORD_007654,Customer Return,Quality Not as Expected,3912.1
ORD_007655,Customer Return,Size / Fit Issue,647.8
ORD_007657,Customer Return,Late Delivery,4388.2
ORD_007661,RTO (Undelivered),Customer Refused at Doorstep,2365.5
ORD_007664,Customer Return,Defective / Damaged Item,2188.2
ORD_007665,RTO (Undelivered),Customer Refused at Doorstep,1609.5
ORD_007666,Customer Return,Found Better Price Elsewhere,4489.1
ORD_007667,RTO (Undelivered),Customer Refused at Doorstep,1630.8
ORD_007669,Customer Return,Size / Fit Issue,870.0
ORD_007672,RTO (Undelivered),Customer Refused at Doorstep,1901.2
ORD_007674,Customer Return,Size / Fit Issue,2767.5
ORD_007675,RTO (Undelivered),Customer Refused at Doorstep,928.2
ORD_007682,RTO (Undelivered),Customer Refused at Doorstep,3487.9
ORD_007686,RTO (Undelivered),Customer Refused at Doorstep,1066.4
ORD_007691,Customer Return,Size / Fit Issue,2133.8
ORD_007696,Customer Return,Defective / Damaged Item,668.8
ORD_007697,RTO (Undelivered),Customer Refused at Doorstep,1949.1
ORD_007704,Customer Return,Size / Fit Issue,415.8
ORD_007721,Customer Return,Size / Fit Issue,1298.6
ORD_007723,Customer Return,Size / Fit Issue,820.8
ORD_007726,Customer Return,Late Delivery,1801.6
ORD_007730,RTO (Undelivered),Customer Refused at Doorstep,3907.6
ORD_007731,RTO (Undelivered),Customer Refused at Doorstep,1835.6
ORD_007735,Customer Return,Size / Fit Issue,2659.8
ORD_007736,Customer Return,Found Better Price Elsewhere,2668.0
ORD_007738,Customer Return,Defective / Damaged Item,1164.8
ORD_007740,RTO (Undelivered),Customer Refused at Doorstep,2998.8
ORD_007743,RTO (Undelivered),Customer Refused at Doorstep,786.6
ORD_007745,RTO (Undelivered),Customer Refused at Doorstep,172.2
ORD_007754,RTO (Undelivered),Customer Refused at Doorstep,1235.1
ORD_007757,Customer Return,Defective / Damaged Item,3133.6
ORD_007758,Customer Return,Size / Fit Issue,2091.6
ORD_007760,Customer Return,Quality Not as Expected,2720.0
ORD_007761,RTO (Undelivered),Customer Refused at Doorstep,2738.1
ORD_007762,Customer Return,Late Delivery,2155.6
ORD_007764,Customer Return,Size / Fit Issue,1270.9
ORD_007768,Customer Return,Defective / Damaged Item,4272.2
ORD_007769,Customer Return,Size / Fit Issue,1393.7
ORD_007782,RTO (Undelivered),Customer Refused at Doorstep,1073.0
ORD_007786,Customer Return,Late Delivery,2973.9
ORD_007798,RTO (Undelivered),Customer Refused at Doorstep,2315.0
ORD_007799,Customer Return,Quality Not as Expected,2270.5
ORD_007802,Customer Return,Defective / Damaged Item,2664.1
ORD_007812,RTO (Undelivered),Customer Refused at Doorstep,1954.0
ORD_007819,Customer Return,Size / Fit Issue,2829.2
ORD_007825,RTO (Undelivered),Customer Refused at Doorstep,1400.6
ORD_007826,RTO (Undelivered),Customer Refused at Doorstep,2159.0
ORD_007827,Customer Return,Size / Fit Issue,1280.4
ORD_007832,Customer Return,Found Better Price Elsewhere,5127.9
ORD_007835,Customer Return,Size / Fit Issue,1274.0
ORD_007838,Customer Return,Found Better Price Elsewhere,1281.6
ORD_007839,Customer Return,Size / Fit Issue,7533.4
ORD_007847,RTO (Undelivered),Customer Refused at Doorstep,3124.0
ORD_007851,Customer Return,Late Delivery,3006.0
ORD_007859,RTO (Undelivered),Customer Refused at Doorstep,4132.5
ORD_007860,RTO (Undelivered),Customer Refused at Doorstep,2531.4
ORD_007866,Customer Return,Defective / Damaged Item,4464.0
ORD_007868,Customer Return,Size / Fit Issue,908.6
ORD_007891,Customer Return,Quality Not as Expected,1788.9
ORD_007894,RTO (Undelivered),Customer Refused at Doorstep,5853.9
ORD_007897,Customer Return,Size / Fit Issue,4696.7
ORD_007898,RTO (Undelivered),Customer Refused at Doorstep,3993.7
ORD_007899,Customer Return,Late Delivery,4975.8
ORD_007904,Customer Return,Size / Fit Issue,2483.2
ORD_007906,RTO (Undelivered),Customer Refused at Doorstep,843.6
ORD_007911,Customer Return,Defective / Damaged Item,3973.7
ORD_007914,RTO (Undelivered),Customer Refused at Doorstep,1977.8
ORD_007918,RTO (Undelivered),Customer Refused at Doorstep,1123.2
ORD_007922,Customer Return,Late Delivery,1127.7
ORD_007923,Customer Return,Late Delivery,1116.5
ORD_007931,Customer Return,Late Delivery,2598.6
ORD_007933,Customer Return,Size / Fit Issue,3798.8
ORD_007943,RTO (Undelivered),Customer Refused at Doorstep,1092.7
ORD_007944,RTO (Undelivered),Customer Refused at Doorstep,695.8
ORD_007945,Customer Return,Size / Fit Issue,3441.9
ORD_007946,RTO (Undelivered),Customer Refused at Doorstep,3156.7
ORD_007950,RTO (Undelivered),Customer Refused at Doorstep,765.0
ORD_007960,Customer Return,Late Delivery,5465.6
ORD_007962,RTO (Undelivered),Customer Refused at Doorstep,390.0
ORD_007965,RTO (Undelivered),Customer Refused at Doorstep,4552.8
ORD_007966,Customer Return,Defective / Damaged Item,1788.8
ORD_007967,Customer Return,Size / Fit Issue,1109.6
ORD_007968,Customer Return,Found Better Price Elsewhere,3650.8
ORD_007980,Customer Return,Quality Not as Expected,2100.8
ORD_007982,Customer Return,Size / Fit Issue,743.4
ORD_007985,RTO (Undelivered),Customer Refused at Doorstep,2481.7
ORD_007991,Customer Return,Size / Fit Issue,1759.6
ORD_007995,RTO (Undelivered),Customer Refused at Doorstep,487.6
ORD_007998,Customer Return,Size / Fit Issue,2176.0
ORD_007999,RTO (Undelivered),Customer Refused at Doorstep,916.0
ORD_008002,RTO (Undelivered),Customer Refused at Doorstep,1935.0
ORD_008013,Customer Return,Late Delivery,2217.6
ORD_008015,RTO (Undelivered),Customer Refused at Doorstep,2405.0
ORD_008022,RTO (Undelivered),Customer Refused at Doorstep,3187.3
ORD_008024,Customer Return,Size / Fit Issue,1803.1
ORD_008028,Customer Return,Size / Fit Issue,411.8
ORD_008035,RTO (Undelivered),Customer Refused at Doorstep,2562.8
ORD_008036,Customer Return,Defective / Damaged Item,1562.4
ORD_008048,Customer Return,Defective / Damaged Item,364.5
ORD_008050,Customer Return,Size / Fit Issue,2643.6
ORD_008053,Customer Return,Defective / Damaged Item,1171.8
ORD_008056,Customer Return,Quality Not as Expected,558.6
ORD_008063,Customer Return,Size / Fit Issue,5375.0
ORD_008067,Customer Return,Late Delivery,2992.0
ORD_008069,Customer Return,Size / Fit Issue,2048.0
ORD_008071,Customer Return,Quality Not as Expected,3710.1
ORD_008074,Customer Return,Found Better Price Elsewhere,3197.8
ORD_008083,Customer Return,Size / Fit Issue,8264.9
ORD_008092,Customer Return,Defective / Damaged Item,620.4
ORD_008093,Customer Return,Quality Not as Expected,1754.8
ORD_008096,Customer Return,Defective / Damaged Item,3004.0
ORD_008099,RTO (Undelivered),Customer Refused at Doorstep,2334.8
ORD_008102,RTO (Undelivered),Customer Refused at Doorstep,1387.2
ORD_008112,RTO (Undelivered),Customer Refused at Doorstep,3901.0
ORD_008115,Customer Return,Quality Not as Expected,955.8
ORD_008117,RTO (Undelivered),Customer Refused at Doorstep,5000.4
ORD_008132,RTO (Undelivered),Customer Refused at Doorstep,2641.8
ORD_008143,Customer Return,Quality Not as Expected,656.0
ORD_008145,Customer Return,Quality Not as Expected,9109.8
ORD_008155,Customer Return,Size / Fit Issue,3854.0
ORD_008166,Customer Return,Size / Fit Issue,1864.0
ORD_008167,Customer Return,Size / Fit Issue,1993.0
ORD_008169,Customer Return,Quality Not as Expected,389.5
ORD_008172,RTO (Undelivered),Customer Refused at Doorstep,6717.1
ORD_008179,RTO (Undelivered),Customer Refused at Doorstep,2230.3
ORD_008182,RTO (Undelivered),Customer Refused at Doorstep,2097.9
ORD_008186,RTO (Undelivered),Customer Refused at Doorstep,2387.0
ORD_008187,RTO (Undelivered),Customer Refused at Doorstep,2458.5
ORD_008195,Customer Return,Quality Not as Expected,1007.6
ORD_008198,Customer Return,Quality Not as Expected,4444.5
ORD_008201,RTO (Undelivered),Customer Refused at Doorstep,2304.0
ORD_008205,RTO (Undelivered),Customer Refused at Doorstep,912.0
ORD_008208,Customer Return,Size / Fit Issue,2191.7
ORD_008213,Customer Return,Late Delivery,4230.0
ORD_008215,Customer Return,Found Better Price Elsewhere,1007.5
ORD_008222,RTO (Undelivered),Customer Refused at Doorstep,1929.0
ORD_008225,RTO (Undelivered),Customer Refused at Doorstep,1625.4
ORD_008227,RTO (Undelivered),Customer Refused at Doorstep,697.6
ORD_008230,RTO (Undelivered),Customer Refused at Doorstep,5996.0
ORD_008231,Customer Return,Quality Not as Expected,2498.4
ORD_008232,RTO (Undelivered),Customer Refused at Doorstep,1987.2
ORD_008235,Customer Return,Size / Fit Issue,2175.6
ORD_008237,RTO (Undelivered),Customer Refused at Doorstep,2135.6
ORD_008239,Customer Return,Size / Fit Issue,5139.7
ORD_008246,Customer Return,Size / Fit Issue,5446.8
ORD_008253,Customer Return,Size / Fit Issue,3110.5
ORD_008256,Customer Return,Late Delivery,3944.0
ORD_008262,Customer Return,Late Delivery,3441.8
ORD_008264,Customer Return,Quality Not as Expected,3424.0
ORD_008266,Customer Return,Size / Fit Issue,3622.5
ORD_008276,Customer Return,Defective / Damaged Item,967.6
ORD_008278,Customer Return,Size / Fit Issue,4919.7
ORD_008284,RTO (Undelivered),Customer Refused at Doorstep,2340.8
ORD_008288,Customer Return,Late Delivery,1062.6
ORD_008290,Customer Return,Size / Fit Issue,680.8
ORD_008298,RTO (Undelivered),Customer Refused at Doorstep,4060.7
ORD_008303,Customer Return,Size / Fit Issue,921.7
ORD_008304,RTO (Undelivered),Customer Refused at Doorstep,2242.8
ORD_008307,Customer Return,Quality Not as Expected,1943.5
ORD_008308,RTO (Undelivered),Customer Refused at Doorstep,460.6
ORD_008309,Customer Return,Late Delivery,2675.4
ORD_008320,RTO (Undelivered),Customer Refused at Doorstep,4234.8
ORD_008330,RTO (Undelivered),Customer Refused at Doorstep,4501.8
ORD_008331,Customer Return,Size / Fit Issue,5107.9
ORD_008332,RTO (Undelivered),Customer Refused at Doorstep,1798.0
ORD_008333,RTO (Undelivered),Customer Refused at Doorstep,3141.9
ORD_008335,Customer Return,Found Better Price Elsewhere,5122.5
ORD_008339,Customer Return,Late Delivery,5099.8
ORD_008345,RTO (Undelivered),Customer Refused at Doorstep,1579.6
ORD_008351,Customer Return,Defective / Damaged Item,8079.2
ORD_008360,RTO (Undelivered),Customer Refused at Doorstep,1267.0
ORD_008364,RTO (Undelivered),Customer Refused at Doorstep,307.4
ORD_008375,RTO (Undelivered),Customer Refused at Doorstep,3468.8
ORD_008377,Customer Return,Size / Fit Issue,1990.8
ORD_008381,Customer Return,Quality Not as Expected,2734.2
ORD_008386,Customer Return,Quality Not as Expected,1004.7
ORD_008387,Customer Return,Defective / Damaged Item,3517.8
ORD_008388,Customer Return,Found Better Price Elsewhere,1215.2
ORD_008391,RTO (Undelivered),Customer Refused at Doorstep,2350.0
ORD_008395,RTO (Undelivered),Customer Refused at Doorstep,1140.3
ORD_008396,RTO (Undelivered),Customer Refused at Doorstep,4675.9
ORD_008408,Customer Return,Size / Fit Issue,3051.2
ORD_008409,Customer Return,Size / Fit Issue,931.0
ORD_008413,Customer Return,Size / Fit Issue,1379.7
ORD_008414,RTO (Undelivered),Customer Refused at Doorstep,579.6
ORD_008418,Customer Return,Quality Not as Expected,3583.6
ORD_008424,Customer Return,Size / Fit Issue,2325.0
ORD_008430,Customer Return,Size / Fit Issue,442.8
ORD_008432,Customer Return,Quality Not as Expected,3134.7
ORD_008433,Customer Return,Quality Not as Expected,2019.3
ORD_008436,Customer Return,Quality Not as Expected,2728.8
ORD_008441,Customer Return,Late Delivery,513.3
ORD_008447,RTO (Undelivered),Customer Refused at Doorstep,1392.8
ORD_008448,RTO (Undelivered),Customer Refused at Doorstep,2987.6
ORD_008451,Customer Return,Late Delivery,1435.8
ORD_008457,Customer Return,Quality Not as Expected,2877.6
ORD_008460,Customer Return,Quality Not as Expected,2574.0
ORD_008462,Customer Return,Quality Not as Expected,2542.0
ORD_008469,Customer Return,Defective / Damaged Item,1414.4
ORD_008473,RTO (Undelivered),Customer Refused at Doorstep,3328.6
ORD_008477,Customer Return,Size / Fit Issue,5543.1
ORD_008487,RTO (Undelivered),Customer Refused at Doorstep,1626.9
ORD_008493,Customer Return,Size / Fit Issue,2420.8
ORD_008494,RTO (Undelivered),Customer Refused at Doorstep,6417.1
ORD_008495,RTO (Undelivered),Customer Refused at Doorstep,2708.8
ORD_008496,RTO (Undelivered),Customer Refused at Doorstep,455.1
ORD_008497,RTO (Undelivered),Customer Refused at Doorstep,1240.0
ORD_008503,Customer Return,Quality Not as Expected,3372.2
ORD_008508,RTO (Undelivered),Customer Refused at Doorstep,1350.9
ORD_008512,Customer Return,Size / Fit Issue,5604.2
ORD_008513,RTO (Undelivered),Customer Refused at Doorstep,686.4
ORD_008518,RTO (Undelivered),Customer Refused at Doorstep,1221.2
ORD_008526,Customer Return,Late Delivery,1943.4
ORD_008528,Customer Return,Quality Not as Expected,3254.7
ORD_008530,RTO (Undelivered),Customer Refused at Doorstep,1122.0
ORD_008534,Customer Return,Found Better Price Elsewhere,3004.2
ORD_008536,RTO (Undelivered),Customer Refused at Doorstep,2143.2
ORD_008540,Customer Return,Size / Fit Issue,2137.5
ORD_008541,Customer Return,Size / Fit Issue,952.0
ORD_008553,Customer Return,Late Delivery,1235.0
ORD_008562,RTO (Undelivered),Customer Refused at Doorstep,6420.5
ORD_008563,Customer Return,Defective / Damaged Item,3807.0
ORD_008570,Customer Return,Late Delivery,2863.5
ORD_008572,RTO (Undelivered),Customer Refused at Doorstep,1302.0
ORD_008575,RTO (Undelivered),Customer Refused at Doorstep,613.6
ORD_008577,RTO (Undelivered),Customer Refused at Doorstep,3024.0
ORD_008586,Customer Return,Quality Not as Expected,1534.5
ORD_008589,RTO (Undelivered),Customer Refused at Doorstep,686.4
ORD_008591,Customer Return,Late Delivery,4010.8
ORD_008595,RTO (Undelivered),Customer Refused at Doorstep,4206.6
ORD_008596,Customer Return,Size / Fit Issue,1259.5
ORD_008598,RTO (Undelivered),Customer Refused at Doorstep,3388.0
ORD_008599,Customer Return,Defective / Damaged Item,2849.8
ORD_008601,RTO (Undelivered),Customer Refused at Doorstep,619.1
ORD_008611,Customer Return,Found Better Price Elsewhere,1110.9
ORD_008612,Customer Return,Defective / Damaged Item,1232.5
ORD_008617,RTO (Undelivered),Customer Refused at Doorstep,1599.6
ORD_008620,Customer Return,Size / Fit Issue,484.5
ORD_008634,RTO (Undelivered),Customer Refused at Doorstep,3007.2
ORD_008635,Customer Return,Late Delivery,2371.6
ORD_008639,Customer Return,Defective / Damaged Item,2605.0
ORD_008646,RTO (Undelivered),Customer Refused at Doorstep,2415.6
ORD_008650,Customer Return,Found Better Price Elsewhere,1037.0
ORD_008651,RTO (Undelivered),Customer Refused at Doorstep,5994.2
ORD_008654,Customer Return,Size / Fit Issue,521.7
ORD_008659,Customer Return,Quality Not as Expected,2736.6
ORD_008661,RTO (Undelivered),Customer Refused at Doorstep,3712.8
ORD_008665,Customer Return,Quality Not as Expected,667.0
ORD_008667,Customer Return,Defective / Damaged Item,1687.2
ORD_008670,Customer Return,Quality Not as Expected,1668.8
ORD_008671,RTO (Undelivered),Customer Refused at Doorstep,5376.0
ORD_008672,RTO (Undelivered),Customer Refused at Doorstep,1077.3
ORD_008674,RTO (Undelivered),Customer Refused at Doorstep,1813.0
ORD_008686,Customer Return,Late Delivery,5519.2
ORD_008687,Customer Return,Quality Not as Expected,1016.4
ORD_008688,RTO (Undelivered),Customer Refused at Doorstep,1530.0
ORD_008689,RTO (Undelivered),Customer Refused at Doorstep,2818.2
ORD_008692,RTO (Undelivered),Customer Refused at Doorstep,2828.8
ORD_008693,RTO (Undelivered),Customer Refused at Doorstep,2731.7
ORD_008697,Customer Return,Size / Fit Issue,1840.4
ORD_008702,RTO (Undelivered),Customer Refused at Doorstep,616.2
ORD_008705,RTO (Undelivered),Customer Refused at Doorstep,710.4
ORD_008709,RTO (Undelivered),Customer Refused at Doorstep,1360.4
ORD_008710,Customer Return,Quality Not as Expected,1293.4
ORD_008713,Customer Return,Late Delivery,1522.2
ORD_008716,RTO (Undelivered),Customer Refused at Doorstep,1292.0
ORD_008719,RTO (Undelivered),Customer Refused at Doorstep,672.4
ORD_008721,RTO (Undelivered),Customer Refused at Doorstep,492.9
ORD_008722,RTO (Undelivered),Customer Refused at Doorstep,2334.5
ORD_008724,RTO (Undelivered),Customer Refused at Doorstep,817.6
ORD_008730,RTO (Undelivered),Customer Refused at Doorstep,1240.3
ORD_008734,RTO (Undelivered),Customer Refused at Doorstep,4809.6
ORD_008735,RTO (Undelivered),Customer Refused at Doorstep,1863.4
ORD_008736,RTO (Undelivered),Customer Refused at Doorstep,4783.6
ORD_008741,Customer Return,Quality Not as Expected,2023.2
ORD_008742,RTO (Undelivered),Customer Refused at Doorstep,3204.2
ORD_008747,Customer Return,Size / Fit Issue,742.0
ORD_008749,Customer Return,Size / Fit Issue,4048.7
ORD_008755,RTO (Undelivered),Customer Refused at Doorstep,5391.4
ORD_008756,RTO (Undelivered),Customer Refused at Doorstep,952.2
ORD_008762,Customer Return,Found Better Price Elsewhere,2813.7
ORD_008763,RTO (Undelivered),Customer Refused at Doorstep,427.5
ORD_008766,Customer Return,Size / Fit Issue,705.2
ORD_008767,RTO (Undelivered),Customer Refused at Doorstep,1332.8
ORD_008769,Customer Return,Size / Fit Issue,2639.2
ORD_008780,Customer Return,Defective / Damaged Item,3403.4
ORD_008786,Customer Return,Quality Not as Expected,788.1
ORD_008793,RTO (Undelivered),Customer Refused at Doorstep,410.4
ORD_008796,Customer Return,Defective / Damaged Item,2264.2
ORD_008797,Customer Return,Size / Fit Issue,2979.9
ORD_008800,Customer Return,Late Delivery,4346.7
ORD_008804,Customer Return,Defective / Damaged Item,823.6
ORD_008809,Customer Return,Quality Not as Expected,2898.0
ORD_008812,Customer Return,Size / Fit Issue,1054.0
ORD_008823,Customer Return,Quality Not as Expected,1305.6
ORD_008833,Customer Return,Size / Fit Issue,1644.5
ORD_008846,RTO (Undelivered),Customer Refused at Doorstep,596.9
ORD_008850,Customer Return,Quality Not as Expected,5429.4
ORD_008853,RTO (Undelivered),Customer Refused at Doorstep,1651.7
ORD_008854,Customer Return,Defective / Damaged Item,1656.0
ORD_008867,Customer Return,Late Delivery,775.2
ORD_008871,Customer Return,Defective / Damaged Item,5755.2
ORD_008874,RTO (Undelivered),Customer Refused at Doorstep,1604.8
ORD_008880,RTO (Undelivered),Customer Refused at Doorstep,1638.0
ORD_008881,RTO (Undelivered),Customer Refused at Doorstep,453.6
ORD_008885,Customer Return,Size / Fit Issue,155.1
ORD_008892,RTO (Undelivered),Customer Refused at Doorstep,2422.2
ORD_008896,Customer Return,Quality Not as Expected,2624.0
ORD_008903,Customer Return,Defective / Damaged Item,4488.9
ORD_008904,Customer Return,Size / Fit Issue,1239.7
ORD_008906,Customer Return,Size / Fit Issue,4957.8
ORD_008914,RTO (Undelivered),Customer Refused at Doorstep,1752.6
ORD_008916,Customer Return,Size / Fit Issue,1310.4
ORD_008928,Customer Return,Size / Fit Issue,2483.2
ORD_008931,Customer Return,Defective / Damaged Item,1537.8
ORD_008936,RTO (Undelivered),Customer Refused at Doorstep,1960.0
ORD_008939,RTO (Undelivered),Customer Refused at Doorstep,1539.9
ORD_008940,RTO (Undelivered),Customer Refused at Doorstep,3304.0
ORD_008942,RTO (Undelivered),Customer Refused at Doorstep,5020.7
ORD_008944,RTO (Undelivered),Customer Refused at Doorstep,7031.3
ORD_008945,Customer Return,Size / Fit Issue,3884.3
ORD_008948,Customer Return,Quality Not as Expected,3554.9
ORD_008950,Customer Return,Defective / Damaged Item,1077.3
ORD_008953,RTO (Undelivered),Customer Refused at Doorstep,1092.1
ORD_008954,Customer Return,Late Delivery,1854.9
ORD_008961,Customer Return,Quality Not as Expected,2432.4
ORD_008962,RTO (Undelivered),Customer Refused at Doorstep,2481.7
ORD_008964,RTO (Undelivered),Customer Refused at Doorstep,426.6
ORD_008968,Customer Return,Size / Fit Issue,1188.0
ORD_008969,Customer Return,Size / Fit Issue,718.9
ORD_008973,Customer Return,Late Delivery,448.2
ORD_008979,Customer Return,Size / Fit Issue,2779.3
ORD_008985,Customer Return,Quality Not as Expected,687.3
ORD_008990,Customer Return,Size / Fit Issue,2310.4
ORD_008993,RTO (Undelivered),Customer Refused at Doorstep,2007.9
ORD_009000,RTO (Undelivered),Customer Refused at Doorstep,1900.8
ORD_009002,RTO (Undelivered),Customer Refused at Doorstep,360.0
ORD_009010,RTO (Undelivered),Customer Refused at Doorstep,1248.0
ORD_009017,Customer Return,Quality Not as Expected,2982.2
ORD_009020,Customer Return,Quality Not as Expected,1636.6
ORD_009023,RTO (Undelivered),Customer Refused at Doorstep,274.7
ORD_009024,Customer Return,Quality Not as Expected,890.6
ORD_009039,Customer Return,Defective / Damaged Item,1580.8
ORD_009043,Customer Return,Found Better Price Elsewhere,3460.0
ORD_009053,Customer Return,Quality Not as Expected,4322.5
ORD_009054,RTO (Undelivered),Customer Refused at Doorstep,1785.6
ORD_009056,Customer Return,Size / Fit Issue,589.0
ORD_009067,Customer Return,Size / Fit Issue,2533.0
ORD_009074,RTO (Undelivered),Customer Refused at Doorstep,365.7
ORD_009076,Customer Return,Size / Fit Issue,3036.9
ORD_009079,RTO (Undelivered),Customer Refused at Doorstep,2255.1
ORD_009084,Customer Return,Size / Fit Issue,1846.9
ORD_009090,Customer Return,Quality Not as Expected,1204.0
ORD_009091,RTO (Undelivered),Customer Refused at Doorstep,2754.8
ORD_009094,Customer Return,Size / Fit Issue,1221.8
ORD_009095,Customer Return,Size / Fit Issue,1117.2
ORD_009100,Customer Return,Late Delivery,1743.6
ORD_009103,Customer Return,Quality Not as Expected,921.3
ORD_009108,RTO (Undelivered),Customer Refused at Doorstep,4714.6
ORD_009109,RTO (Undelivered),Customer Refused at Doorstep,3532.8
ORD_009113,Customer Return,Size / Fit Issue,299.3
ORD_009124,Customer Return,Quality Not as Expected,5111.0
ORD_009131,Customer Return,Defective / Damaged Item,2438.4
ORD_009133,RTO (Undelivered),Customer Refused at Doorstep,2033.6
ORD_009139,Customer Return,Size / Fit Issue,3300.8
ORD_009146,Customer Return,Late Delivery,1375.4
ORD_009148,Customer Return,Late Delivery,3527.2
ORD_009153,Customer Return,Quality Not as Expected,726.0
ORD_009155,Customer Return,Size / Fit Issue,1308.3
ORD_009157,Customer Return,Size / Fit Issue,3595.2
ORD_009159,Customer Return,Quality Not as Expected,1218.0
ORD_009162,RTO (Undelivered),Customer Refused at Doorstep,2142.0
ORD_009168,Customer Return,Late Delivery,907.2
ORD_009173,Customer Return,Size / Fit Issue,3981.8
ORD_009176,Customer Return,Size / Fit Issue,1073.0
ORD_009178,Customer Return,Quality Not as Expected,2279.2
ORD_009186,Customer Return,Size / Fit Issue,3697.7
ORD_009189,Customer Return,Size / Fit Issue,1952.1
ORD_009190,RTO (Undelivered),Customer Refused at Doorstep,2116.4
ORD_009202,RTO (Undelivered),Customer Refused at Doorstep,944.3
ORD_009209,Customer Return,Quality Not as Expected,6417.1
ORD_009211,RTO (Undelivered),Customer Refused at Doorstep,828.8
ORD_009214,Customer Return,Quality Not as Expected,1824.9
ORD_009219,Customer Return,Quality Not as Expected,1461.0
ORD_009220,RTO (Undelivered),Customer Refused at Doorstep,2298.0
ORD_009224,RTO (Undelivered),Customer Refused at Doorstep,323.9
ORD_009228,Customer Return,Size / Fit Issue,1778.4
ORD_009232,Customer Return,Size / Fit Issue,5830.9
ORD_009233,RTO (Undelivered),Customer Refused at Doorstep,559.0
ORD_009234,Customer Return,Size / Fit Issue,2323.4
ORD_009236,Customer Return,Late Delivery,3714.2
ORD_009239,RTO (Undelivered),Customer Refused at Doorstep,1888.1
ORD_009240,Customer Return,Size / Fit Issue,1090.8
ORD_009242,RTO (Undelivered),Customer Refused at Doorstep,1260.0
ORD_009252,RTO (Undelivered),Customer Refused at Doorstep,5887.7
ORD_009258,Customer Return,Late Delivery,607.5
ORD_009259,Customer Return,Size / Fit Issue,1876.8
ORD_009273,RTO (Undelivered),Customer Refused at Doorstep,1493.1
ORD_009276,Customer Return,Found Better Price Elsewhere,547.6
ORD_009278,Customer Return,Size / Fit Issue,7439.0
ORD_009282,Customer Return,Size / Fit Issue,487.2
ORD_009284,RTO (Undelivered),Customer Refused at Doorstep,1003.2
ORD_009286,Customer Return,Size / Fit Issue,1342.5
ORD_009287,RTO (Undelivered),Customer Refused at Doorstep,850.9
ORD_009288,Customer Return,Quality Not as Expected,1075.5
ORD_009290,RTO (Undelivered),Customer Refused at Doorstep,877.5
ORD_009293,Customer Return,Size / Fit Issue,4721.4
ORD_009294,Customer Return,Size / Fit Issue,1387.2
ORD_009296,RTO (Undelivered),Customer Refused at Doorstep,3340.8
ORD_009297,RTO (Undelivered),Customer Refused at Doorstep,2324.9
ORD_009299,Customer Return,Size / Fit Issue,617.7
ORD_009302,Customer Return,Late Delivery,2415.1
ORD_009307,Customer Return,Quality Not as Expected,1539.2
ORD_009309,RTO (Undelivered),Customer Refused at Doorstep,2980.7
ORD_009313,Customer Return,Size / Fit Issue,1081.6
ORD_009318,RTO (Undelivered),Customer Refused at Doorstep,987.7
ORD_009326,Customer Return,Size / Fit Issue,2183.7
ORD_009331,RTO (Undelivered),Customer Refused at Doorstep,318.2
ORD_009333,Customer Return,Defective / Damaged Item,1992.0
ORD_009336,RTO (Undelivered),Customer Refused at Doorstep,1990.8
ORD_009340,Customer Return,Size / Fit Issue,3411.6
ORD_009341,Customer Return,Late Delivery,1615.4
ORD_009343,RTO (Undelivered),Customer Refused at Doorstep,1080.7
ORD_009361,Customer Return,Late Delivery,1319.9
ORD_009365,Customer Return,Size / Fit Issue,1907.4
ORD_009366,RTO (Undelivered),Customer Refused at Doorstep,1462.0
ORD_009369,Customer Return,Quality Not as Expected,2955.4
ORD_009371,RTO (Undelivered),Customer Refused at Doorstep,1322.4
ORD_009372,Customer Return,Size / Fit Issue,1912.5
ORD_009375,Customer Return,Quality Not as Expected,7462.0
ORD_009378,RTO (Undelivered),Customer Refused at Doorstep,2802.5
ORD_009380,RTO (Undelivered),Customer Refused at Doorstep,960.0
ORD_009381,Customer Return,Size / Fit Issue,1250.6
ORD_009383,Customer Return,Defective / Damaged Item,1417.6
ORD_009386,RTO (Undelivered),Customer Refused at Doorstep,1386.2
ORD_009392,Customer Return,Found Better Price Elsewhere,529.2
ORD_009396,Customer Return,Late Delivery,1356.8
ORD_009401,RTO (Undelivered),Customer Refused at Doorstep,757.1
ORD_009404,Customer Return,Size / Fit Issue,2749.8
ORD_009409,RTO (Undelivered),Customer Refused at Doorstep,1453.2
ORD_009410,RTO (Undelivered),Customer Refused at Doorstep,356.7
ORD_009414,Customer Return,Size / Fit Issue,1333.0
ORD_009415,Customer Return,Size / Fit Issue,2175.4
ORD_009416,RTO (Undelivered),Customer Refused at Doorstep,2310.8
ORD_009419,Customer Return,Quality Not as Expected,5768.5
ORD_009420,Customer Return,Quality Not as Expected,10554.3
ORD_009424,RTO (Undelivered),Customer Refused at Doorstep,664.0
ORD_009439,RTO (Undelivered),Customer Refused at Doorstep,3645.1
ORD_009443,RTO (Undelivered),Customer Refused at Doorstep,2315.0
ORD_009445,Customer Return,Quality Not as Expected,769.8
ORD_009450,Customer Return,Quality Not as Expected,1911.4
ORD_009451,Customer Return,Defective / Damaged Item,378.0
ORD_009454,Customer Return,Size / Fit Issue,751.9
ORD_009460,RTO (Undelivered),Customer Refused at Doorstep,2679.6
ORD_009461,RTO (Undelivered),Customer Refused at Doorstep,374.4
ORD_009464,RTO (Undelivered),Customer Refused at Doorstep,5969.0
ORD_009465,RTO (Undelivered),Customer Refused at Doorstep,4730.9
ORD_009466,RTO (Undelivered),Customer Refused at Doorstep,2053.8
ORD_009467,RTO (Undelivered),Customer Refused at Doorstep,1067.6
ORD_009471,RTO (Undelivered),Customer Refused at Doorstep,2427.6
ORD_009473,RTO (Undelivered),Customer Refused at Doorstep,2425.6
ORD_009479,Customer Return,Size / Fit Issue,2679.7
ORD_009481,RTO (Undelivered),Customer Refused at Doorstep,3104.9
ORD_009485,RTO (Undelivered),Customer Refused at Doorstep,1901.2
ORD_009487,RTO (Undelivered),Customer Refused at Doorstep,1091.2
ORD_009488,RTO (Undelivered),Customer Refused at Doorstep,2115.8
ORD_009489,Customer Return,Quality Not as Expected,2465.4
ORD_009490,Customer Return,Size / Fit Issue,4464.8
ORD_009494,Customer Return,Defective / Damaged Item,1309.1
ORD_009498,RTO (Undelivered),Customer Refused at Doorstep,1503.6
ORD_009502,Customer Return,Size / Fit Issue,1358.8
ORD_009503,Customer Return,Size / Fit Issue,743.4
ORD_009508,RTO (Undelivered),Customer Refused at Doorstep,1738.8
ORD_009509,Customer Return,Size / Fit Issue,545.1
ORD_009515,Customer Return,Quality Not as Expected,655.2
ORD_009520,Customer Return,Size / Fit Issue,2848.5
ORD_009527,Customer Return,Quality Not as Expected,651.2
ORD_009531,Customer Return,Size / Fit Issue,2453.9
ORD_009532,Customer Return,Quality Not as Expected,663.6
ORD_009533,Customer Return,Late Delivery,1379.9
ORD_009534,Customer Return,Quality Not as Expected,3432.0
ORD_009538,Customer Return,Quality Not as Expected,5061.3
ORD_009539,Customer Return,Quality Not as Expected,627.2
ORD_009540,Customer Return,Size / Fit Issue,5004.5
ORD_009541,RTO (Undelivered),Customer Refused at Doorstep,604.8
ORD_009542,Customer Return,Defective / Damaged Item,381.6
ORD_009548,RTO (Undelivered),Customer Refused at Doorstep,3230.3
ORD_009563,Customer Return,Size / Fit Issue,885.5
ORD_009568,RTO (Undelivered),Customer Refused at Doorstep,536.9
ORD_009569,RTO (Undelivered),Customer Refused at Doorstep,1084.0
ORD_009572,Customer Return,Size / Fit Issue,5178.9
ORD_009576,Customer Return,Size / Fit Issue,3657.8
ORD_009577,Customer Return,Found Better Price Elsewhere,2639.4
ORD_009579,Customer Return,Defective / Damaged Item,3037.8
ORD_009580,Customer Return,Defective / Damaged Item,7741.6
ORD_009581,Customer Return,Size / Fit Issue,2396.5
ORD_009582,Customer Return,Size / Fit Issue,539.4
ORD_009585,Customer Return,Size / Fit Issue,6981.4
ORD_009586,Customer Return,Defective / Damaged Item,1822.5
ORD_009591,RTO (Undelivered),Customer Refused at Doorstep,2759.8
ORD_009593,RTO (Undelivered),Customer Refused at Doorstep,2562.8
ORD_009597,Customer Return,Size / Fit Issue,1869.6
ORD_009600,Customer Return,Defective / Damaged Item,3205.4
ORD_009604,Customer Return,Quality Not as Expected,5900.2
ORD_009618,Customer Return,Quality Not as Expected,1583.6
ORD_009619,RTO (Undelivered),Customer Refused at Doorstep,1169.6
ORD_009621,RTO (Undelivered),Customer Refused at Doorstep,2057.0
ORD_009624,Customer Return,Quality Not as Expected,1324.4
ORD_009629,Customer Return,Quality Not as Expected,826.0
ORD_009633,Customer Return,Late Delivery,3749.7
ORD_009639,Customer Return,Size / Fit Issue,495.6
ORD_009645,RTO (Undelivered),Customer Refused at Doorstep,4624.5
ORD_009658,RTO (Undelivered),Customer Refused at Doorstep,4063.8
ORD_009659,Customer Return,Defective / Damaged Item,2256.2
ORD_009660,RTO (Undelivered),Customer Refused at Doorstep,2784.6
ORD_009663,RTO (Undelivered),Customer Refused at Doorstep,2107.5
ORD_009666,Customer Return,Late Delivery,2427.6
ORD_009670,Customer Return,Size / Fit Issue,2421.6
ORD_009671,Customer Return,Quality Not as Expected,1790.7
ORD_009673,RTO (Undelivered),Customer Refused at Doorstep,695.2
ORD_009685,RTO (Undelivered),Customer Refused at Doorstep,1728.0
ORD_009686,RTO (Undelivered),Customer Refused at Doorstep,1070.0
ORD_009689,RTO (Undelivered),Customer Refused at Doorstep,915.6
ORD_009690,Customer Return,Size / Fit Issue,894.4
ORD_009696,Customer Return,Defective / Damaged Item,529.2
ORD_009699,Customer Return,Size / Fit Issue,2166.8
ORD_009701,RTO (Undelivered),Customer Refused at Doorstep,5868.0
ORD_009704,Customer Return,Size / Fit Issue,2021.7
ORD_009713,Customer Return,Quality Not as Expected,3123.8
ORD_009716,Customer Return,Quality Not as Expected,2257.2
ORD_009720,Customer Return,Size / Fit Issue,2554.1
ORD_009722,Customer Return,Size / Fit Issue,3714.5
ORD_009730,RTO (Undelivered),Customer Refused at Doorstep,1248.0
ORD_009748,RTO (Undelivered),Customer Refused at Doorstep,1490.0
ORD_009749,Customer Return,Quality Not as Expected,4234.3
ORD_009764,RTO (Undelivered),Customer Refused at Doorstep,3334.4
ORD_009769,RTO (Undelivered),Customer Refused at Doorstep,340.2
ORD_009771,RTO (Undelivered),Customer Refused at Doorstep,638.0
ORD_009775,RTO (Undelivered),Customer Refused at Doorstep,632.0
ORD_009778,RTO (Undelivered),Customer Refused at Doorstep,1804.2
ORD_009780,Customer Return,Size / Fit Issue,3357.2
ORD_009781,Customer Return,Defective / Damaged Item,643.8
ORD_009787,Customer Return,Quality Not as Expected,1079.2
ORD_009794,Customer Return,Size / Fit Issue,3146.3
ORD_009795,RTO (Undelivered),Customer Refused at Doorstep,374.4
ORD_009798,RTO (Undelivered),Customer Refused at Doorstep,676.0
ORD_009799,RTO (Undelivered),Customer Refused at Doorstep,1152.9
ORD_009802,Customer Return,Size / Fit Issue,884.4
ORD_009809,Customer Return,Found Better Price Elsewhere,743.7
ORD_009812,Customer Return,Size / Fit Issue,1140.8
ORD_009815,Customer Return,Size / Fit Issue,2279.2
ORD_009817,Customer Return,Found Better Price Elsewhere,1626.4
ORD_009818,Customer Return,Late Delivery,940.8
ORD_009820,Customer Return,Size / Fit Issue,2368.1
ORD_009823,Customer Return,Quality Not as Expected,3382.0
ORD_009825,Customer Return,Quality Not as Expected,3532.8
ORD_009826,Customer Return,Quality Not as Expected,3488.0
ORD_009827,Customer Return,Quality Not as Expected,1574.0
ORD_009833,RTO (Undelivered),Customer Refused at Doorstep,1526.8
ORD_009837,RTO (Undelivered),Customer Refused at Doorstep,1070.4
ORD_009839,Customer Return,Quality Not as Expected,2904.1
ORD_009843,RTO (Undelivered),Customer Refused at Doorstep,855.4
ORD_009845,RTO (Undelivered),Customer Refused at Doorstep,4747.8
ORD_009848,Customer Return,Size / Fit Issue,4075.3
ORD_009851,Customer Return,Defective / Damaged Item,1916.6
ORD_009857,RTO (Undelivered),Customer Refused at Doorstep,679.4
ORD_009861,Customer Return,Found Better Price Elsewhere,2634.4
ORD_009863,RTO (Undelivered),Customer Refused at Doorstep,639.9
ORD_009864,RTO (Undelivered),Customer Refused at Doorstep,1967.0
ORD_009866,RTO (Undelivered),Customer Refused at Doorstep,879.2
ORD_009869,RTO (Undelivered),Customer Refused at Doorstep,1536.0
ORD_009871,Customer Return,Quality Not as Expected,3059.6
ORD_009877,Customer Return,Quality Not as Expected,352.8
ORD_009879,Customer Return,Quality Not as Expected,2970.3
ORD_009880,RTO (Undelivered),Customer Refused at Doorstep,2845.0
ORD_009883,Customer Return,Quality Not as Expected,3749.6
ORD_009889,Customer Return,Size / Fit Issue,2608.5
ORD_009899,Customer Return,Size / Fit Issue,2436.0
ORD_009901,Customer Return,Size / Fit Issue,2904.6
ORD_009902,RTO (Undelivered),Customer Refused at Doorstep,2639.1
ORD_009903,Customer Return,Size / Fit Issue,2822.0
ORD_009906,RTO (Undelivered),Customer Refused at Doorstep,2175.4
ORD_009908,RTO (Undelivered),Customer Refused at Doorstep,1309.4
ORD_009912,Customer Return,Size / Fit Issue,9732.5
ORD_009915,Customer Return,Size / Fit Issue,1717.5
ORD_009921,RTO (Undelivered),Customer Refused at Doorstep,8089.0
ORD_009922,RTO (Undelivered),Customer Refused at Doorstep,1204.0
ORD_009925,Customer Return,Size / Fit Issue,3307.5
ORD_009927,Customer Return,Defective / Damaged Item,4033.3
ORD_009928,Customer Return,Size / Fit Issue,461.7
ORD_009929,Customer Return,Quality Not as Expected,1712.0
ORD_009932,Customer Return,Size / Fit Issue,1641.9
ORD_009934,Customer Return,Quality Not as Expected,550.4
ORD_009936,Customer Return,Size / Fit Issue,536.9
ORD_009937,Customer Return,Late Delivery,2095.2
ORD_009939,RTO (Undelivered),Customer Refused at Doorstep,1560.0
ORD_009941,RTO (Undelivered),Customer Refused at Doorstep,3259.2
ORD_009948,RTO (Undelivered),Customer Refused at Doorstep,1293.6
ORD_009952,Customer Return,Size / Fit Issue,1833.5
ORD_009960,Customer Return,Quality Not as Expected,891.0
ORD_009962,Customer Return,Size / Fit Issue,3337.4
ORD_009966,Customer Return,Size / Fit Issue,4766.4
ORD_009972,Customer Return,Size / Fit Issue,1360.8
ORD_009989,RTO (Undelivered),Customer Refused at Doorstep,2061.9
ORD_009995,RTO (Undelivered),Customer Refused at Doorstep,3334.6
ORD_009996,RTO (Undelivered),Customer Refused at Doorstep,816.0
ORD_010002,Customer Return,Defective / Damaged Item,5336.1
ORD_010006,RTO (Undelivered),Customer Refused at Doorstep,1467.8
ORD_010007,RTO (Undelivered),Customer Refused at Doorstep,2766.7
ORD_010010,Customer Return,Quality Not as Expected,1826.5
ORD_010013,RTO (Undelivered),Customer Refused at Doorstep,639.9
ORD_010022,Customer Return,Quality Not as Expected,1062.6
ORD_010023,RTO (Undelivered),Customer Refused at Doorstep,4461.2
ORD_010035,RTO (Undelivered),Customer Refused at Doorstep,718.0
ORD_010037,Customer Return,Size / Fit Issue,4324.3
ORD_010038,RTO (Undelivered),Customer Refused at Doorstep,2255.5
ORD_010043,Customer Return,Quality Not as Expected,4619.6
ORD_010044,RTO (Undelivered),Customer Refused at Doorstep,3225.9
ORD_010048,RTO (Undelivered),Customer Refused at Doorstep,1267.0
ORD_010050,RTO (Undelivered),Customer Refused at Doorstep,3620.4
ORD_010052,RTO (Undelivered),Customer Refused at Doorstep,3619.2
ORD_010054,Customer Return,Size / Fit Issue,4063.1
ORD_010062,RTO (Undelivered),Customer Refused at Doorstep,942.4
ORD_010063,RTO (Undelivered),Customer Refused at Doorstep,2948.9
ORD_010067,RTO (Undelivered),Customer Refused at Doorstep,808.4
ORD_010068,Customer Return,Defective / Damaged Item,1595.0
ORD_010069,Customer Return,Quality Not as Expected,4144.0
ORD_010073,Customer Return,Defective / Damaged Item,2344.5
ORD_010078,Customer Return,Size / Fit Issue,1833.8
ORD_010079,RTO (Undelivered),Customer Refused at Doorstep,2161.0
ORD_010081,RTO (Undelivered),Customer Refused at Doorstep,426.6
ORD_010082,Customer Return,Size / Fit Issue,1124.7
ORD_010094,Customer Return,Defective / Damaged Item,2279.2
ORD_010097,Customer Return,Size / Fit Issue,3507.6
ORD_010099,RTO (Undelivered),Customer Refused at Doorstep,1271.6
ORD_010100,Customer Return,Defective / Damaged Item,3590.9
ORD_010101,Customer Return,Quality Not as Expected,5876.0
ORD_010102,RTO (Undelivered),Customer Refused at Doorstep,795.2
ORD_010111,Customer Return,Size / Fit Issue,1305.0
ORD_010112,RTO (Undelivered),Customer Refused at Doorstep,2128.0
ORD_010113,Customer Return,Size / Fit Issue,657.0
ORD_010117,RTO (Undelivered),Customer Refused at Doorstep,2885.5
ORD_010120,Customer Return,Size / Fit Issue,5045.0
ORD_010121,Customer Return,Size / Fit Issue,3506.3
ORD_010123,RTO (Undelivered),Customer Refused at Doorstep,457.5
ORD_010130,Customer Return,Quality Not as Expected,1817.0
ORD_010135,Customer Return,Quality Not as Expected,3009.4
ORD_010139,Customer Return,Found Better Price Elsewhere,1735.5
ORD_010143,RTO (Undelivered),Customer Refused at Doorstep,1376.0
ORD_010147,Customer Return,Size / Fit Issue,609.0
ORD_010148,RTO (Undelivered),Customer Refused at Doorstep,7848.6
ORD_010153,Customer Return,Size / Fit Issue,1019.2
ORD_010154,Customer Return,Quality Not as Expected,3928.7
ORD_010157,Customer Return,Size / Fit Issue,1356.4
ORD_010158,Customer Return,Size / Fit Issue,448.2
ORD_010162,RTO (Undelivered),Customer Refused at Doorstep,537.2
ORD_010166,Customer Return,Size / Fit Issue,2708.4
ORD_010168,RTO (Undelivered),Customer Refused at Doorstep,1036.6
ORD_010170,Customer Return,Defective / Damaged Item,1617.0
ORD_010172,RTO (Undelivered),Customer Refused at Doorstep,1192.0
ORD_010173,RTO (Undelivered),Customer Refused at Doorstep,1218.0
ORD_010174,Customer Return,Defective / Damaged Item,1435.9
ORD_010176,Customer Return,Quality Not as Expected,3307.8
ORD_010180,Customer Return,Size / Fit Issue,3640.0
ORD_010182,Customer Return,Quality Not as Expected,1694.4
ORD_010187,RTO (Undelivered),Customer Refused at Doorstep,1652.4
ORD_010189,Customer Return,Size / Fit Issue,1443.2
ORD_010190,RTO (Undelivered),Customer Refused at Doorstep,3143.6
ORD_010194,Customer Return,Quality Not as Expected,469.8
ORD_010195,Customer Return,Found Better Price Elsewhere,2694.0
ORD_010203,Customer Return,Size / Fit Issue,2929.9
ORD_010214,Customer Return,Found Better Price Elsewhere,2745.0
ORD_010223,RTO (Undelivered),Customer Refused at Doorstep,1854.2
ORD_010232,RTO (Undelivered),Customer Refused at Doorstep,847.7
ORD_010236,Customer Return,Size / Fit Issue,5738.8
ORD_010239,RTO (Undelivered),Customer Refused at Doorstep,2148.8
ORD_010249,Customer Return,Size / Fit Issue,1180.2
ORD_010253,RTO (Undelivered),Customer Refused at Doorstep,1887.0
ORD_010254,RTO (Undelivered),Customer Refused at Doorstep,1233.8
ORD_010258,Customer Return,Quality Not as Expected,1896.9
ORD_010264,RTO (Undelivered),Customer Refused at Doorstep,3848.2
ORD_010272,Customer Return,Quality Not as Expected,2571.4
ORD_010282,Customer Return,Size / Fit Issue,3160.2
ORD_010284,Customer Return,Quality Not as Expected,2293.8
ORD_010285,RTO (Undelivered),Customer Refused at Doorstep,1755.0
ORD_010292,RTO (Undelivered),Customer Refused at Doorstep,338.4
ORD_010293,RTO (Undelivered),Customer Refused at Doorstep,889.2
ORD_010297,Customer Return,Size / Fit Issue,2562.8
ORD_010300,Customer Return,Found Better Price Elsewhere,3081.2
ORD_010334,Customer Return,Size / Fit Issue,4250.7
ORD_010335,RTO (Undelivered),Customer Refused at Doorstep,951.5
ORD_010340,Customer Return,Size / Fit Issue,3125.2
ORD_010341,RTO (Undelivered),Customer Refused at Doorstep,3894.5
ORD_010344,Customer Return,Size / Fit Issue,741.0
ORD_010345,Customer Return,Quality Not as Expected,820.8
ORD_010353,RTO (Undelivered),Customer Refused at Doorstep,4372.5
ORD_010368,Customer Return,Quality Not as Expected,3773.7
ORD_010378,Customer Return,Size / Fit Issue,3476.0
ORD_010389,Customer Return,Size / Fit Issue,837.8
ORD_010393,RTO (Undelivered),Customer Refused at Doorstep,1308.3
ORD_010395,Customer Return,Quality Not as Expected,2102.1
ORD_010396,Customer Return,Late Delivery,1625.4
ORD_010397,RTO (Undelivered),Customer Refused at Doorstep,205.0
ORD_010400,Customer Return,Quality Not as Expected,977.9
ORD_010401,RTO (Undelivered),Customer Refused at Doorstep,6171.2
ORD_010408,Customer Return,Defective / Damaged Item,4224.3
ORD_010410,RTO (Undelivered),Customer Refused at Doorstep,3593.5
ORD_010412,Customer Return,Size / Fit Issue,1416.4
ORD_010414,RTO (Undelivered),Customer Refused at Doorstep,3333.6
ORD_010417,Customer Return,Size / Fit Issue,3566.6
ORD_010421,Customer Return,Quality Not as Expected,3003.0
ORD_010432,Customer Return,Defective / Damaged Item,1840.7
ORD_010440,Customer Return,Quality Not as Expected,813.1
ORD_010441,RTO (Undelivered),Customer Refused at Doorstep,3529.3
ORD_010444,RTO (Undelivered),Customer Refused at Doorstep,2688.7
ORD_010447,Customer Return,Size / Fit Issue,1242.0
ORD_010448,RTO (Undelivered),Customer Refused at Doorstep,377.2
ORD_010452,RTO (Undelivered),Customer Refused at Doorstep,6721.7
ORD_010457,Customer Return,Defective / Damaged Item,2424.4
ORD_010464,RTO (Undelivered),Customer Refused at Doorstep,923.4
ORD_010474,Customer Return,Found Better Price Elsewhere,4025.3
ORD_010481,RTO (Undelivered),Customer Refused at Doorstep,252.0
ORD_010483,Customer Return,Late Delivery,1317.5
ORD_010484,Customer Return,Quality Not as Expected,1764.0
ORD_010488,Customer Return,Size / Fit Issue,2068.0
ORD_010490,Customer Return,Size / Fit Issue,3649.5
ORD_010494,Customer Return,Defective / Damaged Item,2822.0
ORD_010496,RTO (Undelivered),Customer Refused at Doorstep,1102.4
ORD_010499,Customer Return,Size / Fit Issue,3449.1
ORD_010500,Customer Return,Size / Fit Issue,3129.0
ORD_010512,RTO (Undelivered),Customer Refused at Doorstep,2830.6
ORD_010514,Customer Return,Size / Fit Issue,3808.0
ORD_010516,Customer Return,Quality Not as Expected,1913.6
ORD_010518,Customer Return,Size / Fit Issue,3727.5
ORD_010520,Customer Return,Found Better Price Elsewhere,4233.4
ORD_010522,Customer Return,Quality Not as Expected,2072.6
ORD_010530,Customer Return,Quality Not as Expected,2443.6
ORD_010538,Customer Return,Late Delivery,1536.0
ORD_010539,Customer Return,Late Delivery,3810.3
ORD_010541,RTO (Undelivered),Customer Refused at Doorstep,550.4
ORD_010548,Customer Return,Late Delivery,3416.5
ORD_010551,Customer Return,Size / Fit Issue,946.4
ORD_010555,Customer Return,Quality Not as Expected,2754.2
ORD_010556,RTO (Undelivered),Customer Refused at Doorstep,608.0
ORD_010558,RTO (Undelivered),Customer Refused at Doorstep,1255.8
ORD_010561,Customer Return,Quality Not as Expected,3277.0
ORD_010563,RTO (Undelivered),Customer Refused at Doorstep,1944.8
ORD_010565,Customer Return,Size / Fit Issue,600.0
ORD_010571,RTO (Undelivered),Customer Refused at Doorstep,4110.5
ORD_010579,RTO (Undelivered),Customer Refused at Doorstep,1027.2
ORD_010593,RTO (Undelivered),Customer Refused at Doorstep,2648.7
ORD_010597,Customer Return,Defective / Damaged Item,1992.7
ORD_010606,RTO (Undelivered),Customer Refused at Doorstep,1086.0
ORD_010607,RTO (Undelivered),Customer Refused at Doorstep,871.2
ORD_010612,RTO (Undelivered),Customer Refused at Doorstep,963.9
ORD_010613,RTO (Undelivered),Customer Refused at Doorstep,2115.0
ORD_010614,RTO (Undelivered),Customer Refused at Doorstep,4079.4
ORD_010617,RTO (Undelivered),Customer Refused at Doorstep,972.0
ORD_010619,Customer Return,Defective / Damaged Item,3694.4
ORD_010620,Customer Return,Size / Fit Issue,2046.1
ORD_010637,Customer Return,Late Delivery,3848.4
ORD_010646,Customer Return,Defective / Damaged Item,2203.5
ORD_010648,RTO (Undelivered),Customer Refused at Doorstep,750.3
ORD_010650,Customer Return,Size / Fit Issue,4504.8
ORD_010652,Customer Return,Size / Fit Issue,577.2
ORD_010653,RTO (Undelivered),Customer Refused at Doorstep,4677.8
ORD_010654,RTO (Undelivered),Customer Refused at Doorstep,168.1
ORD_010663,Customer Return,Late Delivery,2806.1
ORD_010664,Customer Return,Size / Fit Issue,2592.6
ORD_010673,RTO (Undelivered),Customer Refused at Doorstep,1700.9
ORD_010675,Customer Return,Quality Not as Expected,1424.5
ORD_010684,Customer Return,Size / Fit Issue,2194.1
ORD_010685,RTO (Undelivered),Customer Refused at Doorstep,2032.8
ORD_010689,Customer Return,Size / Fit Issue,545.1
ORD_010690,Customer Return,Quality Not as Expected,2223.6
ORD_010692,Customer Return,Size / Fit Issue,2464.4
ORD_010693,RTO (Undelivered),Customer Refused at Doorstep,2390.4
ORD_010698,Customer Return,Late Delivery,6058.4
ORD_010702,RTO (Undelivered),Customer Refused at Doorstep,1966.5
ORD_010703,Customer Return,Defective / Damaged Item,1348.5
ORD_010704,RTO (Undelivered),Customer Refused at Doorstep,426.3
ORD_010705,RTO (Undelivered),Customer Refused at Doorstep,1605.5
ORD_010707,RTO (Undelivered),Customer Refused at Doorstep,4903.3
ORD_010719,Customer Return,Size / Fit Issue,3707.5
ORD_010726,Customer Return,Size / Fit Issue,2598.6
ORD_010729,RTO (Undelivered),Customer Refused at Doorstep,1267.0
ORD_010731,RTO (Undelivered),Customer Refused at Doorstep,1723.8
ORD_010740,Customer Return,Quality Not as Expected,1857.0
ORD_010742,RTO (Undelivered),Customer Refused at Doorstep,3760.4
ORD_010743,RTO (Undelivered),Customer Refused at Doorstep,2775.8
ORD_010745,Customer Return,Defective / Damaged Item,504.0
ORD_010746,RTO (Undelivered),Customer Refused at Doorstep,688.0
ORD_010754,Customer Return,Quality Not as Expected,1821.6
ORD_010760,Customer Return,Size / Fit Issue,3498.9
ORD_010762,RTO (Undelivered),Customer Refused at Doorstep,1824.9
ORD_010763,Customer Return,Found Better Price Elsewhere,1767.1
ORD_010774,RTO (Undelivered),Customer Refused at Doorstep,1461.6
ORD_010776,Customer Return,Quality Not as Expected,2336.0
ORD_010779,Customer Return,Quality Not as Expected,965.7
ORD_010780,RTO (Undelivered),Customer Refused at Doorstep,1013.6
ORD_010782,Customer Return,Quality Not as Expected,630.0
ORD_010783,Customer Return,Size / Fit Issue,880.4
ORD_010786,Customer Return,Size / Fit Issue,2528.4
ORD_010788,Customer Return,Quality Not as Expected,7319.0
ORD_010790,Customer Return,Defective / Damaged Item,3269.2
ORD_010792,RTO (Undelivered),Customer Refused at Doorstep,1250.8
ORD_010794,Customer Return,Size / Fit Issue,1814.4
ORD_010802,Customer Return,Size / Fit Issue,3147.2
ORD_010803,Customer Return,Size / Fit Issue,2514.8
ORD_010809,RTO (Undelivered),Customer Refused at Doorstep,1332.6
ORD_010817,Customer Return,Size / Fit Issue,2940.8
ORD_010818,Customer Return,Found Better Price Elsewhere,1569.9
ORD_010822,Customer Return,Found Better Price Elsewhere,1522.4
ORD_010838,Customer Return,Size / Fit Issue,411.6
ORD_010844,RTO (Undelivered),Customer Refused at Doorstep,7020.0
ORD_010848,Customer Return,Found Better Price Elsewhere,2547.4
ORD_010849,Customer Return,Quality Not as Expected,937.9
ORD_010851,RTO (Undelivered),Customer Refused at Doorstep,1274.4
ORD_010854,RTO (Undelivered),Customer Refused at Doorstep,2227.6
ORD_010855,Customer Return,Size / Fit Issue,1333.8
ORD_010856,RTO (Undelivered),Customer Refused at Doorstep,3902.6
ORD_010860,RTO (Undelivered),Customer Refused at Doorstep,3024.7
ORD_010862,RTO (Undelivered),Customer Refused at Doorstep,1398.6
ORD_010865,Customer Return,Size / Fit Issue,3026.4
ORD_010866,Customer Return,Size / Fit Issue,2244.9
ORD_010875,Customer Return,Quality Not as Expected,2814.4
ORD_010881,RTO (Undelivered),Customer Refused at Doorstep,441.8
ORD_010887,RTO (Undelivered),Customer Refused at Doorstep,3816.0
ORD_010889,Customer Return,Size / Fit Issue,221.4
ORD_010892,Customer Return,Size / Fit Issue,1234.8
ORD_010896,RTO (Undelivered),Customer Refused at Doorstep,2154.6
ORD_010898,RTO (Undelivered),Customer Refused at Doorstep,3699.7
ORD_010905,Customer Return,Quality Not as Expected,2649.2
ORD_010912,RTO (Undelivered),Customer Refused at Doorstep,2502.2
ORD_010920,RTO (Undelivered),Customer Refused at Doorstep,759.2
ORD_010926,Customer Return,Size / Fit Issue,2887.7
ORD_010934,Customer Return,Late Delivery,1758.0
ORD_010938,Customer Return,Size / Fit Issue,1162.0
ORD_010939,Customer Return,Quality Not as Expected,1569.6
ORD_010941,Customer Return,Quality Not as Expected,3827.8
ORD_010946,Customer Return,Late Delivery,3368.4
ORD_010952,RTO (Undelivered),Customer Refused at Doorstep,3902.8
ORD_010953,Customer Return,Found Better Price Elsewhere,4771.9
ORD_010955,RTO (Undelivered),Customer Refused at Doorstep,2398.6
ORD_010961,Customer Return,Late Delivery,3344.1
ORD_010965,RTO (Undelivered),Customer Refused at Doorstep,3053.0
ORD_010969,RTO (Undelivered),Customer Refused at Doorstep,1103.2
ORD_010975,RTO (Undelivered),Customer Refused at Doorstep,959.3
ORD_010979,Customer Return,Size / Fit Issue,1700.3
ORD_010980,Customer Return,Quality Not as Expected,2863.5
ORD_010981,RTO (Undelivered),Customer Refused at Doorstep,4404.7
ORD_010986,RTO (Undelivered),Customer Refused at Doorstep,653.6
ORD_010987,RTO (Undelivered),Customer Refused at Doorstep,3328.2
ORD_010990,RTO (Undelivered),Customer Refused at Doorstep,820.8
ORD_010992,Customer Return,Size / Fit Issue,713.8
ORD_010994,Customer Return,Quality Not as Expected,2173.6
ORD_010995,Customer Return,Defective / Damaged Item,798.7
ORD_010997,Customer Return,Defective / Damaged Item,2444.4
ORD_010998,RTO (Undelivered),Customer Refused at Doorstep,1827.3
ORD_011005,RTO (Undelivered),Customer Refused at Doorstep,2691.6
ORD_011008,Customer Return,Size / Fit Issue,655.7
ORD_011009,RTO (Undelivered),Customer Refused at Doorstep,1357.8
ORD_011010,Customer Return,Quality Not as Expected,2758.0
ORD_011013,Customer Return,Quality Not as Expected,905.2
ORD_011015,RTO (Undelivered),Customer Refused at Doorstep,1684.8
ORD_011017,Customer Return,Quality Not as Expected,3705.0
ORD_011018,RTO (Undelivered),Customer Refused at Doorstep,2360.6
ORD_011030,Customer Return,Late Delivery,2421.6
ORD_011047,RTO (Undelivered),Customer Refused at Doorstep,2360.7
ORD_011050,Customer Return,Size / Fit Issue,1014.0
ORD_011051,Customer Return,Size / Fit Issue,2296.2
ORD_011055,Customer Return,Size / Fit Issue,3789.7
ORD_011066,Customer Return,Size / Fit Issue,1598.4
ORD_011077,Customer Return,Size / Fit Issue,3107.5
ORD_011078,Customer Return,Size / Fit Issue,6145.5
ORD_011079,Customer Return,Size / Fit Issue,2324.4
ORD_011087,RTO (Undelivered),Customer Refused at Doorstep,4061.0
ORD_011089,Customer Return,Size / Fit Issue,1724.0
ORD_011104,Customer Return,Size / Fit Issue,3474.4
ORD_011106,Customer Return,Size / Fit Issue,2662.8
ORD_011109,RTO (Undelivered),Customer Refused at Doorstep,1509.2
ORD_011110,Customer Return,Quality Not as Expected,3944.5
ORD_011117,RTO (Undelivered),Customer Refused at Doorstep,2197.6
ORD_011126,Customer Return,Found Better Price Elsewhere,1716.8
ORD_011131,RTO (Undelivered),Customer Refused at Doorstep,1566.5
ORD_011136,Customer Return,Size / Fit Issue,2400.3
ORD_011139,RTO (Undelivered),Customer Refused at Doorstep,2768.6
ORD_011144,Customer Return,Size / Fit Issue,723.9
ORD_011146,RTO (Undelivered),Customer Refused at Doorstep,1284.4
ORD_011157,RTO (Undelivered),Customer Refused at Doorstep,1901.9
ORD_011160,Customer Return,Found Better Price Elsewhere,2486.4
ORD_011163,Customer Return,Found Better Price Elsewhere,442.8
ORD_011164,RTO (Undelivered),Customer Refused at Doorstep,3528.1
ORD_011167,Customer Return,Defective / Damaged Item,2451.8
ORD_011169,RTO (Undelivered),Customer Refused at Doorstep,2415.6
ORD_011171,Customer Return,Quality Not as Expected,1498.7
ORD_011176,Customer Return,Size / Fit Issue,3386.0
ORD_011181,RTO (Undelivered),Customer Refused at Doorstep,1983.7
ORD_011185,Customer Return,Size / Fit Issue,2631.6
ORD_011187,Customer Return,Size / Fit Issue,719.2
ORD_011193,RTO (Undelivered),Customer Refused at Doorstep,1335.6
ORD_011194,Customer Return,Size / Fit Issue,2969.3
ORD_011197,Customer Return,Quality Not as Expected,521.7
ORD_011199,Customer Return,Found Better Price Elsewhere,1537.8
ORD_011201,Customer Return,Size / Fit Issue,3609.6
ORD_011202,RTO (Undelivered),Customer Refused at Doorstep,318.0
ORD_011207,Customer Return,Found Better Price Elsewhere,1560.6
ORD_011214,Customer Return,Size / Fit Issue,1626.8
ORD_011217,Customer Return,Late Delivery,5655.9
ORD_011220,Customer Return,Found Better Price Elsewhere,3142.5
ORD_011232,Customer Return,Late Delivery,1885.0
ORD_011259,Customer Return,Size / Fit Issue,1753.8
ORD_011262,Customer Return,Size / Fit Issue,4589.7
ORD_011265,Customer Return,Quality Not as Expected,800.4
ORD_011266,RTO (Undelivered),Customer Refused at Doorstep,3091.4
ORD_011269,Customer Return,Found Better Price Elsewhere,704.7
ORD_011270,Customer Return,Size / Fit Issue,2661.7
ORD_011273,Customer Return,Found Better Price Elsewhere,5942.7
ORD_011274,Customer Return,Size / Fit Issue,1941.8
ORD_011279,RTO (Undelivered),Customer Refused at Doorstep,2858.6
ORD_011280,Customer Return,Defective / Damaged Item,731.6
ORD_011286,RTO (Undelivered),Customer Refused at Doorstep,3555.2
ORD_011288,Customer Return,Size / Fit Issue,2893.4
ORD_011292,RTO (Undelivered),Customer Refused at Doorstep,1520.0
ORD_011299,RTO (Undelivered),Customer Refused at Doorstep,1176.4
ORD_011300,Customer Return,Quality Not as Expected,3397.2
ORD_011303,Customer Return,Size / Fit Issue,4839.3
ORD_011304,Customer Return,Quality Not as Expected,1744.0
ORD_011312,Customer Return,Size / Fit Issue,1903.2
ORD_011329,Customer Return,Size / Fit Issue,1248.9
ORD_011333,Customer Return,Defective / Damaged Item,795.7
ORD_011337,RTO (Undelivered),Customer Refused at Doorstep,5667.6
ORD_011344,Customer Return,Size / Fit Issue,1346.4
ORD_011345,Customer Return,Quality Not as Expected,1809.6
ORD_011347,RTO (Undelivered),Customer Refused at Doorstep,1460.2
ORD_011355,RTO (Undelivered),Customer Refused at Doorstep,2566.9
ORD_011359,RTO (Undelivered),Customer Refused at Doorstep,2556.4
ORD_011362,Customer Return,Late Delivery,2199.6
ORD_011367,RTO (Undelivered),Customer Refused at Doorstep,609.0
ORD_011374,Customer Return,Size / Fit Issue,695.8
ORD_011384,Customer Return,Late Delivery,244.2
ORD_011385,Customer Return,Size / Fit Issue,3636.7
ORD_011386,RTO (Undelivered),Customer Refused at Doorstep,487.5
ORD_011409,Customer Return,Defective / Damaged Item,2212.6
ORD_011410,Customer Return,Size / Fit Issue,2560.7
ORD_011415,RTO (Undelivered),Customer Refused at Doorstep,2612.2
ORD_011416,Customer Return,Size / Fit Issue,3476.7
ORD_011420,Customer Return,Size / Fit Issue,4880.5
ORD_011421,RTO (Undelivered),Customer Refused at Doorstep,1916.6
ORD_011422,Customer Return,Quality Not as Expected,3095.6
ORD_011425,Customer Return,Defective / Damaged Item,4454.8
ORD_011428,Customer Return,Size / Fit Issue,622.5
ORD_011433,Customer Return,Size / Fit Issue,3008.5
ORD_011438,Customer Return,Defective / Damaged Item,1736.0
ORD_011439,Customer Return,Late Delivery,835.2
ORD_011453,RTO (Undelivered),Customer Refused at Doorstep,2583.9
ORD_011454,Customer Return,Size / Fit Issue,2595.7
ORD_011458,Customer Return,Size / Fit Issue,2786.0
ORD_011463,RTO (Undelivered),Customer Refused at Doorstep,340.2
ORD_011469,RTO (Undelivered),Customer Refused at Doorstep,2798.4
ORD_011470,RTO (Undelivered),Customer Refused at Doorstep,1284.8
ORD_011479,RTO (Undelivered),Customer Refused at Doorstep,850.0
ORD_011481,Customer Return,Quality Not as Expected,3638.6
ORD_011482,RTO (Undelivered),Customer Refused at Doorstep,1148.4
ORD_011483,Customer Return,Size / Fit Issue,2949.2
ORD_011484,RTO (Undelivered),Customer Refused at Doorstep,799.5
ORD_011488,RTO (Undelivered),Customer Refused at Doorstep,1213.7
ORD_011490,RTO (Undelivered),Customer Refused at Doorstep,2941.2
ORD_011495,Customer Return,Quality Not as Expected,3456.6
ORD_011498,RTO (Undelivered),Customer Refused at Doorstep,3179.2
ORD_011499,RTO (Undelivered),Customer Refused at Doorstep,5113.6
ORD_011501,Customer Return,Size / Fit Issue,1484.0
ORD_011503,Customer Return,Defective / Damaged Item,378.4
ORD_011505,Customer Return,Size / Fit Issue,2425.6
ORD_011518,Customer Return,Defective / Damaged Item,3339.0
ORD_011520,Customer Return,Size / Fit Issue,5896.9
ORD_011521,RTO (Undelivered),Customer Refused at Doorstep,1300.7
ORD_011536,Customer Return,Quality Not as Expected,1727.2
ORD_011537,RTO (Undelivered),Customer Refused at Doorstep,652.5
ORD_011539,Customer Return,Quality Not as Expected,1630.2
ORD_011543,RTO (Undelivered),Customer Refused at Doorstep,417.6
ORD_011545,RTO (Undelivered),Customer Refused at Doorstep,453.2
ORD_011549,Customer Return,Quality Not as Expected,374.4
ORD_011556,Customer Return,Size / Fit Issue,971.7
ORD_011559,Customer Return,Found Better Price Elsewhere,1203.6
ORD_011563,RTO (Undelivered),Customer Refused at Doorstep,4186.2
ORD_011564,Customer Return,Quality Not as Expected,2359.6
ORD_011565,Customer Return,Size / Fit Issue,1355.2
ORD_011566,RTO (Undelivered),Customer Refused at Doorstep,5811.6
ORD_011574,Customer Return,Quality Not as Expected,1091.5
ORD_011576,RTO (Undelivered),Customer Refused at Doorstep,483.6
ORD_011579,RTO (Undelivered),Customer Refused at Doorstep,2257.6
ORD_011580,Customer Return,Size / Fit Issue,6174.3
ORD_011585,Customer Return,Defective / Damaged Item,3041.7
ORD_011592,Customer Return,Size / Fit Issue,2499.8
ORD_011594,RTO (Undelivered),Customer Refused at Doorstep,2704.8
ORD_011599,Customer Return,Size / Fit Issue,1913.6
ORD_011601,RTO (Undelivered),Customer Refused at Doorstep,2368.0
ORD_011615,Customer Return,Size / Fit Issue,859.2
ORD_011618,Customer Return,Late Delivery,3979.3
ORD_011620,RTO (Undelivered),Customer Refused at Doorstep,3823.0
ORD_011623,RTO (Undelivered),Customer Refused at Doorstep,792.0
ORD_011626,Customer Return,Late Delivery,1165.0
ORD_011634,Customer Return,Size / Fit Issue,4149.6
ORD_011638,Customer Return,Size / Fit Issue,3207.5
ORD_011639,Customer Return,Found Better Price Elsewhere,1215.5
ORD_011643,Customer Return,Defective / Damaged Item,5204.4
ORD_011644,Customer Return,Defective / Damaged Item,3917.4
ORD_011645,Customer Return,Size / Fit Issue,894.4
ORD_011651,Customer Return,Size / Fit Issue,1760.0
ORD_011659,RTO (Undelivered),Customer Refused at Doorstep,2844.4
ORD_011674,RTO (Undelivered),Customer Refused at Doorstep,1529.0
ORD_011677,Customer Return,Size / Fit Issue,3338.4
ORD_011692,RTO (Undelivered),Customer Refused at Doorstep,2261.4
ORD_011696,Customer Return,Size / Fit Issue,602.0
ORD_011704,Customer Return,Defective / Damaged Item,924.0
ORD_011705,RTO (Undelivered),Customer Refused at Doorstep,579.6
ORD_011707,Customer Return,Found Better Price Elsewhere,4387.5
ORD_011708,RTO (Undelivered),Customer Refused at Doorstep,2065.2
ORD_011709,Customer Return,Defective / Damaged Item,2541.6
ORD_011711,RTO (Undelivered),Customer Refused at Doorstep,3092.1
ORD_011718,Customer Return,Size / Fit Issue,5012.0
ORD_011720,Customer Return,Quality Not as Expected,2096.7
ORD_011723,Customer Return,Size / Fit Issue,1454.4
ORD_011725,RTO (Undelivered),Customer Refused at Doorstep,5152.0
ORD_011731,Customer Return,Quality Not as Expected,478.4
ORD_011742,Customer Return,Quality Not as Expected,3699.1
ORD_011744,Customer Return,Late Delivery,1410.4
ORD_011748,Customer Return,Size / Fit Issue,2932.2
ORD_011750,Customer Return,Size / Fit Issue,884.4
ORD_011751,Customer Return,Defective / Damaged Item,2905.5
ORD_011759,RTO (Undelivered),Customer Refused at Doorstep,2860.8
ORD_011760,RTO (Undelivered),Customer Refused at Doorstep,1075.8
ORD_011770,RTO (Undelivered),Customer Refused at Doorstep,779.0
ORD_011771,Customer Return,Quality Not as Expected,2342.4
ORD_011781,RTO (Undelivered),Customer Refused at Doorstep,1165.0
ORD_011783,Customer Return,Quality Not as Expected,3477.2
ORD_011787,Customer Return,Defective / Damaged Item,2987.6
ORD_011811,RTO (Undelivered),Customer Refused at Doorstep,892.8
ORD_011817,Customer Return,Found Better Price Elsewhere,1234.8
ORD_011824,Customer Return,Size / Fit Issue,3595.2
ORD_011830,RTO (Undelivered),Customer Refused at Doorstep,1274.0
ORD_011840,Customer Return,Quality Not as Expected,1283.4
ORD_011841,Customer Return,Size / Fit Issue,1489.6
ORD_011844,RTO (Undelivered),Customer Refused at Doorstep,1494.0
ORD_011850,RTO (Undelivered),Customer Refused at Doorstep,705.2
ORD_011852,Customer Return,Late Delivery,1895.7
ORD_011859,Customer Return,Quality Not as Expected,2350.0
ORD_011870,RTO (Undelivered),Customer Refused at Doorstep,1575.0
ORD_011871,RTO (Undelivered),Customer Refused at Doorstep,2095.2
ORD_011885,Customer Return,Size / Fit Issue,4259.8
ORD_011888,Customer Return,Quality Not as Expected,3922.2
ORD_011890,Customer Return,Quality Not as Expected,443.7
ORD_011894,Customer Return,Quality Not as Expected,4022.1
ORD_011902,Customer Return,Quality Not as Expected,638.4
ORD_011904,Customer Return,Size / Fit Issue,7827.0
ORD_011906,RTO (Undelivered),Customer Refused at Doorstep,3483.0
ORD_011909,Customer Return,Quality Not as Expected,2264.8
ORD_011911,RTO (Undelivered),Customer Refused at Doorstep,4422.2
ORD_011920,Customer Return,Size / Fit Issue,3634.0
ORD_011941,RTO (Undelivered),Customer Refused at Doorstep,6280.9
ORD_011946,Customer Return,Size / Fit Issue,3460.0
ORD_011947,Customer Return,Defective / Damaged Item,4075.3
ORD_011951,Customer Return,Size / Fit Issue,1455.1
ORD_011955,Customer Return,Size / Fit Issue,3978.9
ORD_011959,RTO (Undelivered),Customer Refused at Doorstep,6217.3
ORD_011965,Customer Return,Late Delivery,4524.7
ORD_011966,RTO (Undelivered),Customer Refused at Doorstep,3224.1
ORD_011967,RTO (Undelivered),Customer Refused at Doorstep,584.2
ORD_011969,RTO (Undelivered),Customer Refused at Doorstep,624.0
ORD_011977,Customer Return,Quality Not as Expected,1115.1
ORD_011982,Customer Return,Quality Not as Expected,517.0
ORD_011989,Customer Return,Quality Not as Expected,729.6
ORD_011995,Customer Return,Size / Fit Issue,5487.8
ORD_012000,Customer Return,Size / Fit Issue,3057.3
ORD_012005,Customer Return,Quality Not as Expected,600.0
ORD_012007,Customer Return,Quality Not as Expected,6250.4
ORD_012011,RTO (Undelivered),Customer Refused at Doorstep,1768.0
ORD_012020,Customer Return,Size / Fit Issue,2257.8
ORD_012021,Customer Return,Quality Not as Expected,779.0
ORD_012026,RTO (Undelivered),Customer Refused at Doorstep,1182.6
ORD_012035,Customer Return,Quality Not as Expected,771.9
ORD_012039,Customer Return,Defective / Damaged Item,2447.2
ORD_012040,Customer Return,Size / Fit Issue,1218.0
ORD_012043,Customer Return,Late Delivery,3147.8
ORD_012053,Customer Return,Size / Fit Issue,1023.0
ORD_012055,Customer Return,Size / Fit Issue,1587.6
ORD_012056,Customer Return,Quality Not as Expected,1529.6
ORD_012057,RTO (Undelivered),Customer Refused at Doorstep,5725.0
ORD_012058,Customer Return,Defective / Damaged Item,3021.8
ORD_012062,Customer Return,Defective / Damaged Item,2828.0
ORD_012066,RTO (Undelivered),Customer Refused at Doorstep,479.4
ORD_012069,RTO (Undelivered),Customer Refused at Doorstep,673.2
ORD_012070,Customer Return,Quality Not as Expected,4271.7
ORD_012071,RTO (Undelivered),Customer Refused at Doorstep,611.0
ORD_012074,Customer Return,Size / Fit Issue,3517.5
ORD_012076,Customer Return,Quality Not as Expected,3005.6
ORD_012080,Customer Return,Defective / Damaged Item,3174.6
ORD_012081,RTO (Undelivered),Customer Refused at Doorstep,2364.9
ORD_012084,RTO (Undelivered),Customer Refused at Doorstep,1457.7
ORD_012087,RTO (Undelivered),Customer Refused at Doorstep,2800.6
ORD_012093,Customer Return,Late Delivery,1190.0
ORD_012096,RTO (Undelivered),Customer Refused at Doorstep,2841.6
ORD_012108,RTO (Undelivered),Customer Refused at Doorstep,6676.8
ORD_012111,RTO (Undelivered),Customer Refused at Doorstep,1203.5
ORD_012112,RTO (Undelivered),Customer Refused at Doorstep,2831.4
ORD_012115,RTO (Undelivered),Customer Refused at Doorstep,3562.9
ORD_012120,Customer Return,Size / Fit Issue,3405.8
ORD_012121,Customer Return,Size / Fit Issue,5106.4
ORD_012124,Customer Return,Size / Fit Issue,1241.1
ORD_012126,Customer Return,Quality Not as Expected,873.3
ORD_012128,Customer Return,Quality Not as Expected,2121.6
ORD_012130,RTO (Undelivered),Customer Refused at Doorstep,1516.8
ORD_012132,RTO (Undelivered),Customer Refused at Doorstep,655.2
ORD_012137,Customer Return,Found Better Price Elsewhere,934.8
ORD_012140,Customer Return,Late Delivery,4607.0
ORD_012146,RTO (Undelivered),Customer Refused at Doorstep,1058.4
ORD_012147,RTO (Undelivered),Customer Refused at Doorstep,1043.2
ORD_012149,Customer Return,Defective / Damaged Item,1174.5
ORD_012153,Customer Return,Late Delivery,417.6
ORD_012159,RTO (Undelivered),Customer Refused at Doorstep,3438.6
ORD_012168,RTO (Undelivered),Customer Refused at Doorstep,672.0
ORD_012172,RTO (Undelivered),Customer Refused at Doorstep,1435.2
ORD_012173,RTO (Undelivered),Customer Refused at Doorstep,2154.2
ORD_012175,Customer Return,Size / Fit Issue,2150.5
ORD_012181,Customer Return,Late Delivery,2114.7
ORD_012187,Customer Return,Size / Fit Issue,4678.3
ORD_012189,Customer Return,Quality Not as Expected,6220.5
ORD_012191,Customer Return,Defective / Damaged Item,1622.4
ORD_012194,RTO (Undelivered),Customer Refused at Doorstep,4012.8
ORD_012206,RTO (Undelivered),Customer Refused at Doorstep,5002.1
ORD_012210,Customer Return,Size / Fit Issue,969.0
ORD_012220,Customer Return,Quality Not as Expected,3059.0
ORD_012223,Customer Return,Late Delivery,5278.3
ORD_012225,RTO (Undelivered),Customer Refused at Doorstep,1714.5
ORD_012226,RTO (Undelivered),Customer Refused at Doorstep,4010.9
ORD_012232,RTO (Undelivered),Customer Refused at Doorstep,1255.3
ORD_012251,Customer Return,Quality Not as Expected,2987.6
ORD_012256,Customer Return,Size / Fit Issue,2206.6
ORD_012272,Customer Return,Size / Fit Issue,1581.0
ORD_012276,RTO (Undelivered),Customer Refused at Doorstep,3238.5
ORD_012279,Customer Return,Quality Not as Expected,2808.3
ORD_012280,Customer Return,Late Delivery,1145.0
ORD_012286,RTO (Undelivered),Customer Refused at Doorstep,576.0
ORD_012294,RTO (Undelivered),Customer Refused at Doorstep,2950.2
ORD_012297,Customer Return,Size / Fit Issue,2287.6
ORD_012299,Customer Return,Late Delivery,4866.2
ORD_012300,RTO (Undelivered),Customer Refused at Doorstep,832.2
ORD_012306,RTO (Undelivered),Customer Refused at Doorstep,1205.0
ORD_012311,Customer Return,Late Delivery,5160.3
ORD_012312,RTO (Undelivered),Customer Refused at Doorstep,901.3
ORD_012314,Customer Return,Size / Fit Issue,1264.2
ORD_012319,Customer Return,Size / Fit Issue,3518.8
ORD_012325,RTO (Undelivered),Customer Refused at Doorstep,2255.6
ORD_012329,Customer Return,Late Delivery,1907.2
ORD_012332,Customer Return,Found Better Price Elsewhere,967.5
ORD_012337,RTO (Undelivered),Customer Refused at Doorstep,557.6
ORD_012341,RTO (Undelivered),Customer Refused at Doorstep,3950.2
ORD_012354,Customer Return,Quality Not as Expected,1996.6
ORD_012355,Customer Return,Size / Fit Issue,775.2
ORD_012357,Customer Return,Size / Fit Issue,1844.1
ORD_012360,Customer Return,Late Delivery,4735.8
ORD_012363,Customer Return,Size / Fit Issue,2917.2
ORD_012364,Customer Return,Size / Fit Issue,3548.8
ORD_012365,RTO (Undelivered),Customer Refused at Doorstep,561.6
ORD_012371,RTO (Undelivered),Customer Refused at Doorstep,3264.7
ORD_012374,RTO (Undelivered),Customer Refused at Doorstep,733.2
ORD_012382,Customer Return,Late Delivery,438.6
ORD_012383,Customer Return,Defective / Damaged Item,2563.3
ORD_012392,Customer Return,Found Better Price Elsewhere,1800.2
ORD_012401,Customer Return,Defective / Damaged Item,3318.7
ORD_012403,RTO (Undelivered),Customer Refused at Doorstep,1303.2
ORD_012415,Customer Return,Defective / Damaged Item,617.7
ORD_012422,Customer Return,Size / Fit Issue,2541.5
ORD_012423,Customer Return,Defective / Damaged Item,1537.0
ORD_012427,Customer Return,Quality Not as Expected,2448.7
ORD_012429,RTO (Undelivered),Customer Refused at Doorstep,2168.8
ORD_012431,RTO (Undelivered),Customer Refused at Doorstep,3948.0
ORD_012432,Customer Return,Late Delivery,5205.3
ORD_012436,Customer Return,Size / Fit Issue,3560.7
ORD_012438,Customer Return,Defective / Damaged Item,2814.0
ORD_012440,Customer Return,Quality Not as Expected,639.0
ORD_012445,Customer Return,Size / Fit Issue,2773.8
ORD_012446,RTO (Undelivered),Customer Refused at Doorstep,4584.8
ORD_012447,RTO (Undelivered),Customer Refused at Doorstep,658.7
ORD_012448,Customer Return,Quality Not as Expected,4236.7
ORD_012454,Customer Return,Found Better Price Elsewhere,1310.4
ORD_012456,Customer Return,Size / Fit Issue,1007.4
ORD_012457,Customer Return,Quality Not as Expected,971.5
ORD_012459,Customer Return,Size / Fit Issue,2340.9
ORD_012466,Customer Return,Size / Fit Issue,1573.2
ORD_012467,Customer Return,Size / Fit Issue,3391.8
ORD_012468,RTO (Undelivered),Customer Refused at Doorstep,3192.8
ORD_012469,RTO (Undelivered),Customer Refused at Doorstep,1232.0
ORD_012470,Customer Return,Size / Fit Issue,1186.8
ORD_012474,Customer Return,Defective / Damaged Item,1266.4
ORD_012478,Customer Return,Quality Not as Expected,5765.0
ORD_012479,Customer Return,Size / Fit Issue,5758.8
ORD_012480,Customer Return,Quality Not as Expected,2157.1
ORD_012492,Customer Return,Late Delivery,991.2
ORD_012493,Customer Return,Size / Fit Issue,1199.3
ORD_012495,RTO (Undelivered),Customer Refused at Doorstep,3463.5
ORD_012501,Customer Return,Size / Fit Issue,1054.2
ORD_012504,RTO (Undelivered),Customer Refused at Doorstep,969.0
ORD_012511,Customer Return,Size / Fit Issue,796.4
ORD_012512,Customer Return,Late Delivery,2255.6
ORD_012513,Customer Return,Defective / Damaged Item,4410.0
ORD_012514,RTO (Undelivered),Customer Refused at Doorstep,4866.4
ORD_012517,RTO (Undelivered),Customer Refused at Doorstep,4000.0
ORD_012519,RTO (Undelivered),Customer Refused at Doorstep,2345.2
ORD_012521,Customer Return,Quality Not as Expected,2220.0
ORD_012522,RTO (Undelivered),Customer Refused at Doorstep,1529.6
ORD_012532,RTO (Undelivered),Customer Refused at Doorstep,1005.3
ORD_012539,RTO (Undelivered),Customer Refused at Doorstep,1507.5
ORD_012544,Customer Return,Size / Fit Issue,1134.2
ORD_012546,Customer Return,Size / Fit Issue,1535.5
ORD_012551,Customer Return,Size / Fit Issue,2689.6
ORD_012552,Customer Return,Found Better Price Elsewhere,4482.5
ORD_012560,Customer Return,Size / Fit Issue,860.0
ORD_012562,Customer Return,Late Delivery,2254.2
ORD_012566,Customer Return,Quality Not as Expected,2488.5
ORD_012581,Customer Return,Defective / Damaged Item,774.9
ORD_012583,RTO (Undelivered),Customer Refused at Doorstep,957.6
ORD_012588,Customer Return,Size / Fit Issue,5171.1
ORD_012589,RTO (Undelivered),Customer Refused at Doorstep,1830.4
ORD_012591,Customer Return,Late Delivery,3981.7
ORD_012597,Customer Return,Quality Not as Expected,1122.2
ORD_012601,RTO (Undelivered),Customer Refused at Doorstep,3803.3
ORD_012606,Customer Return,Quality Not as Expected,1196.8
ORD_012607,Customer Return,Found Better Price Elsewhere,1824.0
ORD_012632,Customer Return,Size / Fit Issue,4446.8
ORD_012635,Customer Return,Late Delivery,1235.4
ORD_012643,Customer Return,Quality Not as Expected,3723.6
ORD_012644,RTO (Undelivered),Customer Refused at Doorstep,2048.4
ORD_012647,RTO (Undelivered),Customer Refused at Doorstep,1227.3
ORD_012649,RTO (Undelivered),Customer Refused at Doorstep,2002.0
ORD_012651,RTO (Undelivered),Customer Refused at Doorstep,3129.0
ORD_012658,RTO (Undelivered),Customer Refused at Doorstep,3318.7
ORD_012662,RTO (Undelivered),Customer Refused at Doorstep,1376.0
ORD_012669,Customer Return,Size / Fit Issue,2087.8
ORD_012673,RTO (Undelivered),Customer Refused at Doorstep,686.4
ORD_012674,Customer Return,Quality Not as Expected,942.5
ORD_012684,RTO (Undelivered),Customer Refused at Doorstep,3478.7
ORD_012687,RTO (Undelivered),Customer Refused at Doorstep,2315.0
ORD_012691,Customer Return,Size / Fit Issue,885.6
ORD_012693,Customer Return,Size / Fit Issue,3638.7
ORD_012695,RTO (Undelivered),Customer Refused at Doorstep,2122.8
ORD_012697,Customer Return,Defective / Damaged Item,2236.0
ORD_012698,RTO (Undelivered),Customer Refused at Doorstep,2515.2
ORD_012701,RTO (Undelivered),Customer Refused at Doorstep,3389.1
ORD_012705,RTO (Undelivered),Customer Refused at Doorstep,790.6
ORD_012709,RTO (Undelivered),Customer Refused at Doorstep,3108.7
ORD_012718,Customer Return,Quality Not as Expected,1574.7
ORD_012719,RTO (Undelivered),Customer Refused at Doorstep,1888.1
ORD_012728,RTO (Undelivered),Customer Refused at Doorstep,2947.1
ORD_012733,Customer Return,Size / Fit Issue,3168.0
ORD_012734,Customer Return,Size / Fit Issue,2782.0
ORD_012737,RTO (Undelivered),Customer Refused at Doorstep,547.2
ORD_012745,Customer Return,Quality Not as Expected,2363.1
ORD_012752,RTO (Undelivered),Customer Refused at Doorstep,2415.6
ORD_012759,Customer Return,Found Better Price Elsewhere,3483.1
ORD_012765,Customer Return,Quality Not as Expected,1489.2
ORD_012769,Customer Return,Size / Fit Issue,1416.1
ORD_012772,RTO (Undelivered),Customer Refused at Doorstep,1497.6
ORD_012779,RTO (Undelivered),Customer Refused at Doorstep,411.6
ORD_012782,RTO (Undelivered),Customer Refused at Doorstep,2205.2
ORD_012786,RTO (Undelivered),Customer Refused at Doorstep,1600.2
ORD_012789,Customer Return,Size / Fit Issue,1879.1
ORD_012791,Customer Return,Defective / Damaged Item,3102.7
ORD_012794,RTO (Undelivered),Customer Refused at Doorstep,603.2
ORD_012797,RTO (Undelivered),Customer Refused at Doorstep,1450.0
ORD_012803,RTO (Undelivered),Customer Refused at Doorstep,731.0
ORD_012804,RTO (Undelivered),Customer Refused at Doorstep,954.8
ORD_012806,RTO (Undelivered),Customer Refused at Doorstep,2622.4
ORD_012813,RTO (Undelivered),Customer Refused at Doorstep,5639.5
ORD_012814,Customer Return,Defective / Damaged Item,2657.1
ORD_012817,RTO (Undelivered),Customer Refused at Doorstep,4923.3
ORD_012823,Customer Return,Quality Not as Expected,6924.0
ORD_012826,RTO (Undelivered),Customer Refused at Doorstep,799.2
ORD_012827,Customer Return,Size / Fit Issue,1414.6
ORD_012834,Customer Return,Size / Fit Issue,386.9
ORD_012835,Customer Return,Size / Fit Issue,2483.2
ORD_012836,Customer Return,Size / Fit Issue,3450.4
ORD_012838,RTO (Undelivered),Customer Refused at Doorstep,4158.9
ORD_012839,Customer Return,Size / Fit Issue,5220.6
ORD_012840,RTO (Undelivered),Customer Refused at Doorstep,1280.1
ORD_012845,Customer Return,Quality Not as Expected,448.2
ORD_012848,RTO (Undelivered),Customer Refused at Doorstep,1792.0
ORD_012855,Customer Return,Size / Fit Issue,3220.4
ORD_012860,Customer Return,Quality Not as Expected,4578.5
ORD_012861,Customer Return,Quality Not as Expected,2235.0
ORD_012865,Customer Return,Late Delivery,2840.5
ORD_012866,Customer Return,Size / Fit Issue,2373.0
ORD_012871,Customer Return,Found Better Price Elsewhere,2769.2
ORD_012875,Customer Return,Quality Not as Expected,4869.3
ORD_012880,Customer Return,Size / Fit Issue,3060.1
ORD_012882,Customer Return,Size / Fit Issue,4609.6
ORD_012884,Customer Return,Found Better Price Elsewhere,1496.0
ORD_012889,RTO (Undelivered),Customer Refused at Doorstep,337.5
ORD_012890,RTO (Undelivered),Customer Refused at Doorstep,1730.1
ORD_012891,RTO (Undelivered),Customer Refused at Doorstep,2695.2
ORD_012893,Customer Return,Size / Fit Issue,1223.1
ORD_012902,Customer Return,Defective / Damaged Item,1227.8
ORD_012904,Customer Return,Size / Fit Issue,4558.4
ORD_012905,RTO (Undelivered),Customer Refused at Doorstep,616.0
ORD_012915,RTO (Undelivered),Customer Refused at Doorstep,1580.8
ORD_012917,RTO (Undelivered),Customer Refused at Doorstep,3232.5
ORD_012924,RTO (Undelivered),Customer Refused at Doorstep,2937.0
ORD_012928,RTO (Undelivered),Customer Refused at Doorstep,1537.6
ORD_012929,RTO (Undelivered),Customer Refused at Doorstep,7384.0
ORD_012932,RTO (Undelivered),Customer Refused at Doorstep,3360.0
ORD_012934,Customer Return,Defective / Damaged Item,3943.2
ORD_012938,Customer Return,Late Delivery,1305.6
ORD_012940,RTO (Undelivered),Customer Refused at Doorstep,808.4
ORD_012941,RTO (Undelivered),Customer Refused at Doorstep,1238.8
ORD_012944,RTO (Undelivered),Customer Refused at Doorstep,516.6
ORD_012945,RTO (Undelivered),Customer Refused at Doorstep,1133.3
ORD_012957,Customer Return,Defective / Damaged Item,3492.3
ORD_012963,RTO (Undelivered),Customer Refused at Doorstep,703.8
ORD_012969,Customer Return,Quality Not as Expected,4477.1
ORD_012980,RTO (Undelivered),Customer Refused at Doorstep,991.1
ORD_012988,Customer Return,Size / Fit Issue,2530.8
ORD_012996,Customer Return,Defective / Damaged Item,8608.0
ORD_012997,Customer Return,Quality Not as Expected,1436.2
ORD_012999,Customer Return,Late Delivery,4119.2
ORD_013004,RTO (Undelivered),Customer Refused at Doorstep,222.6
ORD_013012,RTO (Undelivered),Customer Refused at Doorstep,3256.6
ORD_013014,Customer Return,Quality Not as Expected,3133.9
ORD_013018,Customer Return,Quality Not as Expected,2027.1
ORD_013021,Customer Return,Size / Fit Issue,6148.7
ORD_013027,RTO (Undelivered),Customer Refused at Doorstep,1370.8
ORD_013029,Customer Return,Late Delivery,3364.8
ORD_013030,RTO (Undelivered),Customer Refused at Doorstep,5220.5
ORD_013031,RTO (Undelivered),Customer Refused at Doorstep,1401.4
ORD_013036,Customer Return,Quality Not as Expected,3901.0
ORD_013037,RTO (Undelivered),Customer Refused at Doorstep,1884.4
ORD_013039,RTO (Undelivered),Customer Refused at Doorstep,360.0
ORD_013040,Customer Return,Size / Fit Issue,3830.9
ORD_013042,Customer Return,Size / Fit Issue,713.8
ORD_013048,Customer Return,Late Delivery,377.2
ORD_013052,RTO (Undelivered),Customer Refused at Doorstep,6226.1
ORD_013054,Customer Return,Size / Fit Issue,2189.5
ORD_013061,RTO (Undelivered),Customer Refused at Doorstep,5631.5
ORD_013068,Customer Return,Quality Not as Expected,3627.1
ORD_013080,RTO (Undelivered),Customer Refused at Doorstep,1900.8
ORD_013087,RTO (Undelivered),Customer Refused at Doorstep,1915.9
ORD_013102,Customer Return,Size / Fit Issue,2772.0
ORD_013103,Customer Return,Size / Fit Issue,5119.6
ORD_013108,Customer Return,Defective / Damaged Item,6022.9
ORD_013113,Customer Return,Size / Fit Issue,2046.2
ORD_013116,Customer Return,Found Better Price Elsewhere,3282.3
ORD_013121,Customer Return,Defective / Damaged Item,1770.8
ORD_013122,Customer Return,Size / Fit Issue,2107.5
ORD_013131,RTO (Undelivered),Customer Refused at Doorstep,1771.2
ORD_013134,Customer Return,Size / Fit Issue,2985.2
ORD_013141,RTO (Undelivered),Customer Refused at Doorstep,2435.7
ORD_013143,RTO (Undelivered),Customer Refused at Doorstep,3836.8
ORD_013146,RTO (Undelivered),Customer Refused at Doorstep,2588.4
ORD_013157,Customer Return,Quality Not as Expected,1019.1
ORD_013159,RTO (Undelivered),Customer Refused at Doorstep,2786.5
ORD_013166,Customer Return,Quality Not as Expected,1156.2
ORD_013168,Customer Return,Found Better Price Elsewhere,2352.0
ORD_013172,Customer Return,Late Delivery,2302.8
ORD_013176,Customer Return,Quality Not as Expected,3442.5
ORD_013178,Customer Return,Size / Fit Issue,2995.9
ORD_013180,Customer Return,Late Delivery,2040.8
ORD_013186,RTO (Undelivered),Customer Refused at Doorstep,765.9
ORD_013196,Customer Return,Size / Fit Issue,2530.4
ORD_013197,Customer Return,Defective / Damaged Item,5135.0
ORD_013199,RTO (Undelivered),Customer Refused at Doorstep,754.6
ORD_013201,RTO (Undelivered),Customer Refused at Doorstep,2289.2
ORD_013202,Customer Return,Size / Fit Issue,1438.4
ORD_013203,Customer Return,Quality Not as Expected,2847.6
ORD_013208,Customer Return,Found Better Price Elsewhere,2753.1
ORD_013213,RTO (Undelivered),Customer Refused at Doorstep,4445.6
ORD_013217,RTO (Undelivered),Customer Refused at Doorstep,2263.0
ORD_013225,Customer Return,Size / Fit Issue,881.6
ORD_013227,RTO (Undelivered),Customer Refused at Doorstep,309.6
ORD_013236,Customer Return,Size / Fit Issue,1207.0
ORD_013237,Customer Return,Quality Not as Expected,1539.9
ORD_013240,RTO (Undelivered),Customer Refused at Doorstep,3476.4
ORD_013243,RTO (Undelivered),Customer Refused at Doorstep,1008.6
ORD_013244,Customer Return,Size / Fit Issue,1591.0
ORD_013254,Customer Return,Found Better Price Elsewhere,920.4
ORD_013257,RTO (Undelivered),Customer Refused at Doorstep,2208.0
ORD_013264,RTO (Undelivered),Customer Refused at Doorstep,7548.7
ORD_013269,Customer Return,Quality Not as Expected,4839.4
ORD_013285,Customer Return,Quality Not as Expected,4965.8
ORD_013289,Customer Return,Quality Not as Expected,1557.2
ORD_013294,RTO (Undelivered),Customer Refused at Doorstep,1972.0
ORD_013299,Customer Return,Late Delivery,4060.2
ORD_013300,Customer Return,Late Delivery,1824.6
ORD_013302,Customer Return,Found Better Price Elsewhere,2980.8
ORD_013305,RTO (Undelivered),Customer Refused at Doorstep,624.1
ORD_013308,RTO (Undelivered),Customer Refused at Doorstep,798.7
ORD_013310,RTO (Undelivered),Customer Refused at Doorstep,2289.2
ORD_013311,RTO (Undelivered),Customer Refused at Doorstep,3260.4
ORD_013312,Customer Return,Defective / Damaged Item,2129.6
ORD_013313,Customer Return,Quality Not as Expected,2812.3
ORD_013314,Customer Return,Size / Fit Issue,2456.3
ORD_013319,Customer Return,Size / Fit Issue,3988.0
ORD_013320,RTO (Undelivered),Customer Refused at Doorstep,1798.4
ORD_013321,Customer Return,Defective / Damaged Item,3071.0
ORD_013328,Customer Return,Quality Not as Expected,3536.8
ORD_013330,Customer Return,Defective / Damaged Item,4568.6
ORD_013333,Customer Return,Quality Not as Expected,751.8
ORD_013335,RTO (Undelivered),Customer Refused at Doorstep,1786.4
ORD_013340,RTO (Undelivered),Customer Refused at Doorstep,2834.0
ORD_013344,Customer Return,Quality Not as Expected,2272.4
ORD_013347,Customer Return,Late Delivery,497.7
ORD_013348,RTO (Undelivered),Customer Refused at Doorstep,2511.6
ORD_013350,Customer Return,Size / Fit Issue,4381.5
ORD_013358,RTO (Undelivered),Customer Refused at Doorstep,873.3
ORD_013359,Customer Return,Found Better Price Elsewhere,3264.0
ORD_013362,Customer Return,Quality Not as Expected,3670.8
ORD_013364,RTO (Undelivered),Customer Refused at Doorstep,667.4
ORD_013367,Customer Return,Defective / Damaged Item,1570.3
ORD_013375,Customer Return,Defective / Damaged Item,1560.0
ORD_013377,RTO (Undelivered),Customer Refused at Doorstep,772.2
ORD_013378,RTO (Undelivered),Customer Refused at Doorstep,669.6
ORD_013380,RTO (Undelivered),Customer Refused at Doorstep,3775.0
ORD_013383,Customer Return,Late Delivery,1629.6
ORD_013385,Customer Return,Size / Fit Issue,3723.5
ORD_013387,RTO (Undelivered),Customer Refused at Doorstep,3210.7
ORD_013388,Customer Return,Late Delivery,1728.0
ORD_013389,Customer Return,Late Delivery,1674.0
ORD_013390,RTO (Undelivered),Customer Refused at Doorstep,1498.6
ORD_013396,Customer Return,Late Delivery,2826.0
ORD_013397,Customer Return,Defective / Damaged Item,2514.6
ORD_013413,RTO (Undelivered),Customer Refused at Doorstep,3191.6
ORD_013414,RTO (Undelivered),Customer Refused at Doorstep,1218.0
ORD_013415,Customer Return,Late Delivery,2152.8
ORD_013423,RTO (Undelivered),Customer Refused at Doorstep,345.6
ORD_013426,RTO (Undelivered),Customer Refused at Doorstep,1180.4
ORD_013428,RTO (Undelivered),Customer Refused at Doorstep,1117.8
ORD_013439,Customer Return,Late Delivery,4761.0
ORD_013446,RTO (Undelivered),Customer Refused at Doorstep,510.6
ORD_013447,Customer Return,Late Delivery,4298.7
ORD_013454,Customer Return,Size / Fit Issue,1218.4
ORD_013455,Customer Return,Size / Fit Issue,4040.4
ORD_013457,RTO (Undelivered),Customer Refused at Doorstep,1232.0
ORD_013461,Customer Return,Size / Fit Issue,2819.4
ORD_013467,RTO (Undelivered),Customer Refused at Doorstep,3622.5
ORD_013472,Customer Return,Size / Fit Issue,6040.1
ORD_013477,RTO (Undelivered),Customer Refused at Doorstep,699.2
ORD_013480,RTO (Undelivered),Customer Refused at Doorstep,346.5
ORD_013482,RTO (Undelivered),Customer Refused at Doorstep,1861.1
ORD_013488,RTO (Undelivered),Customer Refused at Doorstep,1087.8
ORD_013493,RTO (Undelivered),Customer Refused at Doorstep,753.6
ORD_013498,RTO (Undelivered),Customer Refused at Doorstep,540.0
ORD_013500,Customer Return,Defective / Damaged Item,646.0
ORD_013506,RTO (Undelivered),Customer Refused at Doorstep,576.7
ORD_013508,Customer Return,Quality Not as Expected,1697.4
ORD_013519,Customer Return,Defective / Damaged Item,2106.3
ORD_013526,RTO (Undelivered),Customer Refused at Doorstep,1193.5
ORD_013531,RTO (Undelivered),Customer Refused at Doorstep,1154.2
ORD_013532,Customer Return,Size / Fit Issue,1393.6
ORD_013534,Customer Return,Late Delivery,2263.2
ORD_013535,RTO (Undelivered),Customer Refused at Doorstep,932.8
ORD_013537,Customer Return,Defective / Damaged Item,2572.5
ORD_013543,Customer Return,Found Better Price Elsewhere,1430.8
ORD_013545,Customer Return,Defective / Damaged Item,596.4
ORD_013546,RTO (Undelivered),Customer Refused at Doorstep,2190.3
ORD_013552,RTO (Undelivered),Customer Refused at Doorstep,4528.0
ORD_013554,Customer Return,Late Delivery,3673.1
ORD_013555,RTO (Undelivered),Customer Refused at Doorstep,3677.8
ORD_013561,Customer Return,Quality Not as Expected,1531.2
ORD_013563,Customer Return,Defective / Damaged Item,1794.9
ORD_013565,RTO (Undelivered),Customer Refused at Doorstep,1379.7
ORD_013570,RTO (Undelivered),Customer Refused at Doorstep,2892.8
ORD_013573,RTO (Undelivered),Customer Refused at Doorstep,2388.0
ORD_013577,Customer Return,Size / Fit Issue,6214.6
ORD_013580,Customer Return,Defective / Damaged Item,1107.2
ORD_013582,Customer Return,Quality Not as Expected,1937.0
ORD_013585,Customer Return,Quality Not as Expected,2788.5
ORD_013587,Customer Return,Quality Not as Expected,1992.6
ORD_013596,RTO (Undelivered),Customer Refused at Doorstep,1630.9
ORD_013598,Customer Return,Size / Fit Issue,1386.0
ORD_013603,Customer Return,Size / Fit Issue,4290.4
ORD_013605,RTO (Undelivered),Customer Refused at Doorstep,2191.2
ORD_013611,Customer Return,Defective / Damaged Item,1713.6
ORD_013616,Customer Return,Size / Fit Issue,708.0
ORD_013628,RTO (Undelivered),Customer Refused at Doorstep,2019.3
ORD_013630,RTO (Undelivered),Customer Refused at Doorstep,1152.0
ORD_013636,Customer Return,Late Delivery,3828.1
ORD_013640,RTO (Undelivered),Customer Refused at Doorstep,2332.3
ORD_013641,RTO (Undelivered),Customer Refused at Doorstep,2355.3
ORD_013642,RTO (Undelivered),Customer Refused at Doorstep,1341.9
ORD_013643,RTO (Undelivered),Customer Refused at Doorstep,478.4
ORD_013644,Customer Return,Late Delivery,3146.3
ORD_013650,Customer Return,Defective / Damaged Item,1482.0
ORD_013653,RTO (Undelivered),Customer Refused at Doorstep,1320.0
ORD_013662,RTO (Undelivered),Customer Refused at Doorstep,1728.0
ORD_013665,Customer Return,Found Better Price Elsewhere,1304.8
ORD_013676,RTO (Undelivered),Customer Refused at Doorstep,3532.4
ORD_013680,Customer Return,Found Better Price Elsewhere,1460.2
ORD_013683,Customer Return,Quality Not as Expected,600.0
ORD_013699,RTO (Undelivered),Customer Refused at Doorstep,1743.0
ORD_013700,Customer Return,Late Delivery,1996.6
ORD_013706,Customer Return,Late Delivery,3615.4
ORD_013713,Customer Return,Size / Fit Issue,1768.0
ORD_013717,RTO (Undelivered),Customer Refused at Doorstep,845.6
ORD_013730,RTO (Undelivered),Customer Refused at Doorstep,2520.1
ORD_013731,RTO (Undelivered),Customer Refused at Doorstep,504.0
ORD_013752,Customer Return,Size / Fit Issue,713.4
ORD_013754,Customer Return,Found Better Price Elsewhere,790.4
ORD_013758,Customer Return,Found Better Price Elsewhere,1299.9
ORD_013759,Customer Return,Size / Fit Issue,1268.8
ORD_013760,Customer Return,Late Delivery,661.2
ORD_013761,Customer Return,Quality Not as Expected,555.0
ORD_013772,Customer Return,Size / Fit Issue,2141.3
ORD_013774,Customer Return,Size / Fit Issue,1420.4
ORD_013775,Customer Return,Size / Fit Issue,1965.6
ORD_013779,RTO (Undelivered),Customer Refused at Doorstep,2486.4
ORD_013782,Customer Return,Size / Fit Issue,688.0
ORD_013783,Customer Return,Size / Fit Issue,1973.4
ORD_013787,Customer Return,Quality Not as Expected,3841.0
ORD_013788,Customer Return,Defective / Damaged Item,3002.6
ORD_013789,RTO (Undelivered),Customer Refused at Doorstep,1044.0
ORD_013792,Customer Return,Quality Not as Expected,2727.0
ORD_013793,Customer Return,Size / Fit Issue,1653.0
ORD_013795,RTO (Undelivered),Customer Refused at Doorstep,2026.0
ORD_013799,RTO (Undelivered),Customer Refused at Doorstep,2828.8
ORD_013802,RTO (Undelivered),Customer Refused at Doorstep,1754.5
ORD_013804,RTO (Undelivered),Customer Refused at Doorstep,4058.7
ORD_013806,Customer Return,Size / Fit Issue,2763.9
ORD_013815,RTO (Undelivered),Customer Refused at Doorstep,2478.7
ORD_013816,Customer Return,Quality Not as Expected,3150.6
ORD_013829,Customer Return,Size / Fit Issue,5237.7
ORD_013840,Customer Return,Quality Not as Expected,1984.4
ORD_013843,Customer Return,Defective / Damaged Item,3289.0
ORD_013847,RTO (Undelivered),Customer Refused at Doorstep,639.2
ORD_013858,Customer Return,Size / Fit Issue,1961.8
ORD_013859,RTO (Undelivered),Customer Refused at Doorstep,1168.0
ORD_013867,RTO (Undelivered),Customer Refused at Doorstep,744.8
ORD_013878,RTO (Undelivered),Customer Refused at Doorstep,581.4
ORD_013882,Customer Return,Size / Fit Issue,1674.6
ORD_013886,RTO (Undelivered),Customer Refused at Doorstep,1420.4
ORD_013890,Customer Return,Quality Not as Expected,2020.2
ORD_013893,RTO (Undelivered),Customer Refused at Doorstep,4968.8
ORD_013896,RTO (Undelivered),Customer Refused at Doorstep,1341.0
ORD_013910,Customer Return,Quality Not as Expected,1096.2
ORD_013912,Customer Return,Size / Fit Issue,2642.0
ORD_013913,Customer Return,Size / Fit Issue,471.2
ORD_013924,RTO (Undelivered),Customer Refused at Doorstep,2398.7
ORD_013930,Customer Return,Quality Not as Expected,2959.1
ORD_013937,Customer Return,Late Delivery,4036.2
ORD_013941,Customer Return,Size / Fit Issue,513.3
ORD_013952,Customer Return,Quality Not as Expected,4287.5
ORD_013956,Customer Return,Size / Fit Issue,739.5
ORD_013957,Customer Return,Defective / Damaged Item,2971.7
ORD_013961,Customer Return,Defective / Damaged Item,6840.2
ORD_013962,Customer Return,Size / Fit Issue,2820.0
ORD_013963,RTO (Undelivered),Customer Refused at Doorstep,1854.9
ORD_013965,RTO (Undelivered),Customer Refused at Doorstep,2056.2
ORD_013971,Customer Return,Size / Fit Issue,1938.0
ORD_013974,Customer Return,Size / Fit Issue,3903.0
ORD_013977,RTO (Undelivered),Customer Refused at Doorstep,6970.0
ORD_013978,Customer Return,Quality Not as Expected,1292.0
ORD_013983,Customer Return,Found Better Price Elsewhere,1071.0
ORD_013985,RTO (Undelivered),Customer Refused at Doorstep,352.8
ORD_013986,RTO (Undelivered),Customer Refused at Doorstep,2175.0
ORD_013998,Customer Return,Quality Not as Expected,576.8
ORD_014011,Customer Return,Found Better Price Elsewhere,6971.4
ORD_014016,Customer Return,Size / Fit Issue,756.0
ORD_014017,Customer Return,Size / Fit Issue,1911.8
ORD_014018,Customer Return,Size / Fit Issue,1887.6
ORD_014019,Customer Return,Defective / Damaged Item,2184.4
ORD_014021,Customer Return,Late Delivery,3489.3
ORD_014024,RTO (Undelivered),Customer Refused at Doorstep,2055.9
ORD_014026,Customer Return,Late Delivery,696.0
ORD_014033,RTO (Undelivered),Customer Refused at Doorstep,765.6
ORD_014039,RTO (Undelivered),Customer Refused at Doorstep,306.0
ORD_014042,Customer Return,Size / Fit Issue,576.7
ORD_014043,RTO (Undelivered),Customer Refused at Doorstep,1814.4
ORD_014045,Customer Return,Size / Fit Issue,699.3
ORD_014046,RTO (Undelivered),Customer Refused at Doorstep,1700.9
ORD_014047,Customer Return,Quality Not as Expected,818.4
ORD_014050,Customer Return,Size / Fit Issue,3200.5
ORD_014055,Customer Return,Quality Not as Expected,1026.6
ORD_014057,Customer Return,Defective / Damaged Item,2464.0
ORD_014061,RTO (Undelivered),Customer Refused at Doorstep,1363.0
ORD_014062,RTO (Undelivered),Customer Refused at Doorstep,5152.2
ORD_014072,Customer Return,Size / Fit Issue,2596.0
ORD_014076,RTO (Undelivered),Customer Refused at Doorstep,1086.0
ORD_014081,Customer Return,Size / Fit Issue,1745.5
ORD_014083,Customer Return,Size / Fit Issue,2581.2
ORD_014085,Customer Return,Size / Fit Issue,2449.0
ORD_014091,Customer Return,Quality Not as Expected,1768.0
ORD_014110,RTO (Undelivered),Customer Refused at Doorstep,6901.8
ORD_014122,Customer Return,Quality Not as Expected,1704.3
ORD_014124,Customer Return,Size / Fit Issue,2677.2
ORD_014126,Customer Return,Quality Not as Expected,3035.8
ORD_014128,RTO (Undelivered),Customer Refused at Doorstep,2473.4
ORD_014129,RTO (Undelivered),Customer Refused at Doorstep,8254.9
ORD_014130,RTO (Undelivered),Customer Refused at Doorstep,4763.1
ORD_014131,Customer Return,Found Better Price Elsewhere,2086.0
ORD_014134,Customer Return,Size / Fit Issue,593.6
ORD_014143,RTO (Undelivered),Customer Refused at Doorstep,3303.4
ORD_014151,Customer Return,Size / Fit Issue,2400.3
ORD_014153,Customer Return,Size / Fit Issue,1862.4
ORD_014154,Customer Return,Quality Not as Expected,1280.2
ORD_014164,Customer Return,Defective / Damaged Item,2396.6
ORD_014167,RTO (Undelivered),Customer Refused at Doorstep,3200.6
ORD_014168,Customer Return,Size / Fit Issue,680.0
ORD_014185,RTO (Undelivered),Customer Refused at Doorstep,248.0
ORD_014187,RTO (Undelivered),Customer Refused at Doorstep,4359.1
ORD_014188,Customer Return,Size / Fit Issue,3212.9
ORD_014192,RTO (Undelivered),Customer Refused at Doorstep,1844.4
ORD_014194,Customer Return,Size / Fit Issue,1115.1
ORD_014199,Customer Return,Late Delivery,4196.1
ORD_014202,Customer Return,Quality Not as Expected,1379.1
ORD_014211,RTO (Undelivered),Customer Refused at Doorstep,4195.0
ORD_014216,Customer Return,Size / Fit Issue,2284.8
ORD_014217,Customer Return,Quality Not as Expected,461.7
ORD_014219,Customer Return,Defective / Damaged Item,4353.1
ORD_014220,RTO (Undelivered),Customer Refused at Doorstep,220.5
ORD_014224,Customer Return,Found Better Price Elsewhere,2043.8
ORD_014225,RTO (Undelivered),Customer Refused at Doorstep,3871.5
ORD_014235,Customer Return,Defective / Damaged Item,1747.6
ORD_014240,Customer Return,Defective / Damaged Item,1504.0
ORD_014242,Customer Return,Quality Not as Expected,4074.6
ORD_014245,RTO (Undelivered),Customer Refused at Doorstep,4705.3
ORD_014247,RTO (Undelivered),Customer Refused at Doorstep,2022.4
ORD_014254,RTO (Undelivered),Customer Refused at Doorstep,1268.4
ORD_014259,RTO (Undelivered),Customer Refused at Doorstep,821.4
ORD_014268,RTO (Undelivered),Customer Refused at Doorstep,1516.8
ORD_014271,Customer Return,Quality Not as Expected,3492.2
ORD_014281,Customer Return,Size / Fit Issue,3174.6
ORD_014282,Customer Return,Quality Not as Expected,1119.0
ORD_014283,Customer Return,Quality Not as Expected,4425.2
ORD_014284,Customer Return,Quality Not as Expected,4024.4
ORD_014296,Customer Return,Size / Fit Issue,1530.9
ORD_014297,Customer Return,Size / Fit Issue,3797.2
ORD_014301,RTO (Undelivered),Customer Refused at Doorstep,2160.8
ORD_014309,RTO (Undelivered),Customer Refused at Doorstep,745.2
ORD_014315,Customer Return,Found Better Price Elsewhere,1817.8
ORD_014318,Customer Return,Size / Fit Issue,5743.8
ORD_014324,RTO (Undelivered),Customer Refused at Doorstep,2042.9
ORD_014335,Customer Return,Size / Fit Issue,7602.2
ORD_014353,RTO (Undelivered),Customer Refused at Doorstep,626.4
ORD_014357,Customer Return,Quality Not as Expected,2365.9
ORD_014364,Customer Return,Size / Fit Issue,5751.6
ORD_014368,RTO (Undelivered),Customer Refused at Doorstep,5177.8
ORD_014370,RTO (Undelivered),Customer Refused at Doorstep,784.0
ORD_014374,Customer Return,Size / Fit Issue,2097.6
ORD_014376,Customer Return,Size / Fit Issue,4938.6
ORD_014379,Customer Return,Size / Fit Issue,3097.5
ORD_014381,Customer Return,Defective / Damaged Item,3338.0
ORD_014386,Customer Return,Quality Not as Expected,994.0
ORD_014387,RTO (Undelivered),Customer Refused at Doorstep,3907.5
ORD_014389,Customer Return,Size / Fit Issue,599.4
ORD_014390,Customer Return,Size / Fit Issue,5339.2
ORD_014393,Customer Return,Size / Fit Issue,2842.5
ORD_014397,RTO (Undelivered),Customer Refused at Doorstep,705.2
ORD_014401,Customer Return,Quality Not as Expected,1852.4
ORD_014403,Customer Return,Late Delivery,4682.0
ORD_014409,RTO (Undelivered),Customer Refused at Doorstep,3713.6
ORD_014414,Customer Return,Quality Not as Expected,1526.4
ORD_014424,Customer Return,Size / Fit Issue,1935.0
ORD_014427,Customer Return,Defective / Damaged Item,1165.8
ORD_014428,Customer Return,Quality Not as Expected,462.0
ORD_014432,RTO (Undelivered),Customer Refused at Doorstep,1029.6
ORD_014436,Customer Return,Size / Fit Issue,3531.3
ORD_014437,RTO (Undelivered),Customer Refused at Doorstep,3190.1
ORD_014446,Customer Return,Size / Fit Issue,1647.0
ORD_014447,Customer Return,Size / Fit Issue,1795.2
ORD_014449,RTO (Undelivered),Customer Refused at Doorstep,3359.0
ORD_014451,Customer Return,Size / Fit Issue,879.8
ORD_014456,Customer Return,Quality Not as Expected,1380.6
ORD_014457,RTO (Undelivered),Customer Refused at Doorstep,1402.2
ORD_014459,Customer Return,Size / Fit Issue,2352.0
ORD_014461,Customer Return,Quality Not as Expected,1059.6
ORD_014463,Customer Return,Size / Fit Issue,435.0
ORD_014465,Customer Return,Defective / Damaged Item,1221.3
ORD_014468,RTO (Undelivered),Customer Refused at Doorstep,720.0
ORD_014477,Customer Return,Size / Fit Issue,3311.0
ORD_014480,Customer Return,Size / Fit Issue,2327.0
ORD_014482,Customer Return,Defective / Damaged Item,1523.6
ORD_014483,Customer Return,Quality Not as Expected,3866.6
ORD_014485,RTO (Undelivered),Customer Refused at Doorstep,2325.6
ORD_014489,Customer Return,Late Delivery,812.0
ORD_014494,Customer Return,Quality Not as Expected,5926.2
ORD_014495,RTO (Undelivered),Customer Refused at Doorstep,6373.7
ORD_014501,RTO (Undelivered),Customer Refused at Doorstep,2836.0
ORD_014503,Customer Return,Found Better Price Elsewhere,1533.4
ORD_014505,Customer Return,Size / Fit Issue,5279.9
ORD_014507,Customer Return,Quality Not as Expected,3361.8
ORD_014509,RTO (Undelivered),Customer Refused at Doorstep,1022.0
ORD_014510,Customer Return,Size / Fit Issue,3103.2
ORD_014512,Customer Return,Quality Not as Expected,3845.6
ORD_014514,RTO (Undelivered),Customer Refused at Doorstep,4324.2
ORD_014516,Customer Return,Size / Fit Issue,7147.5
ORD_014517,RTO (Undelivered),Customer Refused at Doorstep,1438.5
ORD_014520,RTO (Undelivered),Customer Refused at Doorstep,2012.8
ORD_014522,RTO (Undelivered),Customer Refused at Doorstep,5864.4
ORD_014523,Customer Return,Size / Fit Issue,1735.3
ORD_014524,RTO (Undelivered),Customer Refused at Doorstep,2232.0
ORD_014528,Customer Return,Size / Fit Issue,2235.6
ORD_014530,Customer Return,Late Delivery,1569.4
ORD_014541,RTO (Undelivered),Customer Refused at Doorstep,5868.5
ORD_014548,Customer Return,Size / Fit Issue,847.5
ORD_014550,Customer Return,Size / Fit Issue,6123.8
ORD_014555,RTO (Undelivered),Customer Refused at Doorstep,770.0
ORD_014565,Customer Return,Defective / Damaged Item,668.3
ORD_014567,RTO (Undelivered),Customer Refused at Doorstep,1518.4
ORD_014573,Customer Return,Defective / Damaged Item,1761.7
ORD_014579,Customer Return,Defective / Damaged Item,1058.4
ORD_014580,Customer Return,Quality Not as Expected,2253.8
ORD_014583,Customer Return,Size / Fit Issue,7117.8
ORD_014585,Customer Return,Quality Not as Expected,1302.0
ORD_014589,Customer Return,Size / Fit Issue,512.4
ORD_014592,Customer Return,Size / Fit Issue,315.0
ORD_014601,Customer Return,Found Better Price Elsewhere,2656.4
ORD_014604,Customer Return,Size / Fit Issue,1105.0
ORD_014607,RTO (Undelivered),Customer Refused at Doorstep,3357.0
ORD_014613,Customer Return,Defective / Damaged Item,2007.5
ORD_014624,Customer Return,Size / Fit Issue,582.9
ORD_014627,Customer Return,Size / Fit Issue,1284.4
ORD_014641,RTO (Undelivered),Customer Refused at Doorstep,336.4
ORD_014642,Customer Return,Size / Fit Issue,4604.2
ORD_014645,Customer Return,Size / Fit Issue,3119.2
ORD_014655,Customer Return,Size / Fit Issue,464.4
ORD_014656,RTO (Undelivered),Customer Refused at Doorstep,1385.5
ORD_014661,Customer Return,Quality Not as Expected,2174.0
ORD_014664,Customer Return,Size / Fit Issue,1271.0
ORD_014665,Customer Return,Found Better Price Elsewhere,5440.0
ORD_014675,RTO (Undelivered),Customer Refused at Doorstep,2390.6
ORD_014680,RTO (Undelivered),Customer Refused at Doorstep,1769.2
ORD_014683,RTO (Undelivered),Customer Refused at Doorstep,1089.9
ORD_014684,Customer Return,Size / Fit Issue,1425.6
ORD_014685,Customer Return,Size / Fit Issue,2928.7
ORD_014686,Customer Return,Size / Fit Issue,4347.0
ORD_014688,Customer Return,Late Delivery,3824.4
ORD_014696,Customer Return,Size / Fit Issue,582.4
ORD_014706,Customer Return,Size / Fit Issue,5036.1
ORD_014710,Customer Return,Size / Fit Issue,4784.3
ORD_014711,Customer Return,Size / Fit Issue,1562.4
ORD_014715,Customer Return,Defective / Damaged Item,636.0
ORD_014716,RTO (Undelivered),Customer Refused at Doorstep,2432.4
ORD_014717,Customer Return,Size / Fit Issue,1033.2
ORD_014719,RTO (Undelivered),Customer Refused at Doorstep,3490.7
ORD_014725,Customer Return,Defective / Damaged Item,2359.6
ORD_014726,Customer Return,Size / Fit Issue,1190.0
ORD_014739,Customer Return,Size / Fit Issue,1966.5
ORD_014740,Customer Return,Defective / Damaged Item,4082.5
ORD_014741,RTO (Undelivered),Customer Refused at Doorstep,926.6
ORD_014742,Customer Return,Quality Not as Expected,1557.3
ORD_014743,RTO (Undelivered),Customer Refused at Doorstep,1004.8
ORD_014752,Customer Return,Size / Fit Issue,554.4
ORD_014753,Customer Return,Size / Fit Issue,984.5
ORD_014754,Customer Return,Quality Not as Expected,1646.3
ORD_014766,Customer Return,Size / Fit Issue,3176.2
ORD_014768,Customer Return,Late Delivery,1639.0
ORD_014772,Customer Return,Size / Fit Issue,3148.4
ORD_014774,Customer Return,Defective / Damaged Item,1590.6
ORD_014783,Customer Return,Quality Not as Expected,2858.1
ORD_014784,RTO (Undelivered),Customer Refused at Doorstep,5371.5
ORD_014791,RTO (Undelivered),Customer Refused at Doorstep,800.4
ORD_014799,RTO (Undelivered),Customer Refused at Doorstep,711.3
ORD_014802,RTO (Undelivered),Customer Refused at Doorstep,1738.4
ORD_014806,RTO (Undelivered),Customer Refused at Doorstep,2160.8
ORD_014810,Customer Return,Defective / Damaged Item,591.6
ORD_014814,RTO (Undelivered),Customer Refused at Doorstep,3320.0
ORD_014815,Customer Return,Size / Fit Issue,1690.6
ORD_014818,Customer Return,Size / Fit Issue,3205.4
ORD_014820,Customer Return,Found Better Price Elsewhere,621.6
ORD_014824,Customer Return,Late Delivery,1150.5
ORD_014825,Customer Return,Quality Not as Expected,2708.4
ORD_014827,Customer Return,Quality Not as Expected,599.4
ORD_014831,Customer Return,Size / Fit Issue,1943.2
ORD_014832,RTO (Undelivered),Customer Refused at Doorstep,909.0
ORD_014835,RTO (Undelivered),Customer Refused at Doorstep,1469.4
ORD_014841,RTO (Undelivered),Customer Refused at Doorstep,2463.5
ORD_014842,Customer Return,Size / Fit Issue,3294.1
ORD_014848,Customer Return,Found Better Price Elsewhere,533.2
ORD_014855,Customer Return,Quality Not as Expected,710.0
ORD_014856,RTO (Undelivered),Customer Refused at Doorstep,4554.0
ORD_014860,Customer Return,Size / Fit Issue,270.6
ORD_014866,RTO (Undelivered),Customer Refused at Doorstep,705.6
ORD_014871,RTO (Undelivered),Customer Refused at Doorstep,1078.8
ORD_014874,Customer Return,Quality Not as Expected,600.4
ORD_014875,Customer Return,Size / Fit Issue,1333.0
ORD_014881,Customer Return,Quality Not as Expected,6455.7
ORD_014887,RTO (Undelivered),Customer Refused at Doorstep,3725.0
ORD_014891,Customer Return,Quality Not as Expected,2670.5
ORD_014893,RTO (Undelivered),Customer Refused at Doorstep,3418.8
ORD_014896,Customer Return,Quality Not as Expected,1708.0
ORD_014900,RTO (Undelivered),Customer Refused at Doorstep,894.4
ORD_014901,RTO (Undelivered),Customer Refused at Doorstep,722.4
ORD_014912,Customer Return,Late Delivery,1308.3
ORD_014915,RTO (Undelivered),Customer Refused at Doorstep,2115.8
ORD_014927,RTO (Undelivered),Customer Refused at Doorstep,550.4
ORD_014930,Customer Return,Size / Fit Issue,4929.4
ORD_014931,Customer Return,Quality Not as Expected,4467.8
ORD_014937,RTO (Undelivered),Customer Refused at Doorstep,3041.1
ORD_014946,RTO (Undelivered),Customer Refused at Doorstep,1809.6
ORD_014948,Customer Return,Size / Fit Issue,1223.3
ORD_014954,Customer Return,Quality Not as Expected,387.1
ORD_014959,Customer Return,Size / Fit Issue,1835.2
ORD_014964,Customer Return,Found Better Price Elsewhere,2273.7
ORD_014973,RTO (Undelivered),Customer Refused at Doorstep,1427.1
ORD_014978,Customer Return,Size / Fit Issue,367.5
ORD_014988,Customer Return,Defective / Damaged Item,1238.2
ORD_014995,Customer Return,Size / Fit Issue,2527.4
ORD_014997,Customer Return,Size / Fit Issue,1790.0
ORD_015003,Customer Return,Size / Fit Issue,7170.3
ORD_015007,Customer Return,Late Delivery,209.1
ORD_015014,RTO (Undelivered),Customer Refused at Doorstep,1587.6
ORD_015025,Customer Return,Defective / Damaged Item,4001.5
ORD_015027,RTO (Undelivered),Customer Refused at Doorstep,611.0
ORD_015030,RTO (Undelivered),Customer Refused at Doorstep,5561.4
ORD_015057,Customer Return,Quality Not as Expected,1555.2
ORD_015058,Customer Return,Quality Not as Expected,4341.1
ORD_015064,RTO (Undelivered),Customer Refused at Doorstep,1959.8
ORD_015065,Customer Return,Late Delivery,4212.2
ORD_015066,RTO (Undelivered),Customer Refused at Doorstep,1142.4
ORD_015069,Customer Return,Quality Not as Expected,2689.1
ORD_015084,RTO (Undelivered),Customer Refused at Doorstep,1164.4
ORD_015090,RTO (Undelivered),Customer Refused at Doorstep,3155.5
ORD_015093,RTO (Undelivered),Customer Refused at Doorstep,1400.6
ORD_015095,RTO (Undelivered),Customer Refused at Doorstep,5692.2
ORD_015098,Customer Return,Size / Fit Issue,1640.2
ORD_015108,RTO (Undelivered),Customer Refused at Doorstep,3794.0
ORD_015109,Customer Return,Size / Fit Issue,2933.7
ORD_015112,Customer Return,Found Better Price Elsewhere,912.9
ORD_015113,RTO (Undelivered),Customer Refused at Doorstep,1335.6
ORD_015118,Customer Return,Size / Fit Issue,2528.0
ORD_015125,Customer Return,Defective / Damaged Item,1359.0
ORD_015126,Customer Return,Defective / Damaged Item,3399.9
ORD_015128,Customer Return,Quality Not as Expected,704.7
ORD_015132,RTO (Undelivered),Customer Refused at Doorstep,2117.0
ORD_015134,Customer Return,Size / Fit Issue,2408.0
ORD_015143,Customer Return,Size / Fit Issue,2559.2
ORD_015146,Customer Return,Late Delivery,1935.0
ORD_015147,Customer Return,Size / Fit Issue,3220.3
ORD_015149,RTO (Undelivered),Customer Refused at Doorstep,1071.0
ORD_015151,Customer Return,Size / Fit Issue,1568.0
ORD_015152,RTO (Undelivered),Customer Refused at Doorstep,2400.4
ORD_015158,RTO (Undelivered),Customer Refused at Doorstep,1140.3
ORD_015169,Customer Return,Quality Not as Expected,1791.7
ORD_015171,RTO (Undelivered),Customer Refused at Doorstep,1112.8
ORD_015172,RTO (Undelivered),Customer Refused at Doorstep,2919.3
ORD_015173,Customer Return,Size / Fit Issue,830.4
ORD_015180,RTO (Undelivered),Customer Refused at Doorstep,2097.6
ORD_015184,RTO (Undelivered),Customer Refused at Doorstep,1864.0
ORD_015188,Customer Return,Size / Fit Issue,2601.3
ORD_015191,Customer Return,Defective / Damaged Item,3576.0
ORD_015195,Customer Return,Size / Fit Issue,3360.0
ORD_015201,Customer Return,Defective / Damaged Item,2983.2
ORD_015202,RTO (Undelivered),Customer Refused at Doorstep,2567.0
ORD_015205,Customer Return,Late Delivery,3649.6
ORD_015214,Customer Return,Size / Fit Issue,1963.5
ORD_015217,Customer Return,Quality Not as Expected,2552.8
ORD_015219,RTO (Undelivered),Customer Refused at Doorstep,1062.6
ORD_015223,RTO (Undelivered),Customer Refused at Doorstep,2851.4
ORD_015224,Customer Return,Found Better Price Elsewhere,5728.1
ORD_015228,Customer Return,Defective / Damaged Item,2552.2
ORD_015241,Customer Return,Size / Fit Issue,3608.8
ORD_015243,RTO (Undelivered),Customer Refused at Doorstep,5122.7
ORD_015253,RTO (Undelivered),Customer Refused at Doorstep,570.0
ORD_015265,Customer Return,Size / Fit Issue,4488.2
ORD_015269,Customer Return,Defective / Damaged Item,2792.4
ORD_015272,RTO (Undelivered),Customer Refused at Doorstep,222.6
ORD_015274,Customer Return,Size / Fit Issue,4981.2
ORD_015279,RTO (Undelivered),Customer Refused at Doorstep,4288.0
ORD_015282,RTO (Undelivered),Customer Refused at Doorstep,359.6
ORD_015286,Customer Return,Size / Fit Issue,3330.3
ORD_015295,Customer Return,Size / Fit Issue,4404.4
ORD_015305,Customer Return,Defective / Damaged Item,1386.3
ORD_015316,Customer Return,Size / Fit Issue,1176.0
ORD_015321,RTO (Undelivered),Customer Refused at Doorstep,738.4
ORD_015322,Customer Return,Quality Not as Expected,1943.0
ORD_015324,RTO (Undelivered),Customer Refused at Doorstep,753.3
ORD_015326,RTO (Undelivered),Customer Refused at Doorstep,3583.4
ORD_015328,RTO (Undelivered),Customer Refused at Doorstep,3574.8
ORD_015330,Customer Return,Quality Not as Expected,4452.0
ORD_015331,Customer Return,Size / Fit Issue,2935.3
ORD_015332,Customer Return,Size / Fit Issue,1234.4
ORD_015337,Customer Return,Size / Fit Issue,2214.9
ORD_015341,RTO (Undelivered),Customer Refused at Doorstep,1310.4
ORD_015344,RTO (Undelivered),Customer Refused at Doorstep,6213.6
ORD_015347,RTO (Undelivered),Customer Refused at Doorstep,3946.8
ORD_015349,Customer Return,Found Better Price Elsewhere,5881.8
ORD_015351,Customer Return,Size / Fit Issue,691.2
ORD_015354,RTO (Undelivered),Customer Refused at Doorstep,2167.5
ORD_015373,RTO (Undelivered),Customer Refused at Doorstep,2055.9
ORD_015374,Customer Return,Quality Not as Expected,3696.0
ORD_015378,RTO (Undelivered),Customer Refused at Doorstep,3690.2
ORD_015381,RTO (Undelivered),Customer Refused at Doorstep,2747.2
ORD_015386,Customer Return,Size / Fit Issue,3658.2
ORD_015390,Customer Return,Quality Not as Expected,2804.6
ORD_015400,Customer Return,Size / Fit Issue,461.1
ORD_015407,Customer Return,Size / Fit Issue,4435.5
ORD_015409,RTO (Undelivered),Customer Refused at Doorstep,509.2
ORD_015410,Customer Return,Quality Not as Expected,6363.2
ORD_015412,Customer Return,Defective / Damaged Item,5816.3
ORD_015413,Customer Return,Size / Fit Issue,3745.3
ORD_015419,Customer Return,Defective / Damaged Item,404.2
ORD_015421,Customer Return,Quality Not as Expected,1718.2
ORD_015427,Customer Return,Size / Fit Issue,1436.5
ORD_015429,Customer Return,Size / Fit Issue,3692.4
ORD_015430,Customer Return,Size / Fit Issue,3990.0
ORD_015435,Customer Return,Defective / Damaged Item,1971.5
ORD_015436,RTO (Undelivered),Customer Refused at Doorstep,1309.0
ORD_015450,RTO (Undelivered),Customer Refused at Doorstep,610.5
ORD_015461,Customer Return,Size / Fit Issue,1469.1
ORD_015463,RTO (Undelivered),Customer Refused at Doorstep,710.7
ORD_015464,RTO (Undelivered),Customer Refused at Doorstep,624.0
ORD_015465,RTO (Undelivered),Customer Refused at Doorstep,2142.6
ORD_015469,Customer Return,Size / Fit Issue,539.4
ORD_015476,Customer Return,Size / Fit Issue,1071.0
ORD_015478,RTO (Undelivered),Customer Refused at Doorstep,2758.5
ORD_015484,Customer Return,Quality Not as Expected,3241.8
ORD_015485,Customer Return,Size / Fit Issue,7164.6
ORD_015490,RTO (Undelivered),Customer Refused at Doorstep,1932.8
ORD_015492,RTO (Undelivered),Customer Refused at Doorstep,909.0
ORD_015498,RTO (Undelivered),Customer Refused at Doorstep,2464.8
ORD_015500,Customer Return,Size / Fit Issue,3531.6
ORD_015504,RTO (Undelivered),Customer Refused at Doorstep,3375.6
ORD_015505,Customer Return,Size / Fit Issue,1064.0
ORD_015506,Customer Return,Quality Not as Expected,1576.8
ORD_015509,RTO (Undelivered),Customer Refused at Doorstep,3709.3
ORD_015512,Customer Return,Late Delivery,1112.7
ORD_015514,Customer Return,Quality Not as Expected,4749.1
ORD_015515,Customer Return,Defective / Damaged Item,2881.2
ORD_015516,RTO (Undelivered),Customer Refused at Doorstep,1985.5
ORD_015518,Customer Return,Late Delivery,1937.0
ORD_015528,RTO (Undelivered),Customer Refused at Doorstep,1706.8
ORD_015530,RTO (Undelivered),Customer Refused at Doorstep,3412.5
ORD_015533,Customer Return,Found Better Price Elsewhere,560.0
ORD_015534,RTO (Undelivered),Customer Refused at Doorstep,342.0
ORD_015538,RTO (Undelivered),Customer Refused at Doorstep,844.8
ORD_015540,RTO (Undelivered),Customer Refused at Doorstep,1857.6
ORD_015549,RTO (Undelivered),Customer Refused at Doorstep,2644.2
ORD_015554,RTO (Undelivered),Customer Refused at Doorstep,4887.4
ORD_015556,Customer Return,Size / Fit Issue,1583.6
ORD_015559,RTO (Undelivered),Customer Refused at Doorstep,954.6
ORD_015564,Customer Return,Quality Not as Expected,1740.5
ORD_015565,RTO (Undelivered),Customer Refused at Doorstep,1161.6
ORD_015575,Customer Return,Quality Not as Expected,5108.8
ORD_015580,RTO (Undelivered),Customer Refused at Doorstep,5316.9
ORD_015581,RTO (Undelivered),Customer Refused at Doorstep,3073.9
ORD_015587,Customer Return,Late Delivery,6202.5
ORD_015592,Customer Return,Size / Fit Issue,2528.8
ORD_015602,Customer Return,Late Delivery,5183.8
ORD_015603,RTO (Undelivered),Customer Refused at Doorstep,1593.2
ORD_015606,Customer Return,Size / Fit Issue,2687.5
ORD_015613,Customer Return,Quality Not as Expected,2728.3
ORD_015615,Customer Return,Size / Fit Issue,3958.3
ORD_015622,RTO (Undelivered),Customer Refused at Doorstep,2695.2
ORD_015623,RTO (Undelivered),Customer Refused at Doorstep,2751.2
ORD_015629,Customer Return,Size / Fit Issue,3578.6
ORD_015631,Customer Return,Quality Not as Expected,2456.8
ORD_015635,Customer Return,Size / Fit Issue,2476.4
ORD_015636,Customer Return,Size / Fit Issue,2115.6
ORD_015638,Customer Return,Late Delivery,487.5
ORD_015641,Customer Return,Size / Fit Issue,905.4
ORD_015642,Customer Return,Size / Fit Issue,1020.8
ORD_015644,RTO (Undelivered),Customer Refused at Doorstep,696.8
ORD_015645,Customer Return,Quality Not as Expected,3020.0
ORD_015647,RTO (Undelivered),Customer Refused at Doorstep,1052.2
ORD_015661,RTO (Undelivered),Customer Refused at Doorstep,4318.0
ORD_015666,Customer Return,Late Delivery,7503.4
ORD_015672,RTO (Undelivered),Customer Refused at Doorstep,2024.0
ORD_015673,Customer Return,Defective / Damaged Item,1754.8
ORD_015674,RTO (Undelivered),Customer Refused at Doorstep,5970.4
ORD_015676,RTO (Undelivered),Customer Refused at Doorstep,448.2
ORD_015684,Customer Return,Size / Fit Issue,3179.5
ORD_015685,Customer Return,Quality Not as Expected,2782.5
ORD_015686,RTO (Undelivered),Customer Refused at Doorstep,2009.7
ORD_015687,Customer Return,Found Better Price Elsewhere,852.8
ORD_015688,RTO (Undelivered),Customer Refused at Doorstep,4805.6
ORD_015695,RTO (Undelivered),Customer Refused at Doorstep,974.4
ORD_015697,Customer Return,Size / Fit Issue,3441.0
ORD_015702,RTO (Undelivered),Customer Refused at Doorstep,2316.8
ORD_015706,Customer Return,Size / Fit Issue,608.0
ORD_015709,RTO (Undelivered),Customer Refused at Doorstep,2905.6
ORD_015712,Customer Return,Size / Fit Issue,3684.7
ORD_015715,RTO (Undelivered),Customer Refused at Doorstep,1510.6
ORD_015717,Customer Return,Quality Not as Expected,827.2
ORD_015720,RTO (Undelivered),Customer Refused at Doorstep,1628.0
ORD_015723,RTO (Undelivered),Customer Refused at Doorstep,1628.7
ORD_015732,RTO (Undelivered),Customer Refused at Doorstep,3781.4
ORD_015741,Customer Return,Late Delivery,2059.0
ORD_015742,Customer Return,Quality Not as Expected,3006.3
ORD_015745,Customer Return,Quality Not as Expected,3315.2
ORD_015748,Customer Return,Size / Fit Issue,4129.5
ORD_015751,Customer Return,Defective / Damaged Item,2414.0
ORD_015752,Customer Return,Size / Fit Issue,2329.8
ORD_015754,Customer Return,Size / Fit Issue,3002.8
ORD_015767,Customer Return,Quality Not as Expected,2950.8
ORD_015772,RTO (Undelivered),Customer Refused at Doorstep,2898.6
ORD_015776,Customer Return,Found Better Price Elsewhere,410.4
ORD_015788,RTO (Undelivered),Customer Refused at Doorstep,1177.5
ORD_015804,Customer Return,Quality Not as Expected,1542.4
ORD_015807,RTO (Undelivered),Customer Refused at Doorstep,744.0
ORD_015814,Customer Return,Late Delivery,3019.9
ORD_015816,Customer Return,Size / Fit Issue,1398.4
ORD_015817,Customer Return,Quality Not as Expected,2447.2
ORD_015826,Customer Return,Late Delivery,861.1
ORD_015829,Customer Return,Quality Not as Expected,1079.5
ORD_015835,Customer Return,Late Delivery,1606.5
ORD_015839,Customer Return,Defective / Damaged Item,597.3
ORD_015842,Customer Return,Quality Not as Expected,1302.0
ORD_015843,Customer Return,Size / Fit Issue,830.4
ORD_015846,RTO (Undelivered),Customer Refused at Doorstep,254.2
ORD_015847,RTO (Undelivered),Customer Refused at Doorstep,1450.9
ORD_015852,RTO (Undelivered),Customer Refused at Doorstep,1442.7
ORD_015855,Customer Return,Quality Not as Expected,2669.4
ORD_015857,Customer Return,Size / Fit Issue,3057.4
ORD_015859,Customer Return,Size / Fit Issue,2040.0
ORD_015862,RTO (Undelivered),Customer Refused at Doorstep,3352.2
ORD_015866,Customer Return,Size / Fit Issue,2225.2
ORD_015878,Customer Return,Size / Fit Issue,2108.0
ORD_015888,RTO (Undelivered),Customer Refused at Doorstep,367.2
ORD_015891,RTO (Undelivered),Customer Refused at Doorstep,696.0
ORD_015894,Customer Return,Quality Not as Expected,1809.6
ORD_015906,Customer Return,Size / Fit Issue,2046.6
ORD_015912,RTO (Undelivered),Customer Refused at Doorstep,910.0
ORD_015921,Customer Return,Found Better Price Elsewhere,316.8
ORD_015923,Customer Return,Defective / Damaged Item,1402.5
ORD_015924,RTO (Undelivered),Customer Refused at Doorstep,1092.1
ORD_015925,Customer Return,Late Delivery,714.0
ORD_015928,Customer Return,Size / Fit Issue,2552.7
ORD_015937,RTO (Undelivered),Customer Refused at Doorstep,1478.4
ORD_015940,RTO (Undelivered),Customer Refused at Doorstep,2071.7
ORD_015941,Customer Return,Late Delivery,1303.0
ORD_015944,RTO (Undelivered),Customer Refused at Doorstep,356.7
ORD_015953,RTO (Undelivered),Customer Refused at Doorstep,3889.2
ORD_015964,Customer Return,Size / Fit Issue,6568.6
ORD_015965,RTO (Undelivered),Customer Refused at Doorstep,2431.0
ORD_015969,Customer Return,Defective / Damaged Item,2272.0
ORD_015975,RTO (Undelivered),Customer Refused at Doorstep,470.0
ORD_015977,Customer Return,Size / Fit Issue,1116.0
ORD_015979,RTO (Undelivered),Customer Refused at Doorstep,1514.7
ORD_015983,RTO (Undelivered),Customer Refused at Doorstep,1907.2
ORD_015984,RTO (Undelivered),Customer Refused at Doorstep,554.4
ORD_015986,Customer Return,Late Delivery,4701.4
ORD_015987,RTO (Undelivered),Customer Refused at Doorstep,3307.5
ORD_015996,RTO (Undelivered),Customer Refused at Doorstep,394.8
ORD_016016,RTO (Undelivered),Customer Refused at Doorstep,2160.8
ORD_016019,RTO (Undelivered),Customer Refused at Doorstep,1079.5
ORD_016026,Customer Return,Size / Fit Issue,3230.2
ORD_016027,Customer Return,Size / Fit Issue,1890.0
ORD_016043,RTO (Undelivered),Customer Refused at Doorstep,4040.1
ORD_016051,Customer Return,Size / Fit Issue,3731.6
ORD_016053,RTO (Undelivered),Customer Refused at Doorstep,1556.6
ORD_016055,Customer Return,Size / Fit Issue,5532.8
ORD_016058,Customer Return,Size / Fit Issue,1879.6
ORD_016072,Customer Return,Size / Fit Issue,2461.6
ORD_016074,Customer Return,Quality Not as Expected,732.0
ORD_016078,RTO (Undelivered),Customer Refused at Doorstep,4830.5
ORD_016081,RTO (Undelivered),Customer Refused at Doorstep,2066.4
ORD_016085,Customer Return,Size / Fit Issue,1980.4
ORD_016087,Customer Return,Size / Fit Issue,3938.7
ORD_016088,Customer Return,Defective / Damaged Item,2224.2
ORD_016090,Customer Return,Late Delivery,573.3
ORD_016095,Customer Return,Size / Fit Issue,5117.2
ORD_016104,Customer Return,Found Better Price Elsewhere,3027.4
ORD_016109,Customer Return,Late Delivery,638.6
ORD_016116,Customer Return,Defective / Damaged Item,2728.8
ORD_016119,RTO (Undelivered),Customer Refused at Doorstep,1075.5
ORD_016130,RTO (Undelivered),Customer Refused at Doorstep,4065.0
ORD_016138,Customer Return,Quality Not as Expected,4196.8
ORD_016142,Customer Return,Quality Not as Expected,5247.4
ORD_016144,Customer Return,Size / Fit Issue,1599.4
ORD_016149,Customer Return,Quality Not as Expected,1190.7
ORD_016155,RTO (Undelivered),Customer Refused at Doorstep,907.2
ORD_016177,RTO (Undelivered),Customer Refused at Doorstep,420.0
ORD_016182,Customer Return,Defective / Damaged Item,617.5
ORD_016183,RTO (Undelivered),Customer Refused at Doorstep,207.9
ORD_016184,Customer Return,Late Delivery,1711.2
ORD_016186,RTO (Undelivered),Customer Refused at Doorstep,663.6
ORD_016189,Customer Return,Size / Fit Issue,1339.2
ORD_016195,RTO (Undelivered),Customer Refused at Doorstep,1448.4
ORD_016198,Customer Return,Size / Fit Issue,2125.1
ORD_016205,Customer Return,Quality Not as Expected,1814.4
ORD_016219,Customer Return,Found Better Price Elsewhere,1303.1
ORD_016220,RTO (Undelivered),Customer Refused at Doorstep,1344.0
ORD_016230,RTO (Undelivered),Customer Refused at Doorstep,1663.2
ORD_016231,RTO (Undelivered),Customer Refused at Doorstep,997.1
ORD_016234,Customer Return,Size / Fit Issue,2027.8
ORD_016239,Customer Return,Size / Fit Issue,2522.2
ORD_016240,RTO (Undelivered),Customer Refused at Doorstep,3216.8
ORD_016248,RTO (Undelivered),Customer Refused at Doorstep,5158.8
ORD_016252,RTO (Undelivered),Customer Refused at Doorstep,2763.0
ORD_016255,RTO (Undelivered),Customer Refused at Doorstep,601.6
ORD_016268,RTO (Undelivered),Customer Refused at Doorstep,1850.9
ORD_016278,Customer Return,Size / Fit Issue,1352.0
ORD_016281,RTO (Undelivered),Customer Refused at Doorstep,3197.4
ORD_016283,Customer Return,Size / Fit Issue,461.1
ORD_016284,Customer Return,Size / Fit Issue,1227.2
ORD_016285,Customer Return,Quality Not as Expected,5476.2
ORD_016290,Customer Return,Defective / Damaged Item,3590.4
ORD_016291,Customer Return,Late Delivery,2429.0
ORD_016295,Customer Return,Late Delivery,3591.2
ORD_016298,Customer Return,Quality Not as Expected,1524.9
ORD_016310,Customer Return,Defective / Damaged Item,4324.3
ORD_016317,Customer Return,Size / Fit Issue,2639.1
ORD_016318,Customer Return,Size / Fit Issue,3078.0
ORD_016328,RTO (Undelivered),Customer Refused at Doorstep,3138.2
ORD_016331,RTO (Undelivered),Customer Refused at Doorstep,1611.9
ORD_016334,Customer Return,Size / Fit Issue,894.4
ORD_016336,RTO (Undelivered),Customer Refused at Doorstep,495.8
ORD_016338,RTO (Undelivered),Customer Refused at Doorstep,331.2
ORD_016340,Customer Return,Quality Not as Expected,4015.0
ORD_016345,RTO (Undelivered),Customer Refused at Doorstep,1896.0
ORD_016349,Customer Return,Size / Fit Issue,3626.0
ORD_016355,RTO (Undelivered),Customer Refused at Doorstep,773.8
ORD_016362,Customer Return,Size / Fit Issue,1957.2
ORD_016371,Customer Return,Size / Fit Issue,2781.6
ORD_016381,Customer Return,Size / Fit Issue,1728.9
ORD_016383,RTO (Undelivered),Customer Refused at Doorstep,1777.6
ORD_016387,RTO (Undelivered),Customer Refused at Doorstep,1992.0
ORD_016392,RTO (Undelivered),Customer Refused at Doorstep,3801.0
ORD_016398,Customer Return,Size / Fit Issue,2560.2
ORD_016403,RTO (Undelivered),Customer Refused at Doorstep,1673.8
ORD_016405,Customer Return,Size / Fit Issue,4684.0
ORD_016411,RTO (Undelivered),Customer Refused at Doorstep,3602.8
ORD_016414,RTO (Undelivered),Customer Refused at Doorstep,1895.3
ORD_016415,Customer Return,Found Better Price Elsewhere,2000.7
ORD_016420,RTO (Undelivered),Customer Refused at Doorstep,748.2
ORD_016450,RTO (Undelivered),Customer Refused at Doorstep,450.0
ORD_016456,RTO (Undelivered),Customer Refused at Doorstep,3191.5
ORD_016457,RTO (Undelivered),Customer Refused at Doorstep,6881.1
ORD_016459,RTO (Undelivered),Customer Refused at Doorstep,3326.9
ORD_016460,RTO (Undelivered),Customer Refused at Doorstep,1792.0
ORD_016463,Customer Return,Quality Not as Expected,2262.0
ORD_016484,Customer Return,Quality Not as Expected,2745.6
ORD_016486,RTO (Undelivered),Customer Refused at Doorstep,408.1
ORD_016488,RTO (Undelivered),Customer Refused at Doorstep,3788.2
ORD_016491,RTO (Undelivered),Customer Refused at Doorstep,3336.8
ORD_016492,RTO (Undelivered),Customer Refused at Doorstep,991.8
ORD_016493,RTO (Undelivered),Customer Refused at Doorstep,2327.6
ORD_016494,RTO (Undelivered),Customer Refused at Doorstep,5908.1
ORD_016498,Customer Return,Quality Not as Expected,3753.3
ORD_016504,Customer Return,Size / Fit Issue,1498.5
ORD_016505,Customer Return,Size / Fit Issue,3315.2
ORD_016512,Customer Return,Late Delivery,4071.1
ORD_016520,Customer Return,Late Delivery,2002.0
ORD_016527,RTO (Undelivered),Customer Refused at Doorstep,2268.4
ORD_016535,RTO (Undelivered),Customer Refused at Doorstep,3328.7
ORD_016536,Customer Return,Defective / Damaged Item,2324.0
ORD_016541,RTO (Undelivered),Customer Refused at Doorstep,4228.4
ORD_016544,RTO (Undelivered),Customer Refused at Doorstep,2046.1
ORD_016545,RTO (Undelivered),Customer Refused at Doorstep,1190.4
ORD_016559,Customer Return,Late Delivery,3812.8
ORD_016567,RTO (Undelivered),Customer Refused at Doorstep,3452.3
ORD_016573,Customer Return,Size / Fit Issue,2754.8
ORD_016585,Customer Return,Size / Fit Issue,1008.6
ORD_016587,Customer Return,Size / Fit Issue,1523.7
ORD_016590,RTO (Undelivered),Customer Refused at Doorstep,601.6
ORD_016597,Customer Return,Size / Fit Issue,3843.9
ORD_016602,Customer Return,Quality Not as Expected,1768.6
ORD_016606,Customer Return,Size / Fit Issue,1422.7
ORD_016607,Customer Return,Defective / Damaged Item,2788.7
ORD_016609,Customer Return,Size / Fit Issue,3489.3
ORD_016618,Customer Return,Quality Not as Expected,2128.0
ORD_016619,Customer Return,Size / Fit Issue,6071.6
ORD_016629,Customer Return,Quality Not as Expected,778.8
ORD_016641,Customer Return,Quality Not as Expected,1860.0
ORD_016648,Customer Return,Size / Fit Issue,793.8
ORD_016651,Customer Return,Size / Fit Issue,3645.9
ORD_016654,Customer Return,Size / Fit Issue,2499.8
ORD_016660,RTO (Undelivered),Customer Refused at Doorstep,4054.7
ORD_016661,Customer Return,Defective / Damaged Item,1934.4
ORD_016663,RTO (Undelivered),Customer Refused at Doorstep,4423.7
ORD_016671,RTO (Undelivered),Customer Refused at Doorstep,4195.8
ORD_016673,Customer Return,Size / Fit Issue,4673.8
ORD_016676,RTO (Undelivered),Customer Refused at Doorstep,1512.4
ORD_016679,RTO (Undelivered),Customer Refused at Doorstep,882.3
ORD_016682,Customer Return,Size / Fit Issue,2837.7
ORD_016691,Customer Return,Late Delivery,1382.6
ORD_016695,Customer Return,Size / Fit Issue,2511.6
ORD_016697,Customer Return,Quality Not as Expected,906.4
ORD_016698,RTO (Undelivered),Customer Refused at Doorstep,1937.0
ORD_016704,Customer Return,Size / Fit Issue,2099.5
ORD_016706,RTO (Undelivered),Customer Refused at Doorstep,676.2
ORD_016707,RTO (Undelivered),Customer Refused at Doorstep,288.0
ORD_016710,Customer Return,Size / Fit Issue,2539.7
ORD_016715,Customer Return,Quality Not as Expected,2369.8
ORD_016725,RTO (Undelivered),Customer Refused at Doorstep,2693.6
ORD_016726,Customer Return,Size / Fit Issue,3799.0
ORD_016732,Customer Return,Size / Fit Issue,1240.0
ORD_016734,RTO (Undelivered),Customer Refused at Doorstep,1190.8
ORD_016739,Customer Return,Defective / Damaged Item,1758.2
ORD_016745,Customer Return,Defective / Damaged Item,1086.0
ORD_016746,RTO (Undelivered),Customer Refused at Doorstep,6300.7
ORD_016758,Customer Return,Defective / Damaged Item,2937.9
ORD_016760,Customer Return,Size / Fit Issue,255.2
ORD_016766,Customer Return,Quality Not as Expected,3613.2
ORD_016770,RTO (Undelivered),Customer Refused at Doorstep,2438.2
ORD_016771,RTO (Undelivered),Customer Refused at Doorstep,772.8
ORD_016772,Customer Return,Size / Fit Issue,4072.1
ORD_016774,RTO (Undelivered),Customer Refused at Doorstep,2642.1
ORD_016775,Customer Return,Size / Fit Issue,4071.8
ORD_016777,Customer Return,Size / Fit Issue,2352.0
ORD_016778,Customer Return,Quality Not as Expected,2203.5
ORD_016786,Customer Return,Size / Fit Issue,3035.2
ORD_016788,RTO (Undelivered),Customer Refused at Doorstep,1096.2
ORD_016789,Customer Return,Late Delivery,1433.8
ORD_016790,Customer Return,Size / Fit Issue,3250.5
ORD_016795,RTO (Undelivered),Customer Refused at Doorstep,1301.3
ORD_016805,RTO (Undelivered),Customer Refused at Doorstep,2679.7
ORD_016806,RTO (Undelivered),Customer Refused at Doorstep,1487.0
ORD_016807,Customer Return,Size / Fit Issue,2927.9
ORD_016816,Customer Return,Quality Not as Expected,504.6
ORD_016817,Customer Return,Size / Fit Issue,6408.6
ORD_016829,Customer Return,Size / Fit Issue,811.8
ORD_016832,Customer Return,Found Better Price Elsewhere,2067.1
ORD_016837,Customer Return,Size / Fit Issue,2599.6
ORD_016840,Customer Return,Quality Not as Expected,2743.0
ORD_016847,RTO (Undelivered),Customer Refused at Doorstep,591.5
ORD_016856,Customer Return,Found Better Price Elsewhere,733.5
ORD_016862,Customer Return,Quality Not as Expected,5716.7
ORD_016863,Customer Return,Quality Not as Expected,3051.0
ORD_016868,RTO (Undelivered),Customer Refused at Doorstep,434.5
ORD_016881,RTO (Undelivered),Customer Refused at Doorstep,967.2
ORD_016884,Customer Return,Quality Not as Expected,4467.4
ORD_016886,Customer Return,Size / Fit Issue,2205.2
ORD_016895,Customer Return,Quality Not as Expected,2298.4
ORD_016897,RTO (Undelivered),Customer Refused at Doorstep,2525.5
ORD_016901,Customer Return,Quality Not as Expected,1612.8
ORD_016907,RTO (Undelivered),Customer Refused at Doorstep,539.0
ORD_016921,RTO (Undelivered),Customer Refused at Doorstep,1077.3
ORD_016925,Customer Return,Quality Not as Expected,5385.3
ORD_016926,Customer Return,Size / Fit Issue,4636.8
ORD_016934,RTO (Undelivered),Customer Refused at Doorstep,1612.0
ORD_016936,Customer Return,Quality Not as Expected,2870.6
ORD_016942,Customer Return,Size / Fit Issue,3230.9
ORD_016953,RTO (Undelivered),Customer Refused at Doorstep,2332.2
ORD_016955,Customer Return,Size / Fit Issue,3470.6
ORD_016962,RTO (Undelivered),Customer Refused at Doorstep,1913.4
ORD_016964,Customer Return,Quality Not as Expected,679.4
ORD_016965,RTO (Undelivered),Customer Refused at Doorstep,948.0
ORD_016967,Customer Return,Defective / Damaged Item,2952.0
ORD_016968,Customer Return,Size / Fit Issue,2749.7
ORD_016973,RTO (Undelivered),Customer Refused at Doorstep,2074.8
ORD_016976,RTO (Undelivered),Customer Refused at Doorstep,2264.8
ORD_016982,Customer Return,Late Delivery,617.7
ORD_016990,Customer Return,Size / Fit Issue,1520.4
ORD_016992,RTO (Undelivered),Customer Refused at Doorstep,1856.4
ORD_016994,Customer Return,Size / Fit Issue,1478.2
ORD_016998,Customer Return,Late Delivery,532.8
ORD_017001,Customer Return,Size / Fit Issue,963.3
ORD_017020,Customer Return,Defective / Damaged Item,2716.0
ORD_017027,RTO (Undelivered),Customer Refused at Doorstep,2196.6
ORD_017029,RTO (Undelivered),Customer Refused at Doorstep,3023.9
ORD_017034,RTO (Undelivered),Customer Refused at Doorstep,2672.3
ORD_017039,RTO (Undelivered),Customer Refused at Doorstep,696.0
ORD_017040,Customer Return,Size / Fit Issue,4536.2
ORD_017052,Customer Return,Size / Fit Issue,1931.2
ORD_017054,RTO (Undelivered),Customer Refused at Doorstep,3905.1
ORD_017058,Customer Return,Quality Not as Expected,2688.0
ORD_017059,Customer Return,Size / Fit Issue,2994.7
ORD_017060,RTO (Undelivered),Customer Refused at Doorstep,1497.2
ORD_017061,RTO (Undelivered),Customer Refused at Doorstep,3419.6
ORD_017062,RTO (Undelivered),Customer Refused at Doorstep,244.2
ORD_017063,Customer Return,Size / Fit Issue,5002.9
ORD_017064,RTO (Undelivered),Customer Refused at Doorstep,2097.9
ORD_017074,Customer Return,Late Delivery,1506.6
ORD_017082,Customer Return,Size / Fit Issue,3220.0
ORD_017086,RTO (Undelivered),Customer Refused at Doorstep,4802.6
ORD_017088,Customer Return,Quality Not as Expected,2056.2
ORD_017094,Customer Return,Size / Fit Issue,2695.2
ORD_017095,Customer Return,Size / Fit Issue,1247.4
ORD_017098,Customer Return,Size / Fit Issue,2344.0
ORD_017099,RTO (Undelivered),Customer Refused at Doorstep,1923.0
ORD_017100,Customer Return,Size / Fit Issue,893.2
ORD_017104,Customer Return,Size / Fit Issue,3231.3
ORD_017105,Customer Return,Defective / Damaged Item,2795.6
ORD_017108,Customer Return,Quality Not as Expected,3962.5
ORD_017111,RTO (Undelivered),Customer Refused at Doorstep,465.0
ORD_017112,Customer Return,Defective / Damaged Item,3894.5
ORD_017113,RTO (Undelivered),Customer Refused at Doorstep,2398.2
ORD_017115,Customer Return,Late Delivery,865.2
ORD_017120,RTO (Undelivered),Customer Refused at Doorstep,3490.8
ORD_017124,RTO (Undelivered),Customer Refused at Doorstep,678.0
ORD_017125,RTO (Undelivered),Customer Refused at Doorstep,2823.4
ORD_017127,RTO (Undelivered),Customer Refused at Doorstep,7356.0
ORD_017134,RTO (Undelivered),Customer Refused at Doorstep,5256.3
ORD_017135,RTO (Undelivered),Customer Refused at Doorstep,217.3
ORD_017137,Customer Return,Size / Fit Issue,3334.4
ORD_017146,Customer Return,Defective / Damaged Item,2206.7
ORD_017161,RTO (Undelivered),Customer Refused at Doorstep,1368.0
ORD_017163,RTO (Undelivered),Customer Refused at Doorstep,1328.2
ORD_017169,Customer Return,Size / Fit Issue,915.6
ORD_017176,RTO (Undelivered),Customer Refused at Doorstep,2328.0
ORD_017181,RTO (Undelivered),Customer Refused at Doorstep,972.8
ORD_017184,Customer Return,Size / Fit Issue,741.0
ORD_017185,RTO (Undelivered),Customer Refused at Doorstep,2937.8
ORD_017188,RTO (Undelivered),Customer Refused at Doorstep,4685.6
ORD_017193,RTO (Undelivered),Customer Refused at Doorstep,2590.0
ORD_017197,RTO (Undelivered),Customer Refused at Doorstep,1091.2
ORD_017198,Customer Return,Size / Fit Issue,1016.6
ORD_017201,Customer Return,Quality Not as Expected,896.8
ORD_017208,RTO (Undelivered),Customer Refused at Doorstep,3713.1
ORD_017209,Customer Return,Quality Not as Expected,1058.5
ORD_017220,Customer Return,Size / Fit Issue,584.6
ORD_017221,RTO (Undelivered),Customer Refused at Doorstep,3696.0
ORD_017224,Customer Return,Size / Fit Issue,864.0
ORD_017228,RTO (Undelivered),Customer Refused at Doorstep,904.7
ORD_017229,Customer Return,Quality Not as Expected,5393.0
ORD_017231,RTO (Undelivered),Customer Refused at Doorstep,2720.8
ORD_017232,Customer Return,Defective / Damaged Item,1360.8
ORD_017234,RTO (Undelivered),Customer Refused at Doorstep,2109.4
ORD_017236,RTO (Undelivered),Customer Refused at Doorstep,3533.4
ORD_017246,RTO (Undelivered),Customer Refused at Doorstep,4432.1
ORD_017247,Customer Return,Late Delivery,1254.0
ORD_017250,Customer Return,Found Better Price Elsewhere,4784.7
ORD_017253,Customer Return,Size / Fit Issue,3760.4
ORD_017258,RTO (Undelivered),Customer Refused at Doorstep,1812.0
ORD_017276,Customer Return,Size / Fit Issue,1344.0
ORD_017277,Customer Return,Size / Fit Issue,2777.0
ORD_017278,RTO (Undelivered),Customer Refused at Doorstep,1242.8
ORD_017282,RTO (Undelivered),Customer Refused at Doorstep,1960.2
ORD_017293,RTO (Undelivered),Customer Refused at Doorstep,2007.6
ORD_017296,Customer Return,Late Delivery,1561.1
ORD_017297,RTO (Undelivered),Customer Refused at Doorstep,1798.4
ORD_017301,Customer Return,Late Delivery,951.5
ORD_017302,RTO (Undelivered),Customer Refused at Doorstep,1932.8
ORD_017307,Customer Return,Size / Fit Issue,1069.5
ORD_017318,Customer Return,Size / Fit Issue,4016.0
ORD_017328,RTO (Undelivered),Customer Refused at Doorstep,850.9
ORD_017330,Customer Return,Defective / Damaged Item,3444.0
ORD_017333,Customer Return,Size / Fit Issue,1978.8
ORD_017334,Customer Return,Defective / Damaged Item,849.6
ORD_017341,Customer Return,Size / Fit Issue,745.2
ORD_017342,Customer Return,Quality Not as Expected,3205.8
ORD_017349,RTO (Undelivered),Customer Refused at Doorstep,2788.0
ORD_017350,RTO (Undelivered),Customer Refused at Doorstep,2291.2
ORD_017352,Customer Return,Size / Fit Issue,4568.9
ORD_017358,RTO (Undelivered),Customer Refused at Doorstep,1682.7
ORD_017363,Customer Return,Size / Fit Issue,1385.8
ORD_017370,Customer Return,Quality Not as Expected,4453.6
ORD_017381,RTO (Undelivered),Customer Refused at Doorstep,990.0
ORD_017384,Customer Return,Size / Fit Issue,653.6
ORD_017387,Customer Return,Size / Fit Issue,1557.3
ORD_017395,RTO (Undelivered),Customer Refused at Doorstep,8489.8
ORD_017398,Customer Return,Size / Fit Issue,1777.5
ORD_017401,RTO (Undelivered),Customer Refused at Doorstep,2656.0
ORD_017402,RTO (Undelivered),Customer Refused at Doorstep,635.1
ORD_017404,Customer Return,Quality Not as Expected,820.8
ORD_017405,Customer Return,Size / Fit Issue,1432.0
ORD_017406,Customer Return,Quality Not as Expected,3704.8
ORD_017410,RTO (Undelivered),Customer Refused at Doorstep,2843.7
ORD_017411,RTO (Undelivered),Customer Refused at Doorstep,2933.7
ORD_017418,Customer Return,Quality Not as Expected,2067.7
ORD_017423,Customer Return,Size / Fit Issue,1162.5
ORD_017435,Customer Return,Size / Fit Issue,2117.5
ORD_017437,Customer Return,Size / Fit Issue,1608.2
ORD_017439,Customer Return,Found Better Price Elsewhere,834.3
ORD_017443,Customer Return,Found Better Price Elsewhere,2748.0
ORD_017449,RTO (Undelivered),Customer Refused at Doorstep,4956.7
ORD_017453,Customer Return,Late Delivery,4152.6
ORD_017454,Customer Return,Quality Not as Expected,1771.2
ORD_017456,Customer Return,Late Delivery,4265.1
ORD_017458,RTO (Undelivered),Customer Refused at Doorstep,740.0
ORD_017462,Customer Return,Size / Fit Issue,2397.6
ORD_017472,Customer Return,Quality Not as Expected,4256.1
ORD_017477,RTO (Undelivered),Customer Refused at Doorstep,1940.1
ORD_017480,Customer Return,Size / Fit Issue,4116.0
ORD_017481,Customer Return,Size / Fit Issue,2272.0
ORD_017486,Customer Return,Size / Fit Issue,1603.0
ORD_017487,Customer Return,Size / Fit Issue,2720.8
ORD_017493,Customer Return,Size / Fit Issue,3806.1
ORD_017498,RTO (Undelivered),Customer Refused at Doorstep,2984.6
ORD_017504,Customer Return,Size / Fit Issue,541.8
ORD_017508,Customer Return,Quality Not as Expected,990.0
ORD_017514,Customer Return,Late Delivery,1675.8
ORD_017519,Customer Return,Size / Fit Issue,809.4
ORD_017523,Customer Return,Size / Fit Issue,1075.5
ORD_017526,Customer Return,Size / Fit Issue,2849.4
ORD_017529,Customer Return,Late Delivery,3474.9
ORD_017531,RTO (Undelivered),Customer Refused at Doorstep,3256.8
ORD_017535,Customer Return,Size / Fit Issue,5329.7
ORD_017544,Customer Return,Late Delivery,1694.4
ORD_017550,RTO (Undelivered),Customer Refused at Doorstep,2539.3
ORD_017551,Customer Return,Size / Fit Issue,2626.1
ORD_017559,Customer Return,Found Better Price Elsewhere,604.8
ORD_017564,Customer Return,Quality Not as Expected,864.5
ORD_017566,Customer Return,Defective / Damaged Item,525.4
ORD_017567,Customer Return,Size / Fit Issue,3334.4
ORD_017570,RTO (Undelivered),Customer Refused at Doorstep,2275.2
ORD_017578,Customer Return,Quality Not as Expected,4769.6
ORD_017580,Customer Return,Size / Fit Issue,1968.0
ORD_017581,Customer Return,Size / Fit Issue,985.6
ORD_017586,RTO (Undelivered),Customer Refused at Doorstep,679.5
ORD_017590,Customer Return,Size / Fit Issue,926.1
ORD_017594,Customer Return,Late Delivery,1781.3
ORD_017598,RTO (Undelivered),Customer Refused at Doorstep,3873.4
ORD_017616,RTO (Undelivered),Customer Refused at Doorstep,1957.2
ORD_017621,Customer Return,Size / Fit Issue,2313.4
ORD_017623,Customer Return,Size / Fit Issue,6306.0
ORD_017624,RTO (Undelivered),Customer Refused at Doorstep,1302.0
ORD_017636,RTO (Undelivered),Customer Refused at Doorstep,472.0
ORD_017642,Customer Return,Size / Fit Issue,1387.0
ORD_017647,RTO (Undelivered),Customer Refused at Doorstep,3071.1
ORD_017650,Customer Return,Size / Fit Issue,2702.7
ORD_017655,Customer Return,Size / Fit Issue,10322.9
ORD_017657,RTO (Undelivered),Customer Refused at Doorstep,638.0
ORD_017664,RTO (Undelivered),Customer Refused at Doorstep,4094.4
ORD_017671,Customer Return,Size / Fit Issue,1525.2
ORD_017673,RTO (Undelivered),Customer Refused at Doorstep,1141.8
ORD_017675,Customer Return,Defective / Damaged Item,3509.2
ORD_017678,Customer Return,Defective / Damaged Item,3298.5
ORD_017698,Customer Return,Quality Not as Expected,3220.4
ORD_017699,Customer Return,Defective / Damaged Item,2219.1
ORD_017705,Customer Return,Found Better Price Elsewhere,1428.0
ORD_017707,RTO (Undelivered),Customer Refused at Doorstep,1626.9
ORD_017709,Customer Return,Quality Not as Expected,724.0
ORD_017719,RTO (Undelivered),Customer Refused at Doorstep,1192.9
ORD_017721,Customer Return,Size / Fit Issue,6062.7
ORD_017727,Customer Return,Quality Not as Expected,3258.8
ORD_017729,Customer Return,Size / Fit Issue,4826.8
ORD_017731,RTO (Undelivered),Customer Refused at Doorstep,2222.0
ORD_017737,Customer Return,Size / Fit Issue,1654.3
ORD_017741,RTO (Undelivered),Customer Refused at Doorstep,1470.0
ORD_017744,Customer Return,Size / Fit Issue,1376.4
ORD_017745,Customer Return,Size / Fit Issue,3521.1
ORD_017747,Customer Return,Quality Not as Expected,1345.6
ORD_017758,RTO (Undelivered),Customer Refused at Doorstep,884.0
ORD_017760,RTO (Undelivered),Customer Refused at Doorstep,3789.6
ORD_017763,RTO (Undelivered),Customer Refused at Doorstep,1676.4
ORD_017775,Customer Return,Size / Fit Issue,669.5
ORD_017779,RTO (Undelivered),Customer Refused at Doorstep,1902.6
ORD_017781,RTO (Undelivered),Customer Refused at Doorstep,932.4
ORD_017784,RTO (Undelivered),Customer Refused at Doorstep,3357.2
ORD_017786,Customer Return,Defective / Damaged Item,5048.5
ORD_017787,RTO (Undelivered),Customer Refused at Doorstep,696.8
ORD_017789,Customer Return,Quality Not as Expected,2148.4
ORD_017793,RTO (Undelivered),Customer Refused at Doorstep,4982.4
ORD_017794,Customer Return,Size / Fit Issue,2865.5
ORD_017796,Customer Return,Size / Fit Issue,4665.5
ORD_017797,RTO (Undelivered),Customer Refused at Doorstep,745.2
ORD_017799,Customer Return,Late Delivery,2132.8
ORD_017800,Customer Return,Quality Not as Expected,3699.1
ORD_017801,Customer Return,Quality Not as Expected,1382.4
ORD_017804,Customer Return,Defective / Damaged Item,1417.5
ORD_017805,RTO (Undelivered),Customer Refused at Doorstep,2486.4
ORD_017808,RTO (Undelivered),Customer Refused at Doorstep,7160.1
ORD_017809,Customer Return,Quality Not as Expected,897.6
ORD_017816,Customer Return,Size / Fit Issue,2877.0
ORD_017824,Customer Return,Defective / Damaged Item,2211.4
ORD_017831,RTO (Undelivered),Customer Refused at Doorstep,2413.8
ORD_017840,Customer Return,Quality Not as Expected,4011.7
ORD_017845,RTO (Undelivered),Customer Refused at Doorstep,3278.5
ORD_017849,RTO (Undelivered),Customer Refused at Doorstep,3796.6
ORD_017853,Customer Return,Quality Not as Expected,3697.3
ORD_017854,RTO (Undelivered),Customer Refused at Doorstep,4029.1
ORD_017860,Customer Return,Size / Fit Issue,1309.1
ORD_017862,RTO (Undelivered),Customer Refused at Doorstep,1324.6
ORD_017864,RTO (Undelivered),Customer Refused at Doorstep,857.6
ORD_017866,RTO (Undelivered),Customer Refused at Doorstep,1754.8
ORD_017869,RTO (Undelivered),Customer Refused at Doorstep,1918.8
ORD_017874,Customer Return,Size / Fit Issue,2880.4
ORD_017887,Customer Return,Size / Fit Issue,3975.2
ORD_017891,Customer Return,Quality Not as Expected,2173.6
ORD_017892,Customer Return,Quality Not as Expected,5698.8
ORD_017895,Customer Return,Size / Fit Issue,3518.8
ORD_017897,RTO (Undelivered),Customer Refused at Doorstep,3967.5
ORD_017899,Customer Return,Quality Not as Expected,1024.1
ORD_017901,RTO (Undelivered),Customer Refused at Doorstep,2492.8
ORD_017910,Customer Return,Size / Fit Issue,4190.8
ORD_017913,Customer Return,Quality Not as Expected,6669.5
ORD_017924,RTO (Undelivered),Customer Refused at Doorstep,812.0
ORD_017925,RTO (Undelivered),Customer Refused at Doorstep,831.6
ORD_017931,RTO (Undelivered),Customer Refused at Doorstep,3426.9
ORD_017933,Customer Return,Size / Fit Issue,371.2
ORD_017935,RTO (Undelivered),Customer Refused at Doorstep,1344.0
ORD_017936,Customer Return,Size / Fit Issue,1164.8
ORD_017940,Customer Return,Size / Fit Issue,1025.8
ORD_017948,Customer Return,Quality Not as Expected,3036.0
ORD_017951,RTO (Undelivered),Customer Refused at Doorstep,4102.4
ORD_017952,RTO (Undelivered),Customer Refused at Doorstep,2322.1
ORD_017954,Customer Return,Quality Not as Expected,2465.0
ORD_017960,Customer Return,Size / Fit Issue,592.8
ORD_017968,Customer Return,Defective / Damaged Item,3980.5
ORD_017969,Customer Return,Size / Fit Issue,1635.1
ORD_017970,Customer Return,Quality Not as Expected,3331.0
ORD_017979,Customer Return,Size / Fit Issue,1602.3
ORD_017986,Customer Return,Size / Fit Issue,3741.2
ORD_017988,Customer Return,Size / Fit Issue,5503.2
ORD_018001,Customer Return,Size / Fit Issue,4955.9
ORD_018004,RTO (Undelivered),Customer Refused at Doorstep,1113.7
ORD_018005,Customer Return,Quality Not as Expected,4435.0
ORD_018007,Customer Return,Quality Not as Expected,4281.0
ORD_018011,RTO (Undelivered),Customer Refused at Doorstep,1115.4
ORD_018013,RTO (Undelivered),Customer Refused at Doorstep,599.5
ORD_018014,RTO (Undelivered),Customer Refused at Doorstep,2369.3
ORD_018016,RTO (Undelivered),Customer Refused at Doorstep,1912.0
ORD_018017,Customer Return,Defective / Damaged Item,3474.9
ORD_018019,RTO (Undelivered),Customer Refused at Doorstep,1808.7
ORD_018022,RTO (Undelivered),Customer Refused at Doorstep,2598.0
ORD_018026,RTO (Undelivered),Customer Refused at Doorstep,1651.2
ORD_018034,RTO (Undelivered),Customer Refused at Doorstep,6328.8
ORD_018038,Customer Return,Size / Fit Issue,2635.3
ORD_018041,Customer Return,Size / Fit Issue,1887.6
ORD_018046,Customer Return,Defective / Damaged Item,3498.8
ORD_018059,RTO (Undelivered),Customer Refused at Doorstep,1478.4
ORD_018063,Customer Return,Size / Fit Issue,1002.7
ORD_018065,RTO (Undelivered),Customer Refused at Doorstep,2196.8
ORD_018066,Customer Return,Size / Fit Issue,2702.7
ORD_018067,RTO (Undelivered),Customer Refused at Doorstep,1816.4
ORD_018070,Customer Return,Late Delivery,3661.8
ORD_018072,Customer Return,Defective / Damaged Item,3723.5
ORD_018076,RTO (Undelivered),Customer Refused at Doorstep,1462.8
ORD_018085,RTO (Undelivered),Customer Refused at Doorstep,824.1
ORD_018093,Customer Return,Quality Not as Expected,1451.4
ORD_018097,RTO (Undelivered),Customer Refused at Doorstep,2547.4
ORD_018103,Customer Return,Size / Fit Issue,1289.6
ORD_018105,Customer Return,Size / Fit Issue,2226.0
ORD_018107,Customer Return,Size / Fit Issue,635.1
ORD_018108,RTO (Undelivered),Customer Refused at Doorstep,498.8
ORD_018111,Customer Return,Size / Fit Issue,1764.0
ORD_018114,Customer Return,Quality Not as Expected,2724.2
ORD_018116,Customer Return,Late Delivery,2420.9
ORD_018119,Customer Return,Size / Fit Issue,2380.0
ORD_018121,Customer Return,Quality Not as Expected,2463.5
ORD_018126,Customer Return,Size / Fit Issue,604.8
ORD_018130,RTO (Undelivered),Customer Refused at Doorstep,1269.9
ORD_018134,Customer Return,Size / Fit Issue,2341.8
ORD_018146,Customer Return,Size / Fit Issue,3148.4
ORD_018148,Customer Return,Size / Fit Issue,1449.0
ORD_018149,Customer Return,Quality Not as Expected,7472.7
ORD_018155,Customer Return,Quality Not as Expected,3429.4
ORD_018162,RTO (Undelivered),Customer Refused at Doorstep,468.0
ORD_018163,RTO (Undelivered),Customer Refused at Doorstep,1219.7
ORD_018167,Customer Return,Late Delivery,1205.0
ORD_018174,Customer Return,Size / Fit Issue,1556.1
ORD_018192,Customer Return,Found Better Price Elsewhere,2536.6
ORD_018194,Customer Return,Defective / Damaged Item,1310.4
ORD_018200,RTO (Undelivered),Customer Refused at Doorstep,1202.5
ORD_018201,Customer Return,Defective / Damaged Item,1848.4
ORD_018202,Customer Return,Size / Fit Issue,2073.5
ORD_018206,RTO (Undelivered),Customer Refused at Doorstep,3981.8
ORD_018237,Customer Return,Size / Fit Issue,2710.4
ORD_018241,RTO (Undelivered),Customer Refused at Doorstep,422.3
ORD_018242,RTO (Undelivered),Customer Refused at Doorstep,692.0
ORD_018243,Customer Return,Quality Not as Expected,1041.6
ORD_018251,Customer Return,Size / Fit Issue,4191.4
ORD_018255,Customer Return,Quality Not as Expected,951.3
ORD_018256,Customer Return,Size / Fit Issue,2667.0
ORD_018266,RTO (Undelivered),Customer Refused at Doorstep,609.0
ORD_018278,RTO (Undelivered),Customer Refused at Doorstep,1164.4
ORD_018283,Customer Return,Quality Not as Expected,3796.6
ORD_018286,Customer Return,Size / Fit Issue,4357.5
ORD_018288,Customer Return,Defective / Damaged Item,1433.1
ORD_018290,RTO (Undelivered),Customer Refused at Doorstep,1130.5
ORD_018292,RTO (Undelivered),Customer Refused at Doorstep,1406.4
ORD_018295,Customer Return,Late Delivery,1092.0
ORD_018297,RTO (Undelivered),Customer Refused at Doorstep,2805.2
ORD_018299,RTO (Undelivered),Customer Refused at Doorstep,3691.4
ORD_018300,RTO (Undelivered),Customer Refused at Doorstep,945.5
ORD_018302,RTO (Undelivered),Customer Refused at Doorstep,499.5
ORD_018306,RTO (Undelivered),Customer Refused at Doorstep,3044.0
ORD_018314,Customer Return,Size / Fit Issue,4872.0
ORD_018316,Customer Return,Size / Fit Issue,3438.6
ORD_018327,RTO (Undelivered),Customer Refused at Doorstep,2367.6
ORD_018330,Customer Return,Size / Fit Issue,2819.3
ORD_018335,RTO (Undelivered),Customer Refused at Doorstep,1040.0
ORD_018336,Customer Return,Found Better Price Elsewhere,3805.2
ORD_018339,Customer Return,Size / Fit Issue,1540.0
ORD_018341,Customer Return,Late Delivery,1102.4
ORD_018346,Customer Return,Quality Not as Expected,852.0
ORD_018352,RTO (Undelivered),Customer Refused at Doorstep,3595.2
ORD_018354,Customer Return,Late Delivery,3225.9
ORD_018355,Customer Return,Size / Fit Issue,775.0
ORD_018361,RTO (Undelivered),Customer Refused at Doorstep,2089.6
ORD_018362,RTO (Undelivered),Customer Refused at Doorstep,534.1
ORD_018364,Customer Return,Found Better Price Elsewhere,1850.4
ORD_018366,Customer Return,Size / Fit Issue,3618.6
ORD_018377,RTO (Undelivered),Customer Refused at Doorstep,1369.0
ORD_018379,RTO (Undelivered),Customer Refused at Doorstep,699.3
ORD_018385,RTO (Undelivered),Customer Refused at Doorstep,2444.4
ORD_018390,Customer Return,Size / Fit Issue,3889.6
ORD_018394,Customer Return,Found Better Price Elsewhere,524.8
ORD_018399,Customer Return,Quality Not as Expected,1292.0
ORD_018406,Customer Return,Defective / Damaged Item,6383.5
ORD_018408,Customer Return,Size / Fit Issue,2517.1
ORD_018411,Customer Return,Size / Fit Issue,5049.8
ORD_018428,RTO (Undelivered),Customer Refused at Doorstep,1888.1
ORD_018430,Customer Return,Defective / Damaged Item,1132.5
ORD_018434,Customer Return,Defective / Damaged Item,652.5
ORD_018442,RTO (Undelivered),Customer Refused at Doorstep,3523.0
ORD_018453,RTO (Undelivered),Customer Refused at Doorstep,866.4
ORD_018455,Customer Return,Defective / Damaged Item,2338.5
ORD_018460,RTO (Undelivered),Customer Refused at Doorstep,1912.5
ORD_018461,RTO (Undelivered),Customer Refused at Doorstep,3403.4
ORD_018464,RTO (Undelivered),Customer Refused at Doorstep,2648.0
ORD_018466,RTO (Undelivered),Customer Refused at Doorstep,446.6
ORD_018467,RTO (Undelivered),Customer Refused at Doorstep,2448.5
ORD_018475,Customer Return,Size / Fit Issue,3059.1
ORD_018494,RTO (Undelivered),Customer Refused at Doorstep,5488.4
ORD_018495,RTO (Undelivered),Customer Refused at Doorstep,2977.8
ORD_018502,RTO (Undelivered),Customer Refused at Doorstep,618.8
ORD_018506,Customer Return,Found Better Price Elsewhere,3189.4
ORD_018510,Customer Return,Quality Not as Expected,5455.4
ORD_018515,RTO (Undelivered),Customer Refused at Doorstep,4771.2
ORD_018521,RTO (Undelivered),Customer Refused at Doorstep,2969.7
ORD_018523,Customer Return,Defective / Damaged Item,1109.8
ORD_018526,Customer Return,Quality Not as Expected,651.9
ORD_018528,RTO (Undelivered),Customer Refused at Doorstep,762.6
ORD_018529,Customer Return,Defective / Damaged Item,2696.7
ORD_018540,RTO (Undelivered),Customer Refused at Doorstep,1901.2
ORD_018546,Customer Return,Defective / Damaged Item,1512.8
ORD_018550,RTO (Undelivered),Customer Refused at Doorstep,1586.5
ORD_018554,Customer Return,Size / Fit Issue,1619.2
ORD_018557,RTO (Undelivered),Customer Refused at Doorstep,870.0
ORD_018562,Customer Return,Defective / Damaged Item,5520.4
ORD_018574,Customer Return,Size / Fit Issue,1288.8
ORD_018575,Customer Return,Size / Fit Issue,1653.0
ORD_018579,Customer Return,Size / Fit Issue,1932.7
ORD_018581,Customer Return,Size / Fit Issue,3233.8
ORD_018600,RTO (Undelivered),Customer Refused at Doorstep,1910.6
ORD_018601,RTO (Undelivered),Customer Refused at Doorstep,684.0
ORD_018607,RTO (Undelivered),Customer Refused at Doorstep,2745.9
ORD_018614,RTO (Undelivered),Customer Refused at Doorstep,1768.6
ORD_018617,Customer Return,Quality Not as Expected,2882.0
ORD_018618,RTO (Undelivered),Customer Refused at Doorstep,1372.8
ORD_018619,RTO (Undelivered),Customer Refused at Doorstep,4052.2
ORD_018626,RTO (Undelivered),Customer Refused at Doorstep,510.0
ORD_018638,RTO (Undelivered),Customer Refused at Doorstep,877.8
ORD_018640,Customer Return,Found Better Price Elsewhere,792.0
ORD_018641,RTO (Undelivered),Customer Refused at Doorstep,759.0
ORD_018643,Customer Return,Size / Fit Issue,1142.4
ORD_018650,RTO (Undelivered),Customer Refused at Doorstep,686.2
ORD_018652,Customer Return,Defective / Damaged Item,4660.6
ORD_018653,Customer Return,Defective / Damaged Item,971.7
ORD_018659,RTO (Undelivered),Customer Refused at Doorstep,1372.0
ORD_018663,RTO (Undelivered),Customer Refused at Doorstep,676.5
ORD_018669,Customer Return,Size / Fit Issue,4011.7
ORD_018674,Customer Return,Quality Not as Expected,1327.2
ORD_018678,RTO (Undelivered),Customer Refused at Doorstep,3345.2
ORD_018681,RTO (Undelivered),Customer Refused at Doorstep,2314.7
ORD_018687,RTO (Undelivered),Customer Refused at Doorstep,810.0
ORD_018688,RTO (Undelivered),Customer Refused at Doorstep,2211.3
ORD_018689,Customer Return,Quality Not as Expected,3573.1
ORD_018692,Customer Return,Defective / Damaged Item,3045.6
ORD_018695,Customer Return,Size / Fit Issue,1050.7
ORD_018699,Customer Return,Size / Fit Issue,2456.8
ORD_018701,Customer Return,Quality Not as Expected,377.2
ORD_018705,RTO (Undelivered),Customer Refused at Doorstep,1162.3
ORD_018706,RTO (Undelivered),Customer Refused at Doorstep,3062.6
ORD_018708,RTO (Undelivered),Customer Refused at Doorstep,2671.9
ORD_018714,Customer Return,Defective / Damaged Item,1627.2
ORD_018718,Customer Return,Size / Fit Issue,1681.5
ORD_018719,RTO (Undelivered),Customer Refused at Doorstep,226.8
ORD_018720,Customer Return,Size / Fit Issue,2696.4
ORD_018726,Customer Return,Size / Fit Issue,756.9
ORD_018733,Customer Return,Quality Not as Expected,554.6
ORD_018740,RTO (Undelivered),Customer Refused at Doorstep,663.6
ORD_018742,RTO (Undelivered),Customer Refused at Doorstep,1752.6
ORD_018762,Customer Return,Size / Fit Issue,1631.5
ORD_018767,Customer Return,Size / Fit Issue,1008.9
ORD_018772,Customer Return,Defective / Damaged Item,3612.0
ORD_018773,Customer Return,Found Better Price Elsewhere,1552.8
ORD_018774,RTO (Undelivered),Customer Refused at Doorstep,2921.2
ORD_018775,Customer Return,Size / Fit Issue,602.0
ORD_018785,RTO (Undelivered),Customer Refused at Doorstep,3060.1
ORD_018788,RTO (Undelivered),Customer Refused at Doorstep,762.6
ORD_018794,Customer Return,Size / Fit Issue,2438.1
ORD_018802,Customer Return,Size / Fit Issue,2613.4
ORD_018804,RTO (Undelivered),Customer Refused at Doorstep,718.2
ORD_018807,Customer Return,Quality Not as Expected,1611.9
ORD_018812,Customer Return,Size / Fit Issue,2097.2
ORD_018824,RTO (Undelivered),Customer Refused at Doorstep,5749.5
ORD_018826,RTO (Undelivered),Customer Refused at Doorstep,664.4
ORD_018828,Customer Return,Late Delivery,3022.8
ORD_018840,RTO (Undelivered),Customer Refused at Doorstep,1814.4
ORD_018842,Customer Return,Size / Fit Issue,2788.0
ORD_018860,Customer Return,Late Delivery,5403.1
ORD_018869,RTO (Undelivered),Customer Refused at Doorstep,502.2
ORD_018870,Customer Return,Quality Not as Expected,873.6
ORD_018877,RTO (Undelivered),Customer Refused at Doorstep,590.4
ORD_018881,Customer Return,Found Better Price Elsewhere,608.0
ORD_018885,Customer Return,Size / Fit Issue,1193.7
ORD_018886,Customer Return,Found Better Price Elsewhere,5533.6
ORD_018897,Customer Return,Size / Fit Issue,2122.9
ORD_018898,Customer Return,Size / Fit Issue,800.8
ORD_018900,Customer Return,Size / Fit Issue,1279.2
ORD_018903,Customer Return,Defective / Damaged Item,4074.0
ORD_018904,Customer Return,Size / Fit Issue,352.6
ORD_018912,RTO (Undelivered),Customer Refused at Doorstep,813.4
ORD_018914,Customer Return,Defective / Damaged Item,921.3
ORD_018919,Customer Return,Defective / Damaged Item,1287.7
ORD_018929,RTO (Undelivered),Customer Refused at Doorstep,765.6
ORD_018933,RTO (Undelivered),Customer Refused at Doorstep,249.4
ORD_018937,RTO (Undelivered),Customer Refused at Doorstep,3969.4
ORD_018945,Customer Return,Size / Fit Issue,2601.3
ORD_018957,Customer Return,Size / Fit Issue,1526.8
ORD_018962,RTO (Undelivered),Customer Refused at Doorstep,3233.8
ORD_018963,Customer Return,Found Better Price Elsewhere,649.6
ORD_018972,RTO (Undelivered),Customer Refused at Doorstep,960.0
ORD_018973,Customer Return,Quality Not as Expected,2004.8
ORD_018975,Customer Return,Quality Not as Expected,671.6
ORD_018979,Customer Return,Size / Fit Issue,2128.0
ORD_018982,RTO (Undelivered),Customer Refused at Doorstep,1493.1
ORD_018986,Customer Return,Size / Fit Issue,525.0
ORD_018996,RTO (Undelivered),Customer Refused at Doorstep,674.5
ORD_019000,Customer Return,Late Delivery,1577.4
ORD_019005,Customer Return,Late Delivery,3265.1
ORD_019007,RTO (Undelivered),Customer Refused at Doorstep,3967.2
ORD_019009,Customer Return,Defective / Damaged Item,2898.5
ORD_019012,RTO (Undelivered),Customer Refused at Doorstep,1601.6
ORD_019014,Customer Return,Defective / Damaged Item,3090.8
ORD_019018,Customer Return,Size / Fit Issue,4506.6
ORD_019020,Customer Return,Size / Fit Issue,460.0
ORD_019023,Customer Return,Size / Fit Issue,1726.1
ORD_019024,RTO (Undelivered),Customer Refused at Doorstep,4307.2
ORD_019026,Customer Return,Found Better Price Elsewhere,3088.2
ORD_019030,Customer Return,Size / Fit Issue,1537.2
ORD_019046,Customer Return,Found Better Price Elsewhere,1869.0
ORD_019052,Customer Return,Size / Fit Issue,1542.8
ORD_019056,Customer Return,Defective / Damaged Item,613.6
ORD_019059,Customer Return,Quality Not as Expected,1744.0
ORD_019060,Customer Return,Quality Not as Expected,3238.8
ORD_019064,RTO (Undelivered),Customer Refused at Doorstep,1827.0
ORD_019065,Customer Return,Late Delivery,1926.8
ORD_019072,Customer Return,Quality Not as Expected,1270.0
ORD_019076,Customer Return,Size / Fit Issue,380.7
ORD_019087,Customer Return,Quality Not as Expected,1488.0
ORD_019089,Customer Return,Defective / Damaged Item,1562.4
ORD_019090,Customer Return,Defective / Damaged Item,1963.5
ORD_019092,Customer Return,Quality Not as Expected,1285.1
ORD_019098,RTO (Undelivered),Customer Refused at Doorstep,604.5
ORD_019099,Customer Return,Size / Fit Issue,753.3
ORD_019100,Customer Return,Size / Fit Issue,2310.6
ORD_019107,Customer Return,Size / Fit Issue,777.4
ORD_019109,Customer Return,Defective / Damaged Item,3845.4
ORD_019110,RTO (Undelivered),Customer Refused at Doorstep,2088.5
ORD_019120,RTO (Undelivered),Customer Refused at Doorstep,5707.2
ORD_019122,RTO (Undelivered),Customer Refused at Doorstep,1273.0
ORD_019130,RTO (Undelivered),Customer Refused at Doorstep,2001.8
ORD_019134,Customer Return,Size / Fit Issue,1335.6
ORD_019140,RTO (Undelivered),Customer Refused at Doorstep,1081.6
ORD_019144,RTO (Undelivered),Customer Refused at Doorstep,2568.0
ORD_019149,RTO (Undelivered),Customer Refused at Doorstep,1289.6
ORD_019152,Customer Return,Size / Fit Issue,2968.0
ORD_019154,Customer Return,Quality Not as Expected,3649.3
ORD_019157,Customer Return,Size / Fit Issue,3035.0
ORD_019158,RTO (Undelivered),Customer Refused at Doorstep,1241.1
ORD_019160,Customer Return,Quality Not as Expected,5620.0
ORD_019161,RTO (Undelivered),Customer Refused at Doorstep,384.4
ORD_019167,Customer Return,Late Delivery,4320.5
ORD_019168,Customer Return,Size / Fit Issue,945.0
ORD_019172,RTO (Undelivered),Customer Refused at Doorstep,2222.4
ORD_019174,Customer Return,Size / Fit Issue,4195.1
ORD_019175,RTO (Undelivered),Customer Refused at Doorstep,664.3
ORD_019177,RTO (Undelivered),Customer Refused at Doorstep,451.4
ORD_019191,RTO (Undelivered),Customer Refused at Doorstep,1490.0
ORD_019197,RTO (Undelivered),Customer Refused at Doorstep,3510.4
ORD_019203,Customer Return,Quality Not as Expected,181.5
ORD_019205,Customer Return,Size / Fit Issue,2365.1
ORD_019209,RTO (Undelivered),Customer Refused at Doorstep,554.6
ORD_019213,RTO (Undelivered),Customer Refused at Doorstep,913.5
ORD_019217,RTO (Undelivered),Customer Refused at Doorstep,1285.2
ORD_019218,RTO (Undelivered),Customer Refused at Doorstep,3553.0
ORD_019224,Customer Return,Quality Not as Expected,1829.4
ORD_019229,Customer Return,Size / Fit Issue,3401.5
ORD_019231,Customer Return,Late Delivery,3044.2
ORD_019233,RTO (Undelivered),Customer Refused at Doorstep,2465.6
ORD_019234,Customer Return,Size / Fit Issue,1209.6
ORD_019236,Customer Return,Size / Fit Issue,2290.8
ORD_019237,RTO (Undelivered),Customer Refused at Doorstep,2167.2
ORD_019238,RTO (Undelivered),Customer Refused at Doorstep,5770.4
ORD_019240,RTO (Undelivered),Customer Refused at Doorstep,1537.2
ORD_019245,RTO (Undelivered),Customer Refused at Doorstep,1327.5
ORD_019247,Customer Return,Size / Fit Issue,345.0
ORD_019248,RTO (Undelivered),Customer Refused at Doorstep,2398.6
ORD_019266,RTO (Undelivered),Customer Refused at Doorstep,1760.0
ORD_019276,RTO (Undelivered),Customer Refused at Doorstep,211.5
ORD_019277,Customer Return,Size / Fit Issue,2465.0
ORD_019278,Customer Return,Quality Not as Expected,3188.2
ORD_019280,RTO (Undelivered),Customer Refused at Doorstep,1123.2
ORD_019285,Customer Return,Defective / Damaged Item,710.0
ORD_019291,Customer Return,Quality Not as Expected,410.4
ORD_019301,Customer Return,Defective / Damaged Item,4506.3
ORD_019306,Customer Return,Found Better Price Elsewhere,2042.2
ORD_019308,Customer Return,Late Delivery,4329.3
ORD_019309,Customer Return,Late Delivery,3334.4
ORD_019310,Customer Return,Size / Fit Issue,2146.8
ORD_019320,RTO (Undelivered),Customer Refused at Doorstep,1241.0
ORD_019322,Customer Return,Size / Fit Issue,1312.0
ORD_019324,Customer Return,Defective / Damaged Item,1753.7
ORD_019328,RTO (Undelivered),Customer Refused at Doorstep,3583.8
ORD_019342,RTO (Undelivered),Customer Refused at Doorstep,1817.4
ORD_019345,Customer Return,Size / Fit Issue,2444.1
ORD_019346,Customer Return,Quality Not as Expected,1711.2
ORD_019351,Customer Return,Size / Fit Issue,2823.1
ORD_019352,Customer Return,Quality Not as Expected,1091.4
ORD_019357,Customer Return,Size / Fit Issue,2933.7
ORD_019361,Customer Return,Quality Not as Expected,2960.4
ORD_019362,RTO (Undelivered),Customer Refused at Doorstep,9355.6
ORD_019368,Customer Return,Found Better Price Elsewhere,865.8
ORD_019376,Customer Return,Late Delivery,915.6
ORD_019379,RTO (Undelivered),Customer Refused at Doorstep,574.0
ORD_019380,Customer Return,Size / Fit Issue,1430.4
ORD_019386,Customer Return,Size / Fit Issue,926.1
ORD_019392,Customer Return,Quality Not as Expected,2716.0
ORD_019394,RTO (Undelivered),Customer Refused at Doorstep,930.0
ORD_019401,Customer Return,Size / Fit Issue,2615.9
ORD_019406,Customer Return,Quality Not as Expected,1387.0
ORD_019411,RTO (Undelivered),Customer Refused at Doorstep,1548.6
ORD_019416,RTO (Undelivered),Customer Refused at Doorstep,1494.8
ORD_019421,Customer Return,Late Delivery,1323.0
ORD_019423,RTO (Undelivered),Customer Refused at Doorstep,1576.8
ORD_019433,Customer Return,Defective / Damaged Item,2465.2
ORD_019434,RTO (Undelivered),Customer Refused at Doorstep,1272.8
ORD_019437,Customer Return,Size / Fit Issue,1597.5
ORD_019438,Customer Return,Size / Fit Issue,948.0
ORD_019445,Customer Return,Size / Fit Issue,1607.2
ORD_019449,RTO (Undelivered),Customer Refused at Doorstep,424.8
ORD_019450,RTO (Undelivered),Customer Refused at Doorstep,1541.6
ORD_019456,Customer Return,Size / Fit Issue,4897.6
ORD_019457,RTO (Undelivered),Customer Refused at Doorstep,718.2
ORD_019468,RTO (Undelivered),Customer Refused at Doorstep,3674.7
ORD_019471,Customer Return,Quality Not as Expected,910.8
ORD_019475,RTO (Undelivered),Customer Refused at Doorstep,4016.0
ORD_019487,Customer Return,Late Delivery,5865.9
ORD_019489,Customer Return,Late Delivery,3538.6
ORD_019493,Customer Return,Late Delivery,635.1
ORD_019496,RTO (Undelivered),Customer Refused at Doorstep,6222.3
ORD_019497,Customer Return,Defective / Damaged Item,2998.4
ORD_019498,RTO (Undelivered),Customer Refused at Doorstep,2427.2
ORD_019499,RTO (Undelivered),Customer Refused at Doorstep,1289.6
ORD_019509,RTO (Undelivered),Customer Refused at Doorstep,488.4
ORD_019511,Customer Return,Quality Not as Expected,3438.6
ORD_019513,RTO (Undelivered),Customer Refused at Doorstep,512.3
ORD_019514,Customer Return,Size / Fit Issue,1099.8
ORD_019518,RTO (Undelivered),Customer Refused at Doorstep,3540.9
ORD_019519,RTO (Undelivered),Customer Refused at Doorstep,1536.0
ORD_019527,RTO (Undelivered),Customer Refused at Doorstep,1417.5
ORD_019532,Customer Return,Defective / Damaged Item,3839.1
ORD_019537,RTO (Undelivered),Customer Refused at Doorstep,4260.9
ORD_019541,RTO (Undelivered),Customer Refused at Doorstep,1082.4
ORD_019554,Customer Return,Size / Fit Issue,2709.6
ORD_019559,Customer Return,Size / Fit Issue,3448.0
ORD_019563,Customer Return,Size / Fit Issue,6160.8
ORD_019574,RTO (Undelivered),Customer Refused at Doorstep,1649.1
ORD_019576,Customer Return,Size / Fit Issue,2764.2
ORD_019582,RTO (Undelivered),Customer Refused at Doorstep,5033.7
ORD_019584,RTO (Undelivered),Customer Refused at Doorstep,1666.0
ORD_019585,RTO (Undelivered),Customer Refused at Doorstep,1724.9
ORD_019595,Customer Return,Found Better Price Elsewhere,1894.4
ORD_019596,Customer Return,Late Delivery,3916.3
ORD_019603,RTO (Undelivered),Customer Refused at Doorstep,1911.0
ORD_019604,Customer Return,Defective / Damaged Item,939.6
ORD_019607,Customer Return,Quality Not as Expected,1643.0
ORD_019618,RTO (Undelivered),Customer Refused at Doorstep,308.7
ORD_019619,RTO (Undelivered),Customer Refused at Doorstep,1305.4
ORD_019636,RTO (Undelivered),Customer Refused at Doorstep,4580.8
ORD_019637,Customer Return,Size / Fit Issue,2644.2
ORD_019638,Customer Return,Quality Not as Expected,1601.3
ORD_019640,Customer Return,Size / Fit Issue,1485.5
ORD_019645,Customer Return,Size / Fit Issue,4814.3
ORD_019651,RTO (Undelivered),Customer Refused at Doorstep,1090.8
ORD_019654,Customer Return,Late Delivery,2828.8
ORD_019655,Customer Return,Size / Fit Issue,1596.0
ORD_019656,RTO (Undelivered),Customer Refused at Doorstep,2699.2
ORD_019658,Customer Return,Quality Not as Expected,1496.0
ORD_019659,Customer Return,Size / Fit Issue,608.0
ORD_019662,Customer Return,Defective / Damaged Item,2724.3
ORD_019663,Customer Return,Found Better Price Elsewhere,1282.5
ORD_019667,Customer Return,Quality Not as Expected,1285.2
ORD_019669,Customer Return,Size / Fit Issue,2109.6
ORD_019676,RTO (Undelivered),Customer Refused at Doorstep,851.2
ORD_019678,Customer Return,Found Better Price Elsewhere,1561.5
ORD_019681,Customer Return,Size / Fit Issue,1600.2
ORD_019684,RTO (Undelivered),Customer Refused at Doorstep,1840.4
ORD_019685,RTO (Undelivered),Customer Refused at Doorstep,876.9
ORD_019687,Customer Return,Size / Fit Issue,758.5
ORD_019689,Customer Return,Size / Fit Issue,2056.1
ORD_019690,Customer Return,Quality Not as Expected,2359.5
ORD_019695,RTO (Undelivered),Customer Refused at Doorstep,2438.1
ORD_019696,RTO (Undelivered),Customer Refused at Doorstep,3605.3
ORD_019698,RTO (Undelivered),Customer Refused at Doorstep,1488.0
ORD_019701,Customer Return,Size / Fit Issue,3465.0
ORD_019705,RTO (Undelivered),Customer Refused at Doorstep,569.8
ORD_019709,RTO (Undelivered),Customer Refused at Doorstep,1398.6
ORD_019721,Customer Return,Defective / Damaged Item,799.5
ORD_019731,RTO (Undelivered),Customer Refused at Doorstep,3781.4
ORD_019733,Customer Return,Size / Fit Issue,968.0
ORD_019745,RTO (Undelivered),Customer Refused at Doorstep,1596.0
ORD_019750,RTO (Undelivered),Customer Refused at Doorstep,500.5
ORD_019755,RTO (Undelivered),Customer Refused at Doorstep,2017.2
ORD_019757,RTO (Undelivered),Customer Refused at Doorstep,3906.2
ORD_019768,Customer Return,Size / Fit Issue,1078.0
ORD_019773,Customer Return,Size / Fit Issue,828.4
ORD_019774,Customer Return,Late Delivery,2441.6
ORD_019784,Customer Return,Defective / Damaged Item,1950.8
ORD_019785,Customer Return,Quality Not as Expected,1607.7
ORD_019795,RTO (Undelivered),Customer Refused at Doorstep,910.6
ORD_019796,Customer Return,Size / Fit Issue,3149.4
ORD_019797,Customer Return,Quality Not as Expected,2626.5
ORD_019800,RTO (Undelivered),Customer Refused at Doorstep,831.3
ORD_019801,RTO (Undelivered),Customer Refused at Doorstep,800.3
ORD_019802,RTO (Undelivered),Customer Refused at Doorstep,583.2
ORD_019809,RTO (Undelivered),Customer Refused at Doorstep,2443.6
ORD_019810,Customer Return,Quality Not as Expected,1553.5
ORD_019812,Customer Return,Defective / Damaged Item,6233.6
ORD_019819,Customer Return,Late Delivery,4987.0
ORD_019823,RTO (Undelivered),Customer Refused at Doorstep,428.4
ORD_019826,RTO (Undelivered),Customer Refused at Doorstep,639.2
ORD_019832,Customer Return,Size / Fit Issue,993.6
ORD_019842,Customer Return,Size / Fit Issue,2824.0
ORD_019851,Customer Return,Size / Fit Issue,1812.2
ORD_019857,RTO (Undelivered),Customer Refused at Doorstep,1780.8
ORD_019860,RTO (Undelivered),Customer Refused at Doorstep,3470.6
ORD_019875,RTO (Undelivered),Customer Refused at Doorstep,934.8
ORD_019876,Customer Return,Quality Not as Expected,4433.9
ORD_019882,RTO (Undelivered),Customer Refused at Doorstep,2994.9
ORD_019883,RTO (Undelivered),Customer Refused at Doorstep,1248.9
ORD_019896,Customer Return,Quality Not as Expected,6842.1
ORD_019907,RTO (Undelivered),Customer Refused at Doorstep,1984.0
ORD_019910,RTO (Undelivered),Customer Refused at Doorstep,3438.6
ORD_019913,RTO (Undelivered),Customer Refused at Doorstep,3505.6
ORD_019925,Customer Return,Found Better Price Elsewhere,1365.0
ORD_019926,RTO (Undelivered),Customer Refused at Doorstep,6374.7
ORD_019929,Customer Return,Size / Fit Issue,528.9
ORD_019935,RTO (Undelivered),Customer Refused at Doorstep,672.0
ORD_019939,RTO (Undelivered),Customer Refused at Doorstep,5226.2
ORD_019940,RTO (Undelivered),Customer Refused at Doorstep,2368.0
ORD_019942,Customer Return,Size / Fit Issue,1983.8
ORD_019943,RTO (Undelivered),Customer Refused at Doorstep,7030.2
ORD_019951,Customer Return,Size / Fit Issue,3364.9
ORD_019952,Customer Return,Size / Fit Issue,2415.6
ORD_019956,Customer Return,Size / Fit Issue,466.1
ORD_019962,Customer Return,Quality Not as Expected,846.8
ORD_019969,RTO (Undelivered),Customer Refused at Doorstep,3145.8
ORD_019981,RTO (Undelivered),Customer Refused at Doorstep,3973.8
ORD_019983,RTO (Undelivered),Customer Refused at Doorstep,1197.0
ORD_019985,Customer Return,Defective / Damaged Item,1380.6
ORD_019986,RTO (Undelivered),Customer Refused at Doorstep,2653.0
ORD_019987,RTO (Undelivered),Customer Refused at Doorstep,831.3
ORD_019988,Customer Return,Defective / Damaged Item,2467.1
ORD_019994,Customer Return,Late Delivery,1637.5
ORD_019995,RTO (Undelivered),Customer Refused at Doorstep,1807.2
ORD_019998,RTO (Undelivered),Customer Refused at Doorstep,1226.8
ORD_020001,Customer Return,Size / Fit Issue,2120.4
ORD_020008,RTO (Undelivered),Customer Refused at Doorstep,2749.2
ORD_020012,Customer Return,Quality Not as Expected,593.4
ORD_020015,RTO (Undelivered),Customer Refused at Doorstep,3093.0
ORD_020016,RTO (Undelivered),Customer Refused at Doorstep,5311.2
ORD_020018,Customer Return,Quality Not as Expected,2448.7
ORD_020020,Customer Return,Late Delivery,6312.9
ORD_020024,Customer Return,Size / Fit Issue,3623.6
ORD_020029,Customer Return,Quality Not as Expected,1045.8
ORD_020032,Customer Return,Size / Fit Issue,706.8
ORD_020039,Customer Return,Found Better Price Elsewhere,453.6
ORD_020041,RTO (Undelivered),Customer Refused at Doorstep,2511.6
ORD_020046,Customer Return,Size / Fit Issue,373.5
ORD_020050,Customer Return,Size / Fit Issue,5422.0
ORD_020055,RTO (Undelivered),Customer Refused at Doorstep,993.6
ORD_020066,Customer Return,Defective / Damaged Item,791.0
ORD_020070,Customer Return,Quality Not as Expected,1626.8
ORD_020072,Customer Return,Found Better Price Elsewhere,4360.0
ORD_020076,Customer Return,Found Better Price Elsewhere,1787.6
ORD_020083,Customer Return,Found Better Price Elsewhere,957.7
ORD_020089,Customer Return,Size / Fit Issue,2592.6
ORD_020092,Customer Return,Size / Fit Issue,4407.2
ORD_020096,RTO (Undelivered),Customer Refused at Doorstep,696.6
ORD_020102,Customer Return,Size / Fit Issue,6124.5
ORD_020104,RTO (Undelivered),Customer Refused at Doorstep,850.9
ORD_020107,Customer Return,Defective / Damaged Item,609.0
ORD_020121,Customer Return,Size / Fit Issue,5356.5
ORD_020123,Customer Return,Quality Not as Expected,5609.3
ORD_020125,RTO (Undelivered),Customer Refused at Doorstep,1720.2
ORD_020140,RTO (Undelivered),Customer Refused at Doorstep,1044.4
ORD_020143,RTO (Undelivered),Customer Refused at Doorstep,812.0
ORD_020144,RTO (Undelivered),Customer Refused at Doorstep,631.4
ORD_020145,RTO (Undelivered),Customer Refused at Doorstep,4756.4
ORD_020146,Customer Return,Late Delivery,4633.8
ORD_020147,RTO (Undelivered),Customer Refused at Doorstep,1905.0
ORD_020154,RTO (Undelivered),Customer Refused at Doorstep,3744.0
ORD_020155,Customer Return,Defective / Damaged Item,1650.0
ORD_020156,Customer Return,Defective / Damaged Item,1956.5
ORD_020168,RTO (Undelivered),Customer Refused at Doorstep,6397.1
ORD_020179,Customer Return,Quality Not as Expected,1232.5
ORD_020180,RTO (Undelivered),Customer Refused at Doorstep,899.1
ORD_020181,Customer Return,Size / Fit Issue,584.8
ORD_020184,RTO (Undelivered),Customer Refused at Doorstep,3186.6
ORD_020192,RTO (Undelivered),Customer Refused at Doorstep,1995.0
ORD_020202,RTO (Undelivered),Customer Refused at Doorstep,422.1
ORD_020206,RTO (Undelivered),Customer Refused at Doorstep,1380.5
ORD_020217,Customer Return,Quality Not as Expected,2720.0
ORD_020224,Customer Return,Found Better Price Elsewhere,855.6
ORD_020225,RTO (Undelivered),Customer Refused at Doorstep,469.8
ORD_020228,Customer Return,Late Delivery,1430.4
ORD_020244,Customer Return,Size / Fit Issue,1290.3
ORD_020245,Customer Return,Late Delivery,723.8
ORD_020246,RTO (Undelivered),Customer Refused at Doorstep,1533.4
ORD_020258,RTO (Undelivered),Customer Refused at Doorstep,2781.0
ORD_020262,RTO (Undelivered),Customer Refused at Doorstep,3063.9
ORD_020265,RTO (Undelivered),Customer Refused at Doorstep,4463.2
ORD_020282,Customer Return,Size / Fit Issue,699.3
ORD_020292,Customer Return,Size / Fit Issue,6395.2
ORD_020294,RTO (Undelivered),Customer Refused at Doorstep,1911.5
ORD_020295,RTO (Undelivered),Customer Refused at Doorstep,3419.3
ORD_020300,RTO (Undelivered),Customer Refused at Doorstep,1648.6
ORD_020302,RTO (Undelivered),Customer Refused at Doorstep,503.2
ORD_020307,RTO (Undelivered),Customer Refused at Doorstep,369.8
ORD_020319,Customer Return,Size / Fit Issue,985.8
ORD_020338,Customer Return,Quality Not as Expected,468.0
ORD_020349,RTO (Undelivered),Customer Refused at Doorstep,4552.8
ORD_020359,Customer Return,Quality Not as Expected,2011.6
ORD_020361,RTO (Undelivered),Customer Refused at Doorstep,331.2
ORD_020367,RTO (Undelivered),Customer Refused at Doorstep,666.5
ORD_020373,RTO (Undelivered),Customer Refused at Doorstep,1200.7
ORD_020374,Customer Return,Size / Fit Issue,4845.8
ORD_020382,Customer Return,Size / Fit Issue,1537.6
ORD_020383,Customer Return,Quality Not as Expected,458.2
ORD_020384,Customer Return,Size / Fit Issue,1105.0
ORD_020386,Customer Return,Quality Not as Expected,2258.6
ORD_020392,Customer Return,Size / Fit Issue,227.9
ORD_020402,Customer Return,Defective / Damaged Item,2093.9
ORD_020412,RTO (Undelivered),Customer Refused at Doorstep,4026.2
ORD_020414,Customer Return,Size / Fit Issue,1664.0
ORD_020418,Customer Return,Defective / Damaged Item,994.0
ORD_020423,RTO (Undelivered),Customer Refused at Doorstep,450.3
ORD_020427,Customer Return,Size / Fit Issue,1930.4
ORD_020436,RTO (Undelivered),Customer Refused at Doorstep,1302.0
ORD_020443,Customer Return,Size / Fit Issue,1155.0
ORD_020445,Customer Return,Quality Not as Expected,2087.4
ORD_020452,Customer Return,Quality Not as Expected,1854.9
ORD_020458,RTO (Undelivered),Customer Refused at Doorstep,342.2
ORD_020461,RTO (Undelivered),Customer Refused at Doorstep,2740.4
ORD_020465,Customer Return,Late Delivery,1592.5
ORD_020476,Customer Return,Size / Fit Issue,4069.7
ORD_020479,RTO (Undelivered),Customer Refused at Doorstep,1270.0
ORD_020480,RTO (Undelivered),Customer Refused at Doorstep,2464.0
ORD_020483,Customer Return,Size / Fit Issue,1212.7
ORD_020486,RTO (Undelivered),Customer Refused at Doorstep,5477.2
ORD_020487,Customer Return,Quality Not as Expected,1547.6
ORD_020490,Customer Return,Quality Not as Expected,10453.1
ORD_020496,Customer Return,Size / Fit Issue,2010.2
ORD_020497,RTO (Undelivered),Customer Refused at Doorstep,5344.4
ORD_020498,Customer Return,Quality Not as Expected,837.8
ORD_020499,Customer Return,Size / Fit Issue,1754.4
ORD_020501,RTO (Undelivered),Customer Refused at Doorstep,4266.0
ORD_020511,Customer Return,Found Better Price Elsewhere,1210.3
ORD_020512,Customer Return,Size / Fit Issue,2361.6
ORD_020513,RTO (Undelivered),Customer Refused at Doorstep,3901.0
ORD_020514,Customer Return,Quality Not as Expected,2121.6
ORD_020520,Customer Return,Quality Not as Expected,3077.0
ORD_020521,RTO (Undelivered),Customer Refused at Doorstep,386.4
ORD_020527,Customer Return,Defective / Damaged Item,1771.2
ORD_020531,RTO (Undelivered),Customer Refused at Doorstep,647.8
ORD_020534,RTO (Undelivered),Customer Refused at Doorstep,693.0
ORD_020535,Customer Return,Size / Fit Issue,1153.2
ORD_020539,Customer Return,Quality Not as Expected,2581.2
ORD_020542,Customer Return,Size / Fit Issue,1548.0
ORD_020546,RTO (Undelivered),Customer Refused at Doorstep,2187.8
ORD_020548,Customer Return,Quality Not as Expected,3486.0
ORD_020556,Customer Return,Size / Fit Issue,2354.4
ORD_020562,RTO (Undelivered),Customer Refused at Doorstep,654.0
ORD_020563,Customer Return,Quality Not as Expected,2204.1
ORD_020565,RTO (Undelivered),Customer Refused at Doorstep,2500.2
ORD_020572,Customer Return,Defective / Damaged Item,2436.0
ORD_020578,Customer Return,Late Delivery,2024.5
ORD_020582,RTO (Undelivered),Customer Refused at Doorstep,1691.2
ORD_020585,Customer Return,Quality Not as Expected,5256.0
ORD_020600,RTO (Undelivered),Customer Refused at Doorstep,3335.7
ORD_020603,Customer Return,Size / Fit Issue,4272.2
ORD_020605,Customer Return,Late Delivery,1031.7
ORD_020614,RTO (Undelivered),Customer Refused at Doorstep,2527.3
ORD_020625,RTO (Undelivered),Customer Refused at Doorstep,8363.7
ORD_020627,RTO (Undelivered),Customer Refused at Doorstep,2503.8
ORD_020635,RTO (Undelivered),Customer Refused at Doorstep,5814.4
ORD_020641,RTO (Undelivered),Customer Refused at Doorstep,1136.2
ORD_020646,RTO (Undelivered),Customer Refused at Doorstep,2369.3
ORD_020648,RTO (Undelivered),Customer Refused at Doorstep,2008.6
ORD_020656,Customer Return,Size / Fit Issue,2033.5
ORD_020657,Customer Return,Size / Fit Issue,1526.8
ORD_020658,RTO (Undelivered),Customer Refused at Doorstep,638.6
ORD_020662,RTO (Undelivered),Customer Refused at Doorstep,1407.0
ORD_020664,RTO (Undelivered),Customer Refused at Doorstep,402.9
ORD_020666,Customer Return,Defective / Damaged Item,333.0
ORD_020671,Customer Return,Size / Fit Issue,1619.2
ORD_020676,RTO (Undelivered),Customer Refused at Doorstep,2345.5
ORD_020678,RTO (Undelivered),Customer Refused at Doorstep,521.4
ORD_020681,Customer Return,Size / Fit Issue,248.4
ORD_020688,RTO (Undelivered),Customer Refused at Doorstep,5213.7
ORD_020690,RTO (Undelivered),Customer Refused at Doorstep,2337.0
ORD_020692,Customer Return,Quality Not as Expected,2917.2
ORD_020697,Customer Return,Late Delivery,2014.8
ORD_020699,Customer Return,Quality Not as Expected,3733.1
ORD_020700,RTO (Undelivered),Customer Refused at Doorstep,578.2
ORD_020705,Customer Return,Quality Not as Expected,1694.8
ORD_020706,Customer Return,Size / Fit Issue,1546.4
ORD_020707,Customer Return,Size / Fit Issue,5378.4
ORD_020708,Customer Return,Defective / Damaged Item,3448.0
ORD_020710,Customer Return,Size / Fit Issue,3953.4
ORD_020712,Customer Return,Quality Not as Expected,2904.0
ORD_020713,RTO (Undelivered),Customer Refused at Doorstep,1236.9
ORD_020714,Customer Return,Quality Not as Expected,1965.6
ORD_020718,RTO (Undelivered),Customer Refused at Doorstep,3784.0
ORD_020724,Customer Return,Defective / Damaged Item,5758.9
ORD_020725,Customer Return,Defective / Damaged Item,1682.1
ORD_020731,Customer Return,Size / Fit Issue,623.2
ORD_020733,Customer Return,Size / Fit Issue,1918.5
ORD_020735,RTO (Undelivered),Customer Refused at Doorstep,1967.1
ORD_020737,RTO (Undelivered),Customer Refused at Doorstep,3943.6
ORD_020749,RTO (Undelivered),Customer Refused at Doorstep,372.0
ORD_020752,RTO (Undelivered),Customer Refused at Doorstep,434.0
ORD_020758,Customer Return,Size / Fit Issue,3035.8
ORD_020760,Customer Return,Size / Fit Issue,593.6
ORD_020761,Customer Return,Size / Fit Issue,1240.8
ORD_020762,Customer Return,Size / Fit Issue,1910.6
ORD_020763,Customer Return,Quality Not as Expected,3792.0
ORD_020765,RTO (Undelivered),Customer Refused at Doorstep,408.1
ORD_020768,RTO (Undelivered),Customer Refused at Doorstep,1758.2
ORD_020770,RTO (Undelivered),Customer Refused at Doorstep,1199.3
ORD_020771,RTO (Undelivered),Customer Refused at Doorstep,1664.0
ORD_020778,Customer Return,Quality Not as Expected,3071.0
ORD_020779,RTO (Undelivered),Customer Refused at Doorstep,659.4
ORD_020787,RTO (Undelivered),Customer Refused at Doorstep,639.2
ORD_020788,Customer Return,Quality Not as Expected,3963.1
ORD_020794,Customer Return,Size / Fit Issue,1581.3
ORD_020796,Customer Return,Size / Fit Issue,2333.2
ORD_020800,RTO (Undelivered),Customer Refused at Doorstep,4026.2
ORD_020801,RTO (Undelivered),Customer Refused at Doorstep,3237.0
ORD_020804,Customer Return,Size / Fit Issue,2250.4
ORD_020805,RTO (Undelivered),Customer Refused at Doorstep,2763.0
ORD_020806,Customer Return,Quality Not as Expected,2951.2
ORD_020807,Customer Return,Late Delivery,2040.0
ORD_020808,Customer Return,Size / Fit Issue,258.3
ORD_020818,RTO (Undelivered),Customer Refused at Doorstep,1479.0
ORD_020821,RTO (Undelivered),Customer Refused at Doorstep,934.8
ORD_020822,RTO (Undelivered),Customer Refused at Doorstep,2024.4
ORD_020825,Customer Return,Size / Fit Issue,3237.0
ORD_020828,Customer Return,Quality Not as Expected,2659.6
ORD_020830,Customer Return,Late Delivery,2802.8
ORD_020836,RTO (Undelivered),Customer Refused at Doorstep,2554.2
ORD_020839,Customer Return,Size / Fit Issue,3873.3
ORD_020841,RTO (Undelivered),Customer Refused at Doorstep,4537.8
ORD_020843,Customer Return,Size / Fit Issue,4737.6
ORD_020845,Customer Return,Late Delivery,376.0
ORD_020846,Customer Return,Size / Fit Issue,2706.8
ORD_020847,Customer Return,Quality Not as Expected,1264.0
ORD_020849,Customer Return,Found Better Price Elsewhere,525.6
ORD_020852,Customer Return,Quality Not as Expected,1402.5
ORD_020854,Customer Return,Size / Fit Issue,3123.0
ORD_020863,RTO (Undelivered),Customer Refused at Doorstep,3703.0
ORD_020864,Customer Return,Size / Fit Issue,784.0
ORD_020869,RTO (Undelivered),Customer Refused at Doorstep,2272.0
ORD_020883,Customer Return,Defective / Damaged Item,1462.8
ORD_020884,Customer Return,Size / Fit Issue,1465.0
ORD_020885,Customer Return,Quality Not as Expected,1352.0
ORD_020889,RTO (Undelivered),Customer Refused at Doorstep,4517.0
ORD_020896,Customer Return,Found Better Price Elsewhere,3315.2
ORD_020898,Customer Return,Defective / Damaged Item,3267.4
ORD_020899,Customer Return,Size / Fit Issue,1331.2
ORD_020905,Customer Return,Quality Not as Expected,1083.3
ORD_020912,RTO (Undelivered),Customer Refused at Doorstep,2525.2
ORD_020913,RTO (Undelivered),Customer Refused at Doorstep,2442.1
ORD_020916,Customer Return,Size / Fit Issue,4965.6
ORD_020919,Customer Return,Quality Not as Expected,963.2
ORD_020922,Customer Return,Defective / Damaged Item,2651.2
ORD_020924,RTO (Undelivered),Customer Refused at Doorstep,4898.6
ORD_020928,RTO (Undelivered),Customer Refused at Doorstep,505.6
ORD_020930,Customer Return,Size / Fit Issue,1047.8
ORD_020944,Customer Return,Found Better Price Elsewhere,598.6
ORD_020948,RTO (Undelivered),Customer Refused at Doorstep,3410.1
ORD_020961,RTO (Undelivered),Customer Refused at Doorstep,426.6
ORD_020964,Customer Return,Late Delivery,624.1
ORD_020966,RTO (Undelivered),Customer Refused at Doorstep,1641.5
ORD_020967,Customer Return,Size / Fit Issue,713.8
ORD_020968,RTO (Undelivered),Customer Refused at Doorstep,1292.0
ORD_020971,Customer Return,Size / Fit Issue,6830.0
ORD_020975,Customer Return,Size / Fit Issue,4692.5
ORD_020981,RTO (Undelivered),Customer Refused at Doorstep,1058.5
ORD_020983,RTO (Undelivered),Customer Refused at Doorstep,660.0
ORD_020987,Customer Return,Found Better Price Elsewhere,3899.4
ORD_020988,Customer Return,Size / Fit Issue,2790.9
ORD_020992,Customer Return,Size / Fit Issue,1238.8
ORD_020993,RTO (Undelivered),Customer Refused at Doorstep,1033.6
ORD_020999,Customer Return,Size / Fit Issue,5189.5
ORD_021002,RTO (Undelivered),Customer Refused at Doorstep,5681.1
ORD_021004,RTO (Undelivered),Customer Refused at Doorstep,394.8
ORD_021018,RTO (Undelivered),Customer Refused at Doorstep,2048.0
ORD_021019,RTO (Undelivered),Customer Refused at Doorstep,1008.0
ORD_021021,RTO (Undelivered),Customer Refused at Doorstep,2709.8
ORD_021022,Customer Return,Defective / Damaged Item,1843.2
ORD_021031,Customer Return,Quality Not as Expected,800.4
ORD_021033,RTO (Undelivered),Customer Refused at Doorstep,1946.7
ORD_021041,Customer Return,Quality Not as Expected,1631.0
ORD_021048,Customer Return,Found Better Price Elsewhere,1888.6
ORD_021051,RTO (Undelivered),Customer Refused at Doorstep,1828.1
ORD_021054,Customer Return,Defective / Damaged Item,3600.4
ORD_021060,RTO (Undelivered),Customer Refused at Doorstep,591.5
ORD_021064,RTO (Undelivered),Customer Refused at Doorstep,1933.9
ORD_021074,RTO (Undelivered),Customer Refused at Doorstep,297.0
ORD_021075,RTO (Undelivered),Customer Refused at Doorstep,411.6
ORD_021076,RTO (Undelivered),Customer Refused at Doorstep,1943.1
ORD_021077,Customer Return,Late Delivery,957.6
ORD_021080,RTO (Undelivered),Customer Refused at Doorstep,1940.0
ORD_021085,RTO (Undelivered),Customer Refused at Doorstep,9214.8
ORD_021088,Customer Return,Defective / Damaged Item,3171.7
ORD_021089,Customer Return,Size / Fit Issue,1256.8
ORD_021090,RTO (Undelivered),Customer Refused at Doorstep,1910.7
ORD_021096,Customer Return,Defective / Damaged Item,1948.1
ORD_021098,Customer Return,Defective / Damaged Item,1751.2
ORD_021099,Customer Return,Quality Not as Expected,1910.6
ORD_021104,Customer Return,Size / Fit Issue,1599.0
ORD_021115,RTO (Undelivered),Customer Refused at Doorstep,971.7
ORD_021121,RTO (Undelivered),Customer Refused at Doorstep,1219.4
ORD_021124,RTO (Undelivered),Customer Refused at Doorstep,2478.6
ORD_021126,Customer Return,Quality Not as Expected,378.0
ORD_021127,Customer Return,Quality Not as Expected,2650.3
ORD_021128,Customer Return,Late Delivery,629.0
ORD_021132,Customer Return,Size / Fit Issue,1432.4
ORD_021135,RTO (Undelivered),Customer Refused at Doorstep,2638.4
ORD_021138,Customer Return,Size / Fit Issue,2910.0
ORD_021144,RTO (Undelivered),Customer Refused at Doorstep,3560.7
ORD_021148,Customer Return,Late Delivery,1757.4
ORD_021152,Customer Return,Late Delivery,5217.1
ORD_021153,RTO (Undelivered),Customer Refused at Doorstep,440.0
ORD_021166,RTO (Undelivered),Customer Refused at Doorstep,4696.2
ORD_021174,Customer Return,Size / Fit Issue,2519.8
ORD_021178,Customer Return,Size / Fit Issue,3956.6
ORD_021181,RTO (Undelivered),Customer Refused at Doorstep,3899.1
ORD_021185,Customer Return,Defective / Damaged Item,2710.6
ORD_021192,Customer Return,Quality Not as Expected,4567.5
ORD_021196,RTO (Undelivered),Customer Refused at Doorstep,2365.1
ORD_021203,Customer Return,Size / Fit Issue,3462.3
ORD_021214,Customer Return,Quality Not as Expected,4937.0
ORD_021215,RTO (Undelivered),Customer Refused at Doorstep,2285.4
ORD_021217,Customer Return,Size / Fit Issue,2792.8
ORD_021218,RTO (Undelivered),Customer Refused at Doorstep,1864.8
ORD_021219,Customer Return,Quality Not as Expected,1896.4
ORD_021225,RTO (Undelivered),Customer Refused at Doorstep,4752.2
ORD_021235,Customer Return,Size / Fit Issue,5068.6
ORD_021239,RTO (Undelivered),Customer Refused at Doorstep,2366.4
ORD_021242,Customer Return,Size / Fit Issue,1447.2
ORD_021248,Customer Return,Size / Fit Issue,595.2
ORD_021250,Customer Return,Size / Fit Issue,547.5
ORD_021253,Customer Return,Size / Fit Issue,1820.0
ORD_021257,Customer Return,Defective / Damaged Item,3572.9
ORD_021261,RTO (Undelivered),Customer Refused at Doorstep,1317.6
ORD_021262,Customer Return,Quality Not as Expected,2988.8
ORD_021267,Customer Return,Size / Fit Issue,1123.2
ORD_021271,RTO (Undelivered),Customer Refused at Doorstep,2260.4
ORD_021274,RTO (Undelivered),Customer Refused at Doorstep,1797.6
ORD_021280,Customer Return,Defective / Damaged Item,2327.4
ORD_021286,RTO (Undelivered),Customer Refused at Doorstep,1930.5
ORD_021289,RTO (Undelivered),Customer Refused at Doorstep,5564.6
ORD_021290,RTO (Undelivered),Customer Refused at Doorstep,1393.6
ORD_021294,RTO (Undelivered),Customer Refused at Doorstep,1500.6
ORD_021300,Customer Return,Size / Fit Issue,4243.5
ORD_021301,Customer Return,Late Delivery,2421.9
ORD_021303,Customer Return,Quality Not as Expected,1553.5
ORD_021307,Customer Return,Size / Fit Issue,943.5
ORD_021313,Customer Return,Defective / Damaged Item,973.4
ORD_021320,Customer Return,Found Better Price Elsewhere,1305.3
ORD_021321,Customer Return,Size / Fit Issue,5867.0
ORD_021324,Customer Return,Size / Fit Issue,798.0
ORD_021326,RTO (Undelivered),Customer Refused at Doorstep,1640.8
ORD_021329,RTO (Undelivered),Customer Refused at Doorstep,1185.9
ORD_021331,Customer Return,Size / Fit Issue,1159.0
ORD_021332,RTO (Undelivered),Customer Refused at Doorstep,1570.4
ORD_021335,Customer Return,Size / Fit Issue,972.6
ORD_021336,Customer Return,Defective / Damaged Item,1309.0
ORD_021339,Customer Return,Late Delivery,1685.6
ORD_021341,Customer Return,Size / Fit Issue,823.2
ORD_021346,Customer Return,Found Better Price Elsewhere,4462.5
ORD_021349,Customer Return,Size / Fit Issue,1842.3
ORD_021355,RTO (Undelivered),Customer Refused at Doorstep,648.9
ORD_021361,RTO (Undelivered),Customer Refused at Doorstep,1306.4
ORD_021366,Customer Return,Quality Not as Expected,1050.0
ORD_021370,RTO (Undelivered),Customer Refused at Doorstep,547.2
ORD_021374,Customer Return,Size / Fit Issue,2729.6
ORD_021376,Customer Return,Late Delivery,3532.4
ORD_021379,RTO (Undelivered),Customer Refused at Doorstep,537.2
ORD_021384,RTO (Undelivered),Customer Refused at Doorstep,1380.4
ORD_021388,Customer Return,Late Delivery,576.7
ORD_021393,Customer Return,Quality Not as Expected,4269.9
ORD_021403,Customer Return,Size / Fit Issue,2769.9
ORD_021405,Customer Return,Size / Fit Issue,3458.1
ORD_021407,Customer Return,Size / Fit Issue,4207.8
ORD_021410,RTO (Undelivered),Customer Refused at Doorstep,1653.6
ORD_021414,Customer Return,Late Delivery,3321.3
ORD_021416,Customer Return,Size / Fit Issue,1817.4
ORD_021419,RTO (Undelivered),Customer Refused at Doorstep,917.7
ORD_021423,Customer Return,Found Better Price Elsewhere,3670.8
ORD_021431,Customer Return,Size / Fit Issue,1797.6
ORD_021434,Customer Return,Quality Not as Expected,3385.9
ORD_021437,RTO (Undelivered),Customer Refused at Doorstep,809.6
ORD_021439,Customer Return,Quality Not as Expected,2136.1
ORD_021441,Customer Return,Size / Fit Issue,1888.0
ORD_021442,Customer Return,Quality Not as Expected,1921.1
ORD_021453,Customer Return,Quality Not as Expected,714.0
ORD_021459,Customer Return,Size / Fit Issue,2712.0
ORD_021460,Customer Return,Size / Fit Issue,1212.7
ORD_021471,Customer Return,Size / Fit Issue,1221.3
ORD_021476,Customer Return,Found Better Price Elsewhere,3071.0
ORD_021479,RTO (Undelivered),Customer Refused at Doorstep,2916.9
ORD_021485,Customer Return,Size / Fit Issue,1940.4
ORD_021489,Customer Return,Found Better Price Elsewhere,672.0
ORD_021491,Customer Return,Size / Fit Issue,4440.0
ORD_021501,RTO (Undelivered),Customer Refused at Doorstep,3383.0
ORD_021508,Customer Return,Size / Fit Issue,951.3
ORD_021509,RTO (Undelivered),Customer Refused at Doorstep,1537.8
ORD_021513,RTO (Undelivered),Customer Refused at Doorstep,6678.7
ORD_021514,RTO (Undelivered),Customer Refused at Doorstep,452.6
ORD_021520,Customer Return,Late Delivery,2936.1
ORD_021523,Customer Return,Defective / Damaged Item,2476.4
ORD_021524,RTO (Undelivered),Customer Refused at Doorstep,2622.0
ORD_021528,RTO (Undelivered),Customer Refused at Doorstep,5440.5
ORD_021536,Customer Return,Quality Not as Expected,1509.6
ORD_021537,RTO (Undelivered),Customer Refused at Doorstep,1135.2
ORD_021553,Customer Return,Defective / Damaged Item,617.7
ORD_021559,Customer Return,Defective / Damaged Item,2625.0
ORD_021560,Customer Return,Late Delivery,2244.0
ORD_021562,Customer Return,Size / Fit Issue,3148.7
ORD_021574,Customer Return,Defective / Damaged Item,2827.5
ORD_021579,Customer Return,Quality Not as Expected,2296.2
ORD_021591,Customer Return,Defective / Damaged Item,3238.8
ORD_021596,Customer Return,Size / Fit Issue,741.2
ORD_021601,RTO (Undelivered),Customer Refused at Doorstep,808.0
ORD_021609,Customer Return,Defective / Damaged Item,1952.4
ORD_021610,RTO (Undelivered),Customer Refused at Doorstep,2677.5
ORD_021614,Customer Return,Size / Fit Issue,2546.5
ORD_021618,Customer Return,Defective / Damaged Item,2714.5
ORD_021620,Customer Return,Found Better Price Elsewhere,4825.4
ORD_021622,RTO (Undelivered),Customer Refused at Doorstep,1601.3
ORD_021625,RTO (Undelivered),Customer Refused at Doorstep,2366.8
ORD_021626,Customer Return,Quality Not as Expected,776.5
ORD_021627,Customer Return,Size / Fit Issue,6021.7
ORD_021633,Customer Return,Size / Fit Issue,2531.1
ORD_021637,Customer Return,Quality Not as Expected,5313.0
ORD_021641,Customer Return,Quality Not as Expected,896.8
ORD_021643,Customer Return,Size / Fit Issue,2283.3
ORD_021645,Customer Return,Found Better Price Elsewhere,3327.4
ORD_021648,RTO (Undelivered),Customer Refused at Doorstep,2261.0
ORD_021649,RTO (Undelivered),Customer Refused at Doorstep,3287.3
ORD_021651,Customer Return,Size / Fit Issue,1601.6
ORD_021652,RTO (Undelivered),Customer Refused at Doorstep,1314.8
ORD_021656,RTO (Undelivered),Customer Refused at Doorstep,1860.0
ORD_021667,RTO (Undelivered),Customer Refused at Doorstep,2418.0
ORD_021669,Customer Return,Size / Fit Issue,1867.5
ORD_021670,RTO (Undelivered),Customer Refused at Doorstep,843.6
ORD_021671,Customer Return,Size / Fit Issue,1984.0
ORD_021674,Customer Return,Size / Fit Issue,2649.7
ORD_021678,Customer Return,Size / Fit Issue,765.9
ORD_021679,RTO (Undelivered),Customer Refused at Doorstep,3335.7
ORD_021688,Customer Return,Quality Not as Expected,1850.0
ORD_021692,RTO (Undelivered),Customer Refused at Doorstep,1593.3
ORD_021694,RTO (Undelivered),Customer Refused at Doorstep,3552.4
ORD_021696,RTO (Undelivered),Customer Refused at Doorstep,4319.5
ORD_021700,Customer Return,Defective / Damaged Item,2184.0
ORD_021701,Customer Return,Size / Fit Issue,3607.0
ORD_021705,Customer Return,Defective / Damaged Item,3721.8
ORD_021706,RTO (Undelivered),Customer Refused at Doorstep,1958.4
ORD_021716,Customer Return,Quality Not as Expected,1636.8
ORD_021718,Customer Return,Found Better Price Elsewhere,286.2
ORD_021720,RTO (Undelivered),Customer Refused at Doorstep,1409.8
ORD_021721,RTO (Undelivered),Customer Refused at Doorstep,10146.6
ORD_021722,Customer Return,Defective / Damaged Item,2813.4
ORD_021723,Customer Return,Found Better Price Elsewhere,475.2
ORD_021724,RTO (Undelivered),Customer Refused at Doorstep,780.0
ORD_021725,Customer Return,Late Delivery,5999.8
ORD_021726,Customer Return,Size / Fit Issue,2761.6
ORD_021730,Customer Return,Quality Not as Expected,3465.0
ORD_021733,RTO (Undelivered),Customer Refused at Doorstep,1879.8
ORD_021735,Customer Return,Late Delivery,3389.1
ORD_021745,Customer Return,Size / Fit Issue,3306.2
ORD_021749,Customer Return,Defective / Damaged Item,4120.1
ORD_021751,RTO (Undelivered),Customer Refused at Doorstep,761.4
ORD_021752,Customer Return,Size / Fit Issue,899.1
ORD_021753,Customer Return,Size / Fit Issue,2208.0
ORD_021756,RTO (Undelivered),Customer Refused at Doorstep,613.8
ORD_021773,Customer Return,Size / Fit Issue,2035.0
ORD_021778,Customer Return,Size / Fit Issue,678.6
ORD_021781,Customer Return,Size / Fit Issue,3255.0
ORD_021782,RTO (Undelivered),Customer Refused at Doorstep,2061.5
ORD_021784,Customer Return,Quality Not as Expected,2115.6
ORD_021786,RTO (Undelivered),Customer Refused at Doorstep,2208.0
ORD_021792,Customer Return,Size / Fit Issue,951.8
ORD_021798,Customer Return,Size / Fit Issue,3017.6
ORD_021800,RTO (Undelivered),Customer Refused at Doorstep,1102.5
ORD_021803,Customer Return,Size / Fit Issue,2255.5
ORD_021805,RTO (Undelivered),Customer Refused at Doorstep,460.8
ORD_021812,RTO (Undelivered),Customer Refused at Doorstep,453.6
ORD_021815,RTO (Undelivered),Customer Refused at Doorstep,11095.4
ORD_021818,RTO (Undelivered),Customer Refused at Doorstep,1487.8
ORD_021824,Customer Return,Found Better Price Elsewhere,334.8
ORD_021834,RTO (Undelivered),Customer Refused at Doorstep,1493.1
ORD_021835,Customer Return,Size / Fit Issue,1131.5
ORD_021843,Customer Return,Late Delivery,1389.2
ORD_021845,RTO (Undelivered),Customer Refused at Doorstep,2125.2
ORD_021857,Customer Return,Size / Fit Issue,4082.6
ORD_021858,RTO (Undelivered),Customer Refused at Doorstep,621.0
ORD_021863,Customer Return,Quality Not as Expected,1796.3
ORD_021864,RTO (Undelivered),Customer Refused at Doorstep,1864.8
ORD_021865,RTO (Undelivered),Customer Refused at Doorstep,2066.4
ORD_021866,Customer Return,Size / Fit Issue,1107.6
ORD_021869,RTO (Undelivered),Customer Refused at Doorstep,961.2
ORD_021871,Customer Return,Size / Fit Issue,1826.1
ORD_021875,Customer Return,Late Delivery,850.2
ORD_021880,RTO (Undelivered),Customer Refused at Doorstep,712.8
ORD_021885,RTO (Undelivered),Customer Refused at Doorstep,2772.0
ORD_021887,Customer Return,Size / Fit Issue,2871.2
ORD_021890,RTO (Undelivered),Customer Refused at Doorstep,1759.8
ORD_021897,Customer Return,Found Better Price Elsewhere,1065.8
ORD_021900,Customer Return,Size / Fit Issue,4944.9
ORD_021911,Customer Return,Late Delivery,3250.0
ORD_021912,RTO (Undelivered),Customer Refused at Doorstep,455.1
ORD_021918,Customer Return,Size / Fit Issue,3288.3
ORD_021919,Customer Return,Size / Fit Issue,1631.8
ORD_021925,Customer Return,Size / Fit Issue,2003.2
ORD_021939,RTO (Undelivered),Customer Refused at Doorstep,1047.8
ORD_021940,RTO (Undelivered),Customer Refused at Doorstep,1448.0
ORD_021941,Customer Return,Quality Not as Expected,1801.4
ORD_021943,Customer Return,Size / Fit Issue,2232.0
ORD_021945,RTO (Undelivered),Customer Refused at Doorstep,2246.0
ORD_021946,RTO (Undelivered),Customer Refused at Doorstep,4851.1
ORD_021950,RTO (Undelivered),Customer Refused at Doorstep,3148.4
ORD_021962,Customer Return,Defective / Damaged Item,1144.0
ORD_021963,Customer Return,Quality Not as Expected,896.8
ORD_021966,Customer Return,Defective / Damaged Item,1165.5
ORD_021971,Customer Return,Size / Fit Issue,3696.0
ORD_021976,Customer Return,Quality Not as Expected,2398.0
ORD_021978,Customer Return,Defective / Damaged Item,831.8
ORD_022002,RTO (Undelivered),Customer Refused at Doorstep,3709.0
ORD_022004,RTO (Undelivered),Customer Refused at Doorstep,1910.8
ORD_022007,RTO (Undelivered),Customer Refused at Doorstep,981.5
ORD_022008,Customer Return,Size / Fit Issue,3020.2
ORD_022012,Customer Return,Quality Not as Expected,1154.4
ORD_022014,RTO (Undelivered),Customer Refused at Doorstep,7636.1
ORD_022016,RTO (Undelivered),Customer Refused at Doorstep,1273.0
ORD_022017,Customer Return,Quality Not as Expected,1551.0
ORD_022021,RTO (Undelivered),Customer Refused at Doorstep,1796.0
ORD_022022,RTO (Undelivered),Customer Refused at Doorstep,723.8
ORD_022032,RTO (Undelivered),Customer Refused at Doorstep,3331.8
ORD_022034,Customer Return,Found Better Price Elsewhere,2730.8
ORD_022038,RTO (Undelivered),Customer Refused at Doorstep,3459.7
ORD_022043,Customer Return,Quality Not as Expected,1303.1
ORD_022044,RTO (Undelivered),Customer Refused at Doorstep,1530.8
ORD_022045,RTO (Undelivered),Customer Refused at Doorstep,744.8
ORD_022051,RTO (Undelivered),Customer Refused at Doorstep,517.5
ORD_022053,Customer Return,Size / Fit Issue,2346.6
ORD_022054,RTO (Undelivered),Customer Refused at Doorstep,985.0
ORD_022061,RTO (Undelivered),Customer Refused at Doorstep,1643.0
ORD_022062,RTO (Undelivered),Customer Refused at Doorstep,4710.4
ORD_022067,Customer Return,Size / Fit Issue,1888.1
ORD_022075,Customer Return,Defective / Damaged Item,3483.6
ORD_022077,Customer Return,Size / Fit Issue,2320.9
ORD_022079,RTO (Undelivered),Customer Refused at Doorstep,880.2
ORD_022080,Customer Return,Size / Fit Issue,4751.4
ORD_022084,Customer Return,Defective / Damaged Item,1788.0
ORD_022092,RTO (Undelivered),Customer Refused at Doorstep,721.0
ORD_022097,Customer Return,Size / Fit Issue,2583.5
ORD_022113,Customer Return,Size / Fit Issue,2645.4
ORD_022114,RTO (Undelivered),Customer Refused at Doorstep,3009.9
ORD_022119,RTO (Undelivered),Customer Refused at Doorstep,969.6
ORD_022123,RTO (Undelivered),Customer Refused at Doorstep,1740.4
ORD_022126,RTO (Undelivered),Customer Refused at Doorstep,3093.2
ORD_022128,Customer Return,Size / Fit Issue,2793.6
ORD_022133,Customer Return,Late Delivery,1209.0
ORD_022136,RTO (Undelivered),Customer Refused at Doorstep,1026.0
ORD_022139,Customer Return,Size / Fit Issue,750.4
ORD_022140,RTO (Undelivered),Customer Refused at Doorstep,4058.8
ORD_022144,RTO (Undelivered),Customer Refused at Doorstep,2109.6
ORD_022150,Customer Return,Size / Fit Issue,2848.0
ORD_022155,Customer Return,Size / Fit Issue,1807.2
ORD_022156,Customer Return,Quality Not as Expected,1902.0
ORD_022157,Customer Return,Size / Fit Issue,612.0
ORD_022162,RTO (Undelivered),Customer Refused at Doorstep,1405.6
ORD_022163,RTO (Undelivered),Customer Refused at Doorstep,5275.6
ORD_022169,Customer Return,Quality Not as Expected,1709.4
ORD_022170,RTO (Undelivered),Customer Refused at Doorstep,2420.0
ORD_022174,Customer Return,Size / Fit Issue,2261.8
ORD_022180,Customer Return,Size / Fit Issue,1050.7
ORD_022182,Customer Return,Quality Not as Expected,5751.0
ORD_022184,Customer Return,Size / Fit Issue,3403.0
ORD_022193,Customer Return,Size / Fit Issue,3280.6
ORD_022212,RTO (Undelivered),Customer Refused at Doorstep,1255.5
ORD_022214,Customer Return,Defective / Damaged Item,4037.3
ORD_022218,Customer Return,Size / Fit Issue,3189.4
ORD_022222,Customer Return,Size / Fit Issue,1975.8
ORD_022223,Customer Return,Quality Not as Expected,3659.0
ORD_022233,Customer Return,Size / Fit Issue,2574.0
ORD_022238,Customer Return,Quality Not as Expected,1738.8
ORD_022242,Customer Return,Size / Fit Issue,1146.6
ORD_022245,RTO (Undelivered),Customer Refused at Doorstep,2677.5
ORD_022249,Customer Return,Late Delivery,1675.8
ORD_022252,RTO (Undelivered),Customer Refused at Doorstep,397.5
ORD_022254,RTO (Undelivered),Customer Refused at Doorstep,5180.4
ORD_022259,RTO (Undelivered),Customer Refused at Doorstep,2514.4
ORD_022261,Customer Return,Size / Fit Issue,1491.0
ORD_022264,Customer Return,Size / Fit Issue,964.0
ORD_022272,RTO (Undelivered),Customer Refused at Doorstep,1167.9
ORD_022273,RTO (Undelivered),Customer Refused at Doorstep,2789.6
ORD_022281,Customer Return,Size / Fit Issue,2613.4
ORD_022283,Customer Return,Quality Not as Expected,1167.3
ORD_022291,RTO (Undelivered),Customer Refused at Doorstep,2112.0
ORD_022298,Customer Return,Defective / Damaged Item,2205.2
ORD_022301,RTO (Undelivered),Customer Refused at Doorstep,959.3
ORD_022309,RTO (Undelivered),Customer Refused at Doorstep,584.0
ORD_022311,RTO (Undelivered),Customer Refused at Doorstep,1612.0
ORD_022315,Customer Return,Defective / Damaged Item,2272.4
ORD_022327,Customer Return,Size / Fit Issue,2739.2
ORD_022328,Customer Return,Size / Fit Issue,3065.2
ORD_022340,RTO (Undelivered),Customer Refused at Doorstep,1467.1
ORD_022351,RTO (Undelivered),Customer Refused at Doorstep,855.1
ORD_022353,Customer Return,Found Better Price Elsewhere,2012.4
ORD_022360,Customer Return,Quality Not as Expected,3666.7
ORD_022361,Customer Return,Size / Fit Issue,1581.0
ORD_022363,RTO (Undelivered),Customer Refused at Doorstep,2828.0
ORD_022367,Customer Return,Quality Not as Expected,874.8
ORD_022368,RTO (Undelivered),Customer Refused at Doorstep,1631.5
ORD_022373,Customer Return,Size / Fit Issue,3508.6
ORD_022374,Customer Return,Size / Fit Issue,4623.2
ORD_022375,Customer Return,Size / Fit Issue,4284.5
ORD_022394,Customer Return,Defective / Damaged Item,1122.0
ORD_022397,Customer Return,Late Delivery,714.0
ORD_022403,Customer Return,Late Delivery,3843.3
ORD_022423,Customer Return,Size / Fit Issue,2832.8
ORD_022427,Customer Return,Quality Not as Expected,3995.0
ORD_022429,Customer Return,Late Delivery,1292.0
ORD_022432,Customer Return,Quality Not as Expected,5871.3
ORD_022437,Customer Return,Size / Fit Issue,2957.9
ORD_022438,RTO (Undelivered),Customer Refused at Doorstep,4904.4
ORD_022439,RTO (Undelivered),Customer Refused at Doorstep,5516.7
ORD_022444,Customer Return,Late Delivery,2846.8
ORD_022449,Customer Return,Size / Fit Issue,3206.2
ORD_022450,Customer Return,Size / Fit Issue,5942.8
ORD_022452,Customer Return,Size / Fit Issue,2605.1
ORD_022453,Customer Return,Size / Fit Issue,598.0
ORD_022456,Customer Return,Defective / Damaged Item,968.8
ORD_022463,RTO (Undelivered),Customer Refused at Doorstep,2440.8
ORD_022467,RTO (Undelivered),Customer Refused at Doorstep,1171.6
ORD_022478,RTO (Undelivered),Customer Refused at Doorstep,1249.6
ORD_022488,RTO (Undelivered),Customer Refused at Doorstep,3998.3
ORD_022489,Customer Return,Size / Fit Issue,1701.0
ORD_022501,Customer Return,Size / Fit Issue,1369.2
ORD_022510,RTO (Undelivered),Customer Refused at Doorstep,645.0
ORD_022514,RTO (Undelivered),Customer Refused at Doorstep,908.8
ORD_022519,Customer Return,Quality Not as Expected,1048.1
ORD_022520,Customer Return,Size / Fit Issue,1683.5
ORD_022521,Customer Return,Defective / Damaged Item,1711.2
ORD_022522,Customer Return,Quality Not as Expected,1122.9
ORD_022530,RTO (Undelivered),Customer Refused at Doorstep,3149.0
ORD_022531,Customer Return,Quality Not as Expected,3516.0
ORD_022537,RTO (Undelivered),Customer Refused at Doorstep,1621.4
ORD_022539,Customer Return,Size / Fit Issue,3052.8
ORD_022540,Customer Return,Late Delivery,5569.7
ORD_022548,Customer Return,Quality Not as Expected,977.9
ORD_022556,Customer Return,Quality Not as Expected,3107.2
ORD_022560,Customer Return,Quality Not as Expected,1766.4
ORD_022563,Customer Return,Late Delivery,1885.0
ORD_022566,Customer Return,Late Delivery,3748.9
ORD_022568,RTO (Undelivered),Customer Refused at Doorstep,418.0
ORD_022569,Customer Return,Size / Fit Issue,1048.1
ORD_022570,Customer Return,Defective / Damaged Item,2254.2
ORD_022574,Customer Return,Size / Fit Issue,2016.0
ORD_022575,RTO (Undelivered),Customer Refused at Doorstep,2562.8
ORD_022579,RTO (Undelivered),Customer Refused at Doorstep,1354.2
ORD_022590,Customer Return,Size / Fit Issue,635.5
ORD_022596,RTO (Undelivered),Customer Refused at Doorstep,1494.0
ORD_022598,Customer Return,Size / Fit Issue,1264.5
ORD_022601,Customer Return,Quality Not as Expected,3009.9
ORD_022607,RTO (Undelivered),Customer Refused at Doorstep,1358.3
ORD_022609,Customer Return,Size / Fit Issue,4338.6
ORD_022612,Customer Return,Defective / Damaged Item,1435.1
ORD_022613,Customer Return,Size / Fit Issue,3097.0
ORD_022616,RTO (Undelivered),Customer Refused at Doorstep,2448.5
ORD_022629,Customer Return,Quality Not as Expected,277.2
ORD_022632,Customer Return,Defective / Damaged Item,2653.6
ORD_022633,Customer Return,Late Delivery,2040.6
ORD_022634,Customer Return,Late Delivery,3565.6
ORD_022636,Customer Return,Quality Not as Expected,1013.6
ORD_022637,RTO (Undelivered),Customer Refused at Doorstep,1706.8
ORD_022641,RTO (Undelivered),Customer Refused at Doorstep,929.1
ORD_022642,RTO (Undelivered),Customer Refused at Doorstep,2538.1
ORD_022651,Customer Return,Quality Not as Expected,978.6
ORD_022653,RTO (Undelivered),Customer Refused at Doorstep,318.6
ORD_022657,Customer Return,Size / Fit Issue,1262.8
ORD_022660,RTO (Undelivered),Customer Refused at Doorstep,1106.0
ORD_022663,RTO (Undelivered),Customer Refused at Doorstep,3313.6
ORD_022664,Customer Return,Found Better Price Elsewhere,655.2
ORD_022671,Customer Return,Quality Not as Expected,1455.3
ORD_022677,Customer Return,Size / Fit Issue,814.2
ORD_022682,Customer Return,Defective / Damaged Item,3069.9
ORD_022694,Customer Return,Size / Fit Issue,1543.8
ORD_022698,RTO (Undelivered),Customer Refused at Doorstep,1333.0
ORD_022700,Customer Return,Quality Not as Expected,1039.5
ORD_022705,RTO (Undelivered),Customer Refused at Doorstep,4715.4
ORD_022712,Customer Return,Quality Not as Expected,2871.7
ORD_022717,Customer Return,Found Better Price Elsewhere,1835.2
ORD_022719,Customer Return,Quality Not as Expected,800.0
ORD_022721,RTO (Undelivered),Customer Refused at Doorstep,1968.4
ORD_022723,RTO (Undelivered),Customer Refused at Doorstep,2767.6
ORD_022727,Customer Return,Quality Not as Expected,843.6
ORD_022729,RTO (Undelivered),Customer Refused at Doorstep,319.2
ORD_022732,Customer Return,Size / Fit Issue,548.1
ORD_022736,RTO (Undelivered),Customer Refused at Doorstep,2277.2
ORD_022739,RTO (Undelivered),Customer Refused at Doorstep,2874.9
ORD_022745,Customer Return,Found Better Price Elsewhere,1976.4
ORD_022748,Customer Return,Found Better Price Elsewhere,1681.7
ORD_022750,Customer Return,Late Delivery,1196.6
ORD_022756,RTO (Undelivered),Customer Refused at Doorstep,1983.8
ORD_022758,Customer Return,Quality Not as Expected,1611.0
ORD_022759,Customer Return,Size / Fit Issue,1288.8
ORD_022761,RTO (Undelivered),Customer Refused at Doorstep,1740.8
ORD_022763,RTO (Undelivered),Customer Refused at Doorstep,1024.1
ORD_022765,Customer Return,Quality Not as Expected,2523.0
ORD_022769,RTO (Undelivered),Customer Refused at Doorstep,1538.5
ORD_022772,Customer Return,Quality Not as Expected,3901.4
ORD_022781,Customer Return,Quality Not as Expected,3159.8
ORD_022782,Customer Return,Size / Fit Issue,818.4
ORD_022794,Customer Return,Defective / Damaged Item,1430.8
ORD_022802,RTO (Undelivered),Customer Refused at Doorstep,504.6
ORD_022812,Customer Return,Size / Fit Issue,1566.8
ORD_022816,Customer Return,Defective / Damaged Item,2136.4
ORD_022821,RTO (Undelivered),Customer Refused at Doorstep,912.0
ORD_022824,Customer Return,Size / Fit Issue,3699.1
ORD_022825,Customer Return,Size / Fit Issue,1550.4
ORD_022834,RTO (Undelivered),Customer Refused at Doorstep,1862.0
ORD_022838,Customer Return,Size / Fit Issue,585.9
ORD_022847,Customer Return,Defective / Damaged Item,3780.7
ORD_022854,RTO (Undelivered),Customer Refused at Doorstep,518.0
ORD_022862,Customer Return,Quality Not as Expected,1669.8
ORD_022865,Customer Return,Size / Fit Issue,4682.0
ORD_022866,RTO (Undelivered),Customer Refused at Doorstep,1323.0
ORD_022873,Customer Return,Size / Fit Issue,1728.4
ORD_022880,RTO (Undelivered),Customer Refused at Doorstep,2248.9
ORD_022881,Customer Return,Size / Fit Issue,2402.3
ORD_022885,Customer Return,Size / Fit Issue,2637.4
ORD_022888,RTO (Undelivered),Customer Refused at Doorstep,949.2
ORD_022904,RTO (Undelivered),Customer Refused at Doorstep,1212.7
ORD_022905,Customer Return,Defective / Damaged Item,1749.6
ORD_022911,Customer Return,Size / Fit Issue,1328.0
ORD_022917,Customer Return,Size / Fit Issue,1318.8
ORD_022918,Customer Return,Size / Fit Issue,3517.5
ORD_022919,RTO (Undelivered),Customer Refused at Doorstep,2160.3
ORD_022922,RTO (Undelivered),Customer Refused at Doorstep,6916.8
ORD_022927,Customer Return,Size / Fit Issue,4070.4
ORD_022930,Customer Return,Late Delivery,568.8
ORD_022931,RTO (Undelivered),Customer Refused at Doorstep,1833.0
ORD_022939,RTO (Undelivered),Customer Refused at Doorstep,1141.8
ORD_022940,Customer Return,Size / Fit Issue,4320.2
ORD_022947,Customer Return,Defective / Damaged Item,3337.4
ORD_022949,Customer Return,Size / Fit Issue,2143.5
ORD_022956,RTO (Undelivered),Customer Refused at Doorstep,260.4
ORD_022957,Customer Return,Quality Not as Expected,952.0
ORD_022963,Customer Return,Size / Fit Issue,9621.9
ORD_022965,RTO (Undelivered),Customer Refused at Doorstep,5930.4
ORD_022967,RTO (Undelivered),Customer Refused at Doorstep,866.4
ORD_022969,RTO (Undelivered),Customer Refused at Doorstep,1125.6
ORD_022970,Customer Return,Size / Fit Issue,775.2
ORD_022979,Customer Return,Quality Not as Expected,1835.4
ORD_022981,RTO (Undelivered),Customer Refused at Doorstep,5065.7
ORD_022983,Customer Return,Late Delivery,1290.6
ORD_022996,Customer Return,Size / Fit Issue,3189.4
ORD_022997,RTO (Undelivered),Customer Refused at Doorstep,2007.0
ORD_022999,RTO (Undelivered),Customer Refused at Doorstep,386.4
ORD_023001,RTO (Undelivered),Customer Refused at Doorstep,2815.5
ORD_023008,RTO (Undelivered),Customer Refused at Doorstep,1328.8
ORD_023010,Customer Return,Late Delivery,2328.0
ORD_023013,Customer Return,Late Delivery,4064.6
ORD_023019,Customer Return,Size / Fit Issue,2294.7
ORD_023025,RTO (Undelivered),Customer Refused at Doorstep,1779.9
ORD_023035,Customer Return,Size / Fit Issue,5774.1
ORD_023037,Customer Return,Size / Fit Issue,4734.8
ORD_023042,RTO (Undelivered),Customer Refused at Doorstep,1652.5
ORD_023050,Customer Return,Size / Fit Issue,2599.9
ORD_023053,Customer Return,Size / Fit Issue,2864.3
ORD_023061,RTO (Undelivered),Customer Refused at Doorstep,696.0
ORD_023071,RTO (Undelivered),Customer Refused at Doorstep,2781.1
ORD_023074,Customer Return,Late Delivery,3527.5
ORD_023084,RTO (Undelivered),Customer Refused at Doorstep,3938.1
ORD_023086,RTO (Undelivered),Customer Refused at Doorstep,2738.0
ORD_023092,Customer Return,Late Delivery,5000.0
ORD_023093,RTO (Undelivered),Customer Refused at Doorstep,372.6
ORD_023094,Customer Return,Size / Fit Issue,878.8
ORD_023102,Customer Return,Found Better Price Elsewhere,1280.2
ORD_023107,RTO (Undelivered),Customer Refused at Doorstep,920.4
ORD_023118,Customer Return,Size / Fit Issue,4193.3
ORD_023140,Customer Return,Size / Fit Issue,2359.0
ORD_023143,Customer Return,Size / Fit Issue,1661.6
ORD_023145,RTO (Undelivered),Customer Refused at Doorstep,1506.0
ORD_023148,Customer Return,Quality Not as Expected,3005.6
ORD_023150,Customer Return,Size / Fit Issue,2486.2
ORD_023152,RTO (Undelivered),Customer Refused at Doorstep,1607.2
ORD_023153,Customer Return,Size / Fit Issue,910.0
ORD_023154,RTO (Undelivered),Customer Refused at Doorstep,8513.4
ORD_023155,RTO (Undelivered),Customer Refused at Doorstep,790.5
ORD_023158,RTO (Undelivered),Customer Refused at Doorstep,1636.8
ORD_023159,Customer Return,Late Delivery,1132.8
ORD_023167,RTO (Undelivered),Customer Refused at Doorstep,5236.5
ORD_023170,Customer Return,Quality Not as Expected,664.2
ORD_023172,RTO (Undelivered),Customer Refused at Doorstep,402.8
ORD_023173,RTO (Undelivered),Customer Refused at Doorstep,3066.0
ORD_023180,Customer Return,Quality Not as Expected,1939.8
ORD_023181,Customer Return,Size / Fit Issue,1479.0
ORD_023182,RTO (Undelivered),Customer Refused at Doorstep,3420.1
ORD_023186,Customer Return,Quality Not as Expected,3625.0
ORD_023187,Customer Return,Size / Fit Issue,2930.4
ORD_023188,Customer Return,Size / Fit Issue,547.6
ORD_023190,Customer Return,Defective / Damaged Item,4037.8
ORD_023192,Customer Return,Late Delivery,1771.2
ORD_023193,RTO (Undelivered),Customer Refused at Doorstep,647.2
ORD_023197,Customer Return,Size / Fit Issue,3199.4
ORD_023207,Customer Return,Quality Not as Expected,2758.4
ORD_023209,Customer Return,Size / Fit Issue,4723.5
ORD_023212,Customer Return,Quality Not as Expected,1540.0
ORD_023213,Customer Return,Size / Fit Issue,1900.7
ORD_023218,RTO (Undelivered),Customer Refused at Doorstep,1433.7
ORD_023222,Customer Return,Defective / Damaged Item,548.8
ORD_023230,RTO (Undelivered),Customer Refused at Doorstep,1549.8
ORD_023231,Customer Return,Quality Not as Expected,2990.4
ORD_023238,Customer Return,Size / Fit Issue,5020.2
ORD_023240,RTO (Undelivered),Customer Refused at Doorstep,4145.4
ORD_023242,RTO (Undelivered),Customer Refused at Doorstep,464.0
ORD_023246,RTO (Undelivered),Customer Refused at Doorstep,3482.9
ORD_023248,Customer Return,Quality Not as Expected,3974.4
ORD_023253,Customer Return,Size / Fit Issue,2427.7
ORD_023257,Customer Return,Size / Fit Issue,614.2
ORD_023261,RTO (Undelivered),Customer Refused at Doorstep,412.8
ORD_023262,Customer Return,Size / Fit Issue,2389.2
ORD_023264,Customer Return,Found Better Price Elsewhere,465.0
ORD_023267,RTO (Undelivered),Customer Refused at Doorstep,1595.8
ORD_023268,RTO (Undelivered),Customer Refused at Doorstep,1238.2
ORD_023270,RTO (Undelivered),Customer Refused at Doorstep,5476.8
ORD_023277,Customer Return,Quality Not as Expected,608.3
ORD_023278,RTO (Undelivered),Customer Refused at Doorstep,1552.2
ORD_023281,RTO (Undelivered),Customer Refused at Doorstep,1255.6
ORD_023286,Customer Return,Defective / Damaged Item,800.4
ORD_023287,RTO (Undelivered),Customer Refused at Doorstep,2414.5
ORD_023291,Customer Return,Quality Not as Expected,7368.2
ORD_023301,RTO (Undelivered),Customer Refused at Doorstep,696.0
ORD_023313,Customer Return,Size / Fit Issue,1923.8
ORD_023315,Customer Return,Size / Fit Issue,1587.6
ORD_023332,Customer Return,Size / Fit Issue,6518.9
ORD_023333,Customer Return,Found Better Price Elsewhere,3933.6
ORD_023344,Customer Return,Size / Fit Issue,2048.0
ORD_023350,RTO (Undelivered),Customer Refused at Doorstep,1166.1
ORD_023354,RTO (Undelivered),Customer Refused at Doorstep,3304.7
ORD_023358,Customer Return,Quality Not as Expected,2012.6
ORD_023359,Customer Return,Size / Fit Issue,5211.2
ORD_023360,Customer Return,Size / Fit Issue,5227.5
ORD_023365,RTO (Undelivered),Customer Refused at Doorstep,1430.4
ORD_023373,Customer Return,Found Better Price Elsewhere,3977.1
ORD_023379,RTO (Undelivered),Customer Refused at Doorstep,608.4
ORD_023381,Customer Return,Size / Fit Issue,3693.6
ORD_023389,Customer Return,Quality Not as Expected,4100.4
ORD_023394,Customer Return,Size / Fit Issue,4564.5
ORD_023398,RTO (Undelivered),Customer Refused at Doorstep,1147.6
ORD_023399,RTO (Undelivered),Customer Refused at Doorstep,9132.2
ORD_023403,Customer Return,Quality Not as Expected,2871.2
ORD_023422,Customer Return,Late Delivery,3654.1
ORD_023423,Customer Return,Defective / Damaged Item,1625.8
ORD_023424,RTO (Undelivered),Customer Refused at Doorstep,324.0
ORD_023427,Customer Return,Size / Fit Issue,2101.6
ORD_023431,Customer Return,Defective / Damaged Item,2830.2
ORD_023439,Customer Return,Size / Fit Issue,1557.3
ORD_023440,Customer Return,Size / Fit Issue,2244.6
ORD_023441,Customer Return,Late Delivery,1281.4
ORD_023444,RTO (Undelivered),Customer Refused at Doorstep,2773.0
ORD_023446,RTO (Undelivered),Customer Refused at Doorstep,2413.6
ORD_023447,Customer Return,Quality Not as Expected,4077.6
ORD_023452,Customer Return,Defective / Damaged Item,3964.0
ORD_023455,RTO (Undelivered),Customer Refused at Doorstep,2560.8
ORD_023456,Customer Return,Size / Fit Issue,2051.9
ORD_023464,RTO (Undelivered),Customer Refused at Doorstep,1206.2
ORD_023467,Customer Return,Quality Not as Expected,409.2
ORD_023484,Customer Return,Size / Fit Issue,496.8
ORD_023495,Customer Return,Size / Fit Issue,687.3
ORD_023501,RTO (Undelivered),Customer Refused at Doorstep,2547.6
ORD_023517,Customer Return,Size / Fit Issue,5607.0
ORD_023522,Customer Return,Defective / Damaged Item,1779.2
ORD_023531,Customer Return,Size / Fit Issue,2659.8
ORD_023540,Customer Return,Quality Not as Expected,4492.0
ORD_023541,Customer Return,Quality Not as Expected,1835.4
ORD_023543,Customer Return,Defective / Damaged Item,2090.0
ORD_023547,RTO (Undelivered),Customer Refused at Doorstep,1331.0
ORD_023551,Customer Return,Quality Not as Expected,934.2
ORD_023553,RTO (Undelivered),Customer Refused at Doorstep,333.0
ORD_023554,RTO (Undelivered),Customer Refused at Doorstep,3506.7
ORD_023555,RTO (Undelivered),Customer Refused at Doorstep,1022.9
ORD_023557,RTO (Undelivered),Customer Refused at Doorstep,2172.8
ORD_023558,RTO (Undelivered),Customer Refused at Doorstep,2038.0
ORD_023561,RTO (Undelivered),Customer Refused at Doorstep,472.5
ORD_023567,RTO (Undelivered),Customer Refused at Doorstep,2616.0
ORD_023569,Customer Return,Quality Not as Expected,1190.4
ORD_023577,Customer Return,Size / Fit Issue,1310.7
ORD_023584,Customer Return,Size / Fit Issue,1231.2
ORD_023586,RTO (Undelivered),Customer Refused at Doorstep,1904.4
ORD_023590,Customer Return,Quality Not as Expected,1783.3
ORD_023596,RTO (Undelivered),Customer Refused at Doorstep,1666.0
ORD_023601,RTO (Undelivered),Customer Refused at Doorstep,2481.7
ORD_023602,RTO (Undelivered),Customer Refused at Doorstep,4983.5
ORD_023603,RTO (Undelivered),Customer Refused at Doorstep,1649.1
ORD_023609,Customer Return,Size / Fit Issue,1743.0
ORD_023620,Customer Return,Size / Fit Issue,1227.6
ORD_023623,Customer Return,Size / Fit Issue,2112.0
ORD_023626,RTO (Undelivered),Customer Refused at Doorstep,2056.2
ORD_023631,Customer Return,Quality Not as Expected,2399.0
ORD_023636,RTO (Undelivered),Customer Refused at Doorstep,6492.1
ORD_023640,RTO (Undelivered),Customer Refused at Doorstep,969.0
ORD_023646,Customer Return,Defective / Damaged Item,3638.0
ORD_023649,Customer Return,Size / Fit Issue,4358.4
ORD_023651,Customer Return,Quality Not as Expected,2747.2
ORD_023656,Customer Return,Size / Fit Issue,759.5
ORD_023657,Customer Return,Size / Fit Issue,1778.7
ORD_023662,RTO (Undelivered),Customer Refused at Doorstep,473.6
ORD_023663,Customer Return,Quality Not as Expected,3104.0
ORD_023667,Customer Return,Size / Fit Issue,672.0
ORD_023674,Customer Return,Size / Fit Issue,1863.9
ORD_023678,Customer Return,Size / Fit Issue,1789.3
ORD_023683,Customer Return,Size / Fit Issue,2746.2
ORD_023688,Customer Return,Size / Fit Issue,3332.0
ORD_023698,RTO (Undelivered),Customer Refused at Doorstep,2547.4
ORD_023700,Customer Return,Defective / Damaged Item,568.4
ORD_023711,Customer Return,Size / Fit Issue,5964.3
ORD_023717,Customer Return,Quality Not as Expected,2146.0
ORD_023724,RTO (Undelivered),Customer Refused at Doorstep,1923.8
ORD_023727,Customer Return,Late Delivery,1835.4
ORD_023728,Customer Return,Size / Fit Issue,729.6
ORD_023731,Customer Return,Size / Fit Issue,3142.4
ORD_023733,RTO (Undelivered),Customer Refused at Doorstep,664.0
ORD_023735,RTO (Undelivered),Customer Refused at Doorstep,4091.5
ORD_023740,Customer Return,Size / Fit Issue,3073.9
ORD_023742,RTO (Undelivered),Customer Refused at Doorstep,2452.2
ORD_023744,RTO (Undelivered),Customer Refused at Doorstep,3313.6
ORD_023752,Customer Return,Defective / Damaged Item,5390.2
ORD_023755,Customer Return,Size / Fit Issue,1140.0
ORD_023757,RTO (Undelivered),Customer Refused at Doorstep,4843.4
ORD_023764,RTO (Undelivered),Customer Refused at Doorstep,3197.8
ORD_023768,Customer Return,Size / Fit Issue,2959.8
ORD_023769,RTO (Undelivered),Customer Refused at Doorstep,2548.2
ORD_023775,Customer Return,Size / Fit Issue,1022.0
ORD_023784,RTO (Undelivered),Customer Refused at Doorstep,2820.7
ORD_023796,Customer Return,Size / Fit Issue,1216.8
ORD_023797,Customer Return,Size / Fit Issue,3052.9
ORD_023799,Customer Return,Defective / Damaged Item,1132.5
ORD_023803,Customer Return,Quality Not as Expected,3057.3
ORD_023804,RTO (Undelivered),Customer Refused at Doorstep,678.4
ORD_023815,RTO (Undelivered),Customer Refused at Doorstep,2024.6
ORD_023816,RTO (Undelivered),Customer Refused at Doorstep,663.6
ORD_023826,Customer Return,Late Delivery,4558.9
ORD_023827,RTO (Undelivered),Customer Refused at Doorstep,855.0
ORD_023832,RTO (Undelivered),Customer Refused at Doorstep,1209.0
ORD_023834,Customer Return,Size / Fit Issue,1444.0
ORD_023836,RTO (Undelivered),Customer Refused at Doorstep,1521.5
ORD_023842,Customer Return,Size / Fit Issue,4181.0
ORD_023851,RTO (Undelivered),Customer Refused at Doorstep,1476.8
ORD_023854,Customer Return,Size / Fit Issue,3333.5
ORD_023859,RTO (Undelivered),Customer Refused at Doorstep,357.2
ORD_023863,Customer Return,Found Better Price Elsewhere,2728.0
ORD_023865,RTO (Undelivered),Customer Refused at Doorstep,4693.6
ORD_023878,Customer Return,Found Better Price Elsewhere,1834.6
ORD_023885,Customer Return,Quality Not as Expected,512.3
ORD_023891,RTO (Undelivered),Customer Refused at Doorstep,553.0
ORD_023896,RTO (Undelivered),Customer Refused at Doorstep,1675.8
ORD_023897,Customer Return,Size / Fit Issue,3300.0
ORD_023898,RTO (Undelivered),Customer Refused at Doorstep,2066.4
ORD_023910,Customer Return,Size / Fit Issue,1898.0
ORD_023923,Customer Return,Size / Fit Issue,529.2
ORD_023933,Customer Return,Found Better Price Elsewhere,2416.6
ORD_023939,Customer Return,Late Delivery,3516.9
ORD_023941,Customer Return,Size / Fit Issue,2873.9
ORD_023944,Customer Return,Size / Fit Issue,1522.4
ORD_023950,RTO (Undelivered),Customer Refused at Doorstep,1725.3
ORD_023954,Customer Return,Size / Fit Issue,1694.6
ORD_023961,Customer Return,Defective / Damaged Item,5376.3
ORD_023965,Customer Return,Size / Fit Issue,265.0
ORD_023971,RTO (Undelivered),Customer Refused at Doorstep,2638.4
ORD_023975,Customer Return,Defective / Damaged Item,1262.6
ORD_023976,RTO (Undelivered),Customer Refused at Doorstep,1081.6
ORD_023978,Customer Return,Quality Not as Expected,301.5
ORD_023979,Customer Return,Quality Not as Expected,1231.3
ORD_023983,RTO (Undelivered),Customer Refused at Doorstep,3437.0
ORD_023988,Customer Return,Defective / Damaged Item,1197.0
ORD_023994,RTO (Undelivered),Customer Refused at Doorstep,3220.4
ORD_024009,RTO (Undelivered),Customer Refused at Doorstep,3176.5
ORD_024017,RTO (Undelivered),Customer Refused at Doorstep,4170.4
ORD_024019,RTO (Undelivered),Customer Refused at Doorstep,862.4
ORD_024023,Customer Return,Quality Not as Expected,817.8
ORD_024028,RTO (Undelivered),Customer Refused at Doorstep,4309.2
ORD_024029,Customer Return,Found Better Price Elsewhere,1238.4
ORD_024030,Customer Return,Late Delivery,1339.4
ORD_024031,RTO (Undelivered),Customer Refused at Doorstep,1213.9
ORD_024037,RTO (Undelivered),Customer Refused at Doorstep,3874.0
ORD_024038,Customer Return,Size / Fit Issue,778.8
ORD_024041,RTO (Undelivered),Customer Refused at Doorstep,3719.8
ORD_024042,Customer Return,Found Better Price Elsewhere,1414.4
ORD_024043,RTO (Undelivered),Customer Refused at Doorstep,2384.0
ORD_024048,Customer Return,Size / Fit Issue,828.4
ORD_024050,RTO (Undelivered),Customer Refused at Doorstep,4865.2
ORD_024060,Customer Return,Size / Fit Issue,1934.4
ORD_024066,Customer Return,Defective / Damaged Item,1208.7
ORD_024067,Customer Return,Quality Not as Expected,1271.1
ORD_024068,Customer Return,Defective / Damaged Item,4389.0
ORD_024072,Customer Return,Defective / Damaged Item,1065.0
ORD_024080,Customer Return,Quality Not as Expected,5416.4
ORD_024081,Customer Return,Size / Fit Issue,3425.5
ORD_024089,Customer Return,Quality Not as Expected,2409.0
ORD_024091,Customer Return,Size / Fit Issue,1795.3
ORD_024092,RTO (Undelivered),Customer Refused at Doorstep,1451.4
ORD_024096,RTO (Undelivered),Customer Refused at Doorstep,2064.2
ORD_024099,Customer Return,Quality Not as Expected,945.0
ORD_024107,RTO (Undelivered),Customer Refused at Doorstep,1924.0
ORD_024108,RTO (Undelivered),Customer Refused at Doorstep,4694.7
ORD_024117,Customer Return,Size / Fit Issue,774.0
ORD_024118,Customer Return,Quality Not as Expected,2268.0
ORD_024123,Customer Return,Quality Not as Expected,564.0
ORD_024126,Customer Return,Quality Not as Expected,2844.6
ORD_024128,RTO (Undelivered),Customer Refused at Doorstep,2091.6
ORD_024136,RTO (Undelivered),Customer Refused at Doorstep,1047.2
ORD_024138,Customer Return,Defective / Damaged Item,972.0
ORD_024143,Customer Return,Size / Fit Issue,4220.1
ORD_024148,RTO (Undelivered),Customer Refused at Doorstep,4763.0
ORD_024149,RTO (Undelivered),Customer Refused at Doorstep,3981.0
ORD_024150,RTO (Undelivered),Customer Refused at Doorstep,6472.4
ORD_024159,Customer Return,Found Better Price Elsewhere,1326.8
ORD_024160,Customer Return,Quality Not as Expected,1874.8
ORD_024163,Customer Return,Size / Fit Issue,1209.6
ORD_024164,RTO (Undelivered),Customer Refused at Doorstep,1778.8
ORD_024166,Customer Return,Quality Not as Expected,2291.2
ORD_024171,Customer Return,Quality Not as Expected,490.0
ORD_024177,Customer Return,Quality Not as Expected,3049.8
ORD_024179,RTO (Undelivered),Customer Refused at Doorstep,846.0
ORD_024186,RTO (Undelivered),Customer Refused at Doorstep,3839.6
ORD_024189,Customer Return,Found Better Price Elsewhere,2560.8
ORD_024192,RTO (Undelivered),Customer Refused at Doorstep,4029.2
ORD_024193,Customer Return,Size / Fit Issue,1494.1
ORD_024194,Customer Return,Quality Not as Expected,744.0
ORD_024195,RTO (Undelivered),Customer Refused at Doorstep,1671.0
ORD_024197,Customer Return,Found Better Price Elsewhere,1696.2
ORD_024198,Customer Return,Late Delivery,2020.8
ORD_024200,Customer Return,Defective / Damaged Item,3385.4
ORD_024209,RTO (Undelivered),Customer Refused at Doorstep,2497.8
ORD_024211,Customer Return,Quality Not as Expected,2047.4
ORD_024212,Customer Return,Quality Not as Expected,1867.5
ORD_024217,Customer Return,Size / Fit Issue,344.4
ORD_024222,RTO (Undelivered),Customer Refused at Doorstep,1937.2
ORD_024228,Customer Return,Quality Not as Expected,1936.0
ORD_024232,Customer Return,Quality Not as Expected,1518.4
ORD_024235,Customer Return,Size / Fit Issue,1281.7
ORD_024237,RTO (Undelivered),Customer Refused at Doorstep,1008.0
ORD_024242,Customer Return,Size / Fit Issue,4978.4
ORD_024246,Customer Return,Quality Not as Expected,2642.7
ORD_024248,Customer Return,Defective / Damaged Item,2272.4
ORD_024250,RTO (Undelivered),Customer Refused at Doorstep,509.2
ORD_024252,Customer Return,Size / Fit Issue,843.6
ORD_024255,Customer Return,Quality Not as Expected,2241.2
ORD_024256,Customer Return,Late Delivery,3263.1
ORD_024259,RTO (Undelivered),Customer Refused at Doorstep,792.0
ORD_024260,Customer Return,Quality Not as Expected,635.1
ORD_024265,Customer Return,Size / Fit Issue,1657.6
ORD_024275,Customer Return,Size / Fit Issue,3403.4
ORD_024277,Customer Return,Size / Fit Issue,1816.4
ORD_024278,RTO (Undelivered),Customer Refused at Doorstep,4119.6
ORD_024280,Customer Return,Late Delivery,840.0
ORD_024290,Customer Return,Late Delivery,1185.6
ORD_024294,RTO (Undelivered),Customer Refused at Doorstep,1189.9
ORD_024298,Customer Return,Defective / Damaged Item,4263.1
ORD_024300,RTO (Undelivered),Customer Refused at Doorstep,3976.8
ORD_024301,RTO (Undelivered),Customer Refused at Doorstep,5453.8
ORD_024310,Customer Return,Quality Not as Expected,292.5
ORD_024313,RTO (Undelivered),Customer Refused at Doorstep,334.4
ORD_024316,Customer Return,Size / Fit Issue,3559.2
ORD_024317,Customer Return,Defective / Damaged Item,1848.0
ORD_024322,Customer Return,Size / Fit Issue,2121.6
ORD_024324,RTO (Undelivered),Customer Refused at Doorstep,2456.3
ORD_024329,Customer Return,Size / Fit Issue,9513.5
ORD_024332,Customer Return,Late Delivery,826.8
ORD_024335,Customer Return,Size / Fit Issue,672.0
ORD_024338,Customer Return,Size / Fit Issue,2049.2
ORD_024339,RTO (Undelivered),Customer Refused at Doorstep,3184.2
ORD_024343,Customer Return,Late Delivery,7353.9
ORD_024345,RTO (Undelivered),Customer Refused at Doorstep,3696.0
ORD_024346,Customer Return,Size / Fit Issue,1127.0
ORD_024347,Customer Return,Quality Not as Expected,1139.6
ORD_024352,RTO (Undelivered),Customer Refused at Doorstep,3065.2
ORD_024354,Customer Return,Size / Fit Issue,2031.5
ORD_024356,Customer Return,Size / Fit Issue,1077.3
ORD_024361,RTO (Undelivered),Customer Refused at Doorstep,2109.3
ORD_024362,Customer Return,Quality Not as Expected,2044.4
ORD_024365,RTO (Undelivered),Customer Refused at Doorstep,1278.0
ORD_024368,Customer Return,Quality Not as Expected,1866.2
ORD_024372,RTO (Undelivered),Customer Refused at Doorstep,548.1
ORD_024373,RTO (Undelivered),Customer Refused at Doorstep,2659.6
ORD_024374,RTO (Undelivered),Customer Refused at Doorstep,2604.8
ORD_024377,Customer Return,Size / Fit Issue,1672.8
ORD_024382,RTO (Undelivered),Customer Refused at Doorstep,627.2
ORD_024383,Customer Return,Size / Fit Issue,1390.4
ORD_024384,RTO (Undelivered),Customer Refused at Doorstep,1529.6
ORD_024386,Customer Return,Quality Not as Expected,3693.1
ORD_024394,Customer Return,Size / Fit Issue,837.0
ORD_024400,RTO (Undelivered),Customer Refused at Doorstep,865.0
ORD_024401,Customer Return,Size / Fit Issue,1933.7
ORD_024405,Customer Return,Quality Not as Expected,671.5
ORD_024407,RTO (Undelivered),Customer Refused at Doorstep,1808.2
ORD_024411,RTO (Undelivered),Customer Refused at Doorstep,655.2
ORD_024414,RTO (Undelivered),Customer Refused at Doorstep,3044.5
ORD_024415,RTO (Undelivered),Customer Refused at Doorstep,3711.4
ORD_024416,Customer Return,Quality Not as Expected,1760.0
ORD_024419,Customer Return,Late Delivery,1327.5
ORD_024422,RTO (Undelivered),Customer Refused at Doorstep,2070.0
ORD_024423,Customer Return,Size / Fit Issue,5528.4
ORD_024425,Customer Return,Quality Not as Expected,1848.0
ORD_024427,Customer Return,Defective / Damaged Item,2058.0
ORD_024429,Customer Return,Defective / Damaged Item,1418.6
ORD_024433,RTO (Undelivered),Customer Refused at Doorstep,1615.4
ORD_024453,Customer Return,Quality Not as Expected,4973.3
ORD_024454,Customer Return,Quality Not as Expected,516.6
ORD_024457,Customer Return,Size / Fit Issue,2814.0
ORD_024460,RTO (Undelivered),Customer Refused at Doorstep,1930.5
ORD_024461,RTO (Undelivered),Customer Refused at Doorstep,1189.1
ORD_024463,RTO (Undelivered),Customer Refused at Doorstep,2108.4
ORD_024466,Customer Return,Size / Fit Issue,819.0
ORD_024469,Customer Return,Size / Fit Issue,974.4
ORD_024473,Customer Return,Quality Not as Expected,204.6
ORD_024474,RTO (Undelivered),Customer Refused at Doorstep,616.0
ORD_024481,Customer Return,Size / Fit Issue,4230.2
ORD_024488,Customer Return,Size / Fit Issue,1940.4
ORD_024491,Customer Return,Size / Fit Issue,954.6
ORD_024493,Customer Return,Size / Fit Issue,1137.3
ORD_024503,Customer Return,Size / Fit Issue,784.8
ORD_024504,Customer Return,Size / Fit Issue,1557.2
ORD_024505,Customer Return,Size / Fit Issue,1506.6
ORD_024508,Customer Return,Defective / Damaged Item,2362.4
ORD_024510,RTO (Undelivered),Customer Refused at Doorstep,3583.4
ORD_024516,RTO (Undelivered),Customer Refused at Doorstep,448.4
ORD_024518,Customer Return,Size / Fit Issue,2058.1
ORD_024522,RTO (Undelivered),Customer Refused at Doorstep,4330.9
ORD_024525,RTO (Undelivered),Customer Refused at Doorstep,1087.5
ORD_024527,RTO (Undelivered),Customer Refused at Doorstep,1873.6
ORD_024529,Customer Return,Quality Not as Expected,1522.2
ORD_024531,RTO (Undelivered),Customer Refused at Doorstep,6274.0
ORD_024533,Customer Return,Quality Not as Expected,1111.1
ORD_024536,Customer Return,Size / Fit Issue,1746.6
ORD_024543,Customer Return,Quality Not as Expected,1841.1
ORD_024555,RTO (Undelivered),Customer Refused at Doorstep,247.5
ORD_024556,Customer Return,Size / Fit Issue,2807.9
ORD_024563,Customer Return,Found Better Price Elsewhere,1621.2
ORD_024566,Customer Return,Size / Fit Issue,1094.4
ORD_024576,Customer Return,Defective / Damaged Item,1932.9
ORD_024580,RTO (Undelivered),Customer Refused at Doorstep,3506.6
ORD_024584,Customer Return,Size / Fit Issue,1025.8
ORD_024586,RTO (Undelivered),Customer Refused at Doorstep,4982.7
ORD_024589,RTO (Undelivered),Customer Refused at Doorstep,1326.8
ORD_024590,Customer Return,Late Delivery,2811.8
ORD_024599,RTO (Undelivered),Customer Refused at Doorstep,924.3
ORD_024604,Customer Return,Size / Fit Issue,4682.3
ORD_024610,Customer Return,Quality Not as Expected,2560.8
ORD_024612,Customer Return,Size / Fit Issue,2964.6
ORD_024614,RTO (Undelivered),Customer Refused at Doorstep,2678.1
ORD_024615,RTO (Undelivered),Customer Refused at Doorstep,597.6
ORD_024620,Customer Return,Size / Fit Issue,2973.9
ORD_024622,RTO (Undelivered),Customer Refused at Doorstep,2087.9
ORD_024624,RTO (Undelivered),Customer Refused at Doorstep,5804.2
ORD_024627,Customer Return,Size / Fit Issue,3757.3
ORD_024629,Customer Return,Size / Fit Issue,2745.6
ORD_024639,Customer Return,Size / Fit Issue,2816.1
ORD_024642,Customer Return,Defective / Damaged Item,1877.4
ORD_024647,RTO (Undelivered),Customer Refused at Doorstep,1866.9
ORD_024648,Customer Return,Size / Fit Issue,779.0
ORD_024650,Customer Return,Quality Not as Expected,2816.1
ORD_024653,Customer Return,Size / Fit Issue,1134.0
ORD_024658,RTO (Undelivered),Customer Refused at Doorstep,1073.8
ORD_024661,Customer Return,Defective / Damaged Item,3105.0
ORD_024668,RTO (Undelivered),Customer Refused at Doorstep,1406.2
ORD_024673,RTO (Undelivered),Customer Refused at Doorstep,3803.8
ORD_024674,Customer Return,Quality Not as Expected,2077.0
ORD_024682,Customer Return,Quality Not as Expected,4059.8
ORD_024687,Customer Return,Defective / Damaged Item,627.8
ORD_024691,RTO (Undelivered),Customer Refused at Doorstep,488.4
ORD_024695,Customer Return,Quality Not as Expected,3263.1
ORD_024701,RTO (Undelivered),Customer Refused at Doorstep,1130.5
ORD_024708,Customer Return,Quality Not as Expected,938.9
ORD_024710,Customer Return,Quality Not as Expected,1519.0
ORD_024711,Customer Return,Quality Not as Expected,8097.7
ORD_024712,Customer Return,Size / Fit Issue,4795.8
ORD_024717,Customer Return,Defective / Damaged Item,1328.1
ORD_024724,Customer Return,Quality Not as Expected,559.0
ORD_024732,RTO (Undelivered),Customer Refused at Doorstep,440.2
ORD_024735,Customer Return,Size / Fit Issue,1283.5
ORD_024739,Customer Return,Size / Fit Issue,3861.4
ORD_024747,RTO (Undelivered),Customer Refused at Doorstep,1463.0
ORD_024765,Customer Return,Size / Fit Issue,1196.9
ORD_024766,RTO (Undelivered),Customer Refused at Doorstep,1814.4
ORD_024777,RTO (Undelivered),Customer Refused at Doorstep,2208.0
ORD_024794,RTO (Undelivered),Customer Refused at Doorstep,4699.9
ORD_024799,Customer Return,Quality Not as Expected,1302.0
ORD_024801,RTO (Undelivered),Customer Refused at Doorstep,5563.1
ORD_024804,RTO (Undelivered),Customer Refused at Doorstep,1737.2
ORD_024807,Customer Return,Size / Fit Issue,778.8
ORD_024809,Customer Return,Quality Not as Expected,2446.2
ORD_024817,RTO (Undelivered),Customer Refused at Doorstep,1314.4
ORD_024824,Customer Return,Defective / Damaged Item,840.0
ORD_024849,RTO (Undelivered),Customer Refused at Doorstep,2786.0
ORD_024858,RTO (Undelivered),Customer Refused at Doorstep,2310.4
ORD_024860,RTO (Undelivered),Customer Refused at Doorstep,6395.8
ORD_024862,Customer Return,Quality Not as Expected,2148.8
ORD_024865,Customer Return,Late Delivery,3097.4
ORD_024869,Customer Return,Size / Fit Issue,2988.0
ORD_024870,RTO (Undelivered),Customer Refused at Doorstep,5823.5
ORD_024877,RTO (Undelivered),Customer Refused at Doorstep,2157.1
ORD_024880,Customer Return,Found Better Price Elsewhere,4971.7
ORD_024888,Customer Return,Size / Fit Issue,540.0
ORD_024894,Customer Return,Size / Fit Issue,4753.2
ORD_024896,RTO (Undelivered),Customer Refused at Doorstep,3314.7
ORD_024897,Customer Return,Defective / Damaged Item,1500.3
ORD_024900,Customer Return,Defective / Damaged Item,1708.5
ORD_024906,RTO (Undelivered),Customer Refused at Doorstep,2519.8
ORD_024908,Customer Return,Size / Fit Issue,2627.9
ORD_024909,Customer Return,Quality Not as Expected,1020.0
ORD_024917,RTO (Undelivered),Customer Refused at Doorstep,1992.6
ORD_024923,Customer Return,Size / Fit Issue,707.2
ORD_024925,Customer Return,Quality Not as Expected,1207.0
ORD_024927,Customer Return,Size / Fit Issue,2097.6
ORD_024937,RTO (Undelivered),Customer Refused at Doorstep,8249.6
ORD_024938,RTO (Undelivered),Customer Refused at Doorstep,346.5
ORD_024944,Customer Return,Size / Fit Issue,1044.0
ORD_024952,RTO (Undelivered),Customer Refused at Doorstep,627.2
ORD_024961,Customer Return,Defective / Damaged Item,3457.0
ORD_024964,RTO (Undelivered),Customer Refused at Doorstep,2131.5
ORD_024965,RTO (Undelivered),Customer Refused at Doorstep,3929.9
ORD_024968,Customer Return,Size / Fit Issue,3560.7
ORD_024972,Customer Return,Size / Fit Issue,920.4
ORD_024976,Customer Return,Size / Fit Issue,2485.2
ORD_024978,RTO (Undelivered),Customer Refused at Doorstep,1443.7
ORD_024981,RTO (Undelivered),Customer Refused at Doorstep,1687.5
ORD_024982,RTO (Undelivered),Customer Refused at Doorstep,1434.0
ORD_024991,Customer Return,Size / Fit Issue,2285.9
ORD_024992,Customer Return,Defective / Damaged Item,1026.6
ORD_024995,Customer Return,Late Delivery,2899.8
ORD_024998,RTO (Undelivered),Customer Refused at Doorstep,756.0
ORD_025000,Customer Return,Quality Not as Expected,2200.5
ORD_025002,Customer Return,Size / Fit Issue,1418.4
ORD_025003,RTO (Undelivered),Customer Refused at Doorstep,772.8
ORD_025005,Customer Return,Size / Fit Issue,761.4
ORD_025007,RTO (Undelivered),Customer Refused at Doorstep,1443.5
ORD_025014,Customer Return,Size / Fit Issue,1147.0
ORD_025015,RTO (Undelivered),Customer Refused at Doorstep,1838.8
ORD_025016,Customer Return,Quality Not as Expected,1259.5
ORD_025021,Customer Return,Late Delivery,4379.1
ORD_025026,RTO (Undelivered),Customer Refused at Doorstep,1239.0
ORD_025027,Customer Return,Size / Fit Issue,1540.0
ORD_025029,RTO (Undelivered),Customer Refused at Doorstep,2931.8
ORD_025030,Customer Return,Quality Not as Expected,1081.6
ORD_025039,Customer Return,Late Delivery,4503.9
ORD_025041,Customer Return,Quality Not as Expected,2649.2
ORD_025045,Customer Return,Quality Not as Expected,896.8
ORD_025050,Customer Return,Quality Not as Expected,2468.6
ORD_025051,RTO (Undelivered),Customer Refused at Doorstep,2720.8
ORD_025054,RTO (Undelivered),Customer Refused at Doorstep,926.6
ORD_025061,RTO (Undelivered),Customer Refused at Doorstep,3820.0
ORD_025064,RTO (Undelivered),Customer Refused at Doorstep,837.2
ORD_025066,Customer Return,Late Delivery,3489.9
ORD_025067,Customer Return,Quality Not as Expected,2092.8
ORD_025069,Customer Return,Size / Fit Issue,4506.7
ORD_025072,Customer Return,Size / Fit Issue,1461.6
ORD_025075,Customer Return,Defective / Damaged Item,1012.7
ORD_025078,RTO (Undelivered),Customer Refused at Doorstep,1383.8
ORD_025083,RTO (Undelivered),Customer Refused at Doorstep,3478.0
ORD_025093,Customer Return,Found Better Price Elsewhere,2034.4
ORD_025094,Customer Return,Quality Not as Expected,895.0
ORD_025096,Customer Return,Size / Fit Issue,876.9
ORD_025100,Customer Return,Quality Not as Expected,1231.8
ORD_025103,Customer Return,Size / Fit Issue,1629.6
ORD_025107,Customer Return,Late Delivery,4220.1
ORD_025108,Customer Return,Size / Fit Issue,4719.3
ORD_025109,RTO (Undelivered),Customer Refused at Doorstep,1664.0
ORD_025111,Customer Return,Size / Fit Issue,2437.1
ORD_025118,RTO (Undelivered),Customer Refused at Doorstep,3956.6
ORD_025123,Customer Return,Quality Not as Expected,2556.0
ORD_025131,RTO (Undelivered),Customer Refused at Doorstep,1701.0
ORD_025136,Customer Return,Quality Not as Expected,3714.9
ORD_025139,Customer Return,Late Delivery,3167.9
ORD_025140,RTO (Undelivered),Customer Refused at Doorstep,5443.3
ORD_025144,RTO (Undelivered),Customer Refused at Doorstep,555.1
ORD_025148,Customer Return,Size / Fit Issue,837.0
ORD_025151,Customer Return,Size / Fit Issue,3520.8
ORD_025153,Customer Return,Defective / Damaged Item,2175.0
ORD_025155,Customer Return,Defective / Damaged Item,487.2
ORD_025156,RTO (Undelivered),Customer Refused at Doorstep,600.4
ORD_025158,RTO (Undelivered),Customer Refused at Doorstep,2074.8
ORD_025165,Customer Return,Size / Fit Issue,7048.5
ORD_025167,Customer Return,Quality Not as Expected,832.0
ORD_025171,Customer Return,Size / Fit Issue,2863.8
ORD_025180,RTO (Undelivered),Customer Refused at Doorstep,1974.5
ORD_025184,RTO (Undelivered),Customer Refused at Doorstep,3008.4
ORD_025189,Customer Return,Size / Fit Issue,772.8
ORD_025199,Customer Return,Late Delivery,4316.6
ORD_025200,Customer Return,Size / Fit Issue,2659.2
ORD_025201,Customer Return,Size / Fit Issue,2884.4
ORD_025206,Customer Return,Size / Fit Issue,5311.6
ORD_025217,Customer Return,Size / Fit Issue,3790.2
ORD_025221,RTO (Undelivered),Customer Refused at Doorstep,1333.3
ORD_025235,Customer Return,Quality Not as Expected,955.8
ORD_025240,Customer Return,Size / Fit Issue,2912.0
ORD_025243,RTO (Undelivered),Customer Refused at Doorstep,2763.0
ORD_025257,Customer Return,Size / Fit Issue,2752.0
ORD_025258,Customer Return,Size / Fit Issue,1904.5
ORD_025260,RTO (Undelivered),Customer Refused at Doorstep,1600.0
ORD_025264,RTO (Undelivered),Customer Refused at Doorstep,553.5
ORD_025266,RTO (Undelivered),Customer Refused at Doorstep,3853.7
ORD_025285,RTO (Undelivered),Customer Refused at Doorstep,780.2
ORD_025287,Customer Return,Size / Fit Issue,3670.7
ORD_025294,Customer Return,Defective / Damaged Item,562.8
ORD_025297,Customer Return,Size / Fit Issue,722.4
ORD_025306,Customer Return,Quality Not as Expected,2057.4
ORD_025307,RTO (Undelivered),Customer Refused at Doorstep,1152.0
ORD_025309,RTO (Undelivered),Customer Refused at Doorstep,2431.9
ORD_025311,RTO (Undelivered),Customer Refused at Doorstep,3625.1
ORD_025315,Customer Return,Quality Not as Expected,1243.2
ORD_025324,Customer Return,Size / Fit Issue,316.8
ORD_025326,RTO (Undelivered),Customer Refused at Doorstep,3365.8
ORD_025328,Customer Return,Defective / Damaged Item,4042.0
ORD_025331,Customer Return,Quality Not as Expected,3164.7
ORD_025339,RTO (Undelivered),Customer Refused at Doorstep,4515.0
ORD_025353,Customer Return,Size / Fit Issue,638.4
ORD_025360,Customer Return,Size / Fit Issue,3824.6
ORD_025364,RTO (Undelivered),Customer Refused at Doorstep,3338.0
ORD_025369,Customer Return,Quality Not as Expected,2568.0
ORD_025373,Customer Return,Quality Not as Expected,636.7
ORD_025374,Customer Return,Size / Fit Issue,2771.4
ORD_025387,RTO (Undelivered),Customer Refused at Doorstep,1126.4
ORD_025391,RTO (Undelivered),Customer Refused at Doorstep,1313.0
ORD_025401,Customer Return,Defective / Damaged Item,2085.2
ORD_025402,RTO (Undelivered),Customer Refused at Doorstep,4406.6
ORD_025411,Customer Return,Late Delivery,1492.4
ORD_025414,Customer Return,Quality Not as Expected,2198.3
ORD_025416,RTO (Undelivered),Customer Refused at Doorstep,1738.8
ORD_025423,Customer Return,Quality Not as Expected,2599.9
ORD_025432,Customer Return,Quality Not as Expected,938.0
ORD_025433,Customer Return,Quality Not as Expected,4971.4
ORD_025444,Customer Return,Size / Fit Issue,2657.7
ORD_025448,RTO (Undelivered),Customer Refused at Doorstep,5203.8
ORD_025450,RTO (Undelivered),Customer Refused at Doorstep,1562.4
ORD_025453,RTO (Undelivered),Customer Refused at Doorstep,2682.8
ORD_025456,Customer Return,Size / Fit Issue,1755.6
ORD_025457,Customer Return,Quality Not as Expected,2100.0
ORD_025460,Customer Return,Quality Not as Expected,4220.1
ORD_025466,RTO (Undelivered),Customer Refused at Doorstep,5297.1
ORD_025471,Customer Return,Quality Not as Expected,1768.0
ORD_025487,Customer Return,Size / Fit Issue,442.8
ORD_025491,Customer Return,Size / Fit Issue,2463.5
ORD_025493,RTO (Undelivered),Customer Refused at Doorstep,3388.0
ORD_025494,Customer Return,Late Delivery,1115.4
ORD_025495,Customer Return,Quality Not as Expected,734.4
ORD_025496,Customer Return,Size / Fit Issue,2840.5
ORD_025506,Customer Return,Defective / Damaged Item,1309.0
ORD_025511,Customer Return,Size / Fit Issue,1539.0
ORD_025513,Customer Return,Size / Fit Issue,3308.4
ORD_025523,Customer Return,Size / Fit Issue,868.0
ORD_025524,RTO (Undelivered),Customer Refused at Doorstep,1316.0
ORD_025526,RTO (Undelivered),Customer Refused at Doorstep,5006.1
ORD_025528,Customer Return,Defective / Damaged Item,5034.4
ORD_025529,Customer Return,Size / Fit Issue,3894.9
ORD_025531,Customer Return,Size / Fit Issue,1211.0
ORD_025532,Customer Return,Quality Not as Expected,3732.0
ORD_025534,Customer Return,Found Better Price Elsewhere,742.0
ORD_025536,RTO (Undelivered),Customer Refused at Doorstep,5915.8
ORD_025539,Customer Return,Size / Fit Issue,1962.4
ORD_025541,Customer Return,Size / Fit Issue,5576.1
ORD_025544,Customer Return,Defective / Damaged Item,885.0
ORD_025553,RTO (Undelivered),Customer Refused at Doorstep,2121.6
ORD_025556,RTO (Undelivered),Customer Refused at Doorstep,2538.6
ORD_025558,Customer Return,Size / Fit Issue,1292.0
ORD_025560,RTO (Undelivered),Customer Refused at Doorstep,2921.2
ORD_025565,Customer Return,Late Delivery,2534.8
ORD_025566,RTO (Undelivered),Customer Refused at Doorstep,1993.6
ORD_025588,Customer Return,Defective / Damaged Item,2033.1
ORD_025599,RTO (Undelivered),Customer Refused at Doorstep,655.2
ORD_025601,Customer Return,Quality Not as Expected,2261.0
ORD_025602,RTO (Undelivered),Customer Refused at Doorstep,2415.0
ORD_025604,RTO (Undelivered),Customer Refused at Doorstep,1070.6
ORD_025605,Customer Return,Size / Fit Issue,4304.1
ORD_025608,RTO (Undelivered),Customer Refused at Doorstep,3902.4
ORD_025611,Customer Return,Size / Fit Issue,1994.3
ORD_025615,Customer Return,Quality Not as Expected,2708.6
ORD_025620,Customer Return,Defective / Damaged Item,901.6
ORD_025623,RTO (Undelivered),Customer Refused at Doorstep,4536.1
ORD_025629,RTO (Undelivered),Customer Refused at Doorstep,770.0
ORD_025631,Customer Return,Quality Not as Expected,3102.7
ORD_025638,Customer Return,Size / Fit Issue,3793.2
ORD_025645,Customer Return,Size / Fit Issue,5617.6
ORD_025648,RTO (Undelivered),Customer Refused at Doorstep,668.8
ORD_025649,Customer Return,Late Delivery,4063.8
ORD_025655,RTO (Undelivered),Customer Refused at Doorstep,609.0
ORD_025658,Customer Return,Quality Not as Expected,1134.0
ORD_025660,RTO (Undelivered),Customer Refused at Doorstep,2192.8
ORD_025665,Customer Return,Quality Not as Expected,1165.5
ORD_025667,Customer Return,Size / Fit Issue,686.2
ORD_025679,RTO (Undelivered),Customer Refused at Doorstep,1480.0
ORD_025682,RTO (Undelivered),Customer Refused at Doorstep,2336.7
ORD_025687,Customer Return,Quality Not as Expected,3346.2
ORD_025689,RTO (Undelivered),Customer Refused at Doorstep,638.4
ORD_025693,Customer Return,Quality Not as Expected,2964.8
ORD_025694,Customer Return,Size / Fit Issue,554.4
ORD_025695,Customer Return,Size / Fit Issue,3364.0
ORD_025696,Customer Return,Found Better Price Elsewhere,1624.0
ORD_025703,Customer Return,Size / Fit Issue,4165.9
ORD_025706,Customer Return,Size / Fit Issue,994.0
ORD_025707,RTO (Undelivered),Customer Refused at Doorstep,1848.0
ORD_025712,Customer Return,Quality Not as Expected,760.0
ORD_025722,Customer Return,Defective / Damaged Item,1575.0
ORD_025726,RTO (Undelivered),Customer Refused at Doorstep,513.3
ORD_025743,Customer Return,Size / Fit Issue,5544.8
ORD_025744,Customer Return,Size / Fit Issue,1224.0
ORD_025746,Customer Return,Quality Not as Expected,3252.8
ORD_025751,Customer Return,Defective / Damaged Item,2854.3
ORD_025757,Customer Return,Size / Fit Issue,1282.4
ORD_025762,Customer Return,Late Delivery,2763.2
ORD_025773,RTO (Undelivered),Customer Refused at Doorstep,1771.0
ORD_025775,Customer Return,Defective / Damaged Item,2148.0
ORD_025778,Customer Return,Size / Fit Issue,3278.5
ORD_025780,RTO (Undelivered),Customer Refused at Doorstep,4882.7
ORD_025785,Customer Return,Size / Fit Issue,1771.5
ORD_025793,Customer Return,Size / Fit Issue,728.5
ORD_025797,RTO (Undelivered),Customer Refused at Doorstep,942.5
ORD_025805,RTO (Undelivered),Customer Refused at Doorstep,1827.8
ORD_025809,Customer Return,Size / Fit Issue,5112.8
ORD_025823,Customer Return,Size / Fit Issue,5332.4
ORD_025824,Customer Return,Late Delivery,3416.4
ORD_025829,Customer Return,Defective / Damaged Item,1581.0
ORD_025835,Customer Return,Size / Fit Issue,3030.0
ORD_025845,RTO (Undelivered),Customer Refused at Doorstep,2072.0
ORD_025854,RTO (Undelivered),Customer Refused at Doorstep,632.0
ORD_025856,Customer Return,Late Delivery,295.2
ORD_025857,Customer Return,Size / Fit Issue,5241.4
ORD_025861,Customer Return,Size / Fit Issue,884.4
ORD_025866,Customer Return,Size / Fit Issue,3182.8
ORD_025874,Customer Return,Defective / Damaged Item,3437.0
ORD_025878,Customer Return,Size / Fit Issue,3295.6
ORD_025881,RTO (Undelivered),Customer Refused at Doorstep,3509.6
ORD_025886,RTO (Undelivered),Customer Refused at Doorstep,6609.8
ORD_025893,Customer Return,Size / Fit Issue,638.4
ORD_025895,Customer Return,Size / Fit Issue,4748.8
ORD_025897,Customer Return,Quality Not as Expected,679.4
ORD_025900,Customer Return,Size / Fit Issue,1097.6
ORD_025902,Customer Return,Quality Not as Expected,1533.0
ORD_025912,RTO (Undelivered),Customer Refused at Doorstep,5112.5
ORD_025914,Customer Return,Quality Not as Expected,4657.0
ORD_025916,RTO (Undelivered),Customer Refused at Doorstep,652.5
ORD_025922,RTO (Undelivered),Customer Refused at Doorstep,764.4
ORD_025923,RTO (Undelivered),Customer Refused at Doorstep,1918.6
ORD_025928,Customer Return,Size / Fit Issue,1417.5
ORD_025935,Customer Return,Size / Fit Issue,2375.9
ORD_025939,RTO (Undelivered),Customer Refused at Doorstep,5612.4
ORD_025940,Customer Return,Defective / Damaged Item,4757.6
ORD_025941,RTO (Undelivered),Customer Refused at Doorstep,6267.0
ORD_025950,RTO (Undelivered),Customer Refused at Doorstep,2773.7
ORD_025951,Customer Return,Size / Fit Issue,1432.6
ORD_025953,Customer Return,Size / Fit Issue,4074.8
ORD_025963,RTO (Undelivered),Customer Refused at Doorstep,1673.8
ORD_025965,RTO (Undelivered),Customer Refused at Doorstep,2488.8
ORD_025968,Customer Return,Quality Not as Expected,1142.4
ORD_025976,Customer Return,Size / Fit Issue,495.6
ORD_025980,Customer Return,Quality Not as Expected,1792.6
ORD_025981,RTO (Undelivered),Customer Refused at Doorstep,1237.5
ORD_025982,RTO (Undelivered),Customer Refused at Doorstep,1501.0
ORD_025989,RTO (Undelivered),Customer Refused at Doorstep,1452.3
ORD_025992,RTO (Undelivered),Customer Refused at Doorstep,504.6
ORD_025995,Customer Return,Size / Fit Issue,2488.8
ORD_025996,Customer Return,Quality Not as Expected,1235.1
ORD_026001,RTO (Undelivered),Customer Refused at Doorstep,4898.8
ORD_026002,RTO (Undelivered),Customer Refused at Doorstep,1131.0
ORD_026003,Customer Return,Late Delivery,507.6
ORD_026005,Customer Return,Size / Fit Issue,6441.6
ORD_026014,Customer Return,Quality Not as Expected,3688.7
ORD_026015,RTO (Undelivered),Customer Refused at Doorstep,5875.1
ORD_026017,Customer Return,Late Delivery,1495.0
ORD_026022,Customer Return,Size / Fit Issue,840.0
ORD_026025,RTO (Undelivered),Customer Refused at Doorstep,2198.0
ORD_026030,RTO (Undelivered),Customer Refused at Doorstep,1320.6
ORD_026031,Customer Return,Quality Not as Expected,1927.6
ORD_026032,RTO (Undelivered),Customer Refused at Doorstep,1687.0
ORD_026034,Customer Return,Defective / Damaged Item,1004.4
ORD_026036,RTO (Undelivered),Customer Refused at Doorstep,1452.5
ORD_026044,RTO (Undelivered),Customer Refused at Doorstep,4173.5
ORD_026047,Customer Return,Size / Fit Issue,1249.5
ORD_026049,Customer Return,Size / Fit Issue,667.0
ORD_026051,Customer Return,Size / Fit Issue,3415.1
ORD_026052,RTO (Undelivered),Customer Refused at Doorstep,2294.0
ORD_026055,RTO (Undelivered),Customer Refused at Doorstep,751.8
ORD_026066,Customer Return,Quality Not as Expected,1803.4
ORD_026068,Customer Return,Size / Fit Issue,2508.1
ORD_026071,Customer Return,Size / Fit Issue,828.4
ORD_026075,Customer Return,Defective / Damaged Item,1807.8
ORD_026076,Customer Return,Late Delivery,1186.8
ORD_026078,RTO (Undelivered),Customer Refused at Doorstep,1469.1
ORD_026086,RTO (Undelivered),Customer Refused at Doorstep,1662.6
ORD_026087,Customer Return,Size / Fit Issue,151.8
ORD_026088,RTO (Undelivered),Customer Refused at Doorstep,3968.0
ORD_026090,Customer Return,Size / Fit Issue,1836.8
ORD_026091,Customer Return,Defective / Damaged Item,4003.5
ORD_026093,RTO (Undelivered),Customer Refused at Doorstep,2948.0
ORD_026094,RTO (Undelivered),Customer Refused at Doorstep,1815.6
ORD_026102,Customer Return,Size / Fit Issue,1853.3
ORD_026106,Customer Return,Size / Fit Issue,4404.5
ORD_026107,RTO (Undelivered),Customer Refused at Doorstep,2342.4
ORD_026111,Customer Return,Late Delivery,2175.4
ORD_026118,RTO (Undelivered),Customer Refused at Doorstep,4034.4
ORD_026127,RTO (Undelivered),Customer Refused at Doorstep,2379.8
ORD_026128,Customer Return,Size / Fit Issue,3297.3
ORD_026133,Customer Return,Size / Fit Issue,1163.8
ORD_026134,RTO (Undelivered),Customer Refused at Doorstep,1872.2
ORD_026135,Customer Return,Size / Fit Issue,1240.0
ORD_026139,RTO (Undelivered),Customer Refused at Doorstep,1525.2
ORD_026143,RTO (Undelivered),Customer Refused at Doorstep,3087.0
ORD_026147,Customer Return,Size / Fit Issue,2658.6
ORD_026153,Customer Return,Late Delivery,1413.6
ORD_026157,Customer Return,Size / Fit Issue,1754.6
ORD_026165,Customer Return,Quality Not as Expected,2492.8
ORD_026173,RTO (Undelivered),Customer Refused at Doorstep,800.1
ORD_026180,Customer Return,Size / Fit Issue,1835.0
ORD_026183,RTO (Undelivered),Customer Refused at Doorstep,1933.2
ORD_026201,RTO (Undelivered),Customer Refused at Doorstep,1004.4
ORD_026208,RTO (Undelivered),Customer Refused at Doorstep,2232.9
ORD_026210,RTO (Undelivered),Customer Refused at Doorstep,1305.6
ORD_026221,Customer Return,Size / Fit Issue,3150.0
ORD_026226,Customer Return,Defective / Damaged Item,2842.2
ORD_026232,Customer Return,Size / Fit Issue,3921.8
ORD_026235,Customer Return,Defective / Damaged Item,989.1
ORD_026236,RTO (Undelivered),Customer Refused at Doorstep,525.6
ORD_026237,RTO (Undelivered),Customer Refused at Doorstep,699.2
ORD_026240,Customer Return,Quality Not as Expected,8279.7
ORD_026246,RTO (Undelivered),Customer Refused at Doorstep,5278.6
ORD_026252,Customer Return,Defective / Damaged Item,2678.1
ORD_026257,RTO (Undelivered),Customer Refused at Doorstep,771.4
ORD_026259,Customer Return,Size / Fit Issue,805.2
ORD_026264,Customer Return,Size / Fit Issue,3553.0
ORD_026266,Customer Return,Quality Not as Expected,1235.0
ORD_026271,RTO (Undelivered),Customer Refused at Doorstep,1960.0
ORD_026277,RTO (Undelivered),Customer Refused at Doorstep,711.9
ORD_026284,RTO (Undelivered),Customer Refused at Doorstep,819.0
ORD_026291,Customer Return,Size / Fit Issue,4475.8
ORD_026294,Customer Return,Size / Fit Issue,1993.1
ORD_026301,Customer Return,Size / Fit Issue,191.4
ORD_026313,Customer Return,Defective / Damaged Item,2942.8
ORD_026314,Customer Return,Quality Not as Expected,1984.0
ORD_026316,Customer Return,Found Better Price Elsewhere,5411.6
ORD_026322,Customer Return,Size / Fit Issue,593.4
ORD_026324,RTO (Undelivered),Customer Refused at Doorstep,2728.0
ORD_026330,Customer Return,Quality Not as Expected,3474.4
ORD_026335,RTO (Undelivered),Customer Refused at Doorstep,1673.2
ORD_026340,RTO (Undelivered),Customer Refused at Doorstep,1418.0
ORD_026341,Customer Return,Size / Fit Issue,3139.2
ORD_026342,Customer Return,Size / Fit Issue,1581.2
ORD_026348,RTO (Undelivered),Customer Refused at Doorstep,959.4
ORD_026349,Customer Return,Size / Fit Issue,1872.0
ORD_026354,Customer Return,Size / Fit Issue,1111.5
ORD_026357,RTO (Undelivered),Customer Refused at Doorstep,1459.3
ORD_026362,Customer Return,Size / Fit Issue,1473.2
ORD_026368,Customer Return,Size / Fit Issue,1466.1
ORD_026370,RTO (Undelivered),Customer Refused at Doorstep,1470.5
ORD_026376,Customer Return,Found Better Price Elsewhere,1505.7
ORD_026377,Customer Return,Quality Not as Expected,2186.1
ORD_026379,RTO (Undelivered),Customer Refused at Doorstep,507.4
ORD_026380,RTO (Undelivered),Customer Refused at Doorstep,2726.0
ORD_026382,Customer Return,Quality Not as Expected,3623.1
ORD_026385,RTO (Undelivered),Customer Refused at Doorstep,3103.2
ORD_026386,Customer Return,Quality Not as Expected,1656.0
ORD_026388,Customer Return,Quality Not as Expected,1676.4
ORD_026389,RTO (Undelivered),Customer Refused at Doorstep,2444.0
ORD_026390,Customer Return,Quality Not as Expected,3578.7
ORD_026399,RTO (Undelivered),Customer Refused at Doorstep,207.9
ORD_026400,Customer Return,Size / Fit Issue,1036.6
ORD_026401,Customer Return,Size / Fit Issue,511.2
ORD_026402,RTO (Undelivered),Customer Refused at Doorstep,3463.6
ORD_026406,RTO (Undelivered),Customer Refused at Doorstep,2940.0
ORD_026418,Customer Return,Size / Fit Issue,1720.8
ORD_026423,Customer Return,Found Better Price Elsewhere,1352.4
ORD_026430,Customer Return,Size / Fit Issue,1800.2
ORD_026431,RTO (Undelivered),Customer Refused at Doorstep,1232.0
ORD_026433,Customer Return,Quality Not as Expected,2951.5
ORD_026438,RTO (Undelivered),Customer Refused at Doorstep,1292.8
ORD_026441,RTO (Undelivered),Customer Refused at Doorstep,1663.2
ORD_026443,RTO (Undelivered),Customer Refused at Doorstep,637.5
ORD_026445,Customer Return,Late Delivery,2542.7
ORD_026446,Customer Return,Quality Not as Expected,2444.0
ORD_026447,Customer Return,Size / Fit Issue,2002.5
ORD_026451,RTO (Undelivered),Customer Refused at Doorstep,1753.8
ORD_026453,Customer Return,Size / Fit Issue,1557.2
ORD_026454,RTO (Undelivered),Customer Refused at Doorstep,1173.0
ORD_026455,RTO (Undelivered),Customer Refused at Doorstep,1270.9
ORD_026459,Customer Return,Size / Fit Issue,1227.2
ORD_026462,Customer Return,Late Delivery,4766.4
ORD_026464,RTO (Undelivered),Customer Refused at Doorstep,1415.1
ORD_026469,RTO (Undelivered),Customer Refused at Doorstep,285.2
ORD_026473,RTO (Undelivered),Customer Refused at Doorstep,2175.0
ORD_026476,RTO (Undelivered),Customer Refused at Doorstep,2486.4
ORD_026486,Customer Return,Late Delivery,2918.3
ORD_026493,RTO (Undelivered),Customer Refused at Doorstep,959.3
ORD_026494,Customer Return,Size / Fit Issue,3084.3
ORD_026496,Customer Return,Size / Fit Issue,4505.6
ORD_026497,Customer Return,Quality Not as Expected,3911.2
ORD_026500,RTO (Undelivered),Customer Refused at Doorstep,434.7
ORD_026509,Customer Return,Size / Fit Issue,2598.6
ORD_026510,Customer Return,Quality Not as Expected,1323.0
ORD_026519,Customer Return,Quality Not as Expected,3414.4
ORD_026521,RTO (Undelivered),Customer Refused at Doorstep,1630.9
ORD_026522,Customer Return,Size / Fit Issue,5798.2
ORD_026525,RTO (Undelivered),Customer Refused at Doorstep,1798.4
ORD_026526,RTO (Undelivered),Customer Refused at Doorstep,994.0
ORD_026528,RTO (Undelivered),Customer Refused at Doorstep,2259.8
ORD_026538,Customer Return,Size / Fit Issue,1787.1
ORD_026542,RTO (Undelivered),Customer Refused at Doorstep,1024.0
ORD_026546,RTO (Undelivered),Customer Refused at Doorstep,924.6
ORD_026547,RTO (Undelivered),Customer Refused at Doorstep,2987.6
ORD_026548,RTO (Undelivered),Customer Refused at Doorstep,798.7
ORD_026551,Customer Return,Late Delivery,1730.8
ORD_026555,Customer Return,Late Delivery,1509.2
ORD_026568,Customer Return,Size / Fit Issue,1353.4
ORD_026570,Customer Return,Size / Fit Issue,1587.6
ORD_026573,RTO (Undelivered),Customer Refused at Doorstep,1247.4
ORD_026577,RTO (Undelivered),Customer Refused at Doorstep,1817.4
ORD_026582,Customer Return,Quality Not as Expected,410.8
ORD_026586,Customer Return,Defective / Damaged Item,1973.7
ORD_026588,RTO (Undelivered),Customer Refused at Doorstep,1102.0
ORD_026589,Customer Return,Quality Not as Expected,1431.0
ORD_026592,Customer Return,Late Delivery,3150.4
ORD_026599,Customer Return,Size / Fit Issue,5051.4
ORD_026602,RTO (Undelivered),Customer Refused at Doorstep,636.0
ORD_026604,RTO (Undelivered),Customer Refused at Doorstep,1081.6
ORD_026612,Customer Return,Defective / Damaged Item,2056.2
ORD_026613,RTO (Undelivered),Customer Refused at Doorstep,574.2
ORD_026614,Customer Return,Size / Fit Issue,4023.3
ORD_026616,RTO (Undelivered),Customer Refused at Doorstep,598.6
ORD_026626,Customer Return,Size / Fit Issue,6959.6
ORD_026630,RTO (Undelivered),Customer Refused at Doorstep,4461.0
ORD_026645,Customer Return,Quality Not as Expected,3053.7
ORD_026647,RTO (Undelivered),Customer Refused at Doorstep,634.8
ORD_026648,Customer Return,Size / Fit Issue,1159.2
ORD_026650,Customer Return,Size / Fit Issue,4306.4
ORD_026651,Customer Return,Size / Fit Issue,2653.6
ORD_026656,RTO (Undelivered),Customer Refused at Doorstep,403.2
ORD_026659,Customer Return,Size / Fit Issue,3210.8
ORD_026664,RTO (Undelivered),Customer Refused at Doorstep,2188.6
ORD_026676,Customer Return,Found Better Price Elsewhere,3162.3
ORD_026684,RTO (Undelivered),Customer Refused at Doorstep,1646.9
ORD_026685,Customer Return,Quality Not as Expected,787.1
ORD_026687,Customer Return,Found Better Price Elsewhere,1064.0
ORD_026690,RTO (Undelivered),Customer Refused at Doorstep,3728.1
ORD_026700,RTO (Undelivered),Customer Refused at Doorstep,2307.3
ORD_026704,RTO (Undelivered),Customer Refused at Doorstep,2316.6
ORD_026709,Customer Return,Size / Fit Issue,4074.4
ORD_026712,RTO (Undelivered),Customer Refused at Doorstep,1683.5
ORD_026715,Customer Return,Size / Fit Issue,990.0
ORD_026722,RTO (Undelivered),Customer Refused at Doorstep,4192.7
ORD_026723,Customer Return,Size / Fit Issue,4448.4
ORD_026727,Customer Return,Size / Fit Issue,4390.2
ORD_026730,Customer Return,Size / Fit Issue,4166.4
ORD_026739,Customer Return,Size / Fit Issue,795.7
ORD_026741,Customer Return,Size / Fit Issue,5436.9
ORD_026758,Customer Return,Size / Fit Issue,2240.0
ORD_026760,Customer Return,Size / Fit Issue,2965.2
ORD_026765,RTO (Undelivered),Customer Refused at Doorstep,391.3
ORD_026766,RTO (Undelivered),Customer Refused at Doorstep,372.6
ORD_026776,RTO (Undelivered),Customer Refused at Doorstep,2768.4
ORD_026779,Customer Return,Quality Not as Expected,1057.8
ORD_026782,Customer Return,Size / Fit Issue,2235.2
ORD_026786,RTO (Undelivered),Customer Refused at Doorstep,5776.2
ORD_026787,RTO (Undelivered),Customer Refused at Doorstep,912.8
ORD_026794,Customer Return,Size / Fit Issue,3108.8
ORD_026800,Customer Return,Defective / Damaged Item,713.4
ORD_026808,Customer Return,Size / Fit Issue,916.9
ORD_026809,Customer Return,Defective / Damaged Item,2360.4
ORD_026816,RTO (Undelivered),Customer Refused at Doorstep,610.5
ORD_026817,Customer Return,Defective / Damaged Item,1925.8
ORD_026820,RTO (Undelivered),Customer Refused at Doorstep,3295.6
ORD_026827,RTO (Undelivered),Customer Refused at Doorstep,1163.5
ORD_026829,RTO (Undelivered),Customer Refused at Doorstep,1186.8
ORD_026831,Customer Return,Quality Not as Expected,1967.1
ORD_026832,Customer Return,Size / Fit Issue,2836.0
ORD_026833,RTO (Undelivered),Customer Refused at Doorstep,3272.2
ORD_026836,Customer Return,Defective / Damaged Item,6090.0
ORD_026838,Customer Return,Quality Not as Expected,1271.7
ORD_026841,RTO (Undelivered),Customer Refused at Doorstep,1436.4
ORD_026843,RTO (Undelivered),Customer Refused at Doorstep,3315.2
ORD_026846,Customer Return,Late Delivery,3855.4
ORD_026847,Customer Return,Quality Not as Expected,1898.8
ORD_026859,Customer Return,Size / Fit Issue,502.5
ORD_026863,Customer Return,Quality Not as Expected,4395.2
ORD_026864,Customer Return,Late Delivery,1209.0
ORD_026866,RTO (Undelivered),Customer Refused at Doorstep,1338.5
ORD_026875,RTO (Undelivered),Customer Refused at Doorstep,1767.4
ORD_026881,RTO (Undelivered),Customer Refused at Doorstep,1324.4
ORD_026890,RTO (Undelivered),Customer Refused at Doorstep,2268.1
ORD_026895,Customer Return,Defective / Damaged Item,1992.3
ORD_026902,Customer Return,Size / Fit Issue,1348.5
ORD_026903,Customer Return,Size / Fit Issue,1653.6
ORD_026910,RTO (Undelivered),Customer Refused at Doorstep,1814.4
ORD_026917,Customer Return,Size / Fit Issue,2578.5
ORD_026924,Customer Return,Found Better Price Elsewhere,5667.8
ORD_026925,RTO (Undelivered),Customer Refused at Doorstep,1972.7
ORD_026929,Customer Return,Size / Fit Issue,2726.2
ORD_026933,RTO (Undelivered),Customer Refused at Doorstep,4272.2
ORD_026943,RTO (Undelivered),Customer Refused at Doorstep,1036.0
ORD_026953,RTO (Undelivered),Customer Refused at Doorstep,3753.6
ORD_026954,RTO (Undelivered),Customer Refused at Doorstep,1003.2
ORD_026959,Customer Return,Quality Not as Expected,2988.0
ORD_026960,RTO (Undelivered),Customer Refused at Doorstep,3699.8
ORD_026966,RTO (Undelivered),Customer Refused at Doorstep,1134.6
ORD_026967,RTO (Undelivered),Customer Refused at Doorstep,957.6
ORD_026969,Customer Return,Quality Not as Expected,8338.3
ORD_026973,Customer Return,Found Better Price Elsewhere,2828.2
ORD_026974,RTO (Undelivered),Customer Refused at Doorstep,781.2
ORD_026981,RTO (Undelivered),Customer Refused at Doorstep,1815.6
ORD_026988,Customer Return,Size / Fit Issue,1267.0
ORD_026990,Customer Return,Size / Fit Issue,7657.6
ORD_026994,Customer Return,Quality Not as Expected,1659.8
ORD_026997,RTO (Undelivered),Customer Refused at Doorstep,2831.2
ORD_026998,Customer Return,Quality Not as Expected,4739.1
ORD_027002,Customer Return,Defective / Damaged Item,2443.6
ORD_027005,Customer Return,Size / Fit Issue,4947.8
ORD_027006,Customer Return,Size / Fit Issue,2483.3
ORD_027011,Customer Return,Late Delivery,1352.0
ORD_027022,RTO (Undelivered),Customer Refused at Doorstep,3169.0
ORD_027024,RTO (Undelivered),Customer Refused at Doorstep,2033.1
ORD_027037,Customer Return,Quality Not as Expected,1522.3
ORD_027045,Customer Return,Defective / Damaged Item,617.7
ORD_027047,Customer Return,Size / Fit Issue,1895.4
ORD_027050,Customer Return,Size / Fit Issue,549.9
ORD_027052,Customer Return,Size / Fit Issue,3975.1
ORD_027053,RTO (Undelivered),Customer Refused at Doorstep,3255.1
ORD_027056,Customer Return,Quality Not as Expected,1347.2
ORD_027059,RTO (Undelivered),Customer Refused at Doorstep,2643.3
ORD_027061,Customer Return,Size / Fit Issue,3876.6
ORD_027065,Customer Return,Size / Fit Issue,1491.0
ORD_027075,Customer Return,Found Better Price Elsewhere,1132.3
ORD_027077,Customer Return,Quality Not as Expected,2409.2
ORD_027079,Customer Return,Size / Fit Issue,1015.7
ORD_027084,Customer Return,Size / Fit Issue,541.8
ORD_027085,Customer Return,Size / Fit Issue,3768.5
ORD_027086,Customer Return,Size / Fit Issue,4452.3
ORD_027087,RTO (Undelivered),Customer Refused at Doorstep,1916.0
ORD_027089,Customer Return,Size / Fit Issue,1798.0
ORD_027090,RTO (Undelivered),Customer Refused at Doorstep,1492.0
ORD_027093,Customer Return,Size / Fit Issue,3027.3
ORD_027094,Customer Return,Late Delivery,1242.0
ORD_027102,RTO (Undelivered),Customer Refused at Doorstep,852.8
ORD_027103,RTO (Undelivered),Customer Refused at Doorstep,2498.4
ORD_027112,RTO (Undelivered),Customer Refused at Doorstep,545.0
ORD_027113,RTO (Undelivered),Customer Refused at Doorstep,789.0
ORD_027115,Customer Return,Defective / Damaged Item,2631.7
ORD_027116,RTO (Undelivered),Customer Refused at Doorstep,1052.9
ORD_027125,RTO (Undelivered),Customer Refused at Doorstep,1980.5
ORD_027126,RTO (Undelivered),Customer Refused at Doorstep,696.0
ORD_027134,Customer Return,Quality Not as Expected,3814.1
ORD_027135,RTO (Undelivered),Customer Refused at Doorstep,2348.3
ORD_027145,Customer Return,Defective / Damaged Item,1640.0
ORD_027154,Customer Return,Quality Not as Expected,2049.3
ORD_027156,RTO (Undelivered),Customer Refused at Doorstep,1464.0
ORD_027157,Customer Return,Size / Fit Issue,556.8
ORD_027161,RTO (Undelivered),Customer Refused at Doorstep,2191.3
ORD_027169,RTO (Undelivered),Customer Refused at Doorstep,1159.4
ORD_027170,RTO (Undelivered),Customer Refused at Doorstep,1922.0
ORD_027173,Customer Return,Size / Fit Issue,718.2
ORD_027179,RTO (Undelivered),Customer Refused at Doorstep,2141.0
ORD_027182,RTO (Undelivered),Customer Refused at Doorstep,2328.8
ORD_027187,Customer Return,Size / Fit Issue,3582.8
ORD_027190,RTO (Undelivered),Customer Refused at Doorstep,1117.8
ORD_027191,Customer Return,Size / Fit Issue,7949.2
ORD_027195,Customer Return,Defective / Damaged Item,2580.8
ORD_027201,RTO (Undelivered),Customer Refused at Doorstep,1332.0
ORD_027210,Customer Return,Found Better Price Elsewhere,1271.0
ORD_027221,RTO (Undelivered),Customer Refused at Doorstep,5002.5
ORD_027225,Customer Return,Size / Fit Issue,325.6
ORD_027228,Customer Return,Defective / Damaged Item,4603.4
ORD_027235,Customer Return,Size / Fit Issue,3714.5
ORD_027240,Customer Return,Size / Fit Issue,3214.8
ORD_027243,RTO (Undelivered),Customer Refused at Doorstep,1040.4
ORD_027244,RTO (Undelivered),Customer Refused at Doorstep,1032.0
ORD_027249,RTO (Undelivered),Customer Refused at Doorstep,4441.3
ORD_027250,Customer Return,Size / Fit Issue,4715.4
ORD_027251,RTO (Undelivered),Customer Refused at Doorstep,1754.4
ORD_027257,Customer Return,Quality Not as Expected,4390.0
ORD_027260,Customer Return,Found Better Price Elsewhere,1801.2
ORD_027262,Customer Return,Defective / Damaged Item,468.0
ORD_027263,Customer Return,Late Delivery,3328.2
ORD_027264,RTO (Undelivered),Customer Refused at Doorstep,3680.8
ORD_027277,RTO (Undelivered),Customer Refused at Doorstep,774.2
ORD_027279,Customer Return,Size / Fit Issue,1785.6
ORD_027281,Customer Return,Size / Fit Issue,1552.1
ORD_027282,RTO (Undelivered),Customer Refused at Doorstep,768.0
ORD_027287,RTO (Undelivered),Customer Refused at Doorstep,1933.9
ORD_027294,Customer Return,Size / Fit Issue,3812.1
ORD_027304,Customer Return,Found Better Price Elsewhere,3714.9
ORD_027305,Customer Return,Late Delivery,2615.1
ORD_027313,Customer Return,Quality Not as Expected,1488.0
ORD_027320,RTO (Undelivered),Customer Refused at Doorstep,453.6
ORD_027321,Customer Return,Quality Not as Expected,2918.5
ORD_027324,RTO (Undelivered),Customer Refused at Doorstep,4970.0
ORD_027327,RTO (Undelivered),Customer Refused at Doorstep,1398.7
ORD_027329,Customer Return,Found Better Price Elsewhere,537.6
ORD_027334,Customer Return,Defective / Damaged Item,6421.3
ORD_027336,RTO (Undelivered),Customer Refused at Doorstep,2226.8
ORD_027346,Customer Return,Quality Not as Expected,2415.4
ORD_027350,Customer Return,Defective / Damaged Item,4607.0
ORD_027353,RTO (Undelivered),Customer Refused at Doorstep,1209.6
ORD_027354,RTO (Undelivered),Customer Refused at Doorstep,594.5
ORD_027363,Customer Return,Quality Not as Expected,3470.6
ORD_027364,Customer Return,Size / Fit Issue,254.1
ORD_027365,RTO (Undelivered),Customer Refused at Doorstep,313.2
ORD_027366,RTO (Undelivered),Customer Refused at Doorstep,1450.8
ORD_027374,Customer Return,Size / Fit Issue,1104.4
ORD_027376,Customer Return,Late Delivery,4546.1
ORD_027378,RTO (Undelivered),Customer Refused at Doorstep,695.6
ORD_027388,RTO (Undelivered),Customer Refused at Doorstep,1329.6
ORD_027390,RTO (Undelivered),Customer Refused at Doorstep,3004.0
ORD_027393,Customer Return,Size / Fit Issue,2863.8
ORD_027402,RTO (Undelivered),Customer Refused at Doorstep,405.0
ORD_027408,Customer Return,Defective / Damaged Item,5872.8
ORD_027409,Customer Return,Quality Not as Expected,2796.8
ORD_027420,RTO (Undelivered),Customer Refused at Doorstep,1407.9
ORD_027425,Customer Return,Late Delivery,3594.9
ORD_027426,Customer Return,Defective / Damaged Item,1530.0
ORD_027438,Customer Return,Defective / Damaged Item,778.8
ORD_027439,RTO (Undelivered),Customer Refused at Doorstep,820.8
ORD_027446,Customer Return,Quality Not as Expected,4091.1
ORD_027447,Customer Return,Late Delivery,1113.2
ORD_027451,Customer Return,Size / Fit Issue,3528.0
ORD_027455,Customer Return,Size / Fit Issue,436.6
ORD_027456,Customer Return,Defective / Damaged Item,3291.8
ORD_027459,Customer Return,Quality Not as Expected,361.2
ORD_027467,Customer Return,Quality Not as Expected,1980.4
ORD_027471,Customer Return,Size / Fit Issue,2545.2
ORD_027474,Customer Return,Quality Not as Expected,3873.7
ORD_027476,Customer Return,Size / Fit Issue,978.0
ORD_027478,RTO (Undelivered),Customer Refused at Doorstep,2349.6
ORD_027479,Customer Return,Quality Not as Expected,2982.9
ORD_027487,Customer Return,Quality Not as Expected,2513.8
ORD_027489,Customer Return,Size / Fit Issue,1205.0
ORD_027498,RTO (Undelivered),Customer Refused at Doorstep,1606.5
ORD_027510,Customer Return,Found Better Price Elsewhere,5048.8
ORD_027512,RTO (Undelivered),Customer Refused at Doorstep,469.8
ORD_027524,Customer Return,Size / Fit Issue,2140.4
ORD_027525,RTO (Undelivered),Customer Refused at Doorstep,229.5
ORD_027530,Customer Return,Found Better Price Elsewhere,1038.8
ORD_027531,RTO (Undelivered),Customer Refused at Doorstep,1260.8
ORD_027538,Customer Return,Size / Fit Issue,1849.6
ORD_027541,RTO (Undelivered),Customer Refused at Doorstep,2264.8
ORD_027544,RTO (Undelivered),Customer Refused at Doorstep,399.6
ORD_027546,Customer Return,Quality Not as Expected,478.5
ORD_027559,RTO (Undelivered),Customer Refused at Doorstep,2447.2
ORD_027561,Customer Return,Quality Not as Expected,996.3
ORD_027571,Customer Return,Size / Fit Issue,1387.0
ORD_027575,RTO (Undelivered),Customer Refused at Doorstep,632.8
ORD_027582,Customer Return,Size / Fit Issue,921.2
ORD_027586,RTO (Undelivered),Customer Refused at Doorstep,1530.0
ORD_027587,RTO (Undelivered),Customer Refused at Doorstep,2940.0
ORD_027589,Customer Return,Size / Fit Issue,1255.1
ORD_027593,Customer Return,Size / Fit Issue,2245.7
ORD_027594,RTO (Undelivered),Customer Refused at Doorstep,2048.2
ORD_027597,Customer Return,Size / Fit Issue,1743.0
ORD_027600,RTO (Undelivered),Customer Refused at Doorstep,3443.0
ORD_027616,RTO (Undelivered),Customer Refused at Doorstep,2311.1
ORD_027617,RTO (Undelivered),Customer Refused at Doorstep,3197.2
ORD_027623,RTO (Undelivered),Customer Refused at Doorstep,1591.0
ORD_027650,Customer Return,Late Delivery,455.8
ORD_027652,Customer Return,Defective / Damaged Item,1072.6
ORD_027656,Customer Return,Size / Fit Issue,2354.4
ORD_027660,Customer Return,Found Better Price Elsewhere,3907.5
ORD_027663,Customer Return,Size / Fit Issue,2654.7
ORD_027667,Customer Return,Quality Not as Expected,2402.4
ORD_027671,RTO (Undelivered),Customer Refused at Doorstep,1064.0
ORD_027675,RTO (Undelivered),Customer Refused at Doorstep,6550.7
ORD_027679,Customer Return,Size / Fit Issue,2506.0
ORD_027683,Customer Return,Quality Not as Expected,1950.5
ORD_027695,RTO (Undelivered),Customer Refused at Doorstep,4173.5
ORD_027696,Customer Return,Size / Fit Issue,3693.0
ORD_027701,RTO (Undelivered),Customer Refused at Doorstep,2428.2
ORD_027703,Customer Return,Quality Not as Expected,1941.8
ORD_027705,RTO (Undelivered),Customer Refused at Doorstep,1084.5
ORD_027711,Customer Return,Quality Not as Expected,2820.0
ORD_027712,RTO (Undelivered),Customer Refused at Doorstep,5586.3
ORD_027713,Customer Return,Size / Fit Issue,1761.7
ORD_027715,Customer Return,Defective / Damaged Item,4552.8
ORD_027721,RTO (Undelivered),Customer Refused at Doorstep,1836.1
ORD_027723,RTO (Undelivered),Customer Refused at Doorstep,1988.6
ORD_027726,RTO (Undelivered),Customer Refused at Doorstep,1328.8
ORD_027742,RTO (Undelivered),Customer Refused at Doorstep,3715.4
ORD_027754,RTO (Undelivered),Customer Refused at Doorstep,4530.9
ORD_027755,RTO (Undelivered),Customer Refused at Doorstep,1260.0
ORD_027767,RTO (Undelivered),Customer Refused at Doorstep,780.0
ORD_027768,Customer Return,Late Delivery,1491.4
ORD_027771,RTO (Undelivered),Customer Refused at Doorstep,813.7
ORD_027784,RTO (Undelivered),Customer Refused at Doorstep,655.5
ORD_027789,Customer Return,Defective / Damaged Item,3648.4
ORD_027790,RTO (Undelivered),Customer Refused at Doorstep,3408.6
ORD_027809,RTO (Undelivered),Customer Refused at Doorstep,1203.5
ORD_027811,Customer Return,Late Delivery,5117.2
ORD_027814,Customer Return,Quality Not as Expected,2774.2
ORD_027815,RTO (Undelivered),Customer Refused at Doorstep,1988.8
ORD_027817,Customer Return,Size / Fit Issue,1810.4
ORD_027821,RTO (Undelivered),Customer Refused at Doorstep,1916.2
ORD_027822,Customer Return,Size / Fit Issue,4193.6
ORD_027827,Customer Return,Late Delivery,1948.4
ORD_027829,Customer Return,Size / Fit Issue,3101.7
ORD_027833,RTO (Undelivered),Customer Refused at Doorstep,2048.5
ORD_027838,Customer Return,Late Delivery,3398.6
ORD_027847,Customer Return,Size / Fit Issue,2287.6
ORD_027854,Customer Return,Late Delivery,3110.3
ORD_027856,RTO (Undelivered),Customer Refused at Doorstep,2408.0
ORD_027863,Customer Return,Defective / Damaged Item,1711.2
ORD_027870,RTO (Undelivered),Customer Refused at Doorstep,3335.8
ORD_027881,Customer Return,Quality Not as Expected,1619.2
ORD_027893,Customer Return,Size / Fit Issue,2746.8
ORD_027899,RTO (Undelivered),Customer Refused at Doorstep,1268.8
ORD_027902,RTO (Undelivered),Customer Refused at Doorstep,1890.0
ORD_027914,RTO (Undelivered),Customer Refused at Doorstep,1566.0
ORD_027916,RTO (Undelivered),Customer Refused at Doorstep,1933.9
ORD_027929,Customer Return,Size / Fit Issue,3542.8
ORD_027930,RTO (Undelivered),Customer Refused at Doorstep,1561.5
ORD_027931,Customer Return,Size / Fit Issue,1631.5
ORD_027932,Customer Return,Size / Fit Issue,2169.4
ORD_027934,Customer Return,Quality Not as Expected,1672.5
ORD_027939,Customer Return,Quality Not as Expected,1984.4
ORD_027943,Customer Return,Size / Fit Issue,488.4
ORD_027955,Customer Return,Quality Not as Expected,2648.8
ORD_027959,Customer Return,Found Better Price Elsewhere,1250.8
ORD_027963,RTO (Undelivered),Customer Refused at Doorstep,2567.0
ORD_027967,RTO (Undelivered),Customer Refused at Doorstep,1898.6
ORD_027968,RTO (Undelivered),Customer Refused at Doorstep,2882.1
ORD_027970,RTO (Undelivered),Customer Refused at Doorstep,3038.6
ORD_027975,Customer Return,Quality Not as Expected,825.6
ORD_027983,Customer Return,Quality Not as Expected,2587.4
ORD_027985,RTO (Undelivered),Customer Refused at Doorstep,1140.3
ORD_027996,Customer Return,Size / Fit Issue,4085.1
ORD_028001,RTO (Undelivered),Customer Refused at Doorstep,1505.7
ORD_028002,Customer Return,Size / Fit Issue,3010.6
ORD_028004,Customer Return,Size / Fit Issue,1664.0
ORD_028008,Customer Return,Found Better Price Elsewhere,998.5
ORD_028012,RTO (Undelivered),Customer Refused at Doorstep,3182.8
ORD_028013,RTO (Undelivered),Customer Refused at Doorstep,2204.1
ORD_028016,Customer Return,Size / Fit Issue,426.6
ORD_028021,RTO (Undelivered),Customer Refused at Doorstep,1303.2
ORD_028025,Customer Return,Size / Fit Issue,2332.3
ORD_028030,Customer Return,Quality Not as Expected,2955.1
ORD_028041,Customer Return,Size / Fit Issue,3145.7
ORD_028044,RTO (Undelivered),Customer Refused at Doorstep,699.2
ORD_028048,RTO (Undelivered),Customer Refused at Doorstep,4133.4
ORD_028052,Customer Return,Size / Fit Issue,3760.0
ORD_028053,Customer Return,Size / Fit Issue,1162.8
ORD_028059,Customer Return,Size / Fit Issue,798.7
ORD_028060,Customer Return,Size / Fit Issue,1199.9
ORD_028074,Customer Return,Size / Fit Issue,5658.5
ORD_028078,RTO (Undelivered),Customer Refused at Doorstep,3221.4
ORD_028079,RTO (Undelivered),Customer Refused at Doorstep,3564.9
ORD_028094,RTO (Undelivered),Customer Refused at Doorstep,1596.0
ORD_028099,Customer Return,Late Delivery,2790.3
ORD_028104,RTO (Undelivered),Customer Refused at Doorstep,1101.6
ORD_028106,Customer Return,Late Delivery,984.2
ORD_028116,Customer Return,Found Better Price Elsewhere,2816.1
ORD_028117,RTO (Undelivered),Customer Refused at Doorstep,1817.7
ORD_028124,Customer Return,Quality Not as Expected,311.6
ORD_028134,Customer Return,Size / Fit Issue,3608.9
ORD_028139,Customer Return,Quality Not as Expected,4772.3
ORD_028148,Customer Return,Size / Fit Issue,1886.1
ORD_028154,Customer Return,Size / Fit Issue,3071.5
ORD_028158,Customer Return,Size / Fit Issue,535.8
ORD_028165,RTO (Undelivered),Customer Refused at Doorstep,4479.6
ORD_028167,Customer Return,Size / Fit Issue,2234.4
ORD_028176,RTO (Undelivered),Customer Refused at Doorstep,666.7
ORD_028177,Customer Return,Quality Not as Expected,3474.4
ORD_028182,RTO (Undelivered),Customer Refused at Doorstep,2063.1
ORD_028188,Customer Return,Defective / Damaged Item,928.0
ORD_028189,RTO (Undelivered),Customer Refused at Doorstep,426.6
ORD_028191,Customer Return,Defective / Damaged Item,383.4
ORD_028193,Customer Return,Size / Fit Issue,4498.6
ORD_028194,RTO (Undelivered),Customer Refused at Doorstep,7540.6
ORD_028196,Customer Return,Size / Fit Issue,3673.3
ORD_028206,Customer Return,Size / Fit Issue,2024.0
ORD_028213,RTO (Undelivered),Customer Refused at Doorstep,1670.1
ORD_028216,Customer Return,Size / Fit Issue,2486.4
ORD_028223,RTO (Undelivered),Customer Refused at Doorstep,1824.3
ORD_028228,RTO (Undelivered),Customer Refused at Doorstep,1411.2
ORD_028229,RTO (Undelivered),Customer Refused at Doorstep,840.0
ORD_028234,Customer Return,Size / Fit Issue,4164.3
ORD_028235,Customer Return,Quality Not as Expected,3400.1
ORD_028239,RTO (Undelivered),Customer Refused at Doorstep,2716.0
ORD_028240,RTO (Undelivered),Customer Refused at Doorstep,2992.5
ORD_028242,RTO (Undelivered),Customer Refused at Doorstep,952.5
ORD_028249,Customer Return,Defective / Damaged Item,2099.2
ORD_028250,RTO (Undelivered),Customer Refused at Doorstep,627.2
ORD_028257,Customer Return,Quality Not as Expected,339.2
ORD_028265,RTO (Undelivered),Customer Refused at Doorstep,518.4
ORD_028270,Customer Return,Defective / Damaged Item,1305.6
ORD_028272,RTO (Undelivered),Customer Refused at Doorstep,4410.0
ORD_028273,Customer Return,Quality Not as Expected,3464.3
ORD_028276,RTO (Undelivered),Customer Refused at Doorstep,2332.2
ORD_028282,Customer Return,Size / Fit Issue,3344.7
ORD_028283,Customer Return,Found Better Price Elsewhere,1285.2
ORD_028285,Customer Return,Size / Fit Issue,1544.0
ORD_028286,RTO (Undelivered),Customer Refused at Doorstep,1072.0
ORD_028288,RTO (Undelivered),Customer Refused at Doorstep,2196.4
ORD_028291,RTO (Undelivered),Customer Refused at Doorstep,1815.6
ORD_028294,RTO (Undelivered),Customer Refused at Doorstep,2713.8
ORD_028301,Customer Return,Size / Fit Issue,1159.2
ORD_028306,Customer Return,Quality Not as Expected,760.5
ORD_028309,Customer Return,Defective / Damaged Item,1370.4
ORD_028310,RTO (Undelivered),Customer Refused at Doorstep,488.8
ORD_028316,Customer Return,Defective / Damaged Item,1584.4
ORD_028323,RTO (Undelivered),Customer Refused at Doorstep,1698.6
ORD_028326,Customer Return,Quality Not as Expected,307.5
ORD_028328,Customer Return,Late Delivery,2087.0
ORD_028334,Customer Return,Found Better Price Elsewhere,3732.2
ORD_028341,Customer Return,Size / Fit Issue,1824.0
ORD_028342,RTO (Undelivered),Customer Refused at Doorstep,2816.0
ORD_028344,RTO (Undelivered),Customer Refused at Doorstep,1827.0
ORD_028348,RTO (Undelivered),Customer Refused at Doorstep,1805.6
ORD_028364,Customer Return,Late Delivery,2184.6
ORD_028366,Customer Return,Size / Fit Issue,3706.0
ORD_028367,RTO (Undelivered),Customer Refused at Doorstep,3232.0
ORD_028374,RTO (Undelivered),Customer Refused at Doorstep,184.5
ORD_028379,Customer Return,Quality Not as Expected,3160.3
ORD_028380,Customer Return,Quality Not as Expected,3133.5
ORD_028389,Customer Return,Defective / Damaged Item,4782.6
ORD_028395,Customer Return,Quality Not as Expected,695.6
ORD_028399,Customer Return,Size / Fit Issue,1872.2
ORD_028403,Customer Return,Late Delivery,2845.6
ORD_028404,Customer Return,Size / Fit Issue,688.2
ORD_028407,Customer Return,Size / Fit Issue,3069.9
ORD_028409,RTO (Undelivered),Customer Refused at Doorstep,1125.6
ORD_028412,Customer Return,Defective / Damaged Item,1457.8
ORD_028414,Customer Return,Size / Fit Issue,1234.8
ORD_028420,Customer Return,Quality Not as Expected,1479.8
ORD_028421,RTO (Undelivered),Customer Refused at Doorstep,3315.2
ORD_028423,Customer Return,Size / Fit Issue,638.4
ORD_028434,Customer Return,Found Better Price Elsewhere,923.4
ORD_028438,Customer Return,Size / Fit Issue,742.6
ORD_028442,Customer Return,Defective / Damaged Item,1620.0
ORD_028443,Customer Return,Size / Fit Issue,1162.8
ORD_028448,Customer Return,Size / Fit Issue,2092.8
ORD_028453,RTO (Undelivered),Customer Refused at Doorstep,1449.0
ORD_028454,Customer Return,Size / Fit Issue,1020.8
ORD_028455,Customer Return,Size / Fit Issue,2695.0
ORD_028460,Customer Return,Quality Not as Expected,1161.8
ORD_028463,RTO (Undelivered),Customer Refused at Doorstep,1780.2
ORD_028465,RTO (Undelivered),Customer Refused at Doorstep,1664.0
ORD_028470,Customer Return,Quality Not as Expected,1581.3
ORD_028471,Customer Return,Size / Fit Issue,2772.0
ORD_028473,Customer Return,Quality Not as Expected,1662.9
ORD_028474,Customer Return,Quality Not as Expected,1880.4
ORD_028485,RTO (Undelivered),Customer Refused at Doorstep,791.2
ORD_028487,RTO (Undelivered),Customer Refused at Doorstep,624.1
ORD_028514,Customer Return,Size / Fit Issue,2992.5
ORD_028516,Customer Return,Size / Fit Issue,5378.9
ORD_028517,Customer Return,Size / Fit Issue,3861.2
ORD_028519,Customer Return,Size / Fit Issue,5984.9
ORD_028520,RTO (Undelivered),Customer Refused at Doorstep,1184.0
ORD_028528,RTO (Undelivered),Customer Refused at Doorstep,1598.4
ORD_028530,RTO (Undelivered),Customer Refused at Doorstep,3922.8
ORD_028532,Customer Return,Quality Not as Expected,347.6
ORD_028533,Customer Return,Size / Fit Issue,2575.4
ORD_028538,Customer Return,Size / Fit Issue,2963.2
ORD_028541,RTO (Undelivered),Customer Refused at Doorstep,2233.0
ORD_028547,Customer Return,Defective / Damaged Item,1586.4
ORD_028553,RTO (Undelivered),Customer Refused at Doorstep,768.0
ORD_028555,RTO (Undelivered),Customer Refused at Doorstep,1960.0
ORD_028557,Customer Return,Size / Fit Issue,3107.8
ORD_028559,Customer Return,Size / Fit Issue,888.0
ORD_028561,Customer Return,Size / Fit Issue,842.8
ORD_028563,RTO (Undelivered),Customer Refused at Doorstep,4003.2
ORD_028571,Customer Return,Found Better Price Elsewhere,3254.6
ORD_028575,Customer Return,Late Delivery,2905.5
ORD_028576,RTO (Undelivered),Customer Refused at Doorstep,1248.9
ORD_028583,RTO (Undelivered),Customer Refused at Doorstep,6847.0
ORD_028584,Customer Return,Size / Fit Issue,1251.6
ORD_028593,RTO (Undelivered),Customer Refused at Doorstep,1625.4
ORD_028598,Customer Return,Late Delivery,1266.7
ORD_028603,Customer Return,Late Delivery,4015.2
ORD_028608,RTO (Undelivered),Customer Refused at Doorstep,5814.2
ORD_028609,Customer Return,Size / Fit Issue,1612.1
ORD_028627,RTO (Undelivered),Customer Refused at Doorstep,3527.4
ORD_028628,Customer Return,Quality Not as Expected,831.3
ORD_028635,RTO (Undelivered),Customer Refused at Doorstep,2635.2
ORD_028639,RTO (Undelivered),Customer Refused at Doorstep,680.8
ORD_028644,Customer Return,Quality Not as Expected,3097.5
ORD_028651,Customer Return,Defective / Damaged Item,4299.4
ORD_028652,RTO (Undelivered),Customer Refused at Doorstep,1601.6
ORD_028660,RTO (Undelivered),Customer Refused at Doorstep,4988.4
ORD_028668,RTO (Undelivered),Customer Refused at Doorstep,1864.8
ORD_028673,RTO (Undelivered),Customer Refused at Doorstep,966.0
ORD_028678,Customer Return,Quality Not as Expected,3336.8
ORD_028686,RTO (Undelivered),Customer Refused at Doorstep,2679.6
ORD_028687,RTO (Undelivered),Customer Refused at Doorstep,529.2
ORD_028690,Customer Return,Size / Fit Issue,2487.4
ORD_028693,RTO (Undelivered),Customer Refused at Doorstep,1966.8
ORD_028695,RTO (Undelivered),Customer Refused at Doorstep,2241.0
ORD_028705,Customer Return,Quality Not as Expected,158.4
ORD_028706,Customer Return,Size / Fit Issue,4669.6
ORD_028707,RTO (Undelivered),Customer Refused at Doorstep,976.5
ORD_028718,RTO (Undelivered),Customer Refused at Doorstep,4460.3
ORD_028724,RTO (Undelivered),Customer Refused at Doorstep,6594.6
ORD_028732,Customer Return,Late Delivery,2508.9
ORD_028733,Customer Return,Size / Fit Issue,3567.6
ORD_028734,RTO (Undelivered),Customer Refused at Doorstep,2235.0
ORD_028735,RTO (Undelivered),Customer Refused at Doorstep,714.0
ORD_028738,Customer Return,Size / Fit Issue,3382.0
ORD_028741,RTO (Undelivered),Customer Refused at Doorstep,1734.0
ORD_028744,Customer Return,Size / Fit Issue,2644.2
ORD_028745,RTO (Undelivered),Customer Refused at Doorstep,4800.0
ORD_028746,RTO (Undelivered),Customer Refused at Doorstep,1284.0
ORD_028749,RTO (Undelivered),Customer Refused at Doorstep,1382.0
ORD_028751,RTO (Undelivered),Customer Refused at Doorstep,2718.4
ORD_028753,Customer Return,Size / Fit Issue,2860.8
ORD_028758,Customer Return,Size / Fit Issue,852.8
ORD_028764,Customer Return,Found Better Price Elsewhere,530.7
ORD_028769,Customer Return,Quality Not as Expected,4679.6
ORD_028773,RTO (Undelivered),Customer Refused at Doorstep,1414.0
ORD_028774,Customer Return,Size / Fit Issue,4836.1
ORD_028775,Customer Return,Late Delivery,2956.2
ORD_028776,RTO (Undelivered),Customer Refused at Doorstep,832.5
ORD_028779,RTO (Undelivered),Customer Refused at Doorstep,3098.1
ORD_028787,RTO (Undelivered),Customer Refused at Doorstep,2525.4
ORD_028790,RTO (Undelivered),Customer Refused at Doorstep,2279.2
ORD_028791,Customer Return,Late Delivery,2152.8
ORD_028797,RTO (Undelivered),Customer Refused at Doorstep,5319.6
ORD_028810,RTO (Undelivered),Customer Refused at Doorstep,1899.8
ORD_028817,RTO (Undelivered),Customer Refused at Doorstep,400.2
ORD_028818,RTO (Undelivered),Customer Refused at Doorstep,3483.5
ORD_028819,Customer Return,Size / Fit Issue,860.7
ORD_028825,Customer Return,Size / Fit Issue,4823.8
ORD_028828,Customer Return,Quality Not as Expected,754.4
ORD_028841,Customer Return,Quality Not as Expected,607.6
ORD_028843,RTO (Undelivered),Customer Refused at Doorstep,1406.0
ORD_028852,Customer Return,Quality Not as Expected,1333.0
ORD_028856,RTO (Undelivered),Customer Refused at Doorstep,5666.5
ORD_028860,RTO (Undelivered),Customer Refused at Doorstep,5299.5
ORD_028863,Customer Return,Size / Fit Issue,3133.9
ORD_028866,Customer Return,Late Delivery,3608.6
ORD_028874,Customer Return,Quality Not as Expected,1971.2
ORD_028886,RTO (Undelivered),Customer Refused at Doorstep,2007.0
ORD_028890,RTO (Undelivered),Customer Refused at Doorstep,4766.0
ORD_028894,Customer Return,Size / Fit Issue,1580.8
ORD_028895,Customer Return,Quality Not as Expected,3821.6
ORD_028899,Customer Return,Size / Fit Issue,2181.2
ORD_028916,RTO (Undelivered),Customer Refused at Doorstep,1981.6
ORD_028917,Customer Return,Defective / Damaged Item,628.3
ORD_028922,RTO (Undelivered),Customer Refused at Doorstep,2002.6
ORD_028925,RTO (Undelivered),Customer Refused at Doorstep,529.2
ORD_028927,RTO (Undelivered),Customer Refused at Doorstep,4391.6
ORD_028931,RTO (Undelivered),Customer Refused at Doorstep,1424.6
ORD_028932,Customer Return,Quality Not as Expected,3748.9
ORD_028938,Customer Return,Defective / Damaged Item,1862.0
ORD_028945,RTO (Undelivered),Customer Refused at Doorstep,3035.2
ORD_028949,Customer Return,Size / Fit Issue,238.5
ORD_028951,RTO (Undelivered),Customer Refused at Doorstep,818.4
ORD_028956,Customer Return,Size / Fit Issue,630.0
ORD_028964,RTO (Undelivered),Customer Refused at Doorstep,624.0
ORD_028972,RTO (Undelivered),Customer Refused at Doorstep,1351.1
ORD_028977,RTO (Undelivered),Customer Refused at Doorstep,2051.0
ORD_028978,Customer Return,Size / Fit Issue,1378.2
ORD_028987,RTO (Undelivered),Customer Refused at Doorstep,2749.6
ORD_028988,RTO (Undelivered),Customer Refused at Doorstep,1884.0
ORD_028995,Customer Return,Size / Fit Issue,3025.5
ORD_028998,RTO (Undelivered),Customer Refused at Doorstep,1580.8
ORD_029001,Customer Return,Defective / Damaged Item,1361.3
ORD_029005,RTO (Undelivered),Customer Refused at Doorstep,410.0
ORD_029006,Customer Return,Size / Fit Issue,957.7
ORD_029015,Customer Return,Size / Fit Issue,2889.7
ORD_029016,Customer Return,Size / Fit Issue,3739.8
ORD_029020,Customer Return,Defective / Damaged Item,1362.9
ORD_029022,RTO (Undelivered),Customer Refused at Doorstep,3242.7
ORD_029024,Customer Return,Defective / Damaged Item,3486.5
ORD_029031,Customer Return,Size / Fit Issue,651.0
ORD_029032,Customer Return,Quality Not as Expected,2641.8
ORD_029044,RTO (Undelivered),Customer Refused at Doorstep,3561.7
ORD_029048,Customer Return,Quality Not as Expected,3749.6
ORD_029049,Customer Return,Defective / Damaged Item,1582.6
ORD_029050,Customer Return,Quality Not as Expected,1185.8
ORD_029054,RTO (Undelivered),Customer Refused at Doorstep,1635.1
ORD_029056,Customer Return,Defective / Damaged Item,2231.2
ORD_029057,Customer Return,Quality Not as Expected,3248.7
ORD_029066,RTO (Undelivered),Customer Refused at Doorstep,1101.6
ORD_029069,Customer Return,Size / Fit Issue,3209.2
ORD_029072,Customer Return,Late Delivery,4358.1
ORD_029077,Customer Return,Defective / Damaged Item,1093.4
ORD_029083,RTO (Undelivered),Customer Refused at Doorstep,1620.0
ORD_029092,RTO (Undelivered),Customer Refused at Doorstep,1647.8
ORD_029096,Customer Return,Quality Not as Expected,1722.0
ORD_029099,Customer Return,Size / Fit Issue,1176.0
ORD_029105,RTO (Undelivered),Customer Refused at Doorstep,2194.4
ORD_029117,Customer Return,Quality Not as Expected,2538.6
ORD_029120,Customer Return,Size / Fit Issue,1488.0
ORD_029122,Customer Return,Late Delivery,535.8
ORD_029130,Customer Return,Found Better Price Elsewhere,6236.2
ORD_029133,RTO (Undelivered),Customer Refused at Doorstep,784.0
ORD_029134,RTO (Undelivered),Customer Refused at Doorstep,1197.0
ORD_029137,Customer Return,Size / Fit Issue,371.2
ORD_029140,RTO (Undelivered),Customer Refused at Doorstep,1010.0
ORD_029141,Customer Return,Quality Not as Expected,5590.9
ORD_029145,RTO (Undelivered),Customer Refused at Doorstep,3220.4
ORD_029146,Customer Return,Quality Not as Expected,4942.7
ORD_029149,Customer Return,Quality Not as Expected,1377.5
ORD_029154,Customer Return,Quality Not as Expected,3664.6
ORD_029156,Customer Return,Size / Fit Issue,2048.0
ORD_029159,RTO (Undelivered),Customer Refused at Doorstep,4645.3
ORD_029160,Customer Return,Late Delivery,3278.2
ORD_029166,Customer Return,Defective / Damaged Item,1271.7
ORD_029168,RTO (Undelivered),Customer Refused at Doorstep,5280.9
ORD_029175,RTO (Undelivered),Customer Refused at Doorstep,4011.7
ORD_029176,Customer Return,Size / Fit Issue,2035.2
ORD_029177,Customer Return,Size / Fit Issue,1068.4
ORD_029180,RTO (Undelivered),Customer Refused at Doorstep,3418.8
ORD_029198,RTO (Undelivered),Customer Refused at Doorstep,1560.0
ORD_029201,RTO (Undelivered),Customer Refused at Doorstep,342.0
ORD_029202,Customer Return,Quality Not as Expected,1280.7
ORD_029204,Customer Return,Defective / Damaged Item,2427.2
ORD_029205,Customer Return,Size / Fit Issue,699.6
ORD_029206,Customer Return,Size / Fit Issue,2816.1
ORD_029207,RTO (Undelivered),Customer Refused at Doorstep,516.6
ORD_029210,Customer Return,Quality Not as Expected,5149.8
ORD_029213,RTO (Undelivered),Customer Refused at Doorstep,297.6
ORD_029217,Customer Return,Size / Fit Issue,1592.5
ORD_029219,Customer Return,Defective / Damaged Item,4043.2
ORD_029220,Customer Return,Late Delivery,1879.6
ORD_029224,Customer Return,Size / Fit Issue,1287.4
ORD_029229,Customer Return,Found Better Price Elsewhere,5872.5
ORD_029231,Customer Return,Size / Fit Issue,1467.8
ORD_029236,Customer Return,Size / Fit Issue,1918.8
ORD_029239,RTO (Undelivered),Customer Refused at Doorstep,2444.4
ORD_029240,RTO (Undelivered),Customer Refused at Doorstep,2849.0
ORD_029243,RTO (Undelivered),Customer Refused at Doorstep,756.0
ORD_029248,RTO (Undelivered),Customer Refused at Doorstep,4289.3
ORD_029256,RTO (Undelivered),Customer Refused at Doorstep,1253.7
ORD_029257,Customer Return,Quality Not as Expected,748.2
ORD_029258,RTO (Undelivered),Customer Refused at Doorstep,2433.3
ORD_029269,Customer Return,Quality Not as Expected,4540.2
ORD_029270,Customer Return,Quality Not as Expected,2583.9
ORD_029271,Customer Return,Size / Fit Issue,3186.0
ORD_029273,Customer Return,Size / Fit Issue,1246.4
ORD_029275,Customer Return,Quality Not as Expected,1170.4
ORD_029279,RTO (Undelivered),Customer Refused at Doorstep,1305.2
ORD_029286,RTO (Undelivered),Customer Refused at Doorstep,4558.4
ORD_029288,Customer Return,Quality Not as Expected,2940.0
ORD_029289,RTO (Undelivered),Customer Refused at Doorstep,2839.4
ORD_029292,Customer Return,Quality Not as Expected,1958.4
ORD_029293,Customer Return,Found Better Price Elsewhere,565.5
ORD_029307,Customer Return,Quality Not as Expected,1897.4
ORD_029316,RTO (Undelivered),Customer Refused at Doorstep,1253.3
ORD_029321,RTO (Undelivered),Customer Refused at Doorstep,4105.3
ORD_029324,Customer Return,Size / Fit Issue,7273.2
ORD_029333,Customer Return,Size / Fit Issue,1387.2
ORD_029334,Customer Return,Size / Fit Issue,1542.4
ORD_029336,Customer Return,Size / Fit Issue,2015.6
ORD_029366,Customer Return,Quality Not as Expected,6739.2
ORD_029369,RTO (Undelivered),Customer Refused at Doorstep,2304.2
ORD_029372,Customer Return,Size / Fit Issue,3478.0
ORD_029374,RTO (Undelivered),Customer Refused at Doorstep,4586.2
ORD_029381,Customer Return,Defective / Damaged Item,3289.7
ORD_029384,RTO (Undelivered),Customer Refused at Doorstep,4445.7
ORD_029390,Customer Return,Size / Fit Issue,1372.8
ORD_029393,Customer Return,Size / Fit Issue,1869.0
ORD_029394,RTO (Undelivered),Customer Refused at Doorstep,5017.1
ORD_029397,RTO (Undelivered),Customer Refused at Doorstep,6531.7
ORD_029401,RTO (Undelivered),Customer Refused at Doorstep,2605.0
ORD_029407,Customer Return,Size / Fit Issue,1330.0
ORD_029412,Customer Return,Quality Not as Expected,3035.2
ORD_029424,Customer Return,Defective / Damaged Item,4128.9
ORD_029431,RTO (Undelivered),Customer Refused at Doorstep,2934.7
ORD_029433,Customer Return,Late Delivery,2961.4
ORD_029437,RTO (Undelivered),Customer Refused at Doorstep,545.3
ORD_029446,Customer Return,Size / Fit Issue,3967.2
ORD_029453,Customer Return,Quality Not as Expected,2279.2
ORD_029463,RTO (Undelivered),Customer Refused at Doorstep,3337.0
ORD_029476,RTO (Undelivered),Customer Refused at Doorstep,1848.0
ORD_029480,Customer Return,Size / Fit Issue,1065.0
ORD_029492,RTO (Undelivered),Customer Refused at Doorstep,2589.2
ORD_029495,Customer Return,Size / Fit Issue,3795.6
ORD_029496,RTO (Undelivered),Customer Refused at Doorstep,1517.4
ORD_029499,Customer Return,Size / Fit Issue,1154.2
ORD_029500,Customer Return,Size / Fit Issue,1890.0
ORD_029507,RTO (Undelivered),Customer Refused at Doorstep,3489.4
ORD_029525,RTO (Undelivered),Customer Refused at Doorstep,800.0
ORD_029536,Customer Return,Late Delivery,2707.6
ORD_029538,Customer Return,Size / Fit Issue,762.6
ORD_029540,RTO (Undelivered),Customer Refused at Doorstep,3334.4
ORD_029541,Customer Return,Quality Not as Expected,4145.2
ORD_029546,Customer Return,Defective / Damaged Item,1282.4
ORD_029547,RTO (Undelivered),Customer Refused at Doorstep,1066.8
ORD_029552,Customer Return,Size / Fit Issue,5203.5
ORD_029561,RTO (Undelivered),Customer Refused at Doorstep,3059.0
ORD_029566,Customer Return,Late Delivery,4363.4
ORD_029571,Customer Return,Late Delivery,3957.1
ORD_029573,Customer Return,Size / Fit Issue,1726.4
ORD_029579,Customer Return,Size / Fit Issue,5053.8
ORD_029584,Customer Return,Found Better Price Elsewhere,1548.6
ORD_029585,Customer Return,Late Delivery,1696.6
ORD_029588,RTO (Undelivered),Customer Refused at Doorstep,4496.5
ORD_029589,RTO (Undelivered),Customer Refused at Doorstep,1196.8
ORD_029590,RTO (Undelivered),Customer Refused at Doorstep,2482.2
ORD_029596,Customer Return,Size / Fit Issue,3749.6
ORD_029597,Customer Return,Size / Fit Issue,6174.3
ORD_029608,RTO (Undelivered),Customer Refused at Doorstep,1302.0
ORD_029610,Customer Return,Defective / Damaged Item,2592.6
ORD_029611,RTO (Undelivered),Customer Refused at Doorstep,3212.0
ORD_029613,RTO (Undelivered),Customer Refused at Doorstep,3352.5
ORD_029615,Customer Return,Size / Fit Issue,2049.2
ORD_029619,Customer Return,Quality Not as Expected,3928.0
ORD_029621,Customer Return,Defective / Damaged Item,1183.2
ORD_029622,RTO (Undelivered),Customer Refused at Doorstep,1764.0
ORD_029625,RTO (Undelivered),Customer Refused at Doorstep,1898.8
ORD_029626,Customer Return,Size / Fit Issue,1213.8
ORD_029632,Customer Return,Size / Fit Issue,1100.3
ORD_029649,Customer Return,Size / Fit Issue,3556.8
ORD_029656,RTO (Undelivered),Customer Refused at Doorstep,1138.8
ORD_029662,RTO (Undelivered),Customer Refused at Doorstep,818.4
ORD_029667,Customer Return,Found Better Price Elsewhere,1489.2
ORD_029675,Customer Return,Quality Not as Expected,730.8
ORD_029681,RTO (Undelivered),Customer Refused at Doorstep,761.4
ORD_029682,Customer Return,Defective / Damaged Item,5714.9
ORD_029683,RTO (Undelivered),Customer Refused at Doorstep,1818.3
ORD_029686,Customer Return,Defective / Damaged Item,535.8
ORD_029692,Customer Return,Size / Fit Issue,1069.2
ORD_029696,RTO (Undelivered),Customer Refused at Doorstep,1429.6
ORD_029704,RTO (Undelivered),Customer Refused at Doorstep,1556.6
ORD_029706,Customer Return,Late Delivery,615.6
ORD_029708,Customer Return,Size / Fit Issue,4831.0
ORD_029718,Customer Return,Defective / Damaged Item,2088.0
ORD_029721,Customer Return,Size / Fit Issue,1739.4
ORD_029722,Customer Return,Late Delivery,539.4
ORD_029723,RTO (Undelivered),Customer Refused at Doorstep,1929.6
ORD_029724,Customer Return,Size / Fit Issue,1011.7
ORD_029725,Customer Return,Size / Fit Issue,576.0
ORD_029728,RTO (Undelivered),Customer Refused at Doorstep,647.8
ORD_029732,RTO (Undelivered),Customer Refused at Doorstep,2125.2
ORD_029738,Customer Return,Late Delivery,1068.7
ORD_029739,Customer Return,Size / Fit Issue,3517.5
ORD_029740,RTO (Undelivered),Customer Refused at Doorstep,1661.0
ORD_029748,Customer Return,Size / Fit Issue,1085.0
ORD_029755,Customer Return,Late Delivery,9668.9
ORD_029756,Customer Return,Late Delivery,1795.4
ORD_029760,Customer Return,Defective / Damaged Item,1185.6
ORD_029761,Customer Return,Size / Fit Issue,4405.2
ORD_029767,Customer Return,Size / Fit Issue,3585.8
ORD_029768,RTO (Undelivered),Customer Refused at Doorstep,4862.3
ORD_029771,Customer Return,Quality Not as Expected,3818.2
ORD_029773,RTO (Undelivered),Customer Refused at Doorstep,3344.3
ORD_029775,Customer Return,Size / Fit Issue,2401.2
ORD_029783,Customer Return,Size / Fit Issue,1457.4
ORD_029785,RTO (Undelivered),Customer Refused at Doorstep,3721.7
ORD_029788,RTO (Undelivered),Customer Refused at Doorstep,2109.6
ORD_029791,RTO (Undelivered),Customer Refused at Doorstep,378.4
ORD_029794,RTO (Undelivered),Customer Refused at Doorstep,1706.7
ORD_029795,Customer Return,Size / Fit Issue,3685.6
ORD_029797,RTO (Undelivered),Customer Refused at Doorstep,828.0
ORD_029798,Customer Return,Found Better Price Elsewhere,3256.3
ORD_029801,RTO (Undelivered),Customer Refused at Doorstep,568.8
ORD_029805,RTO (Undelivered),Customer Refused at Doorstep,1446.0
ORD_029816,RTO (Undelivered),Customer Refused at Doorstep,2898.6
ORD_029821,Customer Return,Size / Fit Issue,1574.4
ORD_029822,Customer Return,Size / Fit Issue,2820.8
ORD_029825,Customer Return,Quality Not as Expected,1430.8
ORD_029827,Customer Return,Quality Not as Expected,3836.4
ORD_029830,Customer Return,Size / Fit Issue,2877.9
ORD_029835,Customer Return,Quality Not as Expected,4666.0
ORD_029837,Customer Return,Defective / Damaged Item,3514.0
ORD_029838,Customer Return,Size / Fit Issue,3055.9
ORD_029839,RTO (Undelivered),Customer Refused at Doorstep,683.2
ORD_029846,Customer Return,Size / Fit Issue,2483.1
ORD_029848,Customer Return,Size / Fit Issue,3647.2
ORD_029852,Customer Return,Size / Fit Issue,1877.4
ORD_029853,Customer Return,Quality Not as Expected,6055.8
ORD_029855,Customer Return,Late Delivery,1584.2
ORD_029861,RTO (Undelivered),Customer Refused at Doorstep,2279.2
ORD_029865,RTO (Undelivered),Customer Refused at Doorstep,697.2
ORD_029866,RTO (Undelivered),Customer Refused at Doorstep,367.5
ORD_029867,Customer Return,Quality Not as Expected,976.8
ORD_029870,Customer Return,Quality Not as Expected,1099.0
ORD_029872,Customer Return,Size / Fit Issue,2661.0
ORD_029873,RTO (Undelivered),Customer Refused at Doorstep,1360.4
ORD_029878,Customer Return,Size / Fit Issue,4379.2
ORD_029880,Customer Return,Defective / Damaged Item,2021.6
ORD_029884,Customer Return,Defective / Damaged Item,1058.4
ORD_029886,RTO (Undelivered),Customer Refused at Doorstep,3047.8
ORD_029887,Customer Return,Size / Fit Issue,1884.8
ORD_029888,RTO (Undelivered),Customer Refused at Doorstep,741.0
ORD_029893,Customer Return,Size / Fit Issue,2332.8
ORD_029910,Customer Return,Found Better Price Elsewhere,1095.0
ORD_029913,Customer Return,Size / Fit Issue,3751.9
ORD_029918,Customer Return,Quality Not as Expected,3270.2
ORD_029924,RTO (Undelivered),Customer Refused at Doorstep,1283.5
ORD_029926,RTO (Undelivered),Customer Refused at Doorstep,2405.6
ORD_029940,Customer Return,Quality Not as Expected,3045.1
ORD_029945,Customer Return,Size / Fit Issue,1374.5
ORD_029947,Customer Return,Late Delivery,1001.7
ORD_029955,Customer Return,Size / Fit Issue,1221.5
ORD_029966,Customer Return,Defective / Damaged Item,1568.8
ORD_029971,Customer Return,Size / Fit Issue,1324.8
ORD_029977,Customer Return,Late Delivery,1469.4
ORD_029978,Customer Return,Quality Not as Expected,1292.8
ORD_029979,RTO (Undelivered),Customer Refused at Doorstep,1080.0
ORD_029981,RTO (Undelivered),Customer Refused at Doorstep,1338.4
ORD_029982,Customer Return,Size / Fit Issue,2144.8
ORD_029989,RTO (Undelivered),Customer Refused at Doorstep,2805.2
ORD_029990,RTO (Undelivered),Customer Refused at Doorstep,2041.6
ORD_029992,Customer Return,Size / Fit Issue,7276.3
ORD_030016,Customer Return,Size / Fit Issue,1996.6
ORD_030024,RTO (Undelivered),Customer Refused at Doorstep,3334.2
ORD_030027,RTO (Undelivered),Customer Refused at Doorstep,1260.0
ORD_030028,Customer Return,Quality Not as Expected,520.8
ORD_030033,Customer Return,Defective / Damaged Item,4464.0
ORD_030038,Customer Return,Defective / Damaged Item,2234.8
ORD_030045,RTO (Undelivered),Customer Refused at Doorstep,686.4
ORD_030049,Customer Return,Size / Fit Issue,965.7
ORD_030051,RTO (Undelivered),Customer Refused at Doorstep,2500.8
ORD_030053,Customer Return,Found Better Price Elsewhere,221.1
ORD_030054,RTO (Undelivered),Customer Refused at Doorstep,1047.2
ORD_030062,RTO (Undelivered),Customer Refused at Doorstep,3380.8
ORD_030067,Customer Return,Quality Not as Expected,906.2
ORD_030070,RTO (Undelivered),Customer Refused at Doorstep,365.4
ORD_030076,Customer Return,Quality Not as Expected,4352.6
ORD_030079,Customer Return,Size / Fit Issue,1506.6
ORD_030080,RTO (Undelivered),Customer Refused at Doorstep,810.0
ORD_030081,Customer Return,Size / Fit Issue,2298.7
ORD_030082,RTO (Undelivered),Customer Refused at Doorstep,2545.7
ORD_030086,Customer Return,Late Delivery,307.8
ORD_030088,RTO (Undelivered),Customer Refused at Doorstep,901.6
ORD_030090,Customer Return,Size / Fit Issue,1125.0
ORD_030101,Customer Return,Quality Not as Expected,3340.0
ORD_030104,RTO (Undelivered),Customer Refused at Doorstep,2819.8
ORD_030108,Customer Return,Size / Fit Issue,4506.2
ORD_030116,RTO (Undelivered),Customer Refused at Doorstep,2320.0
ORD_030119,RTO (Undelivered),Customer Refused at Doorstep,775.2
ORD_030123,Customer Return,Quality Not as Expected,3275.5
ORD_030129,Customer Return,Size / Fit Issue,1521.5
ORD_030138,RTO (Undelivered),Customer Refused at Doorstep,1204.0
ORD_030143,RTO (Undelivered),Customer Refused at Doorstep,1211.4
ORD_030145,RTO (Undelivered),Customer Refused at Doorstep,850.9
ORD_030161,RTO (Undelivered),Customer Refused at Doorstep,3252.0
ORD_030164,Customer Return,Defective / Damaged Item,3459.5
ORD_030167,Customer Return,Size / Fit Issue,2522.0
ORD_030168,Customer Return,Size / Fit Issue,3384.0
ORD_030170,Customer Return,Quality Not as Expected,508.8
ORD_030178,Customer Return,Quality Not as Expected,1682.0
ORD_030181,Customer Return,Quality Not as Expected,1479.5
ORD_030182,Customer Return,Size / Fit Issue,3138.2
ORD_030184,Customer Return,Quality Not as Expected,470.4
ORD_030188,RTO (Undelivered),Customer Refused at Doorstep,1570.8
ORD_030190,Customer Return,Size / Fit Issue,2746.8
ORD_030193,Customer Return,Size / Fit Issue,2772.0
ORD_030203,Customer Return,Size / Fit Issue,3836.8
ORD_030204,Customer Return,Found Better Price Elsewhere,2801.8
ORD_030206,RTO (Undelivered),Customer Refused at Doorstep,461.1
ORD_030208,Customer Return,Size / Fit Issue,2176.0
ORD_030211,Customer Return,Quality Not as Expected,3306.6
ORD_030219,Customer Return,Quality Not as Expected,1330.0
ORD_030220,RTO (Undelivered),Customer Refused at Doorstep,1435.2
ORD_030225,RTO (Undelivered),Customer Refused at Doorstep,5402.8
ORD_030237,Customer Return,Quality Not as Expected,1181.4
ORD_030238,RTO (Undelivered),Customer Refused at Doorstep,450.3
ORD_030239,Customer Return,Defective / Damaged Item,2940.0
ORD_030241,RTO (Undelivered),Customer Refused at Doorstep,1003.5
ORD_030242,RTO (Undelivered),Customer Refused at Doorstep,1212.7
ORD_030247,RTO (Undelivered),Customer Refused at Doorstep,782.0
ORD_030264,RTO (Undelivered),Customer Refused at Doorstep,3230.2
ORD_030268,Customer Return,Size / Fit Issue,1876.8
ORD_030272,Customer Return,Size / Fit Issue,1934.4
ORD_030274,Customer Return,Size / Fit Issue,3817.2
ORD_030286,Customer Return,Size / Fit Issue,2320.8
ORD_030290,Customer Return,Quality Not as Expected,434.6
ORD_030294,RTO (Undelivered),Customer Refused at Doorstep,4390.2
ORD_030306,RTO (Undelivered),Customer Refused at Doorstep,1087.9
ORD_030316,Customer Return,Size / Fit Issue,700.6
ORD_030317,Customer Return,Size / Fit Issue,2542.5
ORD_030320,Customer Return,Size / Fit Issue,1959.8
ORD_030322,Customer Return,Size / Fit Issue,1862.4
ORD_030323,RTO (Undelivered),Customer Refused at Doorstep,2320.0
ORD_030326,Customer Return,Late Delivery,418.7
ORD_030334,Customer Return,Defective / Damaged Item,632.2
ORD_030340,RTO (Undelivered),Customer Refused at Doorstep,1118.0
ORD_030350,RTO (Undelivered),Customer Refused at Doorstep,1560.0
ORD_030368,Customer Return,Late Delivery,2698.0
ORD_030375,RTO (Undelivered),Customer Refused at Doorstep,935.3
ORD_030377,Customer Return,Quality Not as Expected,5284.0
ORD_030378,Customer Return,Defective / Damaged Item,4451.8
ORD_030385,Customer Return,Size / Fit Issue,2745.0
ORD_030390,RTO (Undelivered),Customer Refused at Doorstep,742.6
ORD_030408,Customer Return,Size / Fit Issue,2646.0
ORD_030412,RTO (Undelivered),Customer Refused at Doorstep,1864.3
ORD_030423,RTO (Undelivered),Customer Refused at Doorstep,915.3
ORD_030431,RTO (Undelivered),Customer Refused at Doorstep,1271.7
ORD_030432,RTO (Undelivered),Customer Refused at Doorstep,780.2
ORD_030433,Customer Return,Size / Fit Issue,2894.6
ORD_030434,RTO (Undelivered),Customer Refused at Doorstep,2139.0
ORD_030435,Customer Return,Defective / Damaged Item,2230.8
ORD_030451,Customer Return,Size / Fit Issue,2563.0
ORD_030453,RTO (Undelivered),Customer Refused at Doorstep,687.3
ORD_030456,RTO (Undelivered),Customer Refused at Doorstep,811.2
ORD_030459,RTO (Undelivered),Customer Refused at Doorstep,3511.9
ORD_030460,Customer Return,Late Delivery,1518.3
ORD_030463,RTO (Undelivered),Customer Refused at Doorstep,2088.7
ORD_030468,Customer Return,Quality Not as Expected,2948.8
ORD_030469,Customer Return,Size / Fit Issue,1324.8
ORD_030470,Customer Return,Size / Fit Issue,3807.0
ORD_030473,Customer Return,Quality Not as Expected,3102.5
ORD_030486,RTO (Undelivered),Customer Refused at Doorstep,3321.3
ORD_030489,Customer Return,Size / Fit Issue,3463.6
ORD_030502,Customer Return,Size / Fit Issue,899.1
ORD_030504,Customer Return,Defective / Damaged Item,524.8
ORD_030506,Customer Return,Found Better Price Elsewhere,730.3
ORD_030508,Customer Return,Found Better Price Elsewhere,2314.2
ORD_030515,RTO (Undelivered),Customer Refused at Doorstep,323.9
ORD_030518,RTO (Undelivered),Customer Refused at Doorstep,2205.2
ORD_030520,Customer Return,Size / Fit Issue,4150.5
ORD_030523,Customer Return,Defective / Damaged Item,458.8
ORD_030528,RTO (Undelivered),Customer Refused at Doorstep,2227.4
ORD_030533,Customer Return,Defective / Damaged Item,1226.4
ORD_030535,RTO (Undelivered),Customer Refused at Doorstep,3070.8
ORD_030536,Customer Return,Quality Not as Expected,1726.4
ORD_030538,Customer Return,Quality Not as Expected,648.0
ORD_030546,Customer Return,Late Delivery,4288.4
ORD_030549,RTO (Undelivered),Customer Refused at Doorstep,3912.6
ORD_030558,RTO (Undelivered),Customer Refused at Doorstep,2274.5
ORD_030560,RTO (Undelivered),Customer Refused at Doorstep,2747.7
ORD_030562,Customer Return,Size / Fit Issue,1327.9
ORD_030563,Customer Return,Found Better Price Elsewhere,3449.9
ORD_030569,RTO (Undelivered),Customer Refused at Doorstep,1332.1
ORD_030572,Customer Return,Size / Fit Issue,451.2
ORD_030577,Customer Return,Late Delivery,202.5
ORD_030582,Customer Return,Defective / Damaged Item,608.0
ORD_030585,RTO (Undelivered),Customer Refused at Doorstep,2304.2
ORD_030593,RTO (Undelivered),Customer Refused at Doorstep,1784.8
ORD_030598,Customer Return,Quality Not as Expected,2870.6
ORD_030604,Customer Return,Size / Fit Issue,2628.8
ORD_030610,RTO (Undelivered),Customer Refused at Doorstep,4443.6
ORD_030617,RTO (Undelivered),Customer Refused at Doorstep,1850.2
ORD_030620,RTO (Undelivered),Customer Refused at Doorstep,1952.1
ORD_030630,Customer Return,Size / Fit Issue,1098.0
ORD_030631,RTO (Undelivered),Customer Refused at Doorstep,3793.2
ORD_030634,Customer Return,Size / Fit Issue,1911.9
ORD_030638,Customer Return,Quality Not as Expected,1339.2
ORD_030642,RTO (Undelivered),Customer Refused at Doorstep,3711.3
ORD_030643,Customer Return,Size / Fit Issue,3005.6
ORD_030645,Customer Return,Size / Fit Issue,1933.9
ORD_030648,Customer Return,Quality Not as Expected,2476.5
ORD_030651,RTO (Undelivered),Customer Refused at Doorstep,2571.4
ORD_030654,RTO (Undelivered),Customer Refused at Doorstep,5205.4
ORD_030655,RTO (Undelivered),Customer Refused at Doorstep,2034.3
ORD_030658,RTO (Undelivered),Customer Refused at Doorstep,1170.0
ORD_030662,Customer Return,Quality Not as Expected,469.8
ORD_030664,Customer Return,Size / Fit Issue,3747.8
ORD_030665,Customer Return,Size / Fit Issue,3295.6
ORD_030677,RTO (Undelivered),Customer Refused at Doorstep,1293.5
ORD_030686,Customer Return,Quality Not as Expected,3133.9
ORD_030690,Customer Return,Late Delivery,1709.4
ORD_030693,RTO (Undelivered),Customer Refused at Doorstep,450.8
ORD_030695,RTO (Undelivered),Customer Refused at Doorstep,1933.8
ORD_030697,RTO (Undelivered),Customer Refused at Doorstep,632.2
ORD_030698,Customer Return,Size / Fit Issue,1126.4
ORD_030704,Customer Return,Defective / Damaged Item,4287.6
ORD_030706,Customer Return,Size / Fit Issue,713.4
ORD_030714,Customer Return,Quality Not as Expected,999.6
ORD_030717,Customer Return,Size / Fit Issue,1061.9
ORD_030718,Customer Return,Size / Fit Issue,936.0
ORD_030724,Customer Return,Size / Fit Issue,4367.8
ORD_030725,RTO (Undelivered),Customer Refused at Doorstep,754.8
ORD_030729,Customer Return,Size / Fit Issue,2677.2
ORD_030736,RTO (Undelivered),Customer Refused at Doorstep,4129.2
ORD_030737,Customer Return,Found Better Price Elsewhere,1018.4
ORD_030740,Customer Return,Found Better Price Elsewhere,3182.4
ORD_030742,RTO (Undelivered),Customer Refused at Doorstep,4123.7
ORD_030747,Customer Return,Size / Fit Issue,5374.3
ORD_030751,Customer Return,Quality Not as Expected,1829.0
ORD_030753,RTO (Undelivered),Customer Refused at Doorstep,859.2
ORD_030761,Customer Return,Size / Fit Issue,6476.0
ORD_030762,RTO (Undelivered),Customer Refused at Doorstep,1880.0
ORD_030765,Customer Return,Defective / Damaged Item,2525.2
ORD_030767,Customer Return,Size / Fit Issue,878.8
ORD_030769,Customer Return,Size / Fit Issue,1242.0
ORD_030780,Customer Return,Quality Not as Expected,3823.0
ORD_030793,Customer Return,Quality Not as Expected,2583.4
ORD_030795,RTO (Undelivered),Customer Refused at Doorstep,4948.8
ORD_030796,RTO (Undelivered),Customer Refused at Doorstep,1239.0
ORD_030818,RTO (Undelivered),Customer Refused at Doorstep,4715.4
ORD_030821,Customer Return,Quality Not as Expected,2471.0
ORD_030827,RTO (Undelivered),Customer Refused at Doorstep,2588.7
ORD_030828,Customer Return,Quality Not as Expected,4501.8
ORD_030830,RTO (Undelivered),Customer Refused at Doorstep,1581.2
ORD_030834,Customer Return,Size / Fit Issue,3907.9
ORD_030839,RTO (Undelivered),Customer Refused at Doorstep,769.5
ORD_030840,Customer Return,Size / Fit Issue,3486.5
ORD_030850,Customer Return,Size / Fit Issue,3611.8
ORD_030853,RTO (Undelivered),Customer Refused at Doorstep,809.4
ORD_030860,RTO (Undelivered),Customer Refused at Doorstep,2497.6
ORD_030861,RTO (Undelivered),Customer Refused at Doorstep,762.2
ORD_030863,Customer Return,Found Better Price Elsewhere,4145.5
ORD_030864,Customer Return,Size / Fit Issue,2599.6
ORD_030867,RTO (Undelivered),Customer Refused at Doorstep,5595.0
ORD_030868,Customer Return,Found Better Price Elsewhere,1568.0
ORD_030871,Customer Return,Quality Not as Expected,2092.8
ORD_030874,Customer Return,Size / Fit Issue,1625.4
ORD_030875,Customer Return,Late Delivery,1856.0
ORD_030877,RTO (Undelivered),Customer Refused at Doorstep,3131.7
ORD_030882,Customer Return,Size / Fit Issue,4078.5
ORD_030886,RTO (Undelivered),Customer Refused at Doorstep,3282.3
ORD_030887,Customer Return,Size / Fit Issue,2360.7
ORD_030892,Customer Return,Defective / Damaged Item,553.0
ORD_030897,Customer Return,Quality Not as Expected,1922.4
ORD_030900,Customer Return,Size / Fit Issue,1674.8
ORD_030901,Customer Return,Quality Not as Expected,2883.0
ORD_030910,Customer Return,Size / Fit Issue,2327.4
ORD_030911,Customer Return,Size / Fit Issue,4445.5
ORD_030912,Customer Return,Quality Not as Expected,566.5
ORD_030913,RTO (Undelivered),Customer Refused at Doorstep,2516.0
ORD_030918,Customer Return,Size / Fit Issue,4620.0
ORD_030928,RTO (Undelivered),Customer Refused at Doorstep,381.6
ORD_030931,RTO (Undelivered),Customer Refused at Doorstep,2473.0
ORD_030932,Customer Return,Size / Fit Issue,649.8
ORD_030935,Customer Return,Size / Fit Issue,2445.3
ORD_030936,Customer Return,Size / Fit Issue,924.3
ORD_030940,RTO (Undelivered),Customer Refused at Doorstep,1408.0
ORD_030941,RTO (Undelivered),Customer Refused at Doorstep,695.4
ORD_030942,Customer Return,Late Delivery,2268.4
ORD_030948,RTO (Undelivered),Customer Refused at Doorstep,2425.6
ORD_030953,Customer Return,Defective / Damaged Item,2188.6
ORD_030956,RTO (Undelivered),Customer Refused at Doorstep,1264.8
ORD_030957,RTO (Undelivered),Customer Refused at Doorstep,1820.4
ORD_030960,RTO (Undelivered),Customer Refused at Doorstep,299.3
ORD_030963,Customer Return,Size / Fit Issue,684.0
ORD_030968,Customer Return,Found Better Price Elsewhere,2290.4
ORD_030974,RTO (Undelivered),Customer Refused at Doorstep,2255.5
ORD_030976,RTO (Undelivered),Customer Refused at Doorstep,2824.3
ORD_030978,RTO (Undelivered),Customer Refused at Doorstep,763.0
ORD_030980,Customer Return,Size / Fit Issue,1183.0
ORD_030983,Customer Return,Size / Fit Issue,2272.4
ORD_030988,RTO (Undelivered),Customer Refused at Doorstep,778.5
ORD_031001,RTO (Undelivered),Customer Refused at Doorstep,2531.7
ORD_031004,RTO (Undelivered),Customer Refused at Doorstep,3225.9
ORD_031006,Customer Return,Defective / Damaged Item,1831.2
ORD_031009,Customer Return,Size / Fit Issue,1851.2
ORD_031010,Customer Return,Size / Fit Issue,7078.0
ORD_031018,Customer Return,Quality Not as Expected,1924.0
ORD_031029,Customer Return,Quality Not as Expected,3571.6
ORD_031032,Customer Return,Quality Not as Expected,1822.5
ORD_031033,Customer Return,Size / Fit Issue,336.0
ORD_031038,RTO (Undelivered),Customer Refused at Doorstep,7908.8
ORD_031042,Customer Return,Quality Not as Expected,1305.6
ORD_031048,RTO (Undelivered),Customer Refused at Doorstep,272.8
ORD_031055,RTO (Undelivered),Customer Refused at Doorstep,986.0
ORD_031058,Customer Return,Size / Fit Issue,1534.6
ORD_031066,Customer Return,Defective / Damaged Item,4687.8
ORD_031068,Customer Return,Size / Fit Issue,7840.1
ORD_031072,Customer Return,Size / Fit Issue,6728.6
ORD_031073,Customer Return,Size / Fit Issue,1401.3
ORD_031076,RTO (Undelivered),Customer Refused at Doorstep,2386.8
ORD_031083,Customer Return,Late Delivery,1953.6
ORD_031088,Customer Return,Size / Fit Issue,2149.7
ORD_031096,Customer Return,Quality Not as Expected,7100.6
ORD_031102,Customer Return,Quality Not as Expected,2033.1
ORD_031110,Customer Return,Size / Fit Issue,2050.1
ORD_031123,Customer Return,Quality Not as Expected,774.0
ORD_031126,Customer Return,Defective / Damaged Item,1326.0
ORD_031137,RTO (Undelivered),Customer Refused at Doorstep,694.4
ORD_031138,RTO (Undelivered),Customer Refused at Doorstep,1901.4
ORD_031140,Customer Return,Quality Not as Expected,322.4
ORD_031141,Customer Return,Quality Not as Expected,2635.0
ORD_031152,RTO (Undelivered),Customer Refused at Doorstep,2610.3
ORD_031165,RTO (Undelivered),Customer Refused at Doorstep,681.5
ORD_031167,Customer Return,Found Better Price Elsewhere,3491.1
ORD_031169,RTO (Undelivered),Customer Refused at Doorstep,1244.4
ORD_031173,Customer Return,Size / Fit Issue,3362.0
ORD_031174,Customer Return,Size / Fit Issue,1014.9
ORD_031185,Customer Return,Size / Fit Issue,3625.4
ORD_031186,Customer Return,Quality Not as Expected,1576.0
ORD_031187,Customer Return,Late Delivery,4106.9
ORD_031188,Customer Return,Size / Fit Issue,4645.6
ORD_031192,RTO (Undelivered),Customer Refused at Doorstep,805.6
ORD_031193,Customer Return,Size / Fit Issue,2819.0
ORD_031194,Customer Return,Size / Fit Issue,3518.4
ORD_031201,Customer Return,Quality Not as Expected,3159.8
ORD_031203,Customer Return,Quality Not as Expected,3095.1
ORD_031204,Customer Return,Size / Fit Issue,4067.6
ORD_031215,Customer Return,Size / Fit Issue,4799.5
ORD_031221,Customer Return,Late Delivery,221.4
ORD_031222,Customer Return,Size / Fit Issue,442.8
ORD_031223,Customer Return,Quality Not as Expected,3811.3
ORD_031224,RTO (Undelivered),Customer Refused at Doorstep,3798.4
ORD_031238,RTO (Undelivered),Customer Refused at Doorstep,2835.0
ORD_031242,RTO (Undelivered),Customer Refused at Doorstep,2613.4
ORD_031247,Customer Return,Size / Fit Issue,4383.4
ORD_031248,RTO (Undelivered),Customer Refused at Doorstep,2692.6
ORD_031252,RTO (Undelivered),Customer Refused at Doorstep,1824.0
ORD_031256,Customer Return,Size / Fit Issue,2960.4
ORD_031261,RTO (Undelivered),Customer Refused at Doorstep,3181.6
ORD_031263,RTO (Undelivered),Customer Refused at Doorstep,659.4
ORD_031264,Customer Return,Found Better Price Elsewhere,1552.2
ORD_031266,RTO (Undelivered),Customer Refused at Doorstep,987.0
ORD_031267,Customer Return,Size / Fit Issue,4247.6
ORD_031268,Customer Return,Defective / Damaged Item,3454.0
ORD_031274,RTO (Undelivered),Customer Refused at Doorstep,2123.8
ORD_031278,RTO (Undelivered),Customer Refused at Doorstep,1224.0
ORD_031283,RTO (Undelivered),Customer Refused at Doorstep,372.0
ORD_031290,Customer Return,Late Delivery,2677.2
ORD_031308,Customer Return,Quality Not as Expected,1654.3
ORD_031314,Customer Return,Size / Fit Issue,408.9
ORD_031320,Customer Return,Size / Fit Issue,1504.5
ORD_031325,Customer Return,Defective / Damaged Item,600.0
ORD_031326,RTO (Undelivered),Customer Refused at Doorstep,1372.0
ORD_031329,RTO (Undelivered),Customer Refused at Doorstep,739.2
ORD_031332,Customer Return,Size / Fit Issue,1333.2
ORD_031334,RTO (Undelivered),Customer Refused at Doorstep,3687.6
ORD_031344,RTO (Undelivered),Customer Refused at Doorstep,3226.6
ORD_031357,RTO (Undelivered),Customer Refused at Doorstep,1884.2
ORD_031359,RTO (Undelivered),Customer Refused at Doorstep,1410.0
ORD_031362,Customer Return,Found Better Price Elsewhere,986.1
ORD_031365,Customer Return,Size / Fit Issue,646.0
ORD_031367,Customer Return,Size / Fit Issue,501.4
ORD_031370,Customer Return,Quality Not as Expected,2727.1
ORD_031371,Customer Return,Quality Not as Expected,1425.8
ORD_031377,Customer Return,Size / Fit Issue,1727.2
ORD_031381,RTO (Undelivered),Customer Refused at Doorstep,1208.8
ORD_031382,Customer Return,Quality Not as Expected,2927.9
ORD_031383,RTO (Undelivered),Customer Refused at Doorstep,3124.0
ORD_031385,RTO (Undelivered),Customer Refused at Doorstep,1281.5
ORD_031392,Customer Return,Size / Fit Issue,1599.0
ORD_031397,Customer Return,Size / Fit Issue,3704.0
ORD_031398,Customer Return,Quality Not as Expected,5123.6
ORD_031402,Customer Return,Quality Not as Expected,5415.5
ORD_031403,Customer Return,Size / Fit Issue,1926.4
ORD_031415,Customer Return,Found Better Price Elsewhere,3799.3
ORD_031420,Customer Return,Quality Not as Expected,2496.0
ORD_031425,RTO (Undelivered),Customer Refused at Doorstep,781.2
ORD_031432,Customer Return,Size / Fit Issue,956.8
ORD_031436,RTO (Undelivered),Customer Refused at Doorstep,2158.9
ORD_031437,RTO (Undelivered),Customer Refused at Doorstep,433.2
ORD_031443,Customer Return,Size / Fit Issue,3008.0
ORD_031444,RTO (Undelivered),Customer Refused at Doorstep,1874.8
ORD_031446,Customer Return,Size / Fit Issue,2400.4
ORD_031451,RTO (Undelivered),Customer Refused at Doorstep,369.0
ORD_031453,RTO (Undelivered),Customer Refused at Doorstep,1165.0
ORD_031456,Customer Return,Defective / Damaged Item,5961.1
ORD_031473,Customer Return,Quality Not as Expected,2162.0
ORD_031484,Customer Return,Quality Not as Expected,3199.2
ORD_031492,RTO (Undelivered),Customer Refused at Doorstep,1548.8
ORD_031493,RTO (Undelivered),Customer Refused at Doorstep,424.8
ORD_031496,Customer Return,Size / Fit Issue,1189.0
ORD_031498,Customer Return,Defective / Damaged Item,3170.8
ORD_031499,Customer Return,Quality Not as Expected,1763.3
ORD_031501,RTO (Undelivered),Customer Refused at Doorstep,922.5
ORD_031507,RTO (Undelivered),Customer Refused at Doorstep,2747.7
ORD_031514,Customer Return,Quality Not as Expected,5397.0
ORD_031517,RTO (Undelivered),Customer Refused at Doorstep,3754.5
ORD_031524,RTO (Undelivered),Customer Refused at Doorstep,700.4
ORD_031525,RTO (Undelivered),Customer Refused at Doorstep,716.1
ORD_031526,Customer Return,Quality Not as Expected,2040.0
ORD_031528,Customer Return,Quality Not as Expected,3465.0
ORD_031536,Customer Return,Size / Fit Issue,682.0
ORD_031539,Customer Return,Size / Fit Issue,2690.2
ORD_031541,Customer Return,Defective / Damaged Item,5258.4
ORD_031544,Customer Return,Quality Not as Expected,3335.2
ORD_031556,Customer Return,Late Delivery,3980.8
ORD_031561,Customer Return,Late Delivery,1224.5
ORD_031565,RTO (Undelivered),Customer Refused at Doorstep,1168.2
ORD_031569,Customer Return,Late Delivery,3164.0
ORD_031571,Customer Return,Quality Not as Expected,1185.6
ORD_031572,RTO (Undelivered),Customer Refused at Doorstep,1806.3
ORD_031573,RTO (Undelivered),Customer Refused at Doorstep,1282.5
ORD_031579,RTO (Undelivered),Customer Refused at Doorstep,855.5
ORD_031580,Customer Return,Size / Fit Issue,243.0
ORD_031581,RTO (Undelivered),Customer Refused at Doorstep,391.5
ORD_031586,Customer Return,Size / Fit Issue,3721.0
ORD_031598,Customer Return,Size / Fit Issue,632.2
ORD_031609,Customer Return,Defective / Damaged Item,5606.1
ORD_031622,Customer Return,Late Delivery,7091.8
ORD_031632,Customer Return,Late Delivery,3478.3
ORD_031633,Customer Return,Size / Fit Issue,406.0
ORD_031635,Customer Return,Quality Not as Expected,2703.2
ORD_031639,Customer Return,Found Better Price Elsewhere,3201.9
ORD_031640,Customer Return,Late Delivery,3320.9
ORD_031641,Customer Return,Defective / Damaged Item,1910.8
ORD_031643,Customer Return,Size / Fit Issue,2470.4
ORD_031652,Customer Return,Size / Fit Issue,1215.0
ORD_031654,RTO (Undelivered),Customer Refused at Doorstep,804.1
ORD_031657,RTO (Undelivered),Customer Refused at Doorstep,1159.2
ORD_031659,Customer Return,Defective / Damaged Item,557.6
ORD_031661,RTO (Undelivered),Customer Refused at Doorstep,1174.5
ORD_031662,Customer Return,Defective / Damaged Item,1543.8
ORD_031671,RTO (Undelivered),Customer Refused at Doorstep,2594.6
ORD_031676,RTO (Undelivered),Customer Refused at Doorstep,1134.3
ORD_031680,RTO (Undelivered),Customer Refused at Doorstep,2761.7
ORD_031685,Customer Return,Defective / Damaged Item,441.8
ORD_031688,RTO (Undelivered),Customer Refused at Doorstep,4905.1
ORD_031691,RTO (Undelivered),Customer Refused at Doorstep,560.5
ORD_031692,RTO (Undelivered),Customer Refused at Doorstep,975.1
ORD_031693,RTO (Undelivered),Customer Refused at Doorstep,2157.7
ORD_031695,RTO (Undelivered),Customer Refused at Doorstep,933.2
ORD_031697,Customer Return,Size / Fit Issue,3896.1
ORD_031704,Customer Return,Late Delivery,1596.0
ORD_031711,RTO (Undelivered),Customer Refused at Doorstep,2822.0
ORD_031712,RTO (Undelivered),Customer Refused at Doorstep,1192.9
ORD_031717,RTO (Undelivered),Customer Refused at Doorstep,1904.6
ORD_031718,Customer Return,Size / Fit Issue,1442.7
ORD_031722,Customer Return,Late Delivery,765.6
ORD_031728,RTO (Undelivered),Customer Refused at Doorstep,741.0
ORD_031733,RTO (Undelivered),Customer Refused at Doorstep,4336.0
ORD_031740,RTO (Undelivered),Customer Refused at Doorstep,2543.0
ORD_031741,RTO (Undelivered),Customer Refused at Doorstep,3818.0
ORD_031743,Customer Return,Quality Not as Expected,3452.0
ORD_031748,Customer Return,Quality Not as Expected,1987.2
ORD_031753,Customer Return,Quality Not as Expected,3357.2
ORD_031757,RTO (Undelivered),Customer Refused at Doorstep,456.0
ORD_031758,RTO (Undelivered),Customer Refused at Doorstep,1134.2
ORD_031762,Customer Return,Quality Not as Expected,818.4
ORD_031763,RTO (Undelivered),Customer Refused at Doorstep,1792.8
ORD_031766,Customer Return,Defective / Damaged Item,1165.0
ORD_031768,Customer Return,Defective / Damaged Item,4036.6
ORD_031772,Customer Return,Size / Fit Issue,436.8
ORD_031778,Customer Return,Quality Not as Expected,3231.4
ORD_031786,RTO (Undelivered),Customer Refused at Doorstep,820.8
ORD_031790,Customer Return,Defective / Damaged Item,2033.1
ORD_031794,RTO (Undelivered),Customer Refused at Doorstep,638.4
ORD_031795,Customer Return,Late Delivery,928.0
ORD_031796,Customer Return,Quality Not as Expected,1251.6
ORD_031811,Customer Return,Quality Not as Expected,1952.9
ORD_031824,RTO (Undelivered),Customer Refused at Doorstep,6273.4
ORD_031825,RTO (Undelivered),Customer Refused at Doorstep,1872.3
ORD_031826,Customer Return,Late Delivery,307.8
ORD_031829,RTO (Undelivered),Customer Refused at Doorstep,1411.8
ORD_031834,RTO (Undelivered),Customer Refused at Doorstep,661.2
ORD_031835,RTO (Undelivered),Customer Refused at Doorstep,2079.4
ORD_031843,Customer Return,Quality Not as Expected,2471.2
ORD_031845,Customer Return,Size / Fit Issue,2526.4
ORD_031846,Customer Return,Quality Not as Expected,3307.5
ORD_031851,RTO (Undelivered),Customer Refused at Doorstep,2665.1
ORD_031852,Customer Return,Quality Not as Expected,4661.2
ORD_031856,Customer Return,Size / Fit Issue,1339.8
ORD_031857,RTO (Undelivered),Customer Refused at Doorstep,1304.0
ORD_031859,RTO (Undelivered),Customer Refused at Doorstep,2444.4
ORD_031863,Customer Return,Size / Fit Issue,1247.0
ORD_031869,RTO (Undelivered),Customer Refused at Doorstep,2405.0
ORD_031874,Customer Return,Defective / Damaged Item,3106.2
ORD_031875,Customer Return,Size / Fit Issue,4496.4
ORD_031884,Customer Return,Defective / Damaged Item,2599.1
ORD_031887,RTO (Undelivered),Customer Refused at Doorstep,2136.4
ORD_031888,RTO (Undelivered),Customer Refused at Doorstep,1853.3
ORD_031892,Customer Return,Quality Not as Expected,1077.3
ORD_031897,Customer Return,Size / Fit Issue,816.0
ORD_031907,Customer Return,Size / Fit Issue,4301.2
ORD_031912,RTO (Undelivered),Customer Refused at Doorstep,468.0
ORD_031933,Customer Return,Size / Fit Issue,5613.8
ORD_031934,Customer Return,Size / Fit Issue,910.0
ORD_031935,RTO (Undelivered),Customer Refused at Doorstep,2745.9
ORD_031938,Customer Return,Found Better Price Elsewhere,2955.2
ORD_031945,Customer Return,Size / Fit Issue,4173.6
ORD_031955,Customer Return,Size / Fit Issue,5585.7
ORD_031956,Customer Return,Defective / Damaged Item,3109.6
ORD_031960,Customer Return,Found Better Price Elsewhere,1134.0
ORD_031966,RTO (Undelivered),Customer Refused at Doorstep,372.6
ORD_031970,RTO (Undelivered),Customer Refused at Doorstep,4410.0
ORD_031973,RTO (Undelivered),Customer Refused at Doorstep,2628.3
ORD_031974,RTO (Undelivered),Customer Refused at Doorstep,1783.2
ORD_031975,RTO (Undelivered),Customer Refused at Doorstep,1038.8
ORD_031977,Customer Return,Size / Fit Issue,1313.7
ORD_031985,Customer Return,Quality Not as Expected,1162.3
ORD_031990,Customer Return,Size / Fit Issue,2338.4
ORD_031991,RTO (Undelivered),Customer Refused at Doorstep,2865.5
ORD_031995,RTO (Undelivered),Customer Refused at Doorstep,7488.8
ORD_031998,Customer Return,Quality Not as Expected,1383.2
ORD_031999,RTO (Undelivered),Customer Refused at Doorstep,3337.0
ORD_032002,Customer Return,Size / Fit Issue,790.4
ORD_032006,RTO (Undelivered),Customer Refused at Doorstep,1868.6
ORD_032011,RTO (Undelivered),Customer Refused at Doorstep,1730.0
ORD_032013,RTO (Undelivered),Customer Refused at Doorstep,1477.3
ORD_032014,Customer Return,Late Delivery,968.8
ORD_032015,Customer Return,Size / Fit Issue,446.4
ORD_032017,Customer Return,Size / Fit Issue,4477.1
ORD_032018,Customer Return,Late Delivery,488.4
ORD_032019,RTO (Undelivered),Customer Refused at Doorstep,666.0
ORD_032021,RTO (Undelivered),Customer Refused at Doorstep,2345.1
ORD_032024,Customer Return,Quality Not as Expected,1566.0
ORD_032027,RTO (Undelivered),Customer Refused at Doorstep,3866.0
ORD_032044,RTO (Undelivered),Customer Refused at Doorstep,707.6
ORD_032045,Customer Return,Quality Not as Expected,663.6
ORD_032046,Customer Return,Size / Fit Issue,1171.8
ORD_032048,Customer Return,Size / Fit Issue,2859.3
ORD_032049,Customer Return,Size / Fit Issue,2938.0
ORD_032050,RTO (Undelivered),Customer Refused at Doorstep,459.2
ORD_032051,RTO (Undelivered),Customer Refused at Doorstep,347.2
ORD_032061,RTO (Undelivered),Customer Refused at Doorstep,638.4
ORD_032064,RTO (Undelivered),Customer Refused at Doorstep,1770.3
ORD_032067,Customer Return,Size / Fit Issue,4010.8
ORD_032076,RTO (Undelivered),Customer Refused at Doorstep,2574.7
ORD_032078,RTO (Undelivered),Customer Refused at Doorstep,592.2
ORD_032079,Customer Return,Defective / Damaged Item,5115.4
ORD_032082,RTO (Undelivered),Customer Refused at Doorstep,4087.8
ORD_032084,RTO (Undelivered),Customer Refused at Doorstep,2408.4
ORD_032087,RTO (Undelivered),Customer Refused at Doorstep,2136.9
ORD_032088,Customer Return,Late Delivery,404.2
ORD_032091,RTO (Undelivered),Customer Refused at Doorstep,1360.0
ORD_032099,Customer Return,Quality Not as Expected,3222.8
ORD_032104,RTO (Undelivered),Customer Refused at Doorstep,1230.8
ORD_032112,RTO (Undelivered),Customer Refused at Doorstep,3535.2
ORD_032114,RTO (Undelivered),Customer Refused at Doorstep,2020.8
ORD_032119,RTO (Undelivered),Customer Refused at Doorstep,1927.9
ORD_032121,RTO (Undelivered),Customer Refused at Doorstep,3994.9
ORD_032126,Customer Return,Size / Fit Issue,550.8
ORD_032134,RTO (Undelivered),Customer Refused at Doorstep,2100.0
ORD_032135,Customer Return,Quality Not as Expected,442.4
ORD_032142,RTO (Undelivered),Customer Refused at Doorstep,1145.0
ORD_032147,RTO (Undelivered),Customer Refused at Doorstep,1071.0
ORD_032149,Customer Return,Quality Not as Expected,2002.5
ORD_032151,Customer Return,Size / Fit Issue,1435.2
ORD_032152,RTO (Undelivered),Customer Refused at Doorstep,1670.4
ORD_032153,RTO (Undelivered),Customer Refused at Doorstep,2175.2
ORD_032154,RTO (Undelivered),Customer Refused at Doorstep,5214.8
ORD_032157,Customer Return,Size / Fit Issue,2242.5
ORD_032160,RTO (Undelivered),Customer Refused at Doorstep,2255.5
ORD_032165,RTO (Undelivered),Customer Refused at Doorstep,4804.1
ORD_032167,RTO (Undelivered),Customer Refused at Doorstep,2425.6
ORD_032169,RTO (Undelivered),Customer Refused at Doorstep,2467.3
ORD_032175,Customer Return,Size / Fit Issue,3078.6
ORD_032183,Customer Return,Size / Fit Issue,1924.8
ORD_032190,Customer Return,Quality Not as Expected,3623.1
ORD_032191,Customer Return,Size / Fit Issue,1197.0
ORD_032202,Customer Return,Size / Fit Issue,487.2
ORD_032208,Customer Return,Late Delivery,4532.7
ORD_032209,Customer Return,Quality Not as Expected,3607.3
ORD_032216,RTO (Undelivered),Customer Refused at Doorstep,432.0
ORD_032221,RTO (Undelivered),Customer Refused at Doorstep,2490.0
ORD_032230,RTO (Undelivered),Customer Refused at Doorstep,2024.0
ORD_032232,Customer Return,Size / Fit Issue,1313.2
ORD_032235,Customer Return,Size / Fit Issue,1164.8
ORD_032245,Customer Return,Size / Fit Issue,1002.4
ORD_032250,Customer Return,Quality Not as Expected,3389.1
ORD_032256,RTO (Undelivered),Customer Refused at Doorstep,1238.8
ORD_032267,Customer Return,Size / Fit Issue,2006.4
ORD_032268,RTO (Undelivered),Customer Refused at Doorstep,1208.6
ORD_032270,RTO (Undelivered),Customer Refused at Doorstep,3326.7
ORD_032274,RTO (Undelivered),Customer Refused at Doorstep,576.0
ORD_032278,Customer Return,Defective / Damaged Item,489.8
ORD_032280,Customer Return,Defective / Damaged Item,1918.8
ORD_032284,Customer Return,Size / Fit Issue,2784.0
ORD_032285,Customer Return,Size / Fit Issue,1458.0
ORD_032294,Customer Return,Size / Fit Issue,2464.4
ORD_032298,RTO (Undelivered),Customer Refused at Doorstep,2108.0
ORD_032307,Customer Return,Quality Not as Expected,1136.8
ORD_032308,Customer Return,Defective / Damaged Item,1743.0
ORD_032310,Customer Return,Size / Fit Issue,2639.1
ORD_032319,Customer Return,Defective / Damaged Item,1008.2
ORD_032320,Customer Return,Size / Fit Issue,1122.9
ORD_032321,RTO (Undelivered),Customer Refused at Doorstep,2175.4
ORD_032324,Customer Return,Quality Not as Expected,7258.5
ORD_032325,Customer Return,Size / Fit Issue,687.3
ORD_032326,RTO (Undelivered),Customer Refused at Doorstep,725.7
ORD_032327,Customer Return,Size / Fit Issue,3478.0
ORD_032335,RTO (Undelivered),Customer Refused at Doorstep,6661.8
ORD_032336,Customer Return,Quality Not as Expected,1861.5
ORD_032337,Customer Return,Late Delivery,823.2
ORD_032339,Customer Return,Size / Fit Issue,3996.2
ORD_032340,RTO (Undelivered),Customer Refused at Doorstep,613.6
ORD_032342,Customer Return,Late Delivery,1826.4
ORD_032343,RTO (Undelivered),Customer Refused at Doorstep,1326.0
ORD_032356,Customer Return,Quality Not as Expected,2529.0
ORD_032360,RTO (Undelivered),Customer Refused at Doorstep,1254.6
ORD_032361,Customer Return,Size / Fit Issue,4275.6
ORD_032367,Customer Return,Late Delivery,3052.0
ORD_032370,RTO (Undelivered),Customer Refused at Doorstep,1819.2
ORD_032376,Customer Return,Quality Not as Expected,1590.7
ORD_032381,RTO (Undelivered),Customer Refused at Doorstep,3621.0
ORD_032382,RTO (Undelivered),Customer Refused at Doorstep,3338.4
ORD_032383,Customer Return,Size / Fit Issue,988.0
ORD_032384,Customer Return,Late Delivery,340.2
ORD_032386,Customer Return,Defective / Damaged Item,3192.0
ORD_032393,Customer Return,Size / Fit Issue,3056.2
ORD_032397,Customer Return,Late Delivery,1980.0
ORD_032409,Customer Return,Size / Fit Issue,1433.8
ORD_032414,Customer Return,Quality Not as Expected,3657.7
ORD_032415,Customer Return,Quality Not as Expected,3831.7
ORD_032426,RTO (Undelivered),Customer Refused at Doorstep,2492.6
ORD_032442,Customer Return,Size / Fit Issue,4109.0
ORD_032450,Customer Return,Size / Fit Issue,1576.4
ORD_032453,Customer Return,Defective / Damaged Item,1168.0
ORD_032462,RTO (Undelivered),Customer Refused at Doorstep,554.4
ORD_032465,Customer Return,Quality Not as Expected,714.4
ORD_032467,RTO (Undelivered),Customer Refused at Doorstep,1616.0
ORD_032468,Customer Return,Late Delivery,2638.4
ORD_032472,RTO (Undelivered),Customer Refused at Doorstep,638.4
ORD_032487,Customer Return,Size / Fit Issue,611.0
ORD_032488,Customer Return,Size / Fit Issue,3262.0
ORD_032491,Customer Return,Size / Fit Issue,356.7
ORD_032506,Customer Return,Size / Fit Issue,1331.2
ORD_032507,RTO (Undelivered),Customer Refused at Doorstep,5673.2
ORD_032508,Customer Return,Defective / Damaged Item,2923.3
ORD_032510,Customer Return,Defective / Damaged Item,1107.0
ORD_032519,Customer Return,Size / Fit Issue,3670.8
ORD_032522,RTO (Undelivered),Customer Refused at Doorstep,598.6
ORD_032523,RTO (Undelivered),Customer Refused at Doorstep,1920.0
ORD_032541,RTO (Undelivered),Customer Refused at Doorstep,497.2
ORD_032545,Customer Return,Quality Not as Expected,3331.7
ORD_032553,Customer Return,Quality Not as Expected,526.5
ORD_032554,RTO (Undelivered),Customer Refused at Doorstep,1246.6
ORD_032559,Customer Return,Size / Fit Issue,3966.8
ORD_032564,RTO (Undelivered),Customer Refused at Doorstep,3748.7
ORD_032566,RTO (Undelivered),Customer Refused at Doorstep,592.2
ORD_032570,RTO (Undelivered),Customer Refused at Doorstep,9340.2
ORD_032571,Customer Return,Defective / Damaged Item,2478.0
ORD_032575,RTO (Undelivered),Customer Refused at Doorstep,1361.7
ORD_032577,Customer Return,Quality Not as Expected,3076.3
ORD_032581,Customer Return,Defective / Damaged Item,2528.8
ORD_032586,Customer Return,Size / Fit Issue,5657.0
ORD_032592,RTO (Undelivered),Customer Refused at Doorstep,562.4
ORD_032597,Customer Return,Defective / Damaged Item,2464.0
ORD_032607,Customer Return,Quality Not as Expected,858.8
ORD_032609,RTO (Undelivered),Customer Refused at Doorstep,1110.0
ORD_032614,Customer Return,Size / Fit Issue,5380.5
ORD_032618,Customer Return,Size / Fit Issue,3203.3
ORD_032623,RTO (Undelivered),Customer Refused at Doorstep,675.8
ORD_032631,RTO (Undelivered),Customer Refused at Doorstep,811.2
ORD_032635,RTO (Undelivered),Customer Refused at Doorstep,3424.0
ORD_032637,Customer Return,Size / Fit Issue,1266.3
ORD_032643,RTO (Undelivered),Customer Refused at Doorstep,1297.5
ORD_032644,Customer Return,Size / Fit Issue,1947.9
ORD_032646,RTO (Undelivered),Customer Refused at Doorstep,714.0
ORD_032651,RTO (Undelivered),Customer Refused at Doorstep,976.0
ORD_032656,RTO (Undelivered),Customer Refused at Doorstep,403.2
ORD_032661,Customer Return,Late Delivery,3569.0
ORD_032662,RTO (Undelivered),Customer Refused at Doorstep,821.4
ORD_032672,Customer Return,Defective / Damaged Item,2515.5
ORD_032674,Customer Return,Quality Not as Expected,4305.0
ORD_032675,Customer Return,Late Delivery,1162.8
ORD_032679,RTO (Undelivered),Customer Refused at Doorstep,755.2
ORD_032685,RTO (Undelivered),Customer Refused at Doorstep,3447.8
ORD_032692,Customer Return,Size / Fit Issue,5010.0
ORD_032702,RTO (Undelivered),Customer Refused at Doorstep,1351.4
ORD_032704,Customer Return,Quality Not as Expected,3012.3
ORD_032708,Customer Return,Size / Fit Issue,5149.2
ORD_032713,Customer Return,Defective / Damaged Item,537.6
ORD_032717,RTO (Undelivered),Customer Refused at Doorstep,894.4
ORD_032718,Customer Return,Size / Fit Issue,4987.2
ORD_032721,Customer Return,Quality Not as Expected,910.0
ORD_032725,Customer Return,Quality Not as Expected,3405.7
ORD_032726,RTO (Undelivered),Customer Refused at Doorstep,2964.6
ORD_032729,RTO (Undelivered),Customer Refused at Doorstep,4141.1
ORD_032734,Customer Return,Size / Fit Issue,3165.5
ORD_032737,RTO (Undelivered),Customer Refused at Doorstep,1156.4
ORD_032744,Customer Return,Size / Fit Issue,734.7
ORD_032746,Customer Return,Size / Fit Issue,3581.6
ORD_032747,Customer Return,Late Delivery,3408.6
ORD_032749,Customer Return,Size / Fit Issue,2229.5
ORD_032755,Customer Return,Defective / Damaged Item,3012.9
ORD_032758,RTO (Undelivered),Customer Refused at Doorstep,1292.8
ORD_032760,Customer Return,Size / Fit Issue,762.6
ORD_032762,RTO (Undelivered),Customer Refused at Doorstep,2369.8
ORD_032765,Customer Return,Defective / Damaged Item,2490.0
ORD_032770,Customer Return,Quality Not as Expected,1248.0
ORD_032771,Customer Return,Size / Fit Issue,4147.5
ORD_032783,RTO (Undelivered),Customer Refused at Doorstep,2820.6
ORD_032784,RTO (Undelivered),Customer Refused at Doorstep,2310.1
ORD_032787,RTO (Undelivered),Customer Refused at Doorstep,2576.4
ORD_032789,Customer Return,Size / Fit Issue,1643.2
ORD_032794,Customer Return,Found Better Price Elsewhere,301.5
ORD_032795,RTO (Undelivered),Customer Refused at Doorstep,1591.0
ORD_032800,RTO (Undelivered),Customer Refused at Doorstep,611.0
ORD_032802,Customer Return,Defective / Damaged Item,1606.4
ORD_032804,RTO (Undelivered),Customer Refused at Doorstep,636.0
ORD_032807,Customer Return,Defective / Damaged Item,5037.1
ORD_032809,RTO (Undelivered),Customer Refused at Doorstep,4376.4
ORD_032813,RTO (Undelivered),Customer Refused at Doorstep,1104.1
ORD_032814,RTO (Undelivered),Customer Refused at Doorstep,1956.6
ORD_032816,RTO (Undelivered),Customer Refused at Doorstep,4173.5
ORD_032817,Customer Return,Size / Fit Issue,3422.0
ORD_032821,Customer Return,Size / Fit Issue,2925.9
ORD_032856,Customer Return,Size / Fit Issue,1553.9
ORD_032863,Customer Return,Size / Fit Issue,3252.0
ORD_032864,RTO (Undelivered),Customer Refused at Doorstep,4911.8
ORD_032865,RTO (Undelivered),Customer Refused at Doorstep,2683.6
ORD_032868,Customer Return,Found Better Price Elsewhere,1705.1
ORD_032874,Customer Return,Quality Not as Expected,5927.4
ORD_032876,Customer Return,Defective / Damaged Item,522.5
ORD_032880,RTO (Undelivered),Customer Refused at Doorstep,526.5
ORD_032888,Customer Return,Quality Not as Expected,1813.0
ORD_032892,RTO (Undelivered),Customer Refused at Doorstep,4116.7
ORD_032896,Customer Return,Quality Not as Expected,3444.0
ORD_032897,RTO (Undelivered),Customer Refused at Doorstep,3097.6
ORD_032898,Customer Return,Late Delivery,837.2
ORD_032913,Customer Return,Size / Fit Issue,3425.3
ORD_032916,RTO (Undelivered),Customer Refused at Doorstep,410.4
ORD_032921,RTO (Undelivered),Customer Refused at Doorstep,1680.0
ORD_032931,Customer Return,Size / Fit Issue,1669.5
ORD_032933,Customer Return,Late Delivery,2747.2
ORD_032934,Customer Return,Late Delivery,891.8
ORD_032938,Customer Return,Size / Fit Issue,1276.8
ORD_032944,RTO (Undelivered),Customer Refused at Doorstep,8628.2
ORD_032951,Customer Return,Quality Not as Expected,1890.8
ORD_032958,RTO (Undelivered),Customer Refused at Doorstep,3924.9
ORD_032962,Customer Return,Quality Not as Expected,3942.6
ORD_032963,Customer Return,Quality Not as Expected,1840.4
ORD_032964,RTO (Undelivered),Customer Refused at Doorstep,1897.8
ORD_032965,Customer Return,Size / Fit Issue,1536.6
ORD_032966,RTO (Undelivered),Customer Refused at Doorstep,5330.5
ORD_032967,Customer Return,Size / Fit Issue,426.3
ORD_032973,RTO (Undelivered),Customer Refused at Doorstep,280.8
ORD_032974,Customer Return,Late Delivery,739.5
ORD_032982,RTO (Undelivered),Customer Refused at Doorstep,1849.6
ORD_032984,RTO (Undelivered),Customer Refused at Doorstep,457.5
ORD_032990,Customer Return,Size / Fit Issue,3868.3
ORD_032994,Customer Return,Quality Not as Expected,3080.0
ORD_033002,Customer Return,Size / Fit Issue,4050.4
ORD_033003,Customer Return,Size / Fit Issue,1976.4
ORD_033008,Customer Return,Size / Fit Issue,2611.8
ORD_033011,RTO (Undelivered),Customer Refused at Doorstep,3638.0
ORD_033012,RTO (Undelivered),Customer Refused at Doorstep,1808.8
ORD_033018,Customer Return,Size / Fit Issue,6381.2
ORD_033020,RTO (Undelivered),Customer Refused at Doorstep,3720.8
ORD_033024,Customer Return,Defective / Damaged Item,1464.0
ORD_033026,RTO (Undelivered),Customer Refused at Doorstep,3198.7
ORD_033028,Customer Return,Size / Fit Issue,782.6
ORD_033033,Customer Return,Size / Fit Issue,2364.2
ORD_033041,RTO (Undelivered),Customer Refused at Doorstep,2746.5
ORD_033056,Customer Return,Size / Fit Issue,546.0
ORD_033057,Customer Return,Defective / Damaged Item,1055.4
ORD_033060,Customer Return,Defective / Damaged Item,679.8
ORD_033071,Customer Return,Size / Fit Issue,1583.3
ORD_033072,RTO (Undelivered),Customer Refused at Doorstep,705.6
ORD_033073,Customer Return,Size / Fit Issue,1282.6
ORD_033080,Customer Return,Size / Fit Issue,4699.1
ORD_033092,RTO (Undelivered),Customer Refused at Doorstep,1556.3
ORD_033097,Customer Return,Quality Not as Expected,438.6
ORD_033099,RTO (Undelivered),Customer Refused at Doorstep,1606.5
ORD_033100,Customer Return,Late Delivery,1003.2
ORD_033110,Customer Return,Size / Fit Issue,1378.9
ORD_033111,Customer Return,Defective / Damaged Item,2181.0
ORD_033114,Customer Return,Quality Not as Expected,2749.8
ORD_033117,RTO (Undelivered),Customer Refused at Doorstep,1275.0
ORD_033124,Customer Return,Size / Fit Issue,1000.5
ORD_033129,RTO (Undelivered),Customer Refused at Doorstep,1386.2
ORD_033137,Customer Return,Found Better Price Elsewhere,3475.8
ORD_033141,Customer Return,Late Delivery,2607.8
ORD_033148,Customer Return,Quality Not as Expected,2653.6
ORD_033155,RTO (Undelivered),Customer Refused at Doorstep,1141.7
ORD_033162,RTO (Undelivered),Customer Refused at Doorstep,402.9
ORD_033180,Customer Return,Size / Fit Issue,1401.3
ORD_033186,Customer Return,Quality Not as Expected,2871.2
ORD_033187,RTO (Undelivered),Customer Refused at Doorstep,1488.5
ORD_033189,Customer Return,Defective / Damaged Item,1830.4
ORD_033195,RTO (Undelivered),Customer Refused at Doorstep,5647.5
ORD_033206,RTO (Undelivered),Customer Refused at Doorstep,1269.1
ORD_033211,RTO (Undelivered),Customer Refused at Doorstep,2576.0
ORD_033218,RTO (Undelivered),Customer Refused at Doorstep,1905.4
ORD_033219,Customer Return,Late Delivery,2100.5
ORD_033224,Customer Return,Late Delivery,6188.0
ORD_033233,RTO (Undelivered),Customer Refused at Doorstep,390.6
ORD_033243,RTO (Undelivered),Customer Refused at Doorstep,3367.4
ORD_033252,Customer Return,Late Delivery,505.6
ORD_033253,Customer Return,Size / Fit Issue,1054.0
ORD_033254,Customer Return,Defective / Damaged Item,1518.4
ORD_033259,RTO (Undelivered),Customer Refused at Doorstep,695.8
ORD_033264,RTO (Undelivered),Customer Refused at Doorstep,1656.0
ORD_033268,RTO (Undelivered),Customer Refused at Doorstep,1492.7
ORD_033276,RTO (Undelivered),Customer Refused at Doorstep,664.3
ORD_033278,RTO (Undelivered),Customer Refused at Doorstep,3490.8
ORD_033279,RTO (Undelivered),Customer Refused at Doorstep,5830.8
ORD_033289,RTO (Undelivered),Customer Refused at Doorstep,696.0
ORD_033302,RTO (Undelivered),Customer Refused at Doorstep,2086.0
ORD_033312,RTO (Undelivered),Customer Refused at Doorstep,795.7
ORD_033313,RTO (Undelivered),Customer Refused at Doorstep,432.0
ORD_033317,Customer Return,Found Better Price Elsewhere,3115.2
ORD_033319,RTO (Undelivered),Customer Refused at Doorstep,3670.6
ORD_033321,Customer Return,Size / Fit Issue,1705.6
ORD_033323,Customer Return,Found Better Price Elsewhere,1659.6
ORD_033324,Customer Return,Size / Fit Issue,6037.6
ORD_033326,Customer Return,Size / Fit Issue,3224.0
ORD_033331,RTO (Undelivered),Customer Refused at Doorstep,3443.2
ORD_033343,Customer Return,Size / Fit Issue,6235.7
ORD_033344,Customer Return,Quality Not as Expected,565.5
ORD_033345,Customer Return,Quality Not as Expected,687.3
ORD_033348,RTO (Undelivered),Customer Refused at Doorstep,1443.2
ORD_033351,Customer Return,Size / Fit Issue,3577.3
ORD_033352,Customer Return,Defective / Damaged Item,5438.7
ORD_033355,Customer Return,Quality Not as Expected,1060.2
ORD_033361,Customer Return,Quality Not as Expected,1276.8
ORD_033365,Customer Return,Late Delivery,1115.0
ORD_033368,Customer Return,Quality Not as Expected,1100.5
ORD_033385,Customer Return,Size / Fit Issue,1360.8
ORD_033388,Customer Return,Defective / Damaged Item,4356.3
ORD_033393,Customer Return,Size / Fit Issue,1677.6
ORD_033406,Customer Return,Quality Not as Expected,1065.6
ORD_033412,Customer Return,Size / Fit Issue,539.4
ORD_033413,Customer Return,Quality Not as Expected,5714.3
ORD_033414,RTO (Undelivered),Customer Refused at Doorstep,1079.2
ORD_033421,Customer Return,Found Better Price Elsewhere,4584.2
ORD_033422,Customer Return,Size / Fit Issue,1622.9
ORD_033424,Customer Return,Size / Fit Issue,2033.6
ORD_033433,Customer Return,Quality Not as Expected,4679.3
ORD_033437,RTO (Undelivered),Customer Refused at Doorstep,2193.0
ORD_033439,Customer Return,Size / Fit Issue,1559.7
ORD_033441,Customer Return,Size / Fit Issue,1992.0
ORD_033449,RTO (Undelivered),Customer Refused at Doorstep,593.4
ORD_033452,Customer Return,Late Delivery,7938.7
ORD_033459,Customer Return,Size / Fit Issue,4363.8
ORD_033460,Customer Return,Size / Fit Issue,1078.0
ORD_033466,RTO (Undelivered),Customer Refused at Doorstep,846.8
ORD_033471,RTO (Undelivered),Customer Refused at Doorstep,5200.0
ORD_033478,Customer Return,Found Better Price Elsewhere,495.0
ORD_033483,Customer Return,Quality Not as Expected,3172.4
ORD_033484,Customer Return,Size / Fit Issue,4037.6
ORD_033486,RTO (Undelivered),Customer Refused at Doorstep,3309.8
ORD_033492,Customer Return,Quality Not as Expected,2965.0
ORD_033498,Customer Return,Defective / Damaged Item,1713.6
ORD_033504,Customer Return,Late Delivery,5889.1
ORD_033506,Customer Return,Quality Not as Expected,1391.0
ORD_033509,Customer Return,Size / Fit Issue,344.5
ORD_033510,Customer Return,Quality Not as Expected,1575.0
ORD_033512,Customer Return,Quality Not as Expected,5798.5
ORD_033518,Customer Return,Quality Not as Expected,2349.8
ORD_033520,Customer Return,Defective / Damaged Item,1047.2
ORD_033527,RTO (Undelivered),Customer Refused at Doorstep,1025.2
ORD_033528,RTO (Undelivered),Customer Refused at Doorstep,1165.0
ORD_033533,RTO (Undelivered),Customer Refused at Doorstep,3531.3
ORD_033551,Customer Return,Size / Fit Issue,2296.0
ORD_033552,RTO (Undelivered),Customer Refused at Doorstep,1131.2
ORD_033553,RTO (Undelivered),Customer Refused at Doorstep,3142.4
ORD_033559,Customer Return,Size / Fit Issue,1691.2
ORD_033560,Customer Return,Defective / Damaged Item,2443.6
ORD_033561,Customer Return,Size / Fit Issue,5318.1
ORD_033562,Customer Return,Found Better Price Elsewhere,2919.0
ORD_033568,Customer Return,Defective / Damaged Item,2235.0
ORD_033569,RTO (Undelivered),Customer Refused at Doorstep,942.5
ORD_033571,RTO (Undelivered),Customer Refused at Doorstep,456.0
ORD_033574,Customer Return,Size / Fit Issue,3880.0
ORD_033577,RTO (Undelivered),Customer Refused at Doorstep,594.5
ORD_033582,Customer Return,Quality Not as Expected,1924.0
ORD_033583,Customer Return,Size / Fit Issue,2188.8
ORD_033584,RTO (Undelivered),Customer Refused at Doorstep,1375.6
ORD_033595,Customer Return,Quality Not as Expected,3464.6
ORD_033600,RTO (Undelivered),Customer Refused at Doorstep,1228.5
ORD_033607,RTO (Undelivered),Customer Refused at Doorstep,1759.6
ORD_033608,Customer Return,Size / Fit Issue,288.0
ORD_033617,Customer Return,Size / Fit Issue,4661.8
ORD_033623,RTO (Undelivered),Customer Refused at Doorstep,3601.4
ORD_033636,RTO (Undelivered),Customer Refused at Doorstep,428.4
ORD_033643,RTO (Undelivered),Customer Refused at Doorstep,1228.3
ORD_033645,Customer Return,Defective / Damaged Item,6496.9
ORD_033646,Customer Return,Defective / Damaged Item,5293.7
ORD_033647,Customer Return,Quality Not as Expected,3238.5
ORD_033650,RTO (Undelivered),Customer Refused at Doorstep,813.6
ORD_033662,Customer Return,Size / Fit Issue,4117.1
ORD_033664,RTO (Undelivered),Customer Refused at Doorstep,5027.4
ORD_033668,RTO (Undelivered),Customer Refused at Doorstep,5346.5
ORD_033679,Customer Return,Defective / Damaged Item,714.0
ORD_033689,RTO (Undelivered),Customer Refused at Doorstep,4373.9
ORD_033690,Customer Return,Defective / Damaged Item,3556.9
ORD_033696,RTO (Undelivered),Customer Refused at Doorstep,1565.2
ORD_033706,Customer Return,Quality Not as Expected,1766.4
ORD_033711,Customer Return,Size / Fit Issue,5848.0
ORD_033712,RTO (Undelivered),Customer Refused at Doorstep,369.0
ORD_033722,Customer Return,Size / Fit Issue,3386.5
ORD_033723,Customer Return,Quality Not as Expected,961.0
ORD_033725,Customer Return,Found Better Price Elsewhere,4399.5
ORD_033729,Customer Return,Size / Fit Issue,2923.8
ORD_033732,Customer Return,Defective / Damaged Item,2656.0
ORD_033736,Customer Return,Late Delivery,7368.4
ORD_033737,RTO (Undelivered),Customer Refused at Doorstep,3619.0
ORD_033748,Customer Return,Defective / Damaged Item,1975.8
ORD_033769,RTO (Undelivered),Customer Refused at Doorstep,1539.4
ORD_033770,RTO (Undelivered),Customer Refused at Doorstep,655.2
ORD_033773,Customer Return,Late Delivery,2958.7
ORD_033775,RTO (Undelivered),Customer Refused at Doorstep,2039.2
ORD_033780,RTO (Undelivered),Customer Refused at Doorstep,888.8
ORD_033781,Customer Return,Size / Fit Issue,5706.7
ORD_033785,RTO (Undelivered),Customer Refused at Doorstep,453.6
ORD_033790,RTO (Undelivered),Customer Refused at Doorstep,1451.4
ORD_033791,Customer Return,Late Delivery,331.2
ORD_033795,Customer Return,Size / Fit Issue,405.0
ORD_033799,Customer Return,Quality Not as Expected,1809.6
ORD_033800,Customer Return,Size / Fit Issue,3868.2
ORD_033801,RTO (Undelivered),Customer Refused at Doorstep,2740.4
ORD_033806,RTO (Undelivered),Customer Refused at Doorstep,2478.1
ORD_033810,Customer Return,Quality Not as Expected,2084.0
ORD_033820,Customer Return,Quality Not as Expected,3294.8
ORD_033832,RTO (Undelivered),Customer Refused at Doorstep,768.5
ORD_033833,Customer Return,Size / Fit Issue,504.6
ORD_033835,Customer Return,Size / Fit Issue,3000.5
ORD_033841,Customer Return,Size / Fit Issue,2136.4
ORD_033845,RTO (Undelivered),Customer Refused at Doorstep,4120.6
ORD_033852,Customer Return,Size / Fit Issue,1369.2
ORD_033858,Customer Return,Quality Not as Expected,2588.6
ORD_033861,RTO (Undelivered),Customer Refused at Doorstep,4476.0
ORD_033873,Customer Return,Size / Fit Issue,1705.7
ORD_033877,RTO (Undelivered),Customer Refused at Doorstep,1842.6
ORD_033878,Customer Return,Size / Fit Issue,2801.5
ORD_033879,Customer Return,Quality Not as Expected,982.2
ORD_033880,Customer Return,Quality Not as Expected,1794.1
ORD_033888,RTO (Undelivered),Customer Refused at Doorstep,2587.6
ORD_033893,Customer Return,Quality Not as Expected,470.4
ORD_033894,RTO (Undelivered),Customer Refused at Doorstep,3528.0
ORD_033896,Customer Return,Size / Fit Issue,1233.8
ORD_033897,Customer Return,Size / Fit Issue,4202.8
ORD_033901,RTO (Undelivered),Customer Refused at Doorstep,4057.3
ORD_033907,RTO (Undelivered),Customer Refused at Doorstep,1272.0
ORD_033908,RTO (Undelivered),Customer Refused at Doorstep,2257.5
ORD_033909,Customer Return,Defective / Damaged Item,3810.8
ORD_033910,Customer Return,Late Delivery,899.0
ORD_033917,Customer Return,Defective / Damaged Item,2337.0
ORD_033924,Customer Return,Size / Fit Issue,1134.0
ORD_033933,Customer Return,Size / Fit Issue,1197.0
ORD_033956,Customer Return,Quality Not as Expected,2702.7
ORD_033959,Customer Return,Size / Fit Issue,1987.2
ORD_033974,Customer Return,Quality Not as Expected,921.3
ORD_033978,Customer Return,Size / Fit Issue,234.3
ORD_033984,Customer Return,Size / Fit Issue,1122.0
ORD_033991,RTO (Undelivered),Customer Refused at Doorstep,7148.8
ORD_033994,Customer Return,Size / Fit Issue,882.0
ORD_033996,RTO (Undelivered),Customer Refused at Doorstep,1480.0
ORD_033997,RTO (Undelivered),Customer Refused at Doorstep,3438.6
ORD_034004,Customer Return,Size / Fit Issue,1587.9
ORD_034009,RTO (Undelivered),Customer Refused at Doorstep,6919.3
ORD_034018,RTO (Undelivered),Customer Refused at Doorstep,1486.5
ORD_034024,RTO (Undelivered),Customer Refused at Doorstep,3880.7
ORD_034030,Customer Return,Defective / Damaged Item,5151.0
ORD_034036,Customer Return,Size / Fit Issue,1862.0
ORD_034037,Customer Return,Size / Fit Issue,2159.4
ORD_034042,RTO (Undelivered),Customer Refused at Doorstep,888.0
ORD_034050,RTO (Undelivered),Customer Refused at Doorstep,6636.0
ORD_034061,RTO (Undelivered),Customer Refused at Doorstep,1599.6
ORD_034062,Customer Return,Quality Not as Expected,907.2
ORD_034066,RTO (Undelivered),Customer Refused at Doorstep,2768.9
ORD_034068,RTO (Undelivered),Customer Refused at Doorstep,2392.9
ORD_034074,RTO (Undelivered),Customer Refused at Doorstep,2064.4
ORD_034075,Customer Return,Late Delivery,3853.6
ORD_034078,Customer Return,Quality Not as Expected,2606.7
ORD_034080,Customer Return,Size / Fit Issue,2004.7
ORD_034095,Customer Return,Size / Fit Issue,1497.2
ORD_034100,RTO (Undelivered),Customer Refused at Doorstep,2828.8
ORD_034101,Customer Return,Size / Fit Issue,2451.8
ORD_034105,Customer Return,Size / Fit Issue,1972.0
ORD_034107,Customer Return,Late Delivery,1024.0
ORD_034113,RTO (Undelivered),Customer Refused at Doorstep,1452.8
ORD_034119,RTO (Undelivered),Customer Refused at Doorstep,1151.4
ORD_034123,Customer Return,Quality Not as Expected,1007.5
ORD_034135,RTO (Undelivered),Customer Refused at Doorstep,772.8
ORD_034137,RTO (Undelivered),Customer Refused at Doorstep,1568.8
ORD_034139,Customer Return,Size / Fit Issue,514.6
ORD_034141,Customer Return,Size / Fit Issue,3645.9
ORD_034142,RTO (Undelivered),Customer Refused at Doorstep,472.5
ORD_034143,Customer Return,Quality Not as Expected,725.7
ORD_034152,Customer Return,Late Delivery,1012.7
ORD_034153,Customer Return,Size / Fit Issue,479.4
ORD_034154,RTO (Undelivered),Customer Refused at Doorstep,3509.8
ORD_034156,Customer Return,Defective / Damaged Item,2041.8
ORD_034157,Customer Return,Size / Fit Issue,2974.2
ORD_034163,RTO (Undelivered),Customer Refused at Doorstep,1648.2
ORD_034177,RTO (Undelivered),Customer Refused at Doorstep,2592.9
ORD_034181,RTO (Undelivered),Customer Refused at Doorstep,971.5
ORD_034182,Customer Return,Defective / Damaged Item,1180.9
ORD_034184,Customer Return,Late Delivery,660.0
ORD_034187,RTO (Undelivered),Customer Refused at Doorstep,1059.5
ORD_034188,Customer Return,Size / Fit Issue,2296.0
ORD_034191,RTO (Undelivered),Customer Refused at Doorstep,422.1
ORD_034197,Customer Return,Defective / Damaged Item,1996.6
ORD_034201,RTO (Undelivered),Customer Refused at Doorstep,1107.2
ORD_034205,Customer Return,Size / Fit Issue,1374.6
ORD_034211,Customer Return,Size / Fit Issue,4558.6
ORD_034219,Customer Return,Size / Fit Issue,1994.1
ORD_034224,Customer Return,Defective / Damaged Item,4168.0
ORD_034229,Customer Return,Quality Not as Expected,2330.6
ORD_034230,Customer Return,Size / Fit Issue,3002.3
ORD_034235,RTO (Undelivered),Customer Refused at Doorstep,3104.3
ORD_034238,RTO (Undelivered),Customer Refused at Doorstep,2610.3
ORD_034242,RTO (Undelivered),Customer Refused at Doorstep,592.5
ORD_034246,Customer Return,Size / Fit Issue,4043.0
ORD_034247,Customer Return,Quality Not as Expected,5763.2
ORD_034248,RTO (Undelivered),Customer Refused at Doorstep,1596.0
ORD_034258,RTO (Undelivered),Customer Refused at Doorstep,403.2
ORD_034265,RTO (Undelivered),Customer Refused at Doorstep,2066.4
ORD_034268,Customer Return,Late Delivery,372.6
ORD_034270,RTO (Undelivered),Customer Refused at Doorstep,497.7
ORD_034272,Customer Return,Size / Fit Issue,1315.7
ORD_034273,RTO (Undelivered),Customer Refused at Doorstep,346.5
ORD_034275,RTO (Undelivered),Customer Refused at Doorstep,1990.8
ORD_034281,Customer Return,Defective / Damaged Item,2175.0
ORD_034283,RTO (Undelivered),Customer Refused at Doorstep,2522.0
ORD_034292,RTO (Undelivered),Customer Refused at Doorstep,880.2
ORD_034300,RTO (Undelivered),Customer Refused at Doorstep,2656.0
ORD_034305,Customer Return,Quality Not as Expected,1998.7
ORD_034309,Customer Return,Found Better Price Elsewhere,1722.0
ORD_034329,Customer Return,Size / Fit Issue,660.0
ORD_034334,RTO (Undelivered),Customer Refused at Doorstep,3313.6
ORD_034336,RTO (Undelivered),Customer Refused at Doorstep,5017.2
ORD_034341,Customer Return,Quality Not as Expected,1092.7
ORD_034342,Customer Return,Size / Fit Issue,915.6
ORD_034343,Customer Return,Quality Not as Expected,5242.8
ORD_034349,RTO (Undelivered),Customer Refused at Doorstep,2728.0
ORD_034353,RTO (Undelivered),Customer Refused at Doorstep,697.6
ORD_034360,Customer Return,Defective / Damaged Item,814.2
ORD_034365,Customer Return,Defective / Damaged Item,2967.6
ORD_034367,RTO (Undelivered),Customer Refused at Doorstep,4970.2
ORD_034369,RTO (Undelivered),Customer Refused at Doorstep,3685.6
ORD_034373,Customer Return,Size / Fit Issue,2392.0
ORD_034375,Customer Return,Size / Fit Issue,3710.1
ORD_034377,Customer Return,Size / Fit Issue,1187.6
ORD_034379,RTO (Undelivered),Customer Refused at Doorstep,1673.2
ORD_034381,Customer Return,Size / Fit Issue,2068.0
ORD_034385,Customer Return,Size / Fit Issue,1701.0
ORD_034386,RTO (Undelivered),Customer Refused at Doorstep,3192.0
ORD_034389,Customer Return,Size / Fit Issue,572.4
ORD_034390,RTO (Undelivered),Customer Refused at Doorstep,1351.5
ORD_034392,Customer Return,Quality Not as Expected,1895.5
ORD_034400,RTO (Undelivered),Customer Refused at Doorstep,669.5
ORD_034404,Customer Return,Size / Fit Issue,984.9
ORD_034405,Customer Return,Late Delivery,2729.4
ORD_034410,RTO (Undelivered),Customer Refused at Doorstep,566.8
ORD_034413,Customer Return,Defective / Damaged Item,951.5
ORD_034414,RTO (Undelivered),Customer Refused at Doorstep,2645.5
ORD_034421,RTO (Undelivered),Customer Refused at Doorstep,6552.3
ORD_034423,Customer Return,Quality Not as Expected,5373.3
ORD_034426,Customer Return,Size / Fit Issue,4519.2
ORD_034428,RTO (Undelivered),Customer Refused at Doorstep,5407.2
ORD_034432,Customer Return,Size / Fit Issue,4367.6
ORD_034435,Customer Return,Defective / Damaged Item,426.3
ORD_034439,RTO (Undelivered),Customer Refused at Doorstep,1531.7
ORD_034440,RTO (Undelivered),Customer Refused at Doorstep,971.1
ORD_034444,RTO (Undelivered),Customer Refused at Doorstep,638.4
ORD_034450,Customer Return,Found Better Price Elsewhere,1141.7
ORD_034465,RTO (Undelivered),Customer Refused at Doorstep,2991.5
ORD_034467,Customer Return,Quality Not as Expected,3307.5
ORD_034468,RTO (Undelivered),Customer Refused at Doorstep,1166.8
ORD_034472,Customer Return,Size / Fit Issue,3631.4
ORD_034476,Customer Return,Size / Fit Issue,3256.2
ORD_034478,Customer Return,Found Better Price Elsewhere,3106.4
ORD_034479,Customer Return,Late Delivery,3716.9
ORD_034490,RTO (Undelivered),Customer Refused at Doorstep,2140.0
ORD_034492,RTO (Undelivered),Customer Refused at Doorstep,3186.4
ORD_034496,RTO (Undelivered),Customer Refused at Doorstep,2609.1
ORD_034497,RTO (Undelivered),Customer Refused at Doorstep,336.0
ORD_034500,Customer Return,Size / Fit Issue,4272.2
ORD_034502,RTO (Undelivered),Customer Refused at Doorstep,3212.5
ORD_034506,Customer Return,Quality Not as Expected,5069.2
ORD_034509,Customer Return,Size / Fit Issue,886.4
ORD_034514,RTO (Undelivered),Customer Refused at Doorstep,529.2
ORD_034515,RTO (Undelivered),Customer Refused at Doorstep,2482.4
ORD_034517,Customer Return,Defective / Damaged Item,4676.2
ORD_034519,Customer Return,Size / Fit Issue,1091.2
ORD_034524,Customer Return,Size / Fit Issue,1452.7
ORD_034525,RTO (Undelivered),Customer Refused at Doorstep,1326.0
ORD_034526,Customer Return,Size / Fit Issue,854.0
ORD_034528,Customer Return,Defective / Damaged Item,361.2
ORD_034529,RTO (Undelivered),Customer Refused at Doorstep,516.6
ORD_034531,RTO (Undelivered),Customer Refused at Doorstep,817.8
ORD_034534,Customer Return,Quality Not as Expected,5853.6
ORD_034537,Customer Return,Defective / Damaged Item,985.6
ORD_034538,RTO (Undelivered),Customer Refused at Doorstep,965.6
ORD_034539,RTO (Undelivered),Customer Refused at Doorstep,2359.4
ORD_034541,Customer Return,Size / Fit Issue,2406.3
ORD_034546,Customer Return,Quality Not as Expected,1163.5
ORD_034549,RTO (Undelivered),Customer Refused at Doorstep,576.7
ORD_034552,Customer Return,Found Better Price Elsewhere,2508.6
ORD_034558,Customer Return,Size / Fit Issue,3143.6
ORD_034561,RTO (Undelivered),Customer Refused at Doorstep,3154.7
ORD_034562,Customer Return,Late Delivery,1560.0
ORD_034563,Customer Return,Quality Not as Expected,1846.9
ORD_034567,Customer Return,Size / Fit Issue,2788.7
ORD_034568,Customer Return,Size / Fit Issue,1823.3
ORD_034570,Customer Return,Quality Not as Expected,554.4
ORD_034575,Customer Return,Quality Not as Expected,324.0
ORD_034580,RTO (Undelivered),Customer Refused at Doorstep,1771.2
ORD_034586,RTO (Undelivered),Customer Refused at Doorstep,759.2
ORD_034587,Customer Return,Found Better Price Elsewhere,3647.0
ORD_034600,Customer Return,Quality Not as Expected,3542.8
ORD_034605,Customer Return,Quality Not as Expected,2709.0
ORD_034608,RTO (Undelivered),Customer Refused at Doorstep,671.5
ORD_034609,Customer Return,Defective / Damaged Item,4057.7
ORD_034611,Customer Return,Size / Fit Issue,1060.8
ORD_034615,RTO (Undelivered),Customer Refused at Doorstep,820.8
ORD_034620,Customer Return,Quality Not as Expected,1652.4
ORD_034624,RTO (Undelivered),Customer Refused at Doorstep,1966.5
ORD_034626,Customer Return,Late Delivery,1182.0
ORD_034630,RTO (Undelivered),Customer Refused at Doorstep,971.1
ORD_034639,RTO (Undelivered),Customer Refused at Doorstep,4409.1
ORD_034641,Customer Return,Size / Fit Issue,4630.1
ORD_034643,Customer Return,Size / Fit Issue,1155.6
ORD_034648,RTO (Undelivered),Customer Refused at Doorstep,1632.4
ORD_034655,Customer Return,Size / Fit Issue,963.2
ORD_034657,RTO (Undelivered),Customer Refused at Doorstep,1720.4
ORD_034659,RTO (Undelivered),Customer Refused at Doorstep,2874.3
ORD_034668,RTO (Undelivered),Customer Refused at Doorstep,5470.6
ORD_034674,Customer Return,Quality Not as Expected,4185.5
ORD_034675,RTO (Undelivered),Customer Refused at Doorstep,432.0
ORD_034676,Customer Return,Size / Fit Issue,2349.0
ORD_034680,Customer Return,Quality Not as Expected,1573.2
ORD_034681,Customer Return,Defective / Damaged Item,4127.9
ORD_034682,Customer Return,Found Better Price Elsewhere,8098.7
ORD_034685,RTO (Undelivered),Customer Refused at Doorstep,997.1
ORD_034686,Customer Return,Size / Fit Issue,2338.4
ORD_034689,Customer Return,Size / Fit Issue,2515.5
ORD_034693,RTO (Undelivered),Customer Refused at Doorstep,345.0
ORD_034695,Customer Return,Quality Not as Expected,687.3
ORD_034702,Customer Return,Found Better Price Elsewhere,520.0
ORD_034705,Customer Return,Size / Fit Issue,2934.6
ORD_034707,Customer Return,Quality Not as Expected,910.2
ORD_034708,Customer Return,Found Better Price Elsewhere,5216.8
ORD_034714,RTO (Undelivered),Customer Refused at Doorstep,252.0
ORD_034716,Customer Return,Size / Fit Issue,910.2
ORD_034717,Customer Return,Quality Not as Expected,1122.2
ORD_034721,Customer Return,Quality Not as Expected,1284.0
ORD_034730,Customer Return,Quality Not as Expected,1792.0
ORD_034739,Customer Return,Quality Not as Expected,1957.2
ORD_034749,RTO (Undelivered),Customer Refused at Doorstep,471.2
ORD_034752,Customer Return,Defective / Damaged Item,1635.0
ORD_034757,RTO (Undelivered),Customer Refused at Doorstep,837.0
ORD_034763,Customer Return,Quality Not as Expected,3386.5
ORD_034764,Customer Return,Size / Fit Issue,1248.9
ORD_034766,RTO (Undelivered),Customer Refused at Doorstep,927.1
ORD_034768,Customer Return,Quality Not as Expected,3124.0
ORD_034774,Customer Return,Size / Fit Issue,2552.2
ORD_034775,RTO (Undelivered),Customer Refused at Doorstep,3955.6
ORD_034778,RTO (Undelivered),Customer Refused at Doorstep,3297.3
ORD_034780,RTO (Undelivered),Customer Refused at Doorstep,1422.0
ORD_034781,RTO (Undelivered),Customer Refused at Doorstep,1116.0
ORD_034783,Customer Return,Size / Fit Issue,1448.4
ORD_034792,RTO (Undelivered),Customer Refused at Doorstep,4751.5
ORD_034800,Customer Return,Defective / Damaged Item,505.6
ORD_034802,RTO (Undelivered),Customer Refused at Doorstep,778.3
ORD_034804,Customer Return,Quality Not as Expected,5817.9
ORD_034806,Customer Return,Late Delivery,619.1
ORD_034818,RTO (Undelivered),Customer Refused at Doorstep,2865.8
ORD_034824,Customer Return,Size / Fit Issue,2545.6
ORD_034827,RTO (Undelivered),Customer Refused at Doorstep,2050.1
ORD_034851,RTO (Undelivered),Customer Refused at Doorstep,480.0
ORD_034852,RTO (Undelivered),Customer Refused at Doorstep,1770.3
ORD_034854,Customer Return,Size / Fit Issue,3057.8
ORD_034855,Customer Return,Size / Fit Issue,837.8
ORD_034856,Customer Return,Quality Not as Expected,2108.0
ORD_034857,Customer Return,Size / Fit Issue,1513.6
ORD_034865,RTO (Undelivered),Customer Refused at Doorstep,700.8
ORD_034866,Customer Return,Defective / Damaged Item,880.4
ORD_034869,RTO (Undelivered),Customer Refused at Doorstep,2510.8
ORD_034870,RTO (Undelivered),Customer Refused at Doorstep,5465.4
ORD_034872,Customer Return,Defective / Damaged Item,435.0
ORD_034875,RTO (Undelivered),Customer Refused at Doorstep,2216.2
ORD_034881,RTO (Undelivered),Customer Refused at Doorstep,851.0
ORD_034885,RTO (Undelivered),Customer Refused at Doorstep,7663.7
ORD_034888,Customer Return,Size / Fit Issue,1877.8
ORD_034898,Customer Return,Size / Fit Issue,2291.2
ORD_034900,Customer Return,Quality Not as Expected,2232.2
ORD_034917,RTO (Undelivered),Customer Refused at Doorstep,2198.2
ORD_034922,Customer Return,Size / Fit Issue,1224.0
ORD_034930,RTO (Undelivered),Customer Refused at Doorstep,562.8
ORD_034934,Customer Return,Size / Fit Issue,1284.4
ORD_034935,Customer Return,Late Delivery,4423.6
ORD_034938,Customer Return,Size / Fit Issue,1533.3
ORD_034942,RTO (Undelivered),Customer Refused at Doorstep,3282.3
ORD_034944,Customer Return,Quality Not as Expected,1656.6
ORD_034945,RTO (Undelivered),Customer Refused at Doorstep,2632.6
ORD_034954,RTO (Undelivered),Customer Refused at Doorstep,3832.5
ORD_034955,Customer Return,Size / Fit Issue,1907.2
ORD_034962,RTO (Undelivered),Customer Refused at Doorstep,980.4
ORD_034964,Customer Return,Size / Fit Issue,524.6
ORD_034975,Customer Return,Defective / Damaged Item,4791.4
ORD_034979,Customer Return,Size / Fit Issue,2652.1
ORD_034982,Customer Return,Late Delivery,4680.6
ORD_034987,Customer Return,Size / Fit Issue,3307.5
ORD_034990,Customer Return,Size / Fit Issue,5151.6
ORD_034997,Customer Return,Size / Fit Issue,3507.3
ORD_034999,Customer Return,Late Delivery,1461.6
ORD_035020,RTO (Undelivered),Customer Refused at Doorstep,2156.0
ORD_035024,Customer Return,Size / Fit Issue,1047.2
ORD_035025,RTO (Undelivered),Customer Refused at Doorstep,1639.6
ORD_035028,RTO (Undelivered),Customer Refused at Doorstep,3633.4
ORD_035029,RTO (Undelivered),Customer Refused at Doorstep,4974.2
ORD_035030,Customer Return,Size / Fit Issue,2850.4
ORD_035034,RTO (Undelivered),Customer Refused at Doorstep,1484.0
ORD_035036,RTO (Undelivered),Customer Refused at Doorstep,926.3
ORD_035038,RTO (Undelivered),Customer Refused at Doorstep,4376.4
ORD_035042,RTO (Undelivered),Customer Refused at Doorstep,1467.8
ORD_035044,RTO (Undelivered),Customer Refused at Doorstep,3342.6
ORD_035058,RTO (Undelivered),Customer Refused at Doorstep,1350.2
ORD_035060,Customer Return,Size / Fit Issue,987.0
ORD_035064,RTO (Undelivered),Customer Refused at Doorstep,2294.0
ORD_035075,Customer Return,Found Better Price Elsewhere,1081.6
ORD_035078,Customer Return,Late Delivery,474.0
ORD_035085,RTO (Undelivered),Customer Refused at Doorstep,3149.6
ORD_035092,Customer Return,Defective / Damaged Item,382.5
ORD_035104,Customer Return,Quality Not as Expected,679.5
ORD_035105,RTO (Undelivered),Customer Refused at Doorstep,1741.8
ORD_035106,RTO (Undelivered),Customer Refused at Doorstep,2000.8
ORD_035111,Customer Return,Size / Fit Issue,2023.2
ORD_035120,RTO (Undelivered),Customer Refused at Doorstep,2536.9
ORD_035123,Customer Return,Size / Fit Issue,329.4
ORD_035124,RTO (Undelivered),Customer Refused at Doorstep,754.8
ORD_035127,RTO (Undelivered),Customer Refused at Doorstep,1238.2
ORD_035132,RTO (Undelivered),Customer Refused at Doorstep,885.0
ORD_035140,Customer Return,Size / Fit Issue,1940.0
ORD_035145,Customer Return,Defective / Damaged Item,2438.1
ORD_035150,Customer Return,Found Better Price Elsewhere,1462.8
ORD_035151,Customer Return,Found Better Price Elsewhere,3691.3
ORD_035155,RTO (Undelivered),Customer Refused at Doorstep,596.7
ORD_035164,RTO (Undelivered),Customer Refused at Doorstep,519.4
ORD_035165,Customer Return,Size / Fit Issue,1250.6
ORD_035167,RTO (Undelivered),Customer Refused at Doorstep,4515.0
ORD_035168,RTO (Undelivered),Customer Refused at Doorstep,3013.8
ORD_035174,RTO (Undelivered),Customer Refused at Doorstep,774.4
ORD_035177,Customer Return,Size / Fit Issue,703.0
ORD_035181,RTO (Undelivered),Customer Refused at Doorstep,3018.0
ORD_035183,RTO (Undelivered),Customer Refused at Doorstep,1216.0
ORD_035189,Customer Return,Size / Fit Issue,1602.0
ORD_035198,Customer Return,Size / Fit Issue,3003.0
ORD_035201,Customer Return,Late Delivery,194.7
ORD_035202,Customer Return,Found Better Price Elsewhere,2142.0
ORD_035212,Customer Return,Quality Not as Expected,4640.7
ORD_035214,RTO (Undelivered),Customer Refused at Doorstep,1726.4
ORD_035215,Customer Return,Size / Fit Issue,619.2
ORD_035217,RTO (Undelivered),Customer Refused at Doorstep,7606.7
ORD_035219,RTO (Undelivered),Customer Refused at Doorstep,2100.0
ORD_035220,RTO (Undelivered),Customer Refused at Doorstep,1041.4
ORD_035224,RTO (Undelivered),Customer Refused at Doorstep,1206.2
ORD_035226,Customer Return,Quality Not as Expected,2690.9
ORD_035230,Customer Return,Quality Not as Expected,4673.8
ORD_035235,Customer Return,Defective / Damaged Item,3486.0
ORD_035239,RTO (Undelivered),Customer Refused at Doorstep,2147.6
ORD_035242,RTO (Undelivered),Customer Refused at Doorstep,1281.5
ORD_035246,RTO (Undelivered),Customer Refused at Doorstep,579.5
ORD_035248,Customer Return,Quality Not as Expected,530.7
ORD_035250,Customer Return,Size / Fit Issue,1045.5
ORD_035262,RTO (Undelivered),Customer Refused at Doorstep,2928.0
ORD_035263,RTO (Undelivered),Customer Refused at Doorstep,965.7
ORD_035266,Customer Return,Quality Not as Expected,3969.4
ORD_035267,Customer Return,Size / Fit Issue,1069.2
ORD_035268,Customer Return,Defective / Damaged Item,2905.1
ORD_035271,RTO (Undelivered),Customer Refused at Doorstep,2734.0
ORD_035275,RTO (Undelivered),Customer Refused at Doorstep,1535.7
ORD_035281,RTO (Undelivered),Customer Refused at Doorstep,1474.2
ORD_035283,Customer Return,Size / Fit Issue,1075.2
ORD_035287,Customer Return,Found Better Price Elsewhere,4147.5
ORD_035292,RTO (Undelivered),Customer Refused at Doorstep,2607.2
ORD_035294,RTO (Undelivered),Customer Refused at Doorstep,568.0
ORD_035295,Customer Return,Size / Fit Issue,946.2
ORD_035301,Customer Return,Size / Fit Issue,2264.8
ORD_035303,Customer Return,Quality Not as Expected,1047.4
ORD_035305,Customer Return,Size / Fit Issue,424.0
ORD_035311,Customer Return,Quality Not as Expected,3315.3
ORD_035318,Customer Return,Defective / Damaged Item,966.0
ORD_035321,Customer Return,Size / Fit Issue,1213.6
ORD_035327,Customer Return,Size / Fit Issue,2342.6
ORD_035332,Customer Return,Quality Not as Expected,1494.5
ORD_035334,Customer Return,Defective / Damaged Item,1518.0
ORD_035335,Customer Return,Quality Not as Expected,4554.6
ORD_035338,Customer Return,Quality Not as Expected,3078.8
ORD_035339,Customer Return,Defective / Damaged Item,2091.0
ORD_035348,Customer Return,Late Delivery,2785.0
ORD_035363,RTO (Undelivered),Customer Refused at Doorstep,1561.0
ORD_035366,RTO (Undelivered),Customer Refused at Doorstep,1355.2
ORD_035368,Customer Return,Quality Not as Expected,420.0
ORD_035376,Customer Return,Quality Not as Expected,3876.0
ORD_035387,RTO (Undelivered),Customer Refused at Doorstep,469.8
ORD_035388,RTO (Undelivered),Customer Refused at Doorstep,937.2
ORD_035389,RTO (Undelivered),Customer Refused at Doorstep,1859.2
ORD_035392,Customer Return,Quality Not as Expected,979.8
ORD_035394,Customer Return,Defective / Damaged Item,1197.0
ORD_035395,RTO (Undelivered),Customer Refused at Doorstep,3418.5
ORD_035404,RTO (Undelivered),Customer Refused at Doorstep,1422.4
ORD_035407,RTO (Undelivered),Customer Refused at Doorstep,4087.1
ORD_035414,Customer Return,Size / Fit Issue,1757.0
ORD_035415,Customer Return,Late Delivery,2148.0
ORD_035417,Customer Return,Quality Not as Expected,2688.0
ORD_035418,RTO (Undelivered),Customer Refused at Doorstep,7347.5
ORD_035440,RTO (Undelivered),Customer Refused at Doorstep,1666.4
ORD_035441,RTO (Undelivered),Customer Refused at Doorstep,2552.9
ORD_035445,Customer Return,Size / Fit Issue,2197.8
ORD_035459,Customer Return,Quality Not as Expected,6124.3
ORD_035468,Customer Return,Quality Not as Expected,1631.5
ORD_035470,Customer Return,Quality Not as Expected,1712.0
ORD_035477,Customer Return,Size / Fit Issue,4207.5
ORD_035479,Customer Return,Late Delivery,2442.0
ORD_035480,RTO (Undelivered),Customer Refused at Doorstep,2916.4
ORD_035483,RTO (Undelivered),Customer Refused at Doorstep,2201.1
ORD_035485,Customer Return,Quality Not as Expected,1530.0
ORD_035487,RTO (Undelivered),Customer Refused at Doorstep,4526.7
ORD_035488,RTO (Undelivered),Customer Refused at Doorstep,631.4
ORD_035491,Customer Return,Size / Fit Issue,1256.7
ORD_035495,Customer Return,Late Delivery,2698.6
ORD_035498,RTO (Undelivered),Customer Refused at Doorstep,2472.6
ORD_035506,Customer Return,Size / Fit Issue,2032.6
ORD_035513,Customer Return,Late Delivery,3685.6
ORD_035516,Customer Return,Quality Not as Expected,2748.4
ORD_035526,RTO (Undelivered),Customer Refused at Doorstep,1401.3
ORD_035527,Customer Return,Size / Fit Issue,2483.2
ORD_035534,RTO (Undelivered),Customer Refused at Doorstep,934.8
ORD_035538,Customer Return,Defective / Damaged Item,1577.4
ORD_035543,Customer Return,Found Better Price Elsewhere,2343.2
ORD_035550,Customer Return,Quality Not as Expected,1251.6
ORD_035553,Customer Return,Late Delivery,2454.2
ORD_035554,Customer Return,Size / Fit Issue,2720.0
ORD_035565,Customer Return,Size / Fit Issue,207.9
ORD_035571,RTO (Undelivered),Customer Refused at Doorstep,2162.0
ORD_035572,Customer Return,Size / Fit Issue,2055.8
ORD_035581,Customer Return,Quality Not as Expected,1720.8
ORD_035586,Customer Return,Quality Not as Expected,2310.0
ORD_035587,RTO (Undelivered),Customer Refused at Doorstep,5930.3
ORD_035588,Customer Return,Size / Fit Issue,3531.6
ORD_035589,RTO (Undelivered),Customer Refused at Doorstep,695.2
ORD_035595,Customer Return,Quality Not as Expected,466.2
ORD_035597,Customer Return,Quality Not as Expected,261.0
ORD_035600,RTO (Undelivered),Customer Refused at Doorstep,815.4
ORD_035601,Customer Return,Size / Fit Issue,2227.6
ORD_035602,RTO (Undelivered),Customer Refused at Doorstep,1865.9
ORD_035604,Customer Return,Size / Fit Issue,1122.0
ORD_035607,Customer Return,Quality Not as Expected,3071.0
ORD_035609,RTO (Undelivered),Customer Refused at Doorstep,585.0
ORD_035612,Customer Return,Size / Fit Issue,469.8
ORD_035613,Customer Return,Quality Not as Expected,3297.8
ORD_035618,RTO (Undelivered),Customer Refused at Doorstep,2331.8
ORD_035625,Customer Return,Found Better Price Elsewhere,2996.0
ORD_035627,RTO (Undelivered),Customer Refused at Doorstep,1024.1
ORD_035630,Customer Return,Size / Fit Issue,2318.4
ORD_035636,Customer Return,Size / Fit Issue,1727.5
ORD_035637,Customer Return,Size / Fit Issue,726.6
ORD_035639,Customer Return,Size / Fit Issue,3452.3
ORD_035640,RTO (Undelivered),Customer Refused at Doorstep,1553.2
ORD_035642,Customer Return,Size / Fit Issue,1954.5
ORD_035644,RTO (Undelivered),Customer Refused at Doorstep,505.6
ORD_035646,Customer Return,Size / Fit Issue,540.6
ORD_035650,Customer Return,Size / Fit Issue,254.1
ORD_035658,RTO (Undelivered),Customer Refused at Doorstep,7287.8
ORD_035660,Customer Return,Late Delivery,884.5
ORD_035662,RTO (Undelivered),Customer Refused at Doorstep,2627.0
ORD_035667,Customer Return,Size / Fit Issue,704.0
ORD_035673,Customer Return,Quality Not as Expected,4811.1
ORD_035675,Customer Return,Found Better Price Elsewhere,750.5
ORD_035683,Customer Return,Defective / Damaged Item,5518.7
ORD_035687,RTO (Undelivered),Customer Refused at Doorstep,570.0
ORD_035695,Customer Return,Quality Not as Expected,1580.8
ORD_035699,RTO (Undelivered),Customer Refused at Doorstep,3375.6
ORD_035709,RTO (Undelivered),Customer Refused at Doorstep,648.0
ORD_035712,Customer Return,Late Delivery,1450.4
ORD_035713,RTO (Undelivered),Customer Refused at Doorstep,6993.3
ORD_035718,Customer Return,Size / Fit Issue,3768.4
ORD_035720,Customer Return,Size / Fit Issue,2480.0
ORD_035722,Customer Return,Size / Fit Issue,1377.0
ORD_035724,Customer Return,Size / Fit Issue,4044.6
ORD_035726,Customer Return,Quality Not as Expected,2485.6
ORD_035727,Customer Return,Late Delivery,3220.4
ORD_035730,RTO (Undelivered),Customer Refused at Doorstep,3084.5
ORD_035734,Customer Return,Quality Not as Expected,4505.6
ORD_035739,Customer Return,Size / Fit Issue,2784.6
ORD_035754,Customer Return,Size / Fit Issue,4813.9
ORD_035756,RTO (Undelivered),Customer Refused at Doorstep,2709.2
ORD_035761,RTO (Undelivered),Customer Refused at Doorstep,1167.1
ORD_035763,Customer Return,Size / Fit Issue,799.0
ORD_035764,Customer Return,Defective / Damaged Item,635.1
ORD_035766,RTO (Undelivered),Customer Refused at Doorstep,2503.2
ORD_035769,Customer Return,Found Better Price Elsewhere,1770.3
ORD_035770,RTO (Undelivered),Customer Refused at Doorstep,1131.0
ORD_035771,Customer Return,Quality Not as Expected,847.6
ORD_035778,RTO (Undelivered),Customer Refused at Doorstep,2407.0
ORD_035782,Customer Return,Quality Not as Expected,4310.8
ORD_035783,Customer Return,Defective / Damaged Item,1219.6
ORD_035789,RTO (Undelivered),Customer Refused at Doorstep,3197.2
ORD_035794,RTO (Undelivered),Customer Refused at Doorstep,8251.4
ORD_035800,RTO (Undelivered),Customer Refused at Doorstep,1037.3
ORD_035804,Customer Return,Size / Fit Issue,2649.2
ORD_035805,Customer Return,Found Better Price Elsewhere,2449.0
ORD_035808,Customer Return,Late Delivery,1792.8
ORD_035813,Customer Return,Size / Fit Issue,4101.2
ORD_035820,Customer Return,Found Better Price Elsewhere,994.0
ORD_035826,Customer Return,Size / Fit Issue,1896.4
ORD_035827,Customer Return,Defective / Damaged Item,630.0
ORD_035833,RTO (Undelivered),Customer Refused at Doorstep,1155.9
ORD_035835,RTO (Undelivered),Customer Refused at Doorstep,2801.5
ORD_035838,Customer Return,Quality Not as Expected,1135.2
ORD_035843,Customer Return,Size / Fit Issue,2753.4
ORD_035855,Customer Return,Late Delivery,1907.6
ORD_035863,RTO (Undelivered),Customer Refused at Doorstep,574.0
ORD_035864,Customer Return,Size / Fit Issue,1574.4
ORD_035868,Customer Return,Defective / Damaged Item,1079.2
ORD_035872,Customer Return,Size / Fit Issue,3352.1
ORD_035878,Customer Return,Quality Not as Expected,1740.4
ORD_035885,RTO (Undelivered),Customer Refused at Doorstep,3764.8
ORD_035889,Customer Return,Defective / Damaged Item,608.0
ORD_035893,RTO (Undelivered),Customer Refused at Doorstep,2242.5
ORD_035894,Customer Return,Size / Fit Issue,2145.6
ORD_035895,Customer Return,Size / Fit Issue,1432.0
ORD_035904,RTO (Undelivered),Customer Refused at Doorstep,1768.0
ORD_035914,RTO (Undelivered),Customer Refused at Doorstep,5047.2
ORD_035918,RTO (Undelivered),Customer Refused at Doorstep,2161.3
ORD_035922,RTO (Undelivered),Customer Refused at Doorstep,572.0
ORD_035925,RTO (Undelivered),Customer Refused at Doorstep,541.8
ORD_035928,RTO (Undelivered),Customer Refused at Doorstep,2094.4
ORD_035937,RTO (Undelivered),Customer Refused at Doorstep,2434.4
ORD_035943,Customer Return,Quality Not as Expected,1885.0
ORD_035946,Customer Return,Defective / Damaged Item,731.0
ORD_035960,RTO (Undelivered),Customer Refused at Doorstep,3952.0
ORD_035964,RTO (Undelivered),Customer Refused at Doorstep,3713.6
ORD_035965,RTO (Undelivered),Customer Refused at Doorstep,706.8
ORD_035966,RTO (Undelivered),Customer Refused at Doorstep,1597.0
ORD_035976,Customer Return,Late Delivery,353.8
ORD_035977,Customer Return,Quality Not as Expected,2250.6
ORD_035980,RTO (Undelivered),Customer Refused at Doorstep,3030.8
ORD_035986,Customer Return,Size / Fit Issue,1327.5
ORD_035987,RTO (Undelivered),Customer Refused at Doorstep,2072.6
ORD_035990,RTO (Undelivered),Customer Refused at Doorstep,2261.0
ORD_035995,Customer Return,Size / Fit Issue,2427.6
ORD_036001,RTO (Undelivered),Customer Refused at Doorstep,689.0
ORD_036005,Customer Return,Size / Fit Issue,1677.6
ORD_036010,Customer Return,Size / Fit Issue,713.0
ORD_036011,Customer Return,Size / Fit Issue,2897.5
ORD_036012,RTO (Undelivered),Customer Refused at Doorstep,846.8
ORD_036020,Customer Return,Quality Not as Expected,2136.1
ORD_036022,Customer Return,Quality Not as Expected,2526.0
ORD_036029,Customer Return,Size / Fit Issue,738.4
ORD_036053,Customer Return,Size / Fit Issue,7583.4
ORD_036054,RTO (Undelivered),Customer Refused at Doorstep,1488.5
ORD_036057,RTO (Undelivered),Customer Refused at Doorstep,774.0
ORD_036064,RTO (Undelivered),Customer Refused at Doorstep,1090.2
ORD_036076,RTO (Undelivered),Customer Refused at Doorstep,2705.1
ORD_036083,Customer Return,Size / Fit Issue,784.4
ORD_036089,RTO (Undelivered),Customer Refused at Doorstep,1111.9
ORD_036090,RTO (Undelivered),Customer Refused at Doorstep,1217.3
ORD_036091,Customer Return,Size / Fit Issue,4268.7
ORD_036096,RTO (Undelivered),Customer Refused at Doorstep,3682.2
ORD_036098,Customer Return,Size / Fit Issue,1674.4
ORD_036099,Customer Return,Size / Fit Issue,2195.0
ORD_036100,RTO (Undelivered),Customer Refused at Doorstep,2964.4
ORD_036102,RTO (Undelivered),Customer Refused at Doorstep,3311.3
ORD_036106,RTO (Undelivered),Customer Refused at Doorstep,1178.1
ORD_036107,Customer Return,Late Delivery,1947.0
ORD_036118,RTO (Undelivered),Customer Refused at Doorstep,928.0
ORD_036119,Customer Return,Size / Fit Issue,861.4
ORD_036120,Customer Return,Size / Fit Issue,1630.5
ORD_036121,Customer Return,Quality Not as Expected,1839.1
ORD_036123,RTO (Undelivered),Customer Refused at Doorstep,1601.6
ORD_036126,Customer Return,Size / Fit Issue,1450.4
ORD_036129,RTO (Undelivered),Customer Refused at Doorstep,638.4
ORD_036131,RTO (Undelivered),Customer Refused at Doorstep,2324.4
ORD_036136,RTO (Undelivered),Customer Refused at Doorstep,705.6
ORD_036139,Customer Return,Found Better Price Elsewhere,2305.8
ORD_036141,RTO (Undelivered),Customer Refused at Doorstep,2567.0
ORD_036145,Customer Return,Size / Fit Issue,3662.4
ORD_036148,Customer Return,Late Delivery,1093.4
ORD_036158,Customer Return,Quality Not as Expected,6750.6
ORD_036161,RTO (Undelivered),Customer Refused at Doorstep,2503.2
ORD_036163,RTO (Undelivered),Customer Refused at Doorstep,2116.5
ORD_036164,RTO (Undelivered),Customer Refused at Doorstep,2232.6
ORD_036167,Customer Return,Size / Fit Issue,982.8
ORD_036168,Customer Return,Quality Not as Expected,1931.2
ORD_036172,RTO (Undelivered),Customer Refused at Doorstep,3399.4
ORD_036180,RTO (Undelivered),Customer Refused at Doorstep,2264.8
ORD_036183,Customer Return,Size / Fit Issue,499.2
ORD_036192,Customer Return,Quality Not as Expected,2928.0
ORD_036193,RTO (Undelivered),Customer Refused at Doorstep,889.2
ORD_036195,RTO (Undelivered),Customer Refused at Doorstep,5900.0
ORD_036198,RTO (Undelivered),Customer Refused at Doorstep,1696.0
ORD_036201,Customer Return,Defective / Damaged Item,696.0
ORD_036204,RTO (Undelivered),Customer Refused at Doorstep,2101.8
ORD_036206,Customer Return,Size / Fit Issue,5936.7
ORD_036210,RTO (Undelivered),Customer Refused at Doorstep,3184.3
ORD_036213,Customer Return,Size / Fit Issue,916.9
ORD_036218,Customer Return,Quality Not as Expected,1612.8
ORD_036222,Customer Return,Quality Not as Expected,2183.9
ORD_036225,Customer Return,Size / Fit Issue,1493.1
ORD_036228,Customer Return,Quality Not as Expected,4193.2
ORD_036232,Customer Return,Defective / Damaged Item,1320.9
ORD_036235,Customer Return,Size / Fit Issue,3564.8
ORD_036236,RTO (Undelivered),Customer Refused at Doorstep,1779.8
ORD_036243,RTO (Undelivered),Customer Refused at Doorstep,765.9
ORD_036244,RTO (Undelivered),Customer Refused at Doorstep,351.0
ORD_036246,Customer Return,Size / Fit Issue,2086.0
ORD_036249,RTO (Undelivered),Customer Refused at Doorstep,2405.6
ORD_036256,Customer Return,Size / Fit Issue,1387.2
ORD_036259,RTO (Undelivered),Customer Refused at Doorstep,1549.8
ORD_036261,Customer Return,Found Better Price Elsewhere,2379.4
ORD_036263,RTO (Undelivered),Customer Refused at Doorstep,480.2
ORD_036264,Customer Return,Size / Fit Issue,1454.2
ORD_036268,Customer Return,Defective / Damaged Item,1360.8
ORD_036273,Customer Return,Quality Not as Expected,739.2
ORD_036278,Customer Return,Defective / Damaged Item,1302.0
ORD_036283,RTO (Undelivered),Customer Refused at Doorstep,3241.1
ORD_036299,Customer Return,Size / Fit Issue,966.8
ORD_036300,Customer Return,Size / Fit Issue,3953.3
ORD_036301,RTO (Undelivered),Customer Refused at Doorstep,947.7
ORD_036307,RTO (Undelivered),Customer Refused at Doorstep,4588.7
ORD_036308,RTO (Undelivered),Customer Refused at Doorstep,6451.8
ORD_036309,RTO (Undelivered),Customer Refused at Doorstep,1921.0
ORD_036310,Customer Return,Quality Not as Expected,554.4
ORD_036312,Customer Return,Size / Fit Issue,2244.6
ORD_036315,Customer Return,Quality Not as Expected,4506.8
ORD_036321,Customer Return,Size / Fit Issue,1069.5
ORD_036327,Customer Return,Defective / Damaged Item,2106.2
ORD_036333,RTO (Undelivered),Customer Refused at Doorstep,1706.4
ORD_036338,Customer Return,Size / Fit Issue,2961.0
ORD_036341,Customer Return,Defective / Damaged Item,3784.0
ORD_036344,Customer Return,Size / Fit Issue,1968.4
ORD_036346,Customer Return,Size / Fit Issue,3093.5
ORD_036353,RTO (Undelivered),Customer Refused at Doorstep,2125.2
ORD_036363,Customer Return,Size / Fit Issue,2301.4
ORD_036364,Customer Return,Size / Fit Issue,4717.6
ORD_036367,RTO (Undelivered),Customer Refused at Doorstep,1605.5
ORD_036372,Customer Return,Quality Not as Expected,1852.3
ORD_036377,Customer Return,Size / Fit Issue,2842.5
ORD_036379,RTO (Undelivered),Customer Refused at Doorstep,468.0
ORD_036392,Customer Return,Size / Fit Issue,483.8
ORD_036393,Customer Return,Quality Not as Expected,3278.5
ORD_036396,RTO (Undelivered),Customer Refused at Doorstep,1031.0
ORD_036404,Customer Return,Late Delivery,3978.9
ORD_036410,RTO (Undelivered),Customer Refused at Doorstep,3387.4
ORD_036419,Customer Return,Defective / Damaged Item,877.8
ORD_036421,RTO (Undelivered),Customer Refused at Doorstep,4172.1
ORD_036423,RTO (Undelivered),Customer Refused at Doorstep,2380.0
ORD_036431,Customer Return,Size / Fit Issue,1761.6
ORD_036440,Customer Return,Size / Fit Issue,3150.0
ORD_036446,RTO (Undelivered),Customer Refused at Doorstep,2094.7
ORD_036454,Customer Return,Size / Fit Issue,2134.6
ORD_036456,RTO (Undelivered),Customer Refused at Doorstep,1920.0
ORD_036464,RTO (Undelivered),Customer Refused at Doorstep,5643.4
ORD_036465,Customer Return,Size / Fit Issue,1934.9
ORD_036468,RTO (Undelivered),Customer Refused at Doorstep,2443.5
ORD_036469,Customer Return,Size / Fit Issue,2384.8
ORD_036470,RTO (Undelivered),Customer Refused at Doorstep,2392.5
ORD_036471,Customer Return,Quality Not as Expected,2493.2
ORD_036473,Customer Return,Size / Fit Issue,1274.0
ORD_036476,Customer Return,Quality Not as Expected,1808.6
ORD_036499,Customer Return,Quality Not as Expected,1398.3
ORD_036503,RTO (Undelivered),Customer Refused at Doorstep,3054.9
ORD_036506,Customer Return,Quality Not as Expected,600.4
ORD_036509,Customer Return,Quality Not as Expected,1548.8
ORD_036512,Customer Return,Found Better Price Elsewhere,2100.8
ORD_036520,Customer Return,Size / Fit Issue,1561.7
ORD_036526,Customer Return,Size / Fit Issue,1412.4
ORD_036531,Customer Return,Late Delivery,2514.3
ORD_036533,RTO (Undelivered),Customer Refused at Doorstep,1656.4
ORD_036534,RTO (Undelivered),Customer Refused at Doorstep,4266.6
ORD_036537,Customer Return,Size / Fit Issue,568.8
ORD_036538,Customer Return,Quality Not as Expected,1496.0
ORD_036541,RTO (Undelivered),Customer Refused at Doorstep,548.1
ORD_036552,Customer Return,Size / Fit Issue,2692.1
ORD_036562,Customer Return,Late Delivery,3107.8
ORD_036566,Customer Return,Quality Not as Expected,5102.9
ORD_036567,RTO (Undelivered),Customer Refused at Doorstep,1139.6
ORD_036577,RTO (Undelivered),Customer Refused at Doorstep,4742.8
ORD_036582,RTO (Undelivered),Customer Refused at Doorstep,3613.2
ORD_036583,RTO (Undelivered),Customer Refused at Doorstep,3438.3
ORD_036584,Customer Return,Quality Not as Expected,452.4
ORD_036591,Customer Return,Defective / Damaged Item,1434.4
ORD_036597,Customer Return,Size / Fit Issue,2131.2
ORD_036598,Customer Return,Size / Fit Issue,2751.6
ORD_036603,RTO (Undelivered),Customer Refused at Doorstep,404.2
ORD_036605,Customer Return,Defective / Damaged Item,1936.3
ORD_036611,Customer Return,Size / Fit Issue,3517.8
ORD_036612,Customer Return,Size / Fit Issue,2083.3
ORD_036614,RTO (Undelivered),Customer Refused at Doorstep,817.6
ORD_036615,Customer Return,Quality Not as Expected,458.8
ORD_036619,Customer Return,Quality Not as Expected,1472.0
ORD_036621,Customer Return,Size / Fit Issue,902.7
ORD_036624,Customer Return,Defective / Damaged Item,3102.0
ORD_036629,RTO (Undelivered),Customer Refused at Doorstep,7366.0
ORD_036631,Customer Return,Size / Fit Issue,3539.7
ORD_036636,Customer Return,Size / Fit Issue,3118.5
ORD_036642,Customer Return,Late Delivery,2622.0
ORD_036643,Customer Return,Quality Not as Expected,2020.8
ORD_036649,Customer Return,Found Better Price Elsewhere,1173.6
ORD_036659,RTO (Undelivered),Customer Refused at Doorstep,487.5
ORD_036661,Customer Return,Size / Fit Issue,2168.2
ORD_036663,Customer Return,Size / Fit Issue,5122.6
ORD_036669,RTO (Undelivered),Customer Refused at Doorstep,938.0
ORD_036676,RTO (Undelivered),Customer Refused at Doorstep,2927.4
ORD_036679,Customer Return,Quality Not as Expected,2842.0
ORD_036687,Customer Return,Found Better Price Elsewhere,1274.4
ORD_036690,RTO (Undelivered),Customer Refused at Doorstep,2656.8
ORD_036696,Customer Return,Size / Fit Issue,3527.5
ORD_036700,RTO (Undelivered),Customer Refused at Doorstep,616.2
ORD_036703,Customer Return,Quality Not as Expected,1518.4
ORD_036704,Customer Return,Found Better Price Elsewhere,5098.9
ORD_036708,RTO (Undelivered),Customer Refused at Doorstep,3344.0
ORD_036709,RTO (Undelivered),Customer Refused at Doorstep,5091.0
ORD_036711,RTO (Undelivered),Customer Refused at Doorstep,686.4
ORD_036712,Customer Return,Found Better Price Elsewhere,4440.3
ORD_036715,RTO (Undelivered),Customer Refused at Doorstep,2771.4
ORD_036719,Customer Return,Size / Fit Issue,359.6
ORD_036724,Customer Return,Quality Not as Expected,723.6
ORD_036727,Customer Return,Size / Fit Issue,1901.2
ORD_036729,Customer Return,Size / Fit Issue,2915.4
ORD_036739,Customer Return,Quality Not as Expected,2429.0
ORD_036741,Customer Return,Quality Not as Expected,3233.8
ORD_036744,Customer Return,Defective / Damaged Item,3315.0
ORD_036747,Customer Return,Defective / Damaged Item,5350.0
ORD_036754,RTO (Undelivered),Customer Refused at Doorstep,3432.3
ORD_036756,Customer Return,Defective / Damaged Item,1193.7
ORD_036763,Customer Return,Quality Not as Expected,1235.1
ORD_036765,RTO (Undelivered),Customer Refused at Doorstep,3832.5
ORD_036766,RTO (Undelivered),Customer Refused at Doorstep,621.6
ORD_036770,RTO (Undelivered),Customer Refused at Doorstep,760.2
ORD_036781,RTO (Undelivered),Customer Refused at Doorstep,2066.4
ORD_036782,Customer Return,Quality Not as Expected,3794.9
ORD_036783,Customer Return,Quality Not as Expected,2525.4
ORD_036787,RTO (Undelivered),Customer Refused at Doorstep,1517.5
ORD_036791,Customer Return,Size / Fit Issue,4042.0
ORD_036792,Customer Return,Quality Not as Expected,1533.3
ORD_036799,Customer Return,Defective / Damaged Item,3520.9
ORD_036801,Customer Return,Size / Fit Issue,574.2
ORD_036807,RTO (Undelivered),Customer Refused at Doorstep,1562.1
ORD_036808,RTO (Undelivered),Customer Refused at Doorstep,1792.5
ORD_036816,Customer Return,Defective / Damaged Item,3224.3
ORD_036820,Customer Return,Late Delivery,4787.4
ORD_036824,Customer Return,Size / Fit Issue,1755.6
ORD_036828,RTO (Undelivered),Customer Refused at Doorstep,1408.0
ORD_036829,Customer Return,Size / Fit Issue,5403.4
ORD_036831,Customer Return,Size / Fit Issue,2140.2
ORD_036832,Customer Return,Quality Not as Expected,2724.5
ORD_036843,Customer Return,Size / Fit Issue,2627.9
ORD_036845,Customer Return,Size / Fit Issue,981.0
ORD_036852,Customer Return,Quality Not as Expected,1237.5
ORD_036854,RTO (Undelivered),Customer Refused at Doorstep,1092.2
ORD_036857,RTO (Undelivered),Customer Refused at Doorstep,2659.6
ORD_036881,RTO (Undelivered),Customer Refused at Doorstep,5238.7
ORD_036883,Customer Return,Defective / Damaged Item,517.5
ORD_036885,RTO (Undelivered),Customer Refused at Doorstep,4007.1
ORD_036886,RTO (Undelivered),Customer Refused at Doorstep,1292.0
ORD_036894,RTO (Undelivered),Customer Refused at Doorstep,1900.8
ORD_036895,RTO (Undelivered),Customer Refused at Doorstep,1146.6
ORD_036898,Customer Return,Quality Not as Expected,1504.0
ORD_036900,Customer Return,Late Delivery,2413.4
ORD_036907,RTO (Undelivered),Customer Refused at Doorstep,3758.2
ORD_036910,RTO (Undelivered),Customer Refused at Doorstep,6453.5
ORD_036915,Customer Return,Found Better Price Elsewhere,3256.0
ORD_036918,RTO (Undelivered),Customer Refused at Doorstep,1689.0
ORD_036921,RTO (Undelivered),Customer Refused at Doorstep,2641.8
ORD_036924,Customer Return,Size / Fit Issue,2971.6
ORD_036929,Customer Return,Size / Fit Issue,4778.4
ORD_036933,Customer Return,Size / Fit Issue,2739.0
ORD_036936,RTO (Undelivered),Customer Refused at Doorstep,4480.6
ORD_036937,Customer Return,Late Delivery,3397.2
ORD_036939,Customer Return,Size / Fit Issue,214.5
ORD_036951,Customer Return,Size / Fit Issue,2175.8
ORD_036952,Customer Return,Defective / Damaged Item,2624.0
ORD_036959,RTO (Undelivered),Customer Refused at Doorstep,2505.0
ORD_036960,Customer Return,Found Better Price Elsewhere,1287.4
ORD_036968,RTO (Undelivered),Customer Refused at Doorstep,3949.4
ORD_036970,Customer Return,Size / Fit Issue,1516.9
ORD_036971,Customer Return,Late Delivery,3883.4
ORD_036974,RTO (Undelivered),Customer Refused at Doorstep,1014.9
ORD_036978,Customer Return,Size / Fit Issue,3352.8
ORD_036979,Customer Return,Size / Fit Issue,1029.0
ORD_036981,Customer Return,Quality Not as Expected,5149.9
ORD_036982,Customer Return,Defective / Damaged Item,521.4
ORD_036987,Customer Return,Defective / Damaged Item,3183.1
ORD_036988,Customer Return,Late Delivery,600.3
ORD_036992,Customer Return,Size / Fit Issue,1198.4
ORD_037003,RTO (Undelivered),Customer Refused at Doorstep,877.1
ORD_037006,RTO (Undelivered),Customer Refused at Doorstep,866.4
ORD_037008,RTO (Undelivered),Customer Refused at Doorstep,3359.2
ORD_037020,Customer Return,Size / Fit Issue,873.6
ORD_037035,Customer Return,Size / Fit Issue,1149.2
ORD_037036,Customer Return,Quality Not as Expected,1131.2
ORD_037037,RTO (Undelivered),Customer Refused at Doorstep,1339.2
ORD_037043,Customer Return,Quality Not as Expected,1607.4
ORD_037047,Customer Return,Quality Not as Expected,1785.6
ORD_037048,RTO (Undelivered),Customer Refused at Doorstep,1765.6
ORD_037053,RTO (Undelivered),Customer Refused at Doorstep,2610.3
ORD_037057,RTO (Undelivered),Customer Refused at Doorstep,2073.5
ORD_037058,Customer Return,Size / Fit Issue,3784.0
ORD_037059,Customer Return,Quality Not as Expected,927.2
ORD_037061,RTO (Undelivered),Customer Refused at Doorstep,684.6
ORD_037062,RTO (Undelivered),Customer Refused at Doorstep,2567.8
ORD_037065,Customer Return,Size / Fit Issue,4594.3
ORD_037066,RTO (Undelivered),Customer Refused at Doorstep,2397.6
ORD_037085,Customer Return,Size / Fit Issue,2343.2
ORD_037086,Customer Return,Size / Fit Issue,404.2
ORD_037089,RTO (Undelivered),Customer Refused at Doorstep,1609.7
ORD_037111,Customer Return,Quality Not as Expected,1043.2
ORD_037112,Customer Return,Size / Fit Issue,5035.5
ORD_037116,RTO (Undelivered),Customer Refused at Doorstep,2295.2
ORD_037120,Customer Return,Found Better Price Elsewhere,3142.8
ORD_037134,Customer Return,Size / Fit Issue,1417.5
ORD_037145,RTO (Undelivered),Customer Refused at Doorstep,1705.1
ORD_037154,Customer Return,Size / Fit Issue,1404.9
ORD_037162,Customer Return,Late Delivery,1179.7
ORD_037165,Customer Return,Size / Fit Issue,336.0
ORD_037174,RTO (Undelivered),Customer Refused at Doorstep,1285.2
ORD_037175,RTO (Undelivered),Customer Refused at Doorstep,1548.0
ORD_037178,Customer Return,Size / Fit Issue,1339.2
ORD_037179,Customer Return,Quality Not as Expected,2392.0
ORD_037188,Customer Return,Size / Fit Issue,3949.1
ORD_037191,Customer Return,Quality Not as Expected,3749.2
ORD_037211,Customer Return,Size / Fit Issue,3052.0
ORD_037213,Customer Return,Defective / Damaged Item,4782.6
ORD_037217,Customer Return,Size / Fit Issue,2359.8
ORD_037219,Customer Return,Late Delivery,1706.4
ORD_037224,Customer Return,Quality Not as Expected,4002.0
ORD_037225,RTO (Undelivered),Customer Refused at Doorstep,1314.0
ORD_037235,Customer Return,Defective / Damaged Item,1145.4
ORD_037236,Customer Return,Size / Fit Issue,1262.9
ORD_037240,Customer Return,Defective / Damaged Item,4767.2
ORD_037246,RTO (Undelivered),Customer Refused at Doorstep,5712.5
ORD_037249,Customer Return,Size / Fit Issue,2222.0
ORD_037251,Customer Return,Defective / Damaged Item,2822.2
ORD_037254,RTO (Undelivered),Customer Refused at Doorstep,3694.4
ORD_037263,Customer Return,Size / Fit Issue,2961.0
ORD_037264,Customer Return,Late Delivery,2697.5
ORD_037266,Customer Return,Found Better Price Elsewhere,5148.0
ORD_037268,RTO (Undelivered),Customer Refused at Doorstep,1008.9
ORD_037269,Customer Return,Size / Fit Issue,1758.9
ORD_037276,RTO (Undelivered),Customer Refused at Doorstep,3289.7
ORD_037279,RTO (Undelivered),Customer Refused at Doorstep,897.0
ORD_037282,Customer Return,Size / Fit Issue,3337.8
ORD_037283,Customer Return,Quality Not as Expected,1829.2
ORD_037292,RTO (Undelivered),Customer Refused at Doorstep,1931.9
ORD_037293,Customer Return,Size / Fit Issue,2093.5
ORD_037294,Customer Return,Size / Fit Issue,789.6
ORD_037297,RTO (Undelivered),Customer Refused at Doorstep,3727.5
ORD_037298,RTO (Undelivered),Customer Refused at Doorstep,1443.2
ORD_037303,Customer Return,Quality Not as Expected,1605.8
ORD_037305,Customer Return,Size / Fit Issue,709.8
ORD_037307,RTO (Undelivered),Customer Refused at Doorstep,1574.7
ORD_037309,Customer Return,Found Better Price Elsewhere,1164.8
ORD_037320,RTO (Undelivered),Customer Refused at Doorstep,2728.0
ORD_037321,Customer Return,Size / Fit Issue,1587.9
ORD_037323,Customer Return,Size / Fit Issue,4443.7
ORD_037324,Customer Return,Quality Not as Expected,1383.2
ORD_037327,Customer Return,Defective / Damaged Item,1607.2
ORD_037336,Customer Return,Defective / Damaged Item,3701.5
ORD_037341,Customer Return,Size / Fit Issue,1074.0
ORD_037347,RTO (Undelivered),Customer Refused at Doorstep,5334.3
ORD_037358,RTO (Undelivered),Customer Refused at Doorstep,2082.6
ORD_037363,RTO (Undelivered),Customer Refused at Doorstep,3327.6
ORD_037364,Customer Return,Quality Not as Expected,4049.1
ORD_037366,Customer Return,Size / Fit Issue,1795.5
ORD_037373,Customer Return,Size / Fit Issue,990.6
ORD_037376,RTO (Undelivered),Customer Refused at Doorstep,1943.5
ORD_037381,Customer Return,Size / Fit Issue,3131.6
ORD_037383,Customer Return,Size / Fit Issue,688.0
ORD_037391,Customer Return,Size / Fit Issue,2302.3
ORD_037395,Customer Return,Defective / Damaged Item,2759.2
ORD_037396,Customer Return,Defective / Damaged Item,1904.1
ORD_037402,RTO (Undelivered),Customer Refused at Doorstep,2560.8
ORD_037403,Customer Return,Size / Fit Issue,789.6
ORD_037407,Customer Return,Quality Not as Expected,1042.7
ORD_037416,Customer Return,Size / Fit Issue,1013.6
ORD_037419,Customer Return,Found Better Price Elsewhere,2787.3
ORD_037422,RTO (Undelivered),Customer Refused at Doorstep,1759.5
ORD_037423,Customer Return,Found Better Price Elsewhere,1569.4
ORD_037426,Customer Return,Defective / Damaged Item,3148.4
ORD_037428,Customer Return,Late Delivery,1982.8
ORD_037431,Customer Return,Quality Not as Expected,1039.5
ORD_037432,RTO (Undelivered),Customer Refused at Doorstep,647.8
ORD_037433,RTO (Undelivered),Customer Refused at Doorstep,1705.1
ORD_037440,Customer Return,Defective / Damaged Item,1966.8
ORD_037445,Customer Return,Quality Not as Expected,2134.9
ORD_037448,Customer Return,Size / Fit Issue,996.0
ORD_037449,RTO (Undelivered),Customer Refused at Doorstep,2674.6
ORD_037450,Customer Return,Size / Fit Issue,948.6
ORD_037451,Customer Return,Size / Fit Issue,1846.9
ORD_037455,RTO (Undelivered),Customer Refused at Doorstep,481.9
ORD_037456,RTO (Undelivered),Customer Refused at Doorstep,489.8
ORD_037457,Customer Return,Quality Not as Expected,2342.2
ORD_037466,Customer Return,Size / Fit Issue,1218.0
ORD_037473,Customer Return,Quality Not as Expected,1117.6
ORD_037479,Customer Return,Defective / Damaged Item,2624.0
ORD_037484,RTO (Undelivered),Customer Refused at Doorstep,1160.0
ORD_037488,Customer Return,Size / Fit Issue,352.6
ORD_037494,Customer Return,Quality Not as Expected,2409.2
ORD_037497,RTO (Undelivered),Customer Refused at Doorstep,1794.0
ORD_037500,Customer Return,Late Delivery,1255.5
ORD_037502,Customer Return,Found Better Price Elsewhere,2261.0
ORD_037503,Customer Return,Size / Fit Issue,517.5
ORD_037506,RTO (Undelivered),Customer Refused at Doorstep,2829.6
ORD_037509,Customer Return,Size / Fit Issue,1147.2
ORD_037518,RTO (Undelivered),Customer Refused at Doorstep,7005.8
ORD_037525,Customer Return,Size / Fit Issue,2145.6
ORD_037528,Customer Return,Defective / Damaged Item,4502.5
ORD_037536,Customer Return,Size / Fit Issue,3184.2
ORD_037544,Customer Return,Size / Fit Issue,1347.5
ORD_037549,RTO (Undelivered),Customer Refused at Doorstep,1355.2
ORD_037559,Customer Return,Quality Not as Expected,6085.3
ORD_037560,Customer Return,Found Better Price Elsewhere,3687.3
ORD_037562,Customer Return,Size / Fit Issue,1099.8
ORD_037565,Customer Return,Defective / Damaged Item,2249.6
ORD_037568,Customer Return,Late Delivery,481.6
ORD_037569,Customer Return,Size / Fit Issue,1935.0
ORD_037582,Customer Return,Late Delivery,4555.1
ORD_037590,Customer Return,Size / Fit Issue,7783.1
ORD_037592,Customer Return,Quality Not as Expected,3334.4
ORD_037593,RTO (Undelivered),Customer Refused at Doorstep,2952.6
ORD_037595,Customer Return,Size / Fit Issue,1683.0
ORD_037597,RTO (Undelivered),Customer Refused at Doorstep,3669.5
ORD_037604,RTO (Undelivered),Customer Refused at Doorstep,1872.4
ORD_037607,RTO (Undelivered),Customer Refused at Doorstep,328.6
ORD_037608,Customer Return,Size / Fit Issue,3592.2
ORD_037610,RTO (Undelivered),Customer Refused at Doorstep,2481.2
ORD_037613,Customer Return,Size / Fit Issue,3122.5
ORD_037615,Customer Return,Quality Not as Expected,1581.7
ORD_037629,RTO (Undelivered),Customer Refused at Doorstep,3312.9
ORD_037631,RTO (Undelivered),Customer Refused at Doorstep,1596.2
ORD_037633,RTO (Undelivered),Customer Refused at Doorstep,2116.8
ORD_037634,RTO (Undelivered),Customer Refused at Doorstep,2172.8
ORD_037638,Customer Return,Size / Fit Issue,467.4
ORD_037643,Customer Return,Late Delivery,5070.6
ORD_037645,Customer Return,Quality Not as Expected,2607.8
ORD_037655,RTO (Undelivered),Customer Refused at Doorstep,723.6
ORD_037665,Customer Return,Quality Not as Expected,2314.6
ORD_037667,Customer Return,Quality Not as Expected,699.2
ORD_037677,Customer Return,Size / Fit Issue,5323.9
ORD_037680,RTO (Undelivered),Customer Refused at Doorstep,1177.8
ORD_037682,RTO (Undelivered),Customer Refused at Doorstep,1038.0
ORD_037685,RTO (Undelivered),Customer Refused at Doorstep,1435.2
ORD_037686,Customer Return,Defective / Damaged Item,2431.9
ORD_037687,RTO (Undelivered),Customer Refused at Doorstep,2360.6
ORD_037697,Customer Return,Size / Fit Issue,5940.3
ORD_037698,RTO (Undelivered),Customer Refused at Doorstep,3644.4
ORD_037705,RTO (Undelivered),Customer Refused at Doorstep,3488.0
ORD_037709,Customer Return,Quality Not as Expected,6094.3
ORD_037712,Customer Return,Size / Fit Issue,4061.6
ORD_037715,Customer Return,Quality Not as Expected,2342.7
ORD_037719,Customer Return,Size / Fit Issue,2070.0
ORD_037722,RTO (Undelivered),Customer Refused at Doorstep,4816.7
ORD_037725,Customer Return,Size / Fit Issue,3468.8
ORD_037736,Customer Return,Size / Fit Issue,3541.3
ORD_037737,Customer Return,Late Delivery,1525.2
ORD_037738,Customer Return,Size / Fit Issue,2264.8
ORD_037758,Customer Return,Late Delivery,852.8
ORD_037764,RTO (Undelivered),Customer Refused at Doorstep,1302.0
ORD_037765,RTO (Undelivered),Customer Refused at Doorstep,3200.4
ORD_037773,Customer Return,Late Delivery,4680.6
ORD_037776,Customer Return,Quality Not as Expected,2879.0
ORD_037777,RTO (Undelivered),Customer Refused at Doorstep,4424.3
ORD_037778,RTO (Undelivered),Customer Refused at Doorstep,3479.8
ORD_037783,RTO (Undelivered),Customer Refused at Doorstep,1702.4
ORD_037787,Customer Return,Size / Fit Issue,1022.0
ORD_037788,RTO (Undelivered),Customer Refused at Doorstep,811.8
ORD_037793,RTO (Undelivered),Customer Refused at Doorstep,344.5
ORD_037795,Customer Return,Quality Not as Expected,1332.8
ORD_037804,Customer Return,Size / Fit Issue,2141.8
ORD_037805,RTO (Undelivered),Customer Refused at Doorstep,5039.3
ORD_037814,Customer Return,Defective / Damaged Item,1859.7
ORD_037818,Customer Return,Size / Fit Issue,2436.9
ORD_037819,RTO (Undelivered),Customer Refused at Doorstep,1096.2
ORD_037834,Customer Return,Size / Fit Issue,1976.0
ORD_037842,RTO (Undelivered),Customer Refused at Doorstep,1482.0
ORD_037844,RTO (Undelivered),Customer Refused at Doorstep,1010.6
ORD_037847,RTO (Undelivered),Customer Refused at Doorstep,5867.4
ORD_037854,Customer Return,Size / Fit Issue,3321.4
ORD_037856,Customer Return,Found Better Price Elsewhere,2429.0
ORD_037864,Customer Return,Size / Fit Issue,439.9
ORD_037867,Customer Return,Size / Fit Issue,1741.6
ORD_037870,RTO (Undelivered),Customer Refused at Doorstep,4394.6
ORD_037872,Customer Return,Quality Not as Expected,1269.9
ORD_037879,Customer Return,Quality Not as Expected,2949.3
ORD_037881,Customer Return,Size / Fit Issue,1234.8
ORD_037882,Customer Return,Late Delivery,1108.8
ORD_037885,Customer Return,Size / Fit Issue,3069.9
ORD_037889,RTO (Undelivered),Customer Refused at Doorstep,1886.9
ORD_037891,RTO (Undelivered),Customer Refused at Doorstep,610.2
ORD_037896,RTO (Undelivered),Customer Refused at Doorstep,475.2
ORD_037897,Customer Return,Size / Fit Issue,4741.8
ORD_037902,Customer Return,Quality Not as Expected,4219.0
ORD_037903,RTO (Undelivered),Customer Refused at Doorstep,1725.6
ORD_037910,Customer Return,Defective / Damaged Item,1587.9
ORD_037912,RTO (Undelivered),Customer Refused at Doorstep,1832.3
ORD_037914,Customer Return,Defective / Damaged Item,3037.8
ORD_037915,RTO (Undelivered),Customer Refused at Doorstep,939.4
ORD_037919,Customer Return,Quality Not as Expected,3852.8
ORD_037926,RTO (Undelivered),Customer Refused at Doorstep,1007.5
ORD_037931,RTO (Undelivered),Customer Refused at Doorstep,3236.8
ORD_037932,Customer Return,Quality Not as Expected,1227.2
ORD_037938,Customer Return,Size / Fit Issue,3129.8
ORD_037948,Customer Return,Found Better Price Elsewhere,6043.1
ORD_037965,RTO (Undelivered),Customer Refused at Doorstep,1806.0
ORD_037976,RTO (Undelivered),Customer Refused at Doorstep,1262.9
ORD_037977,Customer Return,Defective / Damaged Item,3170.8
ORD_037979,RTO (Undelivered),Customer Refused at Doorstep,441.0
ORD_037981,Customer Return,Quality Not as Expected,440.8
ORD_037990,RTO (Undelivered),Customer Refused at Doorstep,2663.6
ORD_037991,RTO (Undelivered),Customer Refused at Doorstep,1425.6
ORD_037993,Customer Return,Found Better Price Elsewhere,6218.0
ORD_038000,Customer Return,Quality Not as Expected,1527.7
ORD_038010,RTO (Undelivered),Customer Refused at Doorstep,4571.6
ORD_038013,RTO (Undelivered),Customer Refused at Doorstep,2091.7
ORD_038015,RTO (Undelivered),Customer Refused at Doorstep,739.2
ORD_038021,RTO (Undelivered),Customer Refused at Doorstep,255.2
ORD_038022,RTO (Undelivered),Customer Refused at Doorstep,313.2
ORD_038026,Customer Return,Defective / Damaged Item,2091.6
ORD_038035,Customer Return,Defective / Damaged Item,758.1
ORD_038041,Customer Return,Size / Fit Issue,3092.0
ORD_038045,RTO (Undelivered),Customer Refused at Doorstep,1468.5
ORD_038050,Customer Return,Size / Fit Issue,1417.5
ORD_038051,Customer Return,Quality Not as Expected,616.0
ORD_038056,Customer Return,Size / Fit Issue,3086.1
ORD_038061,Customer Return,Size / Fit Issue,415.8
ORD_038063,Customer Return,Size / Fit Issue,1285.3
ORD_038068,RTO (Undelivered),Customer Refused at Doorstep,2424.7
ORD_038071,Customer Return,Defective / Damaged Item,758.1
ORD_038075,Customer Return,Size / Fit Issue,798.7
ORD_038076,RTO (Undelivered),Customer Refused at Doorstep,2156.5
ORD_038077,RTO (Undelivered),Customer Refused at Doorstep,1593.9
ORD_038083,Customer Return,Size / Fit Issue,1858.4
ORD_038085,RTO (Undelivered),Customer Refused at Doorstep,1719.4
ORD_038088,Customer Return,Size / Fit Issue,800.4
ORD_038101,Customer Return,Quality Not as Expected,3076.8
ORD_038103,Customer Return,Quality Not as Expected,3282.3
ORD_038109,Customer Return,Size / Fit Issue,2764.8
ORD_038110,RTO (Undelivered),Customer Refused at Doorstep,1111.5
ORD_038112,Customer Return,Quality Not as Expected,2057.0
ORD_038113,Customer Return,Found Better Price Elsewhere,1439.9
ORD_038114,RTO (Undelivered),Customer Refused at Doorstep,453.6
ORD_038117,RTO (Undelivered),Customer Refused at Doorstep,730.8
ORD_038121,Customer Return,Size / Fit Issue,1897.5
ORD_038127,Customer Return,Found Better Price Elsewhere,1728.4
ORD_038133,RTO (Undelivered),Customer Refused at Doorstep,1328.2
ORD_038140,Customer Return,Defective / Damaged Item,3915.9
ORD_038146,Customer Return,Quality Not as Expected,1444.6
ORD_038147,RTO (Undelivered),Customer Refused at Doorstep,4901.7
ORD_038153,Customer Return,Found Better Price Elsewhere,2514.4
ORD_038161,RTO (Undelivered),Customer Refused at Doorstep,2059.2
ORD_038184,RTO (Undelivered),Customer Refused at Doorstep,1611.9
ORD_038188,Customer Return,Size / Fit Issue,2413.8
ORD_038190,RTO (Undelivered),Customer Refused at Doorstep,1376.0
ORD_038192,RTO (Undelivered),Customer Refused at Doorstep,2982.2
ORD_038193,RTO (Undelivered),Customer Refused at Doorstep,4582.1
ORD_038197,RTO (Undelivered),Customer Refused at Doorstep,4946.8
ORD_038211,RTO (Undelivered),Customer Refused at Doorstep,2153.3
ORD_038218,Customer Return,Quality Not as Expected,2118.2
ORD_038223,Customer Return,Size / Fit Issue,2485.4
ORD_038227,RTO (Undelivered),Customer Refused at Doorstep,1877.4
ORD_038237,Customer Return,Size / Fit Issue,678.4
ORD_038239,Customer Return,Late Delivery,1966.5
ORD_038251,Customer Return,Quality Not as Expected,3086.3
ORD_038254,Customer Return,Quality Not as Expected,1296.4
ORD_038258,RTO (Undelivered),Customer Refused at Doorstep,676.8
ORD_038263,RTO (Undelivered),Customer Refused at Doorstep,1304.1
ORD_038265,Customer Return,Size / Fit Issue,2613.4
ORD_038267,RTO (Undelivered),Customer Refused at Doorstep,1512.0
ORD_038268,Customer Return,Quality Not as Expected,3226.6
ORD_038269,RTO (Undelivered),Customer Refused at Doorstep,1806.0
ORD_038270,Customer Return,Size / Fit Issue,1698.6
ORD_038279,Customer Return,Size / Fit Issue,262.4
ORD_038281,RTO (Undelivered),Customer Refused at Doorstep,608.3
ORD_038287,RTO (Undelivered),Customer Refused at Doorstep,600.4
ORD_038289,Customer Return,Size / Fit Issue,2656.0
ORD_038295,RTO (Undelivered),Customer Refused at Doorstep,2589.5
ORD_038301,Customer Return,Size / Fit Issue,2824.0
ORD_038302,Customer Return,Size / Fit Issue,2887.5
ORD_038308,RTO (Undelivered),Customer Refused at Doorstep,297.0
ORD_038309,RTO (Undelivered),Customer Refused at Doorstep,376.3
ORD_038310,Customer Return,Size / Fit Issue,1124.6
ORD_038314,Customer Return,Size / Fit Issue,852.0
ORD_038315,Customer Return,Size / Fit Issue,1885.0
ORD_038316,Customer Return,Late Delivery,2155.0
ORD_038322,Customer Return,Size / Fit Issue,532.0
ORD_038324,Customer Return,Size / Fit Issue,2728.8
ORD_038327,RTO (Undelivered),Customer Refused at Doorstep,1511.4
ORD_038329,Customer Return,Size / Fit Issue,2536.6
ORD_038331,Customer Return,Defective / Damaged Item,4692.4
ORD_038333,RTO (Undelivered),Customer Refused at Doorstep,2816.0
ORD_038337,Customer Return,Quality Not as Expected,616.0
ORD_038338,Customer Return,Size / Fit Issue,2426.6
ORD_038341,Customer Return,Size / Fit Issue,2816.0
ORD_038345,RTO (Undelivered),Customer Refused at Doorstep,3930.2
ORD_038346,Customer Return,Size / Fit Issue,2336.0
ORD_038351,Customer Return,Quality Not as Expected,1944.2
ORD_038354,RTO (Undelivered),Customer Refused at Doorstep,3034.2
ORD_038362,RTO (Undelivered),Customer Refused at Doorstep,957.6
ORD_038363,Customer Return,Size / Fit Issue,3407.5
ORD_038371,Customer Return,Late Delivery,3381.6
ORD_038372,Customer Return,Size / Fit Issue,627.2
ORD_038375,Customer Return,Defective / Damaged Item,730.3
ORD_038377,Customer Return,Size / Fit Issue,2009.7
ORD_038384,RTO (Undelivered),Customer Refused at Doorstep,2366.2
ORD_038386,RTO (Undelivered),Customer Refused at Doorstep,1076.4
ORD_038391,RTO (Undelivered),Customer Refused at Doorstep,1678.8
ORD_038395,RTO (Undelivered),Customer Refused at Doorstep,1770.3
ORD_038397,Customer Return,Late Delivery,4324.3
ORD_038399,RTO (Undelivered),Customer Refused at Doorstep,980.0
ORD_038401,Customer Return,Size / Fit Issue,1147.5
ORD_038404,Customer Return,Size / Fit Issue,676.2
ORD_038415,Customer Return,Defective / Damaged Item,3826.2
ORD_038418,Customer Return,Quality Not as Expected,6913.1
ORD_038423,Customer Return,Size / Fit Issue,1261.6
ORD_038427,RTO (Undelivered),Customer Refused at Doorstep,1487.8
ORD_038428,RTO (Undelivered),Customer Refused at Doorstep,1190.4
ORD_038429,RTO (Undelivered),Customer Refused at Doorstep,344.4
ORD_038430,RTO (Undelivered),Customer Refused at Doorstep,464.4
ORD_038431,RTO (Undelivered),Customer Refused at Doorstep,2350.3
ORD_038439,RTO (Undelivered),Customer Refused at Doorstep,2434.6
ORD_038445,Customer Return,Late Delivery,1877.2
ORD_038446,RTO (Undelivered),Customer Refused at Doorstep,3257.4
ORD_038448,Customer Return,Size / Fit Issue,3523.0
ORD_038451,Customer Return,Size / Fit Issue,5436.2
ORD_038454,RTO (Undelivered),Customer Refused at Doorstep,3937.5
ORD_038455,RTO (Undelivered),Customer Refused at Doorstep,692.0
ORD_038456,Customer Return,Late Delivery,4556.6
ORD_038460,RTO (Undelivered),Customer Refused at Doorstep,1872.3
ORD_038465,RTO (Undelivered),Customer Refused at Doorstep,1372.0
ORD_038468,Customer Return,Defective / Damaged Item,1602.0
ORD_038476,RTO (Undelivered),Customer Refused at Doorstep,4149.1
ORD_038481,RTO (Undelivered),Customer Refused at Doorstep,1239.0
ORD_038488,RTO (Undelivered),Customer Refused at Doorstep,1375.6
ORD_038492,RTO (Undelivered),Customer Refused at Doorstep,705.2
ORD_038493,RTO (Undelivered),Customer Refused at Doorstep,453.6
ORD_038499,Customer Return,Size / Fit Issue,1764.0
ORD_038500,RTO (Undelivered),Customer Refused at Doorstep,1314.5
ORD_038502,Customer Return,Size / Fit Issue,541.2
ORD_038503,RTO (Undelivered),Customer Refused at Doorstep,1764.0
ORD_038509,Customer Return,Size / Fit Issue,4998.1
ORD_038513,Customer Return,Size / Fit Issue,728.0
ORD_038515,RTO (Undelivered),Customer Refused at Doorstep,2148.8
ORD_038521,Customer Return,Defective / Damaged Item,2957.6
ORD_038534,Customer Return,Late Delivery,769.6
ORD_038535,RTO (Undelivered),Customer Refused at Doorstep,1176.4
ORD_038538,Customer Return,Quality Not as Expected,910.2
ORD_038544,RTO (Undelivered),Customer Refused at Doorstep,221.4
ORD_038549,RTO (Undelivered),Customer Refused at Doorstep,1140.3
ORD_038558,Customer Return,Defective / Damaged Item,2915.8
ORD_038560,RTO (Undelivered),Customer Refused at Doorstep,3577.7
ORD_038564,RTO (Undelivered),Customer Refused at Doorstep,3531.6
ORD_038565,Customer Return,Defective / Damaged Item,4930.5
ORD_038567,Customer Return,Size / Fit Issue,1767.8
ORD_038568,RTO (Undelivered),Customer Refused at Doorstep,2014.5
ORD_038571,Customer Return,Quality Not as Expected,1310.4
ORD_038574,RTO (Undelivered),Customer Refused at Doorstep,1060.2
ORD_038583,RTO (Undelivered),Customer Refused at Doorstep,493.0
ORD_038586,RTO (Undelivered),Customer Refused at Doorstep,361.2
ORD_038588,Customer Return,Size / Fit Issue,3771.3
ORD_038590,RTO (Undelivered),Customer Refused at Doorstep,1754.5
ORD_038591,Customer Return,Size / Fit Issue,371.7
ORD_038596,Customer Return,Quality Not as Expected,2184.6
ORD_038597,Customer Return,Defective / Damaged Item,7075.0
ORD_038599,Customer Return,Size / Fit Issue,2356.2
ORD_038603,Customer Return,Late Delivery,1332.8
ORD_038608,RTO (Undelivered),Customer Refused at Doorstep,2086.2
ORD_038613,Customer Return,Quality Not as Expected,8428.5
ORD_038620,Customer Return,Quality Not as Expected,1094.4
ORD_038624,RTO (Undelivered),Customer Refused at Doorstep,1510.0
ORD_038629,RTO (Undelivered),Customer Refused at Doorstep,1955.8
ORD_038635,Customer Return,Quality Not as Expected,2917.2
ORD_038639,RTO (Undelivered),Customer Refused at Doorstep,1296.0
ORD_038642,Customer Return,Size / Fit Issue,799.0
ORD_038647,RTO (Undelivered),Customer Refused at Doorstep,806.0
ORD_038654,Customer Return,Size / Fit Issue,1793.4
ORD_038657,RTO (Undelivered),Customer Refused at Doorstep,3519.6
ORD_038660,Customer Return,Defective / Damaged Item,1190.4
ORD_038664,Customer Return,Size / Fit Issue,1109.8
ORD_038670,RTO (Undelivered),Customer Refused at Doorstep,1969.0
ORD_038672,Customer Return,Found Better Price Elsewhere,1170.4
ORD_038676,RTO (Undelivered),Customer Refused at Doorstep,266.6
ORD_038686,RTO (Undelivered),Customer Refused at Doorstep,1295.0
ORD_038689,Customer Return,Size / Fit Issue,651.2
ORD_038693,RTO (Undelivered),Customer Refused at Doorstep,1830.5
ORD_038697,RTO (Undelivered),Customer Refused at Doorstep,2188.2
ORD_038700,RTO (Undelivered),Customer Refused at Doorstep,2451.2
ORD_038701,RTO (Undelivered),Customer Refused at Doorstep,2357.2
ORD_038704,Customer Return,Found Better Price Elsewhere,3189.4
ORD_038711,Customer Return,Late Delivery,3574.7
ORD_038715,Customer Return,Late Delivery,826.8
ORD_038720,Customer Return,Size / Fit Issue,2220.0
ORD_038725,Customer Return,Quality Not as Expected,1809.1
ORD_038726,RTO (Undelivered),Customer Refused at Doorstep,1930.4
ORD_038750,Customer Return,Quality Not as Expected,4901.6
ORD_038753,Customer Return,Defective / Damaged Item,663.6
ORD_038756,Customer Return,Found Better Price Elsewhere,1426.8
ORD_038757,Customer Return,Quality Not as Expected,533.0
ORD_038761,RTO (Undelivered),Customer Refused at Doorstep,340.2
ORD_038762,Customer Return,Size / Fit Issue,448.2
ORD_038771,Customer Return,Size / Fit Issue,2545.2
ORD_038773,RTO (Undelivered),Customer Refused at Doorstep,1990.8
ORD_038774,Customer Return,Defective / Damaged Item,5137.2
ORD_038775,Customer Return,Quality Not as Expected,3194.7
ORD_038782,RTO (Undelivered),Customer Refused at Doorstep,1888.6
ORD_038784,Customer Return,Defective / Damaged Item,2305.8
ORD_038787,RTO (Undelivered),Customer Refused at Doorstep,1018.8
ORD_038789,RTO (Undelivered),Customer Refused at Doorstep,714.0
ORD_038792,Customer Return,Size / Fit Issue,1111.5
ORD_038795,Customer Return,Size / Fit Issue,2869.8
ORD_038796,Customer Return,Size / Fit Issue,3555.9
ORD_038800,Customer Return,Quality Not as Expected,520.8
ORD_038801,Customer Return,Size / Fit Issue,1132.3
ORD_038803,Customer Return,Quality Not as Expected,340.2
ORD_038806,Customer Return,Size / Fit Issue,3432.0
ORD_038810,RTO (Undelivered),Customer Refused at Doorstep,713.4
ORD_038812,RTO (Undelivered),Customer Refused at Doorstep,808.4
ORD_038822,Customer Return,Quality Not as Expected,710.4
ORD_038825,RTO (Undelivered),Customer Refused at Doorstep,782.6
ORD_038831,Customer Return,Size / Fit Issue,2182.6
ORD_038832,RTO (Undelivered),Customer Refused at Doorstep,2012.8
ORD_038834,RTO (Undelivered),Customer Refused at Doorstep,963.2
ORD_038839,Customer Return,Size / Fit Issue,1331.2
ORD_038845,Customer Return,Quality Not as Expected,4648.6
ORD_038846,RTO (Undelivered),Customer Refused at Doorstep,2384.0
ORD_038861,Customer Return,Found Better Price Elsewhere,1164.8
ORD_038863,Customer Return,Size / Fit Issue,2290.8
ORD_038866,RTO (Undelivered),Customer Refused at Doorstep,668.8
ORD_038870,Customer Return,Size / Fit Issue,1115.0
ORD_038877,RTO (Undelivered),Customer Refused at Doorstep,4983.1
ORD_038884,RTO (Undelivered),Customer Refused at Doorstep,1533.0
ORD_038885,Customer Return,Defective / Damaged Item,3197.8
ORD_038892,Customer Return,Size / Fit Issue,2225.3
ORD_038893,Customer Return,Quality Not as Expected,1008.0
ORD_038903,Customer Return,Size / Fit Issue,2566.9
ORD_038906,Customer Return,Size / Fit Issue,3149.0
ORD_038909,RTO (Undelivered),Customer Refused at Doorstep,4762.2
ORD_038924,RTO (Undelivered),Customer Refused at Doorstep,1840.0
ORD_038927,RTO (Undelivered),Customer Refused at Doorstep,864.5
ORD_038930,RTO (Undelivered),Customer Refused at Doorstep,1505.7
ORD_038931,Customer Return,Quality Not as Expected,1468.8
ORD_038933,RTO (Undelivered),Customer Refused at Doorstep,1146.6
ORD_038935,Customer Return,Size / Fit Issue,556.8
ORD_038939,RTO (Undelivered),Customer Refused at Doorstep,3276.0
ORD_038941,Customer Return,Size / Fit Issue,1606.5
ORD_038943,Customer Return,Found Better Price Elsewhere,5049.4
ORD_038947,Customer Return,Size / Fit Issue,739.5
ORD_038948,RTO (Undelivered),Customer Refused at Doorstep,2767.0
ORD_038951,RTO (Undelivered),Customer Refused at Doorstep,2324.1
ORD_038955,RTO (Undelivered),Customer Refused at Doorstep,1128.4
ORD_038972,RTO (Undelivered),Customer Refused at Doorstep,2816.1
ORD_038976,RTO (Undelivered),Customer Refused at Doorstep,2622.4
ORD_038977,Customer Return,Found Better Price Elsewhere,2882.2
ORD_038980,Customer Return,Late Delivery,457.6
ORD_038981,RTO (Undelivered),Customer Refused at Doorstep,1159.2
ORD_038985,Customer Return,Quality Not as Expected,5618.8
ORD_038986,RTO (Undelivered),Customer Refused at Doorstep,958.9
ORD_038987,RTO (Undelivered),Customer Refused at Doorstep,1365.3
ORD_038989,Customer Return,Quality Not as Expected,3172.0
ORD_038997,Customer Return,Late Delivery,1839.1
ORD_039000,Customer Return,Size / Fit Issue,1145.5
ORD_039004,RTO (Undelivered),Customer Refused at Doorstep,5852.4
ORD_039005,Customer Return,Found Better Price Elsewhere,4058.8
ORD_039006,Customer Return,Quality Not as Expected,3178.2
ORD_039010,Customer Return,Size / Fit Issue,2244.6
ORD_039020,Customer Return,Defective / Damaged Item,5607.9
ORD_039021,RTO (Undelivered),Customer Refused at Doorstep,3320.0
ORD_039022,RTO (Undelivered),Customer Refused at Doorstep,956.8
ORD_039025,Customer Return,Defective / Damaged Item,1159.1
ORD_039034,Customer Return,Quality Not as Expected,764.4
ORD_039036,Customer Return,Size / Fit Issue,900.9
ORD_039037,RTO (Undelivered),Customer Refused at Doorstep,1260.0
ORD_039038,RTO (Undelivered),Customer Refused at Doorstep,1003.2
ORD_039039,Customer Return,Quality Not as Expected,3093.3
ORD_039041,Customer Return,Defective / Damaged Item,1060.8
ORD_039042,Customer Return,Late Delivery,4853.4
ORD_039045,Customer Return,Quality Not as Expected,4450.7
ORD_039047,Customer Return,Size / Fit Issue,802.4
ORD_039053,RTO (Undelivered),Customer Refused at Doorstep,2880.1
ORD_039056,Customer Return,Size / Fit Issue,3600.0
ORD_039059,RTO (Undelivered),Customer Refused at Doorstep,4936.3
ORD_039060,Customer Return,Size / Fit Issue,1861.8
ORD_039061,Customer Return,Defective / Damaged Item,3571.0
ORD_039077,Customer Return,Quality Not as Expected,1101.6
ORD_039078,Customer Return,Quality Not as Expected,1443.2
ORD_039081,Customer Return,Quality Not as Expected,1375.8
ORD_039082,RTO (Undelivered),Customer Refused at Doorstep,1289.6
ORD_039086,Customer Return,Size / Fit Issue,391.5
ORD_039088,Customer Return,Size / Fit Issue,2060.4
ORD_039089,Customer Return,Late Delivery,537.2
ORD_039091,RTO (Undelivered),Customer Refused at Doorstep,1214.4
ORD_039104,RTO (Undelivered),Customer Refused at Doorstep,1994.1
ORD_039105,Customer Return,Quality Not as Expected,2766.4
ORD_039106,RTO (Undelivered),Customer Refused at Doorstep,3028.7
ORD_039112,RTO (Undelivered),Customer Refused at Doorstep,1359.0
ORD_039114,Customer Return,Quality Not as Expected,556.8
ORD_039115,Customer Return,Size / Fit Issue,2117.0
ORD_039119,Customer Return,Defective / Damaged Item,2407.6
ORD_039130,Customer Return,Size / Fit Issue,1041.4
ORD_039133,RTO (Undelivered),Customer Refused at Doorstep,592.5
ORD_039135,Customer Return,Quality Not as Expected,1708.8
ORD_039137,RTO (Undelivered),Customer Refused at Doorstep,3535.6
ORD_039140,Customer Return,Size / Fit Issue,1661.6
ORD_039146,Customer Return,Quality Not as Expected,5607.0
ORD_039148,RTO (Undelivered),Customer Refused at Doorstep,669.9
ORD_039155,RTO (Undelivered),Customer Refused at Doorstep,1523.6
ORD_039157,Customer Return,Size / Fit Issue,347.6
ORD_039160,RTO (Undelivered),Customer Refused at Doorstep,1211.4
ORD_039162,RTO (Undelivered),Customer Refused at Doorstep,812.0
ORD_039169,Customer Return,Size / Fit Issue,1428.0
ORD_039170,Customer Return,Size / Fit Issue,3104.0
ORD_039171,Customer Return,Quality Not as Expected,2083.8
ORD_039178,Customer Return,Late Delivery,3132.1
ORD_039180,Customer Return,Size / Fit Issue,2522.0
ORD_039183,RTO (Undelivered),Customer Refused at Doorstep,810.3
ORD_039184,RTO (Undelivered),Customer Refused at Doorstep,2181.2
ORD_039187,RTO (Undelivered),Customer Refused at Doorstep,2158.2
ORD_039188,Customer Return,Quality Not as Expected,2091.0
ORD_039192,RTO (Undelivered),Customer Refused at Doorstep,612.0
ORD_039194,RTO (Undelivered),Customer Refused at Doorstep,978.0
ORD_039199,Customer Return,Defective / Damaged Item,1511.4
ORD_039200,Customer Return,Quality Not as Expected,1029.1
ORD_039201,Customer Return,Defective / Damaged Item,571.2
ORD_039203,RTO (Undelivered),Customer Refused at Doorstep,1148.0
ORD_039206,Customer Return,Quality Not as Expected,1746.0
ORD_039211,Customer Return,Found Better Price Elsewhere,1280.0
ORD_039214,Customer Return,Size / Fit Issue,3893.7
ORD_039219,Customer Return,Late Delivery,2781.3
ORD_039223,Customer Return,Quality Not as Expected,568.0
ORD_039225,Customer Return,Quality Not as Expected,3608.0
ORD_039227,RTO (Undelivered),Customer Refused at Doorstep,1283.6
ORD_039229,RTO (Undelivered),Customer Refused at Doorstep,3577.2
ORD_039237,Customer Return,Late Delivery,3786.2
ORD_039239,Customer Return,Quality Not as Expected,2622.4
ORD_039241,Customer Return,Quality Not as Expected,756.8
ORD_039242,Customer Return,Size / Fit Issue,2808.6
ORD_039248,Customer Return,Late Delivery,3926.2
ORD_039253,RTO (Undelivered),Customer Refused at Doorstep,583.2
ORD_039254,RTO (Undelivered),Customer Refused at Doorstep,1579.4
ORD_039258,RTO (Undelivered),Customer Refused at Doorstep,734.4
ORD_039262,Customer Return,Size / Fit Issue,2354.2
ORD_039264,Customer Return,Size / Fit Issue,2151.4
ORD_039269,Customer Return,Defective / Damaged Item,2448.7
ORD_039274,Customer Return,Late Delivery,3082.5
ORD_039275,Customer Return,Defective / Damaged Item,1522.4
ORD_039277,RTO (Undelivered),Customer Refused at Doorstep,697.5
ORD_039290,Customer Return,Quality Not as Expected,725.2
ORD_039293,RTO (Undelivered),Customer Refused at Doorstep,992.0
ORD_039295,RTO (Undelivered),Customer Refused at Doorstep,390.6
ORD_039296,RTO (Undelivered),Customer Refused at Doorstep,904.4
ORD_039297,Customer Return,Defective / Damaged Item,910.8
ORD_039302,RTO (Undelivered),Customer Refused at Doorstep,688.8
ORD_039309,RTO (Undelivered),Customer Refused at Doorstep,2008.0
ORD_039310,Customer Return,Size / Fit Issue,2427.2
ORD_039311,RTO (Undelivered),Customer Refused at Doorstep,2880.1
ORD_039313,Customer Return,Defective / Damaged Item,1014.8
ORD_039318,Customer Return,Found Better Price Elsewhere,621.6
ORD_039320,RTO (Undelivered),Customer Refused at Doorstep,2459.4
ORD_039322,Customer Return,Quality Not as Expected,3860.1
ORD_039332,RTO (Undelivered),Customer Refused at Doorstep,1676.2
ORD_039335,RTO (Undelivered),Customer Refused at Doorstep,2406.0
ORD_039338,RTO (Undelivered),Customer Refused at Doorstep,2217.8
ORD_039343,RTO (Undelivered),Customer Refused at Doorstep,2771.4
ORD_039354,Customer Return,Late Delivery,1800.2
ORD_039358,Customer Return,Defective / Damaged Item,1115.1
ORD_039361,RTO (Undelivered),Customer Refused at Doorstep,2627.8
ORD_039366,Customer Return,Size / Fit Issue,1962.4
ORD_039377,Customer Return,Size / Fit Issue,2084.0
ORD_039386,RTO (Undelivered),Customer Refused at Doorstep,1328.0
ORD_039387,RTO (Undelivered),Customer Refused at Doorstep,2921.1
ORD_039389,RTO (Undelivered),Customer Refused at Doorstep,532.8
ORD_039400,Customer Return,Size / Fit Issue,847.7
ORD_039405,RTO (Undelivered),Customer Refused at Doorstep,2955.9
ORD_039412,RTO (Undelivered),Customer Refused at Doorstep,1221.4
ORD_039413,Customer Return,Size / Fit Issue,1284.4
ORD_039418,Customer Return,Size / Fit Issue,1122.6
ORD_039426,Customer Return,Late Delivery,1854.2
ORD_039431,RTO (Undelivered),Customer Refused at Doorstep,1171.8
ORD_039433,RTO (Undelivered),Customer Refused at Doorstep,4792.0
ORD_039436,Customer Return,Size / Fit Issue,2928.0
ORD_039437,Customer Return,Size / Fit Issue,2568.5
ORD_039440,Customer Return,Size / Fit Issue,1111.0
ORD_039448,RTO (Undelivered),Customer Refused at Doorstep,798.0
ORD_039455,RTO (Undelivered),Customer Refused at Doorstep,793.8
ORD_039464,RTO (Undelivered),Customer Refused at Doorstep,403.2
ORD_039465,Customer Return,Defective / Damaged Item,5020.7
ORD_039466,RTO (Undelivered),Customer Refused at Doorstep,3458.9
ORD_039473,Customer Return,Size / Fit Issue,1568.0
ORD_039485,RTO (Undelivered),Customer Refused at Doorstep,2970.1
ORD_039498,Customer Return,Late Delivery,5309.5
ORD_039511,Customer Return,Defective / Damaged Item,3699.1
ORD_039512,Customer Return,Size / Fit Issue,1457.9
ORD_039513,Customer Return,Size / Fit Issue,2209.8
ORD_039514,RTO (Undelivered),Customer Refused at Doorstep,4209.3
ORD_039518,RTO (Undelivered),Customer Refused at Doorstep,2666.4
ORD_039525,Customer Return,Late Delivery,631.8
ORD_039531,RTO (Undelivered),Customer Refused at Doorstep,823.6
ORD_039532,RTO (Undelivered),Customer Refused at Doorstep,1971.2
ORD_039533,Customer Return,Size / Fit Issue,3685.6
ORD_039537,Customer Return,Size / Fit Issue,3832.5
ORD_039539,Customer Return,Quality Not as Expected,680.4
ORD_039540,Customer Return,Found Better Price Elsewhere,1167.9
ORD_039542,RTO (Undelivered),Customer Refused at Doorstep,3772.1
ORD_039543,Customer Return,Size / Fit Issue,4177.4
ORD_039545,Customer Return,Late Delivery,3372.0
ORD_039556,Customer Return,Defective / Damaged Item,2040.0
ORD_039557,Customer Return,Size / Fit Issue,2205.2
ORD_039560,Customer Return,Size / Fit Issue,2534.4
ORD_039565,Customer Return,Size / Fit Issue,826.5
ORD_039568,Customer Return,Quality Not as Expected,5640.7
ORD_039570,Customer Return,Size / Fit Issue,848.0
ORD_039574,RTO (Undelivered),Customer Refused at Doorstep,1465.1
ORD_039577,RTO (Undelivered),Customer Refused at Doorstep,2745.7
ORD_039579,Customer Return,Quality Not as Expected,621.6
ORD_039580,RTO (Undelivered),Customer Refused at Doorstep,1463.0
ORD_039583,Customer Return,Quality Not as Expected,5068.0
ORD_039588,Customer Return,Size / Fit Issue,1019.2
ORD_039591,Customer Return,Size / Fit Issue,3451.0
ORD_039597,Customer Return,Size / Fit Issue,1573.8
ORD_039612,Customer Return,Found Better Price Elsewhere,4857.4
ORD_039615,Customer Return,Size / Fit Issue,1792.0
ORD_039616,Customer Return,Quality Not as Expected,1467.8
ORD_039625,Customer Return,Size / Fit Issue,918.0
ORD_039627,RTO (Undelivered),Customer Refused at Doorstep,1468.5
ORD_039634,Customer Return,Size / Fit Issue,2201.5
ORD_039636,RTO (Undelivered),Customer Refused at Doorstep,2304.2
ORD_039637,Customer Return,Size / Fit Issue,3856.2
ORD_039640,RTO (Undelivered),Customer Refused at Doorstep,3263.4
ORD_039642,Customer Return,Size / Fit Issue,275.6
ORD_039646,RTO (Undelivered),Customer Refused at Doorstep,644.0
ORD_039652,RTO (Undelivered),Customer Refused at Doorstep,483.6
ORD_039653,RTO (Undelivered),Customer Refused at Doorstep,3290.0
ORD_039658,Customer Return,Quality Not as Expected,1369.6
ORD_039660,Customer Return,Size / Fit Issue,593.6
ORD_039666,RTO (Undelivered),Customer Refused at Doorstep,2250.2
ORD_039669,Customer Return,Size / Fit Issue,1803.1
ORD_039670,RTO (Undelivered),Customer Refused at Doorstep,999.6
ORD_039678,RTO (Undelivered),Customer Refused at Doorstep,1641.6
ORD_039679,Customer Return,Defective / Damaged Item,752.1
ORD_039680,RTO (Undelivered),Customer Refused at Doorstep,3049.7
ORD_039695,Customer Return,Quality Not as Expected,1114.2
ORD_039700,RTO (Undelivered),Customer Refused at Doorstep,684.6
ORD_039702,Customer Return,Defective / Damaged Item,2814.0
ORD_039703,Customer Return,Found Better Price Elsewhere,2240.0
ORD_039707,Customer Return,Late Delivery,1924.0
ORD_039710,Customer Return,Defective / Damaged Item,1614.7
ORD_039711,Customer Return,Size / Fit Issue,707.2
ORD_039715,Customer Return,Size / Fit Issue,1253.0
ORD_039719,Customer Return,Size / Fit Issue,2183.7
ORD_039721,Customer Return,Defective / Damaged Item,2389.8
ORD_039722,Customer Return,Quality Not as Expected,1455.3
ORD_039723,RTO (Undelivered),Customer Refused at Doorstep,4147.8
ORD_039729,RTO (Undelivered),Customer Refused at Doorstep,439.9
ORD_039740,Customer Return,Late Delivery,630.0
ORD_039745,RTO (Undelivered),Customer Refused at Doorstep,1990.5
ORD_039760,Customer Return,Quality Not as Expected,1354.2
ORD_039761,Customer Return,Size / Fit Issue,3426.2
ORD_039767,Customer Return,Size / Fit Issue,5869.1
ORD_039768,RTO (Undelivered),Customer Refused at Doorstep,699.3
ORD_039778,Customer Return,Quality Not as Expected,3270.0
ORD_039779,RTO (Undelivered),Customer Refused at Doorstep,1174.5
ORD_039783,Customer Return,Defective / Damaged Item,897.9
ORD_039786,Customer Return,Size / Fit Issue,3612.8
ORD_039789,Customer Return,Size / Fit Issue,4794.7
ORD_039792,RTO (Undelivered),Customer Refused at Doorstep,1530.6
ORD_039795,Customer Return,Quality Not as Expected,2438.9
ORD_039796,Customer Return,Quality Not as Expected,1003.2
ORD_039803,Customer Return,Size / Fit Issue,996.3
ORD_039806,RTO (Undelivered),Customer Refused at Doorstep,646.8
ORD_039807,Customer Return,Size / Fit Issue,4714.5
ORD_039808,RTO (Undelivered),Customer Refused at Doorstep,2197.6
ORD_039811,Customer Return,Size / Fit Issue,475.6
ORD_039823,RTO (Undelivered),Customer Refused at Doorstep,583.2
ORD_039827,RTO (Undelivered),Customer Refused at Doorstep,1166.1
ORD_039835,RTO (Undelivered),Customer Refused at Doorstep,390.6
ORD_039836,Customer Return,Late Delivery,592.8
ORD_039837,Customer Return,Found Better Price Elsewhere,812.0
ORD_039839,RTO (Undelivered),Customer Refused at Doorstep,532.0
ORD_039840,Customer Return,Defective / Damaged Item,5301.2
ORD_039841,RTO (Undelivered),Customer Refused at Doorstep,1676.6
ORD_039846,Customer Return,Size / Fit Issue,635.1
ORD_039847,Customer Return,Found Better Price Elsewhere,2832.4
ORD_039850,RTO (Undelivered),Customer Refused at Doorstep,921.3
ORD_039857,Customer Return,Defective / Damaged Item,4062.0
ORD_039863,Customer Return,Size / Fit Issue,896.8
ORD_039868,Customer Return,Quality Not as Expected,1025.2
ORD_039870,Customer Return,Size / Fit Issue,5973.1
ORD_039873,RTO (Undelivered),Customer Refused at Doorstep,1126.0
ORD_039879,RTO (Undelivered),Customer Refused at Doorstep,4409.4
ORD_039881,RTO (Undelivered),Customer Refused at Doorstep,240.9
ORD_039882,RTO (Undelivered),Customer Refused at Doorstep,782.6
ORD_039885,Customer Return,Found Better Price Elsewhere,1413.6
ORD_039888,RTO (Undelivered),Customer Refused at Doorstep,1239.0
ORD_039889,Customer Return,Quality Not as Expected,1144.0
ORD_039891,RTO (Undelivered),Customer Refused at Doorstep,480.0
ORD_039892,RTO (Undelivered),Customer Refused at Doorstep,1020.9
ORD_039899,Customer Return,Size / Fit Issue,6495.9
ORD_039905,Customer Return,Size / Fit Issue,1611.0
ORD_039906,Customer Return,Quality Not as Expected,1460.2
ORD_039908,Customer Return,Size / Fit Issue,1609.2
ORD_039910,Customer Return,Size / Fit Issue,1542.8
ORD_039912,Customer Return,Size / Fit Issue,2056.2
ORD_039916,Customer Return,Quality Not as Expected,2552.0
ORD_039918,RTO (Undelivered),Customer Refused at Doorstep,2504.8
ORD_039940,Customer Return,Quality Not as Expected,1107.6
ORD_039941,RTO (Undelivered),Customer Refused at Doorstep,512.4
ORD_039942,RTO (Undelivered),Customer Refused at Doorstep,374.1
ORD_039944,Customer Return,Size / Fit Issue,629.8
ORD_039947,Customer Return,Size / Fit Issue,3094.9
ORD_039948,Customer Return,Found Better Price Elsewhere,4342.7
ORD_039952,RTO (Undelivered),Customer Refused at Doorstep,2889.8
ORD_039955,RTO (Undelivered),Customer Refused at Doorstep,2216.5
ORD_039957,RTO (Undelivered),Customer Refused at Doorstep,2296.0
ORD_039965,Customer Return,Defective / Damaged Item,2627.3
ORD_039967,RTO (Undelivered),Customer Refused at Doorstep,1941.3
ORD_039969,RTO (Undelivered),Customer Refused at Doorstep,1984.0
ORD_039970,Customer Return,Size / Fit Issue,2008.8
ORD_039972,RTO (Undelivered),Customer Refused at Doorstep,2210.0
ORD_039973,Customer Return,Late Delivery,1323.0
ORD_039976,Customer Return,Quality Not as Expected,488.8
ORD_039984,RTO (Undelivered),Customer Refused at Doorstep,2514.6
ORD_039987,Customer Return,Quality Not as Expected,1778.2
ORD_040000,Customer Return,Size / Fit Issue,4557.0
ORD_040001,Customer Return,Size / Fit Issue,837.4
ORD_040006,RTO (Undelivered),Customer Refused at Doorstep,1221.2
ORD_040016,RTO (Undelivered),Customer Refused at Doorstep,1333.2
ORD_040019,Customer Return,Size / Fit Issue,3306.0
ORD_040020,RTO (Undelivered),Customer Refused at Doorstep,594.5
ORD_040021,RTO (Undelivered),Customer Refused at Doorstep,994.0
ORD_040025,Customer Return,Defective / Damaged Item,1740.8
ORD_040029,RTO (Undelivered),Customer Refused at Doorstep,1497.6
ORD_040031,Customer Return,Found Better Price Elsewhere,1166.1
ORD_040035,RTO (Undelivered),Customer Refused at Doorstep,2369.6
ORD_040037,Customer Return,Size / Fit Issue,2312.8
ORD_040043,RTO (Undelivered),Customer Refused at Doorstep,2189.4
ORD_040053,Customer Return,Defective / Damaged Item,5678.7
ORD_040074,Customer Return,Size / Fit Issue,371.3
ORD_040076,Customer Return,Quality Not as Expected,1248.9
ORD_040081,Customer Return,Size / Fit Issue,3502.7
ORD_040082,Customer Return,Late Delivery,2779.0
ORD_040085,Customer Return,Size / Fit Issue,1493.1
ORD_040089,Customer Return,Size / Fit Issue,1507.6
ORD_040091,RTO (Undelivered),Customer Refused at Doorstep,1801.9
ORD_040093,Customer Return,Quality Not as Expected,1521.9
ORD_040095,Customer Return,Size / Fit Issue,1891.7
ORD_040098,RTO (Undelivered),Customer Refused at Doorstep,1688.0
ORD_040115,Customer Return,Size / Fit Issue,504.0
ORD_040123,RTO (Undelivered),Customer Refused at Doorstep,2216.9
ORD_040136,Customer Return,Defective / Damaged Item,1676.2
ORD_040137,RTO (Undelivered),Customer Refused at Doorstep,658.8
ORD_040143,RTO (Undelivered),Customer Refused at Doorstep,478.8
ORD_040147,RTO (Undelivered),Customer Refused at Doorstep,1849.6
ORD_040154,Customer Return,Quality Not as Expected,3221.5
ORD_040155,Customer Return,Quality Not as Expected,509.2
ORD_040160,Customer Return,Quality Not as Expected,1504.0
ORD_040161,RTO (Undelivered),Customer Refused at Doorstep,689.3
ORD_040168,RTO (Undelivered),Customer Refused at Doorstep,3011.8
ORD_040172,RTO (Undelivered),Customer Refused at Doorstep,3558.8
ORD_040177,RTO (Undelivered),Customer Refused at Doorstep,3899.8
ORD_040179,Customer Return,Size / Fit Issue,2819.3
ORD_040180,RTO (Undelivered),Customer Refused at Doorstep,7063.9
ORD_040181,RTO (Undelivered),Customer Refused at Doorstep,603.2
ORD_040188,Customer Return,Size / Fit Issue,521.4
ORD_040192,Customer Return,Size / Fit Issue,1788.0
ORD_040193,Customer Return,Size / Fit Issue,3798.8
ORD_040207,RTO (Undelivered),Customer Refused at Doorstep,1535.2
ORD_040208,Customer Return,Quality Not as Expected,5473.4
ORD_040211,Customer Return,Quality Not as Expected,4281.8
ORD_040212,RTO (Undelivered),Customer Refused at Doorstep,1505.7
ORD_040214,RTO (Undelivered),Customer Refused at Doorstep,843.6
ORD_040215,RTO (Undelivered),Customer Refused at Doorstep,842.4
ORD_040220,Customer Return,Size / Fit Issue,399.6
ORD_040221,Customer Return,Found Better Price Elsewhere,1305.2
ORD_040228,Customer Return,Defective / Damaged Item,1587.6
ORD_040243,Customer Return,Size / Fit Issue,8108.4
ORD_040244,RTO (Undelivered),Customer Refused at Doorstep,2705.1
ORD_040246,RTO (Undelivered),Customer Refused at Doorstep,1285.1
ORD_040253,Customer Return,Quality Not as Expected,668.8
ORD_040255,RTO (Undelivered),Customer Refused at Doorstep,949.0
ORD_040260,RTO (Undelivered),Customer Refused at Doorstep,1272.8
ORD_040266,RTO (Undelivered),Customer Refused at Doorstep,5773.7
ORD_040279,RTO (Undelivered),Customer Refused at Doorstep,2687.2
ORD_040283,RTO (Undelivered),Customer Refused at Doorstep,2533.0
ORD_040285,RTO (Undelivered),Customer Refused at Doorstep,1184.0
ORD_040287,RTO (Undelivered),Customer Refused at Doorstep,2401.2
ORD_040293,Customer Return,Size / Fit Issue,1906.7
ORD_040294,Customer Return,Size / Fit Issue,3048.0
ORD_040304,RTO (Undelivered),Customer Refused at Doorstep,2268.0
ORD_040309,RTO (Undelivered),Customer Refused at Doorstep,1540.5
ORD_040313,RTO (Undelivered),Customer Refused at Doorstep,3708.6
ORD_040316,RTO (Undelivered),Customer Refused at Doorstep,1003.8
ORD_040323,RTO (Undelivered),Customer Refused at Doorstep,680.4
ORD_040327,RTO (Undelivered),Customer Refused at Doorstep,2206.0
ORD_040337,Customer Return,Size / Fit Issue,1877.4
ORD_040338,Customer Return,Defective / Damaged Item,1394.4
ORD_040339,Customer Return,Quality Not as Expected,2597.2
ORD_040342,RTO (Undelivered),Customer Refused at Doorstep,469.8
ORD_040350,RTO (Undelivered),Customer Refused at Doorstep,2666.0
ORD_040352,RTO (Undelivered),Customer Refused at Doorstep,837.0
ORD_040354,RTO (Undelivered),Customer Refused at Doorstep,1435.5
ORD_040361,Customer Return,Size / Fit Issue,1969.0
ORD_040367,Customer Return,Size / Fit Issue,2262.4
ORD_040370,RTO (Undelivered),Customer Refused at Doorstep,7613.3
ORD_040374,RTO (Undelivered),Customer Refused at Doorstep,442.9
ORD_040376,RTO (Undelivered),Customer Refused at Doorstep,2278.2
ORD_040377,Customer Return,Size / Fit Issue,3352.5
ORD_040379,Customer Return,Size / Fit Issue,5022.8
ORD_040380,Customer Return,Size / Fit Issue,1650.2
ORD_040381,RTO (Undelivered),Customer Refused at Doorstep,2197.6
ORD_040386,Customer Return,Defective / Damaged Item,1748.6
ORD_040398,RTO (Undelivered),Customer Refused at Doorstep,1817.0
ORD_040400,RTO (Undelivered),Customer Refused at Doorstep,2434.4
ORD_040403,Customer Return,Size / Fit Issue,5737.5
ORD_040405,Customer Return,Defective / Damaged Item,4466.6
ORD_040406,RTO (Undelivered),Customer Refused at Doorstep,6533.3
ORD_040413,Customer Return,Quality Not as Expected,3055.8
ORD_040419,Customer Return,Size / Fit Issue,1380.0
ORD_040421,Customer Return,Size / Fit Issue,1998.4
ORD_040423,Customer Return,Quality Not as Expected,2672.3
ORD_040435,RTO (Undelivered),Customer Refused at Doorstep,1574.8
ORD_040437,RTO (Undelivered),Customer Refused at Doorstep,1274.6
ORD_040440,Customer Return,Size / Fit Issue,2649.0
ORD_040441,Customer Return,Size / Fit Issue,2188.8
ORD_040445,Customer Return,Defective / Damaged Item,1755.6
ORD_040453,Customer Return,Late Delivery,1693.6
ORD_040456,RTO (Undelivered),Customer Refused at Doorstep,267.3
ORD_040457,RTO (Undelivered),Customer Refused at Doorstep,6504.2
ORD_040460,RTO (Undelivered),Customer Refused at Doorstep,1966.8
ORD_040462,RTO (Undelivered),Customer Refused at Doorstep,2401.2
ORD_040464,Customer Return,Late Delivery,582.8
ORD_040466,RTO (Undelivered),Customer Refused at Doorstep,1104.1
ORD_040478,RTO (Undelivered),Customer Refused at Doorstep,1471.8
ORD_040488,RTO (Undelivered),Customer Refused at Doorstep,1450.8
ORD_040490,Customer Return,Quality Not as Expected,2252.9
ORD_040496,RTO (Undelivered),Customer Refused at Doorstep,3333.1
ORD_040499,RTO (Undelivered),Customer Refused at Doorstep,1535.2
ORD_040503,RTO (Undelivered),Customer Refused at Doorstep,1140.3
ORD_040513,RTO (Undelivered),Customer Refused at Doorstep,2447.3
ORD_040518,Customer Return,Size / Fit Issue,1065.8
ORD_040521,Customer Return,Size / Fit Issue,1451.4
ORD_040525,Customer Return,Size / Fit Issue,2867.3
ORD_040527,Customer Return,Late Delivery,447.2
ORD_040539,Customer Return,Quality Not as Expected,375.0
ORD_040540,RTO (Undelivered),Customer Refused at Doorstep,520.8
ORD_040541,RTO (Undelivered),Customer Refused at Doorstep,1422.0
ORD_040545,RTO (Undelivered),Customer Refused at Doorstep,2793.6
ORD_040548,Customer Return,Size / Fit Issue,1736.0
ORD_040555,RTO (Undelivered),Customer Refused at Doorstep,2167.5
ORD_040556,Customer Return,Size / Fit Issue,7935.6
ORD_040562,Customer Return,Size / Fit Issue,2301.4
ORD_040568,Customer Return,Late Delivery,4005.2
ORD_040573,RTO (Undelivered),Customer Refused at Doorstep,549.4
ORD_040582,Customer Return,Size / Fit Issue,1728.6
ORD_040586,RTO (Undelivered),Customer Refused at Doorstep,1470.3
ORD_040589,Customer Return,Size / Fit Issue,3769.3
ORD_040596,Customer Return,Size / Fit Issue,1877.4
ORD_040598,Customer Return,Late Delivery,3984.9
ORD_040602,RTO (Undelivered),Customer Refused at Doorstep,1577.2
ORD_040604,RTO (Undelivered),Customer Refused at Doorstep,1209.6
ORD_040612,Customer Return,Found Better Price Elsewhere,1255.1
ORD_040617,RTO (Undelivered),Customer Refused at Doorstep,1218.9
ORD_040618,RTO (Undelivered),Customer Refused at Doorstep,3939.6
ORD_040619,RTO (Undelivered),Customer Refused at Doorstep,1752.6
ORD_040620,RTO (Undelivered),Customer Refused at Doorstep,2745.6
ORD_040623,RTO (Undelivered),Customer Refused at Doorstep,3312.9
ORD_040628,Customer Return,Size / Fit Issue,3328.7
ORD_040632,Customer Return,Size / Fit Issue,1460.2
ORD_040636,Customer Return,Size / Fit Issue,1852.0
ORD_040637,Customer Return,Quality Not as Expected,3475.1
ORD_040641,Customer Return,Size / Fit Issue,2820.3
ORD_040648,Customer Return,Size / Fit Issue,446.5
ORD_040654,Customer Return,Defective / Damaged Item,3437.0
ORD_040656,RTO (Undelivered),Customer Refused at Doorstep,993.8
ORD_040660,Customer Return,Quality Not as Expected,864.0
ORD_040663,RTO (Undelivered),Customer Refused at Doorstep,489.8
ORD_040664,RTO (Undelivered),Customer Refused at Doorstep,1657.9
ORD_040665,Customer Return,Size / Fit Issue,513.0
ORD_040670,RTO (Undelivered),Customer Refused at Doorstep,554.4
ORD_040676,Customer Return,Quality Not as Expected,1293.5
ORD_040681,RTO (Undelivered),Customer Refused at Doorstep,1487.8
ORD_040682,Customer Return,Size / Fit Issue,1907.2
ORD_040686,RTO (Undelivered),Customer Refused at Doorstep,453.6
ORD_040691,Customer Return,Size / Fit Issue,1494.1
ORD_040693,Customer Return,Quality Not as Expected,1080.4
ORD_040701,Customer Return,Defective / Damaged Item,6061.7
ORD_040707,Customer Return,Quality Not as Expected,2438.4
ORD_040709,Customer Return,Defective / Damaged Item,3667.1
ORD_040713,Customer Return,Size / Fit Issue,1370.8
ORD_040714,Customer Return,Size / Fit Issue,3119.2
ORD_040716,RTO (Undelivered),Customer Refused at Doorstep,2125.2
ORD_040717,Customer Return,Quality Not as Expected,3649.0
ORD_040723,RTO (Undelivered),Customer Refused at Doorstep,295.8
ORD_040726,Customer Return,Size / Fit Issue,2398.7
ORD_040732,Customer Return,Defective / Damaged Item,2406.9
ORD_040735,RTO (Undelivered),Customer Refused at Doorstep,3668.6
ORD_040736,Customer Return,Late Delivery,713.0
ORD_040738,RTO (Undelivered),Customer Refused at Doorstep,1943.5
ORD_040744,RTO (Undelivered),Customer Refused at Doorstep,1814.4
ORD_040746,Customer Return,Size / Fit Issue,606.8
ORD_040750,RTO (Undelivered),Customer Refused at Doorstep,4939.7
ORD_040754,RTO (Undelivered),Customer Refused at Doorstep,3993.0
ORD_040759,Customer Return,Size / Fit Issue,4168.7
ORD_040760,RTO (Undelivered),Customer Refused at Doorstep,2140.0
ORD_040762,RTO (Undelivered),Customer Refused at Doorstep,2431.9
ORD_040764,RTO (Undelivered),Customer Refused at Doorstep,609.0
ORD_040765,Customer Return,Size / Fit Issue,2610.7
ORD_040766,Customer Return,Found Better Price Elsewhere,1758.0
ORD_040770,RTO (Undelivered),Customer Refused at Doorstep,270.6
ORD_040775,Customer Return,Quality Not as Expected,3665.4
ORD_040779,RTO (Undelivered),Customer Refused at Doorstep,791.0
ORD_040791,Customer Return,Size / Fit Issue,2122.5
ORD_040799,Customer Return,Defective / Damaged Item,680.4
ORD_040801,RTO (Undelivered),Customer Refused at Doorstep,1594.0
ORD_040803,Customer Return,Defective / Damaged Item,1753.7
ORD_040805,Customer Return,Quality Not as Expected,1398.6
ORD_040806,RTO (Undelivered),Customer Refused at Doorstep,2645.7
ORD_040816,Customer Return,Found Better Price Elsewhere,723.8
ORD_040817,Customer Return,Size / Fit Issue,1320.6
ORD_040823,RTO (Undelivered),Customer Refused at Doorstep,1116.0
ORD_040824,Customer Return,Defective / Damaged Item,1730.2
ORD_040826,Customer Return,Found Better Price Elsewhere,3931.6
ORD_040837,Customer Return,Size / Fit Issue,3175.3
ORD_040840,RTO (Undelivered),Customer Refused at Doorstep,1530.0
ORD_040847,RTO (Undelivered),Customer Refused at Doorstep,1048.8
ORD_040849,Customer Return,Size / Fit Issue,669.6
ORD_040850,RTO (Undelivered),Customer Refused at Doorstep,1230.8
ORD_040851,Customer Return,Quality Not as Expected,4236.8
ORD_040857,Customer Return,Size / Fit Issue,7847.4
ORD_040858,Customer Return,Late Delivery,1456.0
ORD_040864,Customer Return,Size / Fit Issue,1996.6
ORD_040868,Customer Return,Defective / Damaged Item,3685.6
ORD_040869,Customer Return,Size / Fit Issue,3177.9
ORD_040877,RTO (Undelivered),Customer Refused at Doorstep,2496.0
ORD_040879,RTO (Undelivered),Customer Refused at Doorstep,651.2
ORD_040880,Customer Return,Size / Fit Issue,1247.4
ORD_040881,RTO (Undelivered),Customer Refused at Doorstep,3015.3
ORD_040885,Customer Return,Size / Fit Issue,7935.1
ORD_040887,Customer Return,Defective / Damaged Item,2442.6
ORD_040889,RTO (Undelivered),Customer Refused at Doorstep,2011.6
ORD_040892,Customer Return,Quality Not as Expected,3672.4
ORD_040896,RTO (Undelivered),Customer Refused at Doorstep,3248.6
ORD_040902,RTO (Undelivered),Customer Refused at Doorstep,404.2
ORD_040908,Customer Return,Size / Fit Issue,1677.6
ORD_040910,Customer Return,Found Better Price Elsewhere,324.0
ORD_040913,RTO (Undelivered),Customer Refused at Doorstep,2770.0
ORD_040914,RTO (Undelivered),Customer Refused at Doorstep,2416.8
ORD_040915,RTO (Undelivered),Customer Refused at Doorstep,3674.4
ORD_040918,Customer Return,Size / Fit Issue,336.0
ORD_040922,Customer Return,Quality Not as Expected,1948.1
ORD_040924,RTO (Undelivered),Customer Refused at Doorstep,1869.5
ORD_040925,RTO (Undelivered),Customer Refused at Doorstep,2041.6
ORD_040939,RTO (Undelivered),Customer Refused at Doorstep,2060.3
ORD_040943,RTO (Undelivered),Customer Refused at Doorstep,2088.0
ORD_040950,RTO (Undelivered),Customer Refused at Doorstep,1554.0
ORD_040953,Customer Return,Quality Not as Expected,743.9
ORD_040959,Customer Return,Size / Fit Issue,3517.5
ORD_040963,RTO (Undelivered),Customer Refused at Doorstep,4811.2
ORD_040965,RTO (Undelivered),Customer Refused at Doorstep,3199.7
ORD_040966,Customer Return,Size / Fit Issue,2872.6
ORD_040968,RTO (Undelivered),Customer Refused at Doorstep,910.0
ORD_040969,Customer Return,Size / Fit Issue,1327.5
ORD_040988,Customer Return,Size / Fit Issue,1124.5
ORD_040989,Customer Return,Size / Fit Issue,1676.4
ORD_040991,RTO (Undelivered),Customer Refused at Doorstep,984.0
ORD_040997,Customer Return,Late Delivery,2100.0
ORD_041001,RTO (Undelivered),Customer Refused at Doorstep,1922.1
ORD_041008,RTO (Undelivered),Customer Refused at Doorstep,6193.9
ORD_041011,Customer Return,Quality Not as Expected,3491.8
ORD_041018,RTO (Undelivered),Customer Refused at Doorstep,1690.0
ORD_041021,Customer Return,Defective / Damaged Item,1335.5
ORD_041023,RTO (Undelivered),Customer Refused at Doorstep,2204.6
ORD_041028,RTO (Undelivered),Customer Refused at Doorstep,2662.0
ORD_041029,RTO (Undelivered),Customer Refused at Doorstep,1251.1
ORD_041036,RTO (Undelivered),Customer Refused at Doorstep,1304.0
ORD_041040,Customer Return,Late Delivery,2014.7
ORD_041047,Customer Return,Late Delivery,2964.8
ORD_041050,Customer Return,Quality Not as Expected,1020.6
ORD_041059,Customer Return,Size / Fit Issue,1470.1
ORD_041060,Customer Return,Size / Fit Issue,889.2
ORD_041064,Customer Return,Size / Fit Issue,3647.0
ORD_041066,Customer Return,Size / Fit Issue,1071.0
ORD_041068,Customer Return,Found Better Price Elsewhere,1710.0
ORD_041071,Customer Return,Defective / Damaged Item,2211.6
ORD_041073,Customer Return,Defective / Damaged Item,1115.4
ORD_041074,RTO (Undelivered),Customer Refused at Doorstep,2218.2
ORD_041076,Customer Return,Size / Fit Issue,1606.4
ORD_041081,Customer Return,Late Delivery,1145.5
ORD_041086,Customer Return,Quality Not as Expected,661.2
ORD_041090,RTO (Undelivered),Customer Refused at Doorstep,555.0
ORD_041096,RTO (Undelivered),Customer Refused at Doorstep,655.7
ORD_041097,RTO (Undelivered),Customer Refused at Doorstep,1432.8
ORD_041098,Customer Return,Late Delivery,604.8
ORD_041107,Customer Return,Size / Fit Issue,626.4
ORD_041109,Customer Return,Late Delivery,2366.4
ORD_041111,RTO (Undelivered),Customer Refused at Doorstep,6828.8
ORD_041116,Customer Return,Size / Fit Issue,1406.0
ORD_041125,Customer Return,Quality Not as Expected,3074.0
ORD_041127,RTO (Undelivered),Customer Refused at Doorstep,1401.3
ORD_041136,RTO (Undelivered),Customer Refused at Doorstep,3008.0
ORD_041141,RTO (Undelivered),Customer Refused at Doorstep,1310.4
ORD_041142,Customer Return,Defective / Damaged Item,1836.3
ORD_041144,Customer Return,Size / Fit Issue,2617.0
ORD_041150,RTO (Undelivered),Customer Refused at Doorstep,7757.5
ORD_041156,RTO (Undelivered),Customer Refused at Doorstep,2033.6
ORD_041158,Customer Return,Found Better Price Elsewhere,1548.6
ORD_041160,Customer Return,Quality Not as Expected,2407.0
ORD_041173,RTO (Undelivered),Customer Refused at Doorstep,434.6
ORD_041185,Customer Return,Quality Not as Expected,3980.5
ORD_041188,RTO (Undelivered),Customer Refused at Doorstep,1041.4
ORD_041192,Customer Return,Size / Fit Issue,4578.0
ORD_041196,Customer Return,Quality Not as Expected,817.6
ORD_041197,Customer Return,Size / Fit Issue,1148.0
ORD_041198,Customer Return,Size / Fit Issue,4246.6
ORD_041201,Customer Return,Quality Not as Expected,1591.8
ORD_041202,Customer Return,Size / Fit Issue,593.6
ORD_041211,Customer Return,Size / Fit Issue,1751.7
ORD_041220,RTO (Undelivered),Customer Refused at Doorstep,3144.8
ORD_041221,RTO (Undelivered),Customer Refused at Doorstep,4115.9
ORD_041222,Customer Return,Quality Not as Expected,1050.0
ORD_041238,Customer Return,Defective / Damaged Item,643.8
ORD_041245,RTO (Undelivered),Customer Refused at Doorstep,4063.8
ORD_041247,Customer Return,Size / Fit Issue,491.4
ORD_041249,RTO (Undelivered),Customer Refused at Doorstep,1023.0
ORD_041259,RTO (Undelivered),Customer Refused at Doorstep,1905.9
ORD_041260,Customer Return,Late Delivery,1092.1
ORD_041262,Customer Return,Defective / Damaged Item,2336.7
ORD_041267,RTO (Undelivered),Customer Refused at Doorstep,1528.9
ORD_041277,Customer Return,Defective / Damaged Item,3754.3
ORD_041279,Customer Return,Size / Fit Issue,2249.2
ORD_041280,Customer Return,Size / Fit Issue,3987.6
ORD_041290,RTO (Undelivered),Customer Refused at Doorstep,1606.4
ORD_041299,RTO (Undelivered),Customer Refused at Doorstep,591.6
ORD_041300,RTO (Undelivered),Customer Refused at Doorstep,1278.0
ORD_041308,Customer Return,Quality Not as Expected,1054.0
ORD_041313,RTO (Undelivered),Customer Refused at Doorstep,2688.0
ORD_041314,Customer Return,Found Better Price Elsewhere,2655.8
ORD_041321,Customer Return,Quality Not as Expected,1173.6
ORD_041324,RTO (Undelivered),Customer Refused at Doorstep,1366.7
ORD_041325,RTO (Undelivered),Customer Refused at Doorstep,4310.0
ORD_041330,RTO (Undelivered),Customer Refused at Doorstep,1077.3
ORD_041339,Customer Return,Quality Not as Expected,665.6
ORD_041341,Customer Return,Size / Fit Issue,2922.3
ORD_041342,Customer Return,Defective / Damaged Item,1835.2
ORD_041343,RTO (Undelivered),Customer Refused at Doorstep,3479.4
ORD_041347,Customer Return,Size / Fit Issue,2656.8
ORD_041348,Customer Return,Quality Not as Expected,2752.0
ORD_041350,Customer Return,Quality Not as Expected,2722.4
ORD_041352,RTO (Undelivered),Customer Refused at Doorstep,6260.4
ORD_041353,RTO (Undelivered),Customer Refused at Doorstep,2848.6
ORD_041354,RTO (Undelivered),Customer Refused at Doorstep,3095.8
ORD_041357,Customer Return,Size / Fit Issue,1635.1
ORD_041360,RTO (Undelivered),Customer Refused at Doorstep,919.8
ORD_041361,RTO (Undelivered),Customer Refused at Doorstep,155.1
ORD_041365,Customer Return,Size / Fit Issue,2552.9
ORD_041366,RTO (Undelivered),Customer Refused at Doorstep,3959.4
ORD_041369,RTO (Undelivered),Customer Refused at Doorstep,2666.2
ORD_041370,Customer Return,Quality Not as Expected,3980.6
ORD_041372,Customer Return,Size / Fit Issue,4497.2
ORD_041374,Customer Return,Size / Fit Issue,4042.9
ORD_041379,Customer Return,Late Delivery,6680.5
ORD_041380,RTO (Undelivered),Customer Refused at Doorstep,1930.4
ORD_041381,Customer Return,Defective / Damaged Item,3273.2
ORD_041386,Customer Return,Quality Not as Expected,2684.3
ORD_041393,Customer Return,Quality Not as Expected,2493.2
ORD_041400,Customer Return,Size / Fit Issue,2072.6
ORD_041405,RTO (Undelivered),Customer Refused at Doorstep,789.6
ORD_041407,Customer Return,Quality Not as Expected,451.4
ORD_041413,Customer Return,Size / Fit Issue,6035.2
ORD_041420,RTO (Undelivered),Customer Refused at Doorstep,4007.2
ORD_041421,Customer Return,Found Better Price Elsewhere,5354.2
ORD_041426,Customer Return,Quality Not as Expected,1287.4
ORD_041439,Customer Return,Quality Not as Expected,1845.0
ORD_041445,RTO (Undelivered),Customer Refused at Doorstep,3418.2
ORD_041449,Customer Return,Late Delivery,3444.5
ORD_041455,Customer Return,Size / Fit Issue,1393.4
ORD_041458,RTO (Undelivered),Customer Refused at Doorstep,1349.0
ORD_041462,Customer Return,Defective / Damaged Item,1247.4
ORD_041465,Customer Return,Quality Not as Expected,3197.8
ORD_041468,Customer Return,Quality Not as Expected,2709.0
ORD_041472,Customer Return,Late Delivery,2384.0
ORD_041474,RTO (Undelivered),Customer Refused at Doorstep,436.8
ORD_041477,Customer Return,Size / Fit Issue,862.4
ORD_041483,Customer Return,Late Delivery,1516.8
ORD_041490,Customer Return,Late Delivery,894.6
ORD_041494,RTO (Undelivered),Customer Refused at Doorstep,772.2
ORD_041497,Customer Return,Size / Fit Issue,3638.0
ORD_041506,RTO (Undelivered),Customer Refused at Doorstep,4095.8
ORD_041508,Customer Return,Size / Fit Issue,2067.0
ORD_041509,RTO (Undelivered),Customer Refused at Doorstep,2273.3
ORD_041515,Customer Return,Size / Fit Issue,2977.3
ORD_041520,Customer Return,Late Delivery,1927.1
ORD_041526,RTO (Undelivered),Customer Refused at Doorstep,5172.8
ORD_041531,RTO (Undelivered),Customer Refused at Doorstep,3902.4
ORD_041532,Customer Return,Size / Fit Issue,696.0
ORD_041542,RTO (Undelivered),Customer Refused at Doorstep,3814.0
ORD_041543,RTO (Undelivered),Customer Refused at Doorstep,4286.0
ORD_041547,Customer Return,Late Delivery,3901.2
ORD_041559,Customer Return,Size / Fit Issue,2279.2
ORD_041562,Customer Return,Quality Not as Expected,713.4
ORD_041564,Customer Return,Defective / Damaged Item,526.4
ORD_041569,RTO (Undelivered),Customer Refused at Doorstep,1073.0
ORD_041571,RTO (Undelivered),Customer Refused at Doorstep,1336.3
ORD_041574,Customer Return,Quality Not as Expected,1755.6
ORD_041575,Customer Return,Quality Not as Expected,1394.0
ORD_041576,RTO (Undelivered),Customer Refused at Doorstep,696.6
ORD_041577,RTO (Undelivered),Customer Refused at Doorstep,775.2
ORD_041578,RTO (Undelivered),Customer Refused at Doorstep,1203.6
ORD_041585,RTO (Undelivered),Customer Refused at Doorstep,714.4
ORD_041588,RTO (Undelivered),Customer Refused at Doorstep,3228.2
ORD_041594,RTO (Undelivered),Customer Refused at Doorstep,1409.0
ORD_041618,Customer Return,Size / Fit Issue,3627.1
ORD_041623,Customer Return,Quality Not as Expected,3583.4
ORD_041625,RTO (Undelivered),Customer Refused at Doorstep,3037.8
ORD_041626,RTO (Undelivered),Customer Refused at Doorstep,668.3
ORD_041631,RTO (Undelivered),Customer Refused at Doorstep,2781.3
ORD_041636,Customer Return,Size / Fit Issue,608.0
ORD_041638,Customer Return,Size / Fit Issue,3154.0
ORD_041642,Customer Return,Defective / Damaged Item,1104.9
ORD_041644,Customer Return,Size / Fit Issue,5615.6
ORD_041653,Customer Return,Defective / Damaged Item,2236.5
ORD_041658,Customer Return,Size / Fit Issue,2948.8
ORD_041664,RTO (Undelivered),Customer Refused at Doorstep,1262.9
ORD_041669,RTO (Undelivered),Customer Refused at Doorstep,1528.8
ORD_041672,Customer Return,Size / Fit Issue,3120.1
ORD_041681,Customer Return,Size / Fit Issue,1729.0
ORD_041692,Customer Return,Size / Fit Issue,3326.8
ORD_041696,Customer Return,Size / Fit Issue,2287.6
ORD_041699,RTO (Undelivered),Customer Refused at Doorstep,769.6
ORD_041704,Customer Return,Quality Not as Expected,4749.6
ORD_041708,Customer Return,Defective / Damaged Item,808.4
ORD_041709,Customer Return,Size / Fit Issue,1747.2
ORD_041711,Customer Return,Defective / Damaged Item,3757.4
ORD_041720,RTO (Undelivered),Customer Refused at Doorstep,2734.1
ORD_041722,RTO (Undelivered),Customer Refused at Doorstep,3928.0
ORD_041724,RTO (Undelivered),Customer Refused at Doorstep,3468.8
ORD_041725,RTO (Undelivered),Customer Refused at Doorstep,1975.8
ORD_041726,Customer Return,Size / Fit Issue,1869.6
ORD_041732,Customer Return,Size / Fit Issue,452.6
ORD_041738,Customer Return,Size / Fit Issue,2158.5
ORD_041743,Customer Return,Defective / Damaged Item,3192.0
ORD_041749,Customer Return,Size / Fit Issue,2076.4
ORD_041750,Customer Return,Size / Fit Issue,2370.5
ORD_041755,RTO (Undelivered),Customer Refused at Doorstep,3211.4
ORD_041757,RTO (Undelivered),Customer Refused at Doorstep,2645.0
ORD_041768,Customer Return,Late Delivery,2040.0
ORD_041777,Customer Return,Found Better Price Elsewhere,816.0
ORD_041779,Customer Return,Quality Not as Expected,3647.2
ORD_041782,Customer Return,Size / Fit Issue,1123.2
ORD_041785,RTO (Undelivered),Customer Refused at Doorstep,630.0
ORD_041787,Customer Return,Size / Fit Issue,2926.8
ORD_041791,Customer Return,Size / Fit Issue,2733.2
ORD_041794,Customer Return,Size / Fit Issue,503.1
ORD_041799,Customer Return,Quality Not as Expected,3513.4
ORD_041800,Customer Return,Late Delivery,1637.1
ORD_041803,Customer Return,Size / Fit Issue,2279.2
ORD_041805,Customer Return,Late Delivery,1436.4
ORD_041807,Customer Return,Late Delivery,247.5
ORD_041810,Customer Return,Size / Fit Issue,1332.8
ORD_041811,Customer Return,Found Better Price Elsewhere,2155.0
ORD_041813,RTO (Undelivered),Customer Refused at Doorstep,1377.0
ORD_041816,Customer Return,Defective / Damaged Item,1610.4
ORD_041821,RTO (Undelivered),Customer Refused at Doorstep,369.6
ORD_041825,Customer Return,Size / Fit Issue,4112.2
ORD_041836,Customer Return,Size / Fit Issue,730.8
ORD_041840,RTO (Undelivered),Customer Refused at Doorstep,811.8
ORD_041843,Customer Return,Late Delivery,2320.8
ORD_041851,Customer Return,Late Delivery,2093.2
ORD_041852,Customer Return,Found Better Price Elsewhere,1556.1
ORD_041859,RTO (Undelivered),Customer Refused at Doorstep,537.2
ORD_041860,Customer Return,Size / Fit Issue,768.5
ORD_041866,Customer Return,Late Delivery,643.8
ORD_041868,Customer Return,Late Delivery,2926.8
ORD_041869,Customer Return,Size / Fit Issue,4996.9
ORD_041878,Customer Return,Size / Fit Issue,3399.9
ORD_041879,Customer Return,Size / Fit Issue,1491.2
ORD_041880,Customer Return,Defective / Damaged Item,2176.7
ORD_041882,Customer Return,Size / Fit Issue,340.2
ORD_041885,RTO (Undelivered),Customer Refused at Doorstep,2779.8
ORD_041886,Customer Return,Defective / Damaged Item,1596.0
ORD_041889,RTO (Undelivered),Customer Refused at Doorstep,2212.0
ORD_041893,Customer Return,Late Delivery,5650.1
ORD_041894,Customer Return,Defective / Damaged Item,4272.2
ORD_041897,Customer Return,Size / Fit Issue,1308.3
ORD_041899,RTO (Undelivered),Customer Refused at Doorstep,3113.1
ORD_041901,Customer Return,Quality Not as Expected,3026.4
ORD_041906,Customer Return,Late Delivery,2946.5
ORD_041908,Customer Return,Quality Not as Expected,4909.0
ORD_041914,Customer Return,Size / Fit Issue,1326.0
ORD_041915,Customer Return,Size / Fit Issue,3486.1
ORD_041922,Customer Return,Size / Fit Issue,4927.7
ORD_041931,Customer Return,Quality Not as Expected,1627.9
ORD_041932,Customer Return,Size / Fit Issue,2969.8
ORD_041935,RTO (Undelivered),Customer Refused at Doorstep,2656.8
ORD_041937,Customer Return,Size / Fit Issue,2222.4
ORD_041944,RTO (Undelivered),Customer Refused at Doorstep,2349.8
ORD_041952,Customer Return,Late Delivery,1092.0
ORD_041954,Customer Return,Size / Fit Issue,1203.5
ORD_041959,Customer Return,Found Better Price Elsewhere,959.4
ORD_041960,RTO (Undelivered),Customer Refused at Doorstep,388.8
ORD_041970,RTO (Undelivered),Customer Refused at Doorstep,1213.9
ORD_041980,RTO (Undelivered),Customer Refused at Doorstep,3403.4
ORD_041981,RTO (Undelivered),Customer Refused at Doorstep,1695.0
ORD_041983,Customer Return,Defective / Damaged Item,3509.7
ORD_041991,Customer Return,Size / Fit Issue,730.8
ORD_041992,RTO (Undelivered),Customer Refused at Doorstep,2697.5
ORD_041995,Customer Return,Quality Not as Expected,1339.2
ORD_041997,Customer Return,Defective / Damaged Item,1653.0
ORD_042001,Customer Return,Late Delivery,686.2
ORD_042003,RTO (Undelivered),Customer Refused at Doorstep,1573.0
ORD_042007,RTO (Undelivered),Customer Refused at Doorstep,1339.2
ORD_042009,Customer Return,Size / Fit Issue,863.6
ORD_042010,RTO (Undelivered),Customer Refused at Doorstep,1817.8
ORD_042019,RTO (Undelivered),Customer Refused at Doorstep,2451.8
ORD_042028,Customer Return,Size / Fit Issue,3444.4
ORD_042035,RTO (Undelivered),Customer Refused at Doorstep,1375.2
ORD_042041,Customer Return,Size / Fit Issue,5520.6
ORD_042052,Customer Return,Quality Not as Expected,1844.7
ORD_042054,Customer Return,Quality Not as Expected,2273.7
ORD_042059,Customer Return,Size / Fit Issue,3613.8
ORD_042062,Customer Return,Size / Fit Issue,1622.4
ORD_042069,RTO (Undelivered),Customer Refused at Doorstep,3889.6
ORD_042074,RTO (Undelivered),Customer Refused at Doorstep,748.8
ORD_042075,RTO (Undelivered),Customer Refused at Doorstep,410.8
ORD_042086,Customer Return,Quality Not as Expected,1439.1
ORD_042091,RTO (Undelivered),Customer Refused at Doorstep,2992.5
ORD_042098,Customer Return,Size / Fit Issue,2375.8
ORD_042106,RTO (Undelivered),Customer Refused at Doorstep,1458.6
ORD_042108,Customer Return,Defective / Damaged Item,1022.0
ORD_042111,Customer Return,Size / Fit Issue,3380.0
ORD_042113,Customer Return,Quality Not as Expected,718.2
ORD_042115,RTO (Undelivered),Customer Refused at Doorstep,3576.0
ORD_042122,RTO (Undelivered),Customer Refused at Doorstep,1229.1
ORD_042139,Customer Return,Size / Fit Issue,860.8
ORD_042141,RTO (Undelivered),Customer Refused at Doorstep,686.2
ORD_042153,Customer Return,Size / Fit Issue,1827.0
ORD_042157,Customer Return,Size / Fit Issue,2094.4
ORD_042160,Customer Return,Quality Not as Expected,1376.4
ORD_042163,RTO (Undelivered),Customer Refused at Doorstep,756.9
ORD_042165,Customer Return,Size / Fit Issue,1714.5
ORD_042166,RTO (Undelivered),Customer Refused at Doorstep,918.4
ORD_042175,Customer Return,Size / Fit Issue,695.8
ORD_042177,RTO (Undelivered),Customer Refused at Doorstep,5472.5
ORD_042179,RTO (Undelivered),Customer Refused at Doorstep,458.2
ORD_042188,RTO (Undelivered),Customer Refused at Doorstep,629.0
ORD_042193,RTO (Undelivered),Customer Refused at Doorstep,2117.0
ORD_042195,Customer Return,Size / Fit Issue,1332.1
ORD_042196,Customer Return,Quality Not as Expected,4603.2
ORD_042198,Customer Return,Quality Not as Expected,1605.8
ORD_042205,RTO (Undelivered),Customer Refused at Doorstep,1830.8
ORD_042211,Customer Return,Size / Fit Issue,2835.7
ORD_042218,RTO (Undelivered),Customer Refused at Doorstep,688.2
ORD_042219,RTO (Undelivered),Customer Refused at Doorstep,4544.6
ORD_042227,Customer Return,Late Delivery,2461.0
ORD_042229,Customer Return,Late Delivery,1152.9
ORD_042230,Customer Return,Size / Fit Issue,3922.4
ORD_042241,Customer Return,Quality Not as Expected,4324.3
ORD_042243,Customer Return,Size / Fit Issue,1533.4
ORD_042244,Customer Return,Quality Not as Expected,638.4
ORD_042249,RTO (Undelivered),Customer Refused at Doorstep,2054.8
ORD_042253,RTO (Undelivered),Customer Refused at Doorstep,1627.9
ORD_042261,RTO (Undelivered),Customer Refused at Doorstep,2675.9
ORD_042267,Customer Return,Size / Fit Issue,827.2
ORD_042268,RTO (Undelivered),Customer Refused at Doorstep,5003.8
ORD_042272,Customer Return,Quality Not as Expected,3400.0
ORD_042274,RTO (Undelivered),Customer Refused at Doorstep,492.9
ORD_042285,RTO (Undelivered),Customer Refused at Doorstep,5101.9
ORD_042294,Customer Return,Quality Not as Expected,2764.2
ORD_042297,RTO (Undelivered),Customer Refused at Doorstep,1866.4
ORD_042310,Customer Return,Defective / Damaged Item,560.9
ORD_042313,RTO (Undelivered),Customer Refused at Doorstep,734.7
ORD_042314,RTO (Undelivered),Customer Refused at Doorstep,1440.7
ORD_042318,RTO (Undelivered),Customer Refused at Doorstep,1804.0
ORD_042321,RTO (Undelivered),Customer Refused at Doorstep,1184.0
ORD_042326,Customer Return,Size / Fit Issue,270.6
ORD_042328,Customer Return,Found Better Price Elsewhere,4553.5
ORD_042330,Customer Return,Quality Not as Expected,5657.0
ORD_042334,Customer Return,Quality Not as Expected,1735.0
ORD_042335,RTO (Undelivered),Customer Refused at Doorstep,2098.6
ORD_042336,Customer Return,Quality Not as Expected,2899.8
ORD_042338,Customer Return,Size / Fit Issue,1922.8
ORD_042340,Customer Return,Defective / Damaged Item,1091.9
ORD_042345,Customer Return,Late Delivery,3232.0
ORD_042349,RTO (Undelivered),Customer Refused at Doorstep,2488.8
ORD_042350,Customer Return,Quality Not as Expected,1094.7
ORD_042353,Customer Return,Quality Not as Expected,1410.1
ORD_042361,Customer Return,Quality Not as Expected,3191.5
ORD_042365,Customer Return,Quality Not as Expected,1599.6
ORD_042386,RTO (Undelivered),Customer Refused at Doorstep,444.0
ORD_042391,RTO (Undelivered),Customer Refused at Doorstep,1168.2
ORD_042395,RTO (Undelivered),Customer Refused at Doorstep,3208.6
ORD_042399,Customer Return,Quality Not as Expected,3702.5
ORD_042406,RTO (Undelivered),Customer Refused at Doorstep,1204.0
ORD_042410,Customer Return,Quality Not as Expected,1564.2
ORD_042411,Customer Return,Quality Not as Expected,1733.6
ORD_042418,Customer Return,Late Delivery,486.0
ORD_042426,Customer Return,Found Better Price Elsewhere,1930.4
ORD_042429,Customer Return,Size / Fit Issue,6696.2
ORD_042430,Customer Return,Size / Fit Issue,3139.2
ORD_042432,Customer Return,Quality Not as Expected,959.3
ORD_042436,RTO (Undelivered),Customer Refused at Doorstep,1936.0
ORD_042438,Customer Return,Late Delivery,1020.8
ORD_042442,RTO (Undelivered),Customer Refused at Doorstep,457.5
ORD_042445,Customer Return,Late Delivery,2133.5
ORD_042447,RTO (Undelivered),Customer Refused at Doorstep,1453.4
ORD_042448,Customer Return,Size / Fit Issue,2190.5
ORD_042451,Customer Return,Quality Not as Expected,832.0
ORD_042453,RTO (Undelivered),Customer Refused at Doorstep,2787.6
ORD_042457,Customer Return,Late Delivery,3386.5
ORD_042464,Customer Return,Quality Not as Expected,5701.7
ORD_042468,Customer Return,Late Delivery,2899.8
ORD_042475,Customer Return,Defective / Damaged Item,1015.0
ORD_042483,Customer Return,Late Delivery,3663.5
ORD_042485,RTO (Undelivered),Customer Refused at Doorstep,1611.6
ORD_042489,Customer Return,Size / Fit Issue,2365.1
ORD_042496,RTO (Undelivered),Customer Refused at Doorstep,2797.2
ORD_042497,RTO (Undelivered),Customer Refused at Doorstep,1654.7
ORD_042519,RTO (Undelivered),Customer Refused at Doorstep,4287.0
ORD_042520,Customer Return,Size / Fit Issue,8136.5
ORD_042523,RTO (Undelivered),Customer Refused at Doorstep,2310.6
ORD_042529,RTO (Undelivered),Customer Refused at Doorstep,470.4
ORD_042536,Customer Return,Size / Fit Issue,996.4
ORD_042541,RTO (Undelivered),Customer Refused at Doorstep,2002.5
ORD_042545,RTO (Undelivered),Customer Refused at Doorstep,3375.6
ORD_042546,RTO (Undelivered),Customer Refused at Doorstep,1890.1
ORD_042548,Customer Return,Size / Fit Issue,443.7
ORD_042549,RTO (Undelivered),Customer Refused at Doorstep,2632.0
ORD_042550,Customer Return,Defective / Damaged Item,3750.3
ORD_042554,Customer Return,Size / Fit Issue,892.0
ORD_042558,RTO (Undelivered),Customer Refused at Doorstep,2138.1
ORD_042563,Customer Return,Size / Fit Issue,1484.9
ORD_042566,Customer Return,Size / Fit Issue,2086.0
ORD_042567,RTO (Undelivered),Customer Refused at Doorstep,3328.2
ORD_042571,RTO (Undelivered),Customer Refused at Doorstep,2886.2
ORD_042576,RTO (Undelivered),Customer Refused at Doorstep,3837.3
ORD_042577,RTO (Undelivered),Customer Refused at Doorstep,6119.6
ORD_042580,Customer Return,Late Delivery,1667.6
ORD_042582,Customer Return,Size / Fit Issue,3959.6
ORD_042583,Customer Return,Quality Not as Expected,912.0
ORD_042588,Customer Return,Late Delivery,970.2
ORD_042591,Customer Return,Size / Fit Issue,708.0
ORD_042592,Customer Return,Size / Fit Issue,760.0
ORD_042593,RTO (Undelivered),Customer Refused at Doorstep,2376.4
ORD_042594,Customer Return,Late Delivery,3573.0
ORD_042595,Customer Return,Late Delivery,2352.0
ORD_042597,Customer Return,Size / Fit Issue,2942.5
ORD_042601,Customer Return,Defective / Damaged Item,3422.6
ORD_042602,RTO (Undelivered),Customer Refused at Doorstep,1990.8
ORD_042611,Customer Return,Size / Fit Issue,1144.0
ORD_042613,Customer Return,Found Better Price Elsewhere,721.5
ORD_042617,Customer Return,Quality Not as Expected,2113.5
ORD_042620,Customer Return,Quality Not as Expected,1238.8
ORD_042621,RTO (Undelivered),Customer Refused at Doorstep,3259.4
ORD_042623,RTO (Undelivered),Customer Refused at Doorstep,3786.4
ORD_042628,RTO (Undelivered),Customer Refused at Doorstep,1310.4
ORD_042632,RTO (Undelivered),Customer Refused at Doorstep,710.2
ORD_042639,RTO (Undelivered),Customer Refused at Doorstep,5438.1
ORD_042641,RTO (Undelivered),Customer Refused at Doorstep,705.2
ORD_042648,Customer Return,Size / Fit Issue,4139.2
ORD_042651,Customer Return,Defective / Damaged Item,3021.8
ORD_042656,RTO (Undelivered),Customer Refused at Doorstep,2538.2
ORD_042676,RTO (Undelivered),Customer Refused at Doorstep,3426.2
ORD_042682,RTO (Undelivered),Customer Refused at Doorstep,3531.6
ORD_042685,Customer Return,Defective / Damaged Item,3653.6
ORD_042687,RTO (Undelivered),Customer Refused at Doorstep,558.6
ORD_042690,Customer Return,Quality Not as Expected,2389.2
ORD_042696,Customer Return,Quality Not as Expected,1638.0
ORD_042697,Customer Return,Defective / Damaged Item,2105.4
ORD_042699,Customer Return,Late Delivery,2462.6
ORD_042701,Customer Return,Size / Fit Issue,499.8
ORD_042705,RTO (Undelivered),Customer Refused at Doorstep,2273.7
ORD_042710,RTO (Undelivered),Customer Refused at Doorstep,2536.8
ORD_042720,Customer Return,Quality Not as Expected,2840.5
ORD_042723,RTO (Undelivered),Customer Refused at Doorstep,6751.0
ORD_042724,RTO (Undelivered),Customer Refused at Doorstep,2101.4
ORD_042730,RTO (Undelivered),Customer Refused at Doorstep,1201.3
ORD_042731,Customer Return,Late Delivery,6460.5
ORD_042732,Customer Return,Size / Fit Issue,3665.4
ORD_042734,RTO (Undelivered),Customer Refused at Doorstep,1170.4
ORD_042741,RTO (Undelivered),Customer Refused at Doorstep,475.2
ORD_042743,RTO (Undelivered),Customer Refused at Doorstep,2471.6
ORD_042751,RTO (Undelivered),Customer Refused at Doorstep,1453.2
ORD_042752,Customer Return,Late Delivery,1821.6
ORD_042755,RTO (Undelivered),Customer Refused at Doorstep,1394.0
ORD_042758,RTO (Undelivered),Customer Refused at Doorstep,811.8
ORD_042767,RTO (Undelivered),Customer Refused at Doorstep,3312.8
ORD_042769,RTO (Undelivered),Customer Refused at Doorstep,2991.6
ORD_042776,Customer Return,Size / Fit Issue,1159.0
ORD_042778,Customer Return,Found Better Price Elsewhere,2415.6
ORD_042781,RTO (Undelivered),Customer Refused at Doorstep,1732.5
ORD_042784,Customer Return,Quality Not as Expected,216.0
ORD_042786,RTO (Undelivered),Customer Refused at Doorstep,2242.8
ORD_042789,RTO (Undelivered),Customer Refused at Doorstep,617.4
ORD_042797,RTO (Undelivered),Customer Refused at Doorstep,548.1
ORD_042799,RTO (Undelivered),Customer Refused at Doorstep,774.0
ORD_042808,Customer Return,Late Delivery,2677.5
ORD_042811,RTO (Undelivered),Customer Refused at Doorstep,1209.6
ORD_042816,Customer Return,Size / Fit Issue,1432.0
ORD_042825,Customer Return,Defective / Damaged Item,4006.1
ORD_042830,Customer Return,Size / Fit Issue,638.4
ORD_042840,Customer Return,Quality Not as Expected,2279.2
ORD_042848,RTO (Undelivered),Customer Refused at Doorstep,1587.9
ORD_042851,RTO (Undelivered),Customer Refused at Doorstep,1029.5
ORD_042852,RTO (Undelivered),Customer Refused at Doorstep,530.0
ORD_042853,Customer Return,Defective / Damaged Item,1414.4
ORD_042854,Customer Return,Size / Fit Issue,2856.0
ORD_042855,Customer Return,Size / Fit Issue,3241.0
ORD_042858,Customer Return,Size / Fit Issue,3689.9
ORD_042859,Customer Return,Size / Fit Issue,4939.2
ORD_042863,Customer Return,Size / Fit Issue,3324.1
ORD_042865,Customer Return,Late Delivery,2160.8
ORD_042869,Customer Return,Quality Not as Expected,3739.8
ORD_042871,RTO (Undelivered),Customer Refused at Doorstep,1140.3
ORD_042874,Customer Return,Found Better Price Elsewhere,1038.4
ORD_042875,RTO (Undelivered),Customer Refused at Doorstep,340.3
ORD_042883,RTO (Undelivered),Customer Refused at Doorstep,2361.6
ORD_042889,Customer Return,Defective / Damaged Item,2442.0
ORD_042892,Customer Return,Size / Fit Issue,588.6
ORD_042894,Customer Return,Quality Not as Expected,4980.8
ORD_042895,RTO (Undelivered),Customer Refused at Doorstep,3528.0
ORD_042896,RTO (Undelivered),Customer Refused at Doorstep,1044.0
ORD_042902,Customer Return,Late Delivery,4382.3
ORD_042905,RTO (Undelivered),Customer Refused at Doorstep,1904.5
ORD_042906,Customer Return,Size / Fit Issue,606.8
ORD_042908,Customer Return,Size / Fit Issue,1670.6
ORD_042909,Customer Return,Size / Fit Issue,2592.8
ORD_042915,RTO (Undelivered),Customer Refused at Doorstep,3270.4
ORD_042919,RTO (Undelivered),Customer Refused at Doorstep,1377.6
ORD_042920,Customer Return,Defective / Damaged Item,2788.5
ORD_042924,Customer Return,Quality Not as Expected,1168.4
ORD_042925,RTO (Undelivered),Customer Refused at Doorstep,545.2
ORD_042929,Customer Return,Size / Fit Issue,2816.3
ORD_042932,Customer Return,Defective / Damaged Item,1562.4
ORD_042945,RTO (Undelivered),Customer Refused at Doorstep,2767.4
ORD_042955,Customer Return,Quality Not as Expected,1559.4
ORD_042958,Customer Return,Size / Fit Issue,7400.3
ORD_042968,RTO (Undelivered),Customer Refused at Doorstep,2059.0
ORD_042970,Customer Return,Late Delivery,1579.8
ORD_042971,Customer Return,Quality Not as Expected,878.8
ORD_042974,Customer Return,Quality Not as Expected,4573.6
ORD_042976,Customer Return,Quality Not as Expected,837.8
ORD_042977,RTO (Undelivered),Customer Refused at Doorstep,196.8
ORD_042988,RTO (Undelivered),Customer Refused at Doorstep,3536.0
ORD_042989,Customer Return,Quality Not as Expected,2173.1
ORD_042995,RTO (Undelivered),Customer Refused at Doorstep,4502.8
ORD_042996,Customer Return,Defective / Damaged Item,729.6
ORD_043005,Customer Return,Quality Not as Expected,1901.2
ORD_043012,RTO (Undelivered),Customer Refused at Doorstep,3608.8
ORD_043018,Customer Return,Size / Fit Issue,1124.8
ORD_043019,Customer Return,Size / Fit Issue,2651.6
ORD_043023,RTO (Undelivered),Customer Refused at Doorstep,4974.2
ORD_043028,Customer Return,Quality Not as Expected,1542.5
ORD_043032,Customer Return,Size / Fit Issue,2318.4
ORD_043045,RTO (Undelivered),Customer Refused at Doorstep,2655.8
ORD_043046,Customer Return,Size / Fit Issue,3278.9
ORD_043048,RTO (Undelivered),Customer Refused at Doorstep,4725.9
ORD_043049,Customer Return,Size / Fit Issue,4221.0
ORD_043051,Customer Return,Defective / Damaged Item,2258.6
ORD_043054,RTO (Undelivered),Customer Refused at Doorstep,541.2
ORD_043056,Customer Return,Quality Not as Expected,1555.2
ORD_043058,Customer Return,Quality Not as Expected,906.2
ORD_043060,RTO (Undelivered),Customer Refused at Doorstep,3209.7
ORD_043062,RTO (Undelivered),Customer Refused at Doorstep,749.3
ORD_043063,Customer Return,Size / Fit Issue,2192.4
ORD_043065,Customer Return,Defective / Damaged Item,1950.8
ORD_043069,Customer Return,Defective / Damaged Item,3994.8
ORD_043072,RTO (Undelivered),Customer Refused at Doorstep,565.8
ORD_043075,RTO (Undelivered),Customer Refused at Doorstep,756.9
ORD_043077,RTO (Undelivered),Customer Refused at Doorstep,1112.8
ORD_043081,RTO (Undelivered),Customer Refused at Doorstep,690.1
ORD_043090,RTO (Undelivered),Customer Refused at Doorstep,3688.4
ORD_043094,Customer Return,Defective / Damaged Item,266.5
ORD_043099,Customer Return,Quality Not as Expected,705.6
ORD_043100,Customer Return,Late Delivery,3089.5
ORD_043101,Customer Return,Size / Fit Issue,1055.1
ORD_043104,Customer Return,Quality Not as Expected,2498.8
ORD_043114,RTO (Undelivered),Customer Refused at Doorstep,1165.6
ORD_043117,RTO (Undelivered),Customer Refused at Doorstep,581.4
ORD_043118,RTO (Undelivered),Customer Refused at Doorstep,799.0
ORD_043119,Customer Return,Late Delivery,2053.8
ORD_043120,Customer Return,Size / Fit Issue,3696.0
ORD_043123,RTO (Undelivered),Customer Refused at Doorstep,3213.0
ORD_043124,Customer Return,Quality Not as Expected,3944.3
ORD_043125,RTO (Undelivered),Customer Refused at Doorstep,591.6
ORD_043128,RTO (Undelivered),Customer Refused at Doorstep,1201.2
ORD_043129,RTO (Undelivered),Customer Refused at Doorstep,1971.4
ORD_043130,Customer Return,Quality Not as Expected,921.3
ORD_043134,RTO (Undelivered),Customer Refused at Doorstep,2331.0
ORD_043135,RTO (Undelivered),Customer Refused at Doorstep,1158.4
ORD_043136,RTO (Undelivered),Customer Refused at Doorstep,3485.1
ORD_043145,RTO (Undelivered),Customer Refused at Doorstep,2205.0
ORD_043153,Customer Return,Defective / Damaged Item,3589.1
ORD_043155,Customer Return,Size / Fit Issue,3306.2
ORD_043158,RTO (Undelivered),Customer Refused at Doorstep,4581.5
ORD_043159,Customer Return,Quality Not as Expected,1478.6
ORD_043161,Customer Return,Size / Fit Issue,2268.7
ORD_043163,Customer Return,Size / Fit Issue,3688.4
ORD_043167,Customer Return,Size / Fit Issue,2989.6
ORD_043179,RTO (Undelivered),Customer Refused at Doorstep,4901.6
ORD_043180,RTO (Undelivered),Customer Refused at Doorstep,1704.3
ORD_043188,Customer Return,Quality Not as Expected,3799.5
ORD_043190,Customer Return,Defective / Damaged Item,781.0
ORD_043194,Customer Return,Quality Not as Expected,748.2
ORD_043195,Customer Return,Quality Not as Expected,1170.7
ORD_043196,Customer Return,Late Delivery,2000.3
ORD_043203,Customer Return,Defective / Damaged Item,7330.0
ORD_043210,RTO (Undelivered),Customer Refused at Doorstep,4271.0
ORD_043218,RTO (Undelivered),Customer Refused at Doorstep,1500.6
ORD_043220,RTO (Undelivered),Customer Refused at Doorstep,1789.2
ORD_043222,RTO (Undelivered),Customer Refused at Doorstep,2073.5
ORD_043223,Customer Return,Found Better Price Elsewhere,4862.5
ORD_043233,Customer Return,Size / Fit Issue,2615.1
ORD_043239,RTO (Undelivered),Customer Refused at Doorstep,661.2
ORD_043243,Customer Return,Size / Fit Issue,921.3
ORD_043246,RTO (Undelivered),Customer Refused at Doorstep,2048.6
ORD_043263,Customer Return,Quality Not as Expected,667.4
ORD_043268,Customer Return,Quality Not as Expected,3295.6
ORD_043271,Customer Return,Quality Not as Expected,1412.4
ORD_043277,Customer Return,Size / Fit Issue,3489.3
ORD_043279,Customer Return,Late Delivery,840.0
ORD_043284,RTO (Undelivered),Customer Refused at Doorstep,624.1
ORD_043288,RTO (Undelivered),Customer Refused at Doorstep,703.0
ORD_043291,RTO (Undelivered),Customer Refused at Doorstep,862.2
ORD_043296,RTO (Undelivered),Customer Refused at Doorstep,2467.5
ORD_043300,RTO (Undelivered),Customer Refused at Doorstep,722.4
ORD_043303,Customer Return,Size / Fit Issue,2050.4
ORD_043305,RTO (Undelivered),Customer Refused at Doorstep,337.5
ORD_043306,Customer Return,Found Better Price Elsewhere,2434.6
ORD_043310,Customer Return,Found Better Price Elsewhere,542.8
ORD_043316,Customer Return,Size / Fit Issue,1728.0
ORD_043318,RTO (Undelivered),Customer Refused at Doorstep,3578.4
ORD_043320,Customer Return,Found Better Price Elsewhere,3085.5
ORD_043330,Customer Return,Quality Not as Expected,4011.7
ORD_043332,RTO (Undelivered),Customer Refused at Doorstep,1957.8
ORD_043341,RTO (Undelivered),Customer Refused at Doorstep,1196.8
ORD_043349,Customer Return,Late Delivery,1465.6
ORD_043355,Customer Return,Size / Fit Issue,5232.7
ORD_043356,RTO (Undelivered),Customer Refused at Doorstep,777.0
ORD_043360,Customer Return,Size / Fit Issue,714.4
ORD_043366,Customer Return,Quality Not as Expected,1243.4
ORD_043369,RTO (Undelivered),Customer Refused at Doorstep,1077.3
ORD_043384,Customer Return,Quality Not as Expected,2522.0
ORD_043386,Customer Return,Late Delivery,2927.6
ORD_043389,Customer Return,Late Delivery,2794.0
ORD_043392,Customer Return,Size / Fit Issue,504.6
ORD_043393,Customer Return,Quality Not as Expected,916.2
ORD_043399,Customer Return,Size / Fit Issue,928.8
ORD_043402,Customer Return,Size / Fit Issue,1952.0
ORD_043404,Customer Return,Size / Fit Issue,1268.8
ORD_043406,RTO (Undelivered),Customer Refused at Doorstep,1281.4
ORD_043407,Customer Return,Defective / Damaged Item,4798.4
ORD_043409,Customer Return,Size / Fit Issue,1079.2
ORD_043411,Customer Return,Size / Fit Issue,1154.2
ORD_043420,Customer Return,Late Delivery,216.0
ORD_043423,Customer Return,Quality Not as Expected,2392.0
ORD_043429,RTO (Undelivered),Customer Refused at Doorstep,2277.2
ORD_043432,Customer Return,Quality Not as Expected,466.2
ORD_043442,RTO (Undelivered),Customer Refused at Doorstep,1134.0
ORD_043448,Customer Return,Quality Not as Expected,3552.4
ORD_043453,Customer Return,Size / Fit Issue,615.6
ORD_043454,Customer Return,Defective / Damaged Item,1175.5
ORD_043458,Customer Return,Size / Fit Issue,1315.6
ORD_043464,Customer Return,Size / Fit Issue,2814.3
ORD_043469,RTO (Undelivered),Customer Refused at Doorstep,840.6
ORD_043472,RTO (Undelivered),Customer Refused at Doorstep,957.6
ORD_043477,Customer Return,Defective / Damaged Item,1975.8
ORD_043478,RTO (Undelivered),Customer Refused at Doorstep,2141.2
ORD_043483,RTO (Undelivered),Customer Refused at Doorstep,445.2
ORD_043492,Customer Return,Size / Fit Issue,1241.2
ORD_043494,RTO (Undelivered),Customer Refused at Doorstep,2703.2
ORD_043495,RTO (Undelivered),Customer Refused at Doorstep,1523.4
ORD_043501,Customer Return,Size / Fit Issue,2872.6
ORD_043507,RTO (Undelivered),Customer Refused at Doorstep,2030.4
ORD_043509,Customer Return,Size / Fit Issue,560.5
ORD_043510,Customer Return,Size / Fit Issue,1555.2
ORD_043511,RTO (Undelivered),Customer Refused at Doorstep,1738.4
ORD_043514,Customer Return,Defective / Damaged Item,5069.8
ORD_043521,RTO (Undelivered),Customer Refused at Doorstep,809.1
ORD_043532,Customer Return,Size / Fit Issue,1583.6
ORD_043543,Customer Return,Quality Not as Expected,1601.3
ORD_043544,Customer Return,Defective / Damaged Item,2007.6
ORD_043549,RTO (Undelivered),Customer Refused at Doorstep,3035.8
ORD_043551,Customer Return,Quality Not as Expected,485.1
ORD_043552,RTO (Undelivered),Customer Refused at Doorstep,1134.0
ORD_043555,Customer Return,Size / Fit Issue,426.6
ORD_043556,RTO (Undelivered),Customer Refused at Doorstep,2067.8
ORD_043561,RTO (Undelivered),Customer Refused at Doorstep,6167.0
ORD_043562,RTO (Undelivered),Customer Refused at Doorstep,3796.6
ORD_043568,RTO (Undelivered),Customer Refused at Doorstep,1097.6
ORD_043572,Customer Return,Defective / Damaged Item,1839.1
ORD_043574,Customer Return,Quality Not as Expected,2613.4
ORD_043579,Customer Return,Size / Fit Issue,2999.8
ORD_043581,RTO (Undelivered),Customer Refused at Doorstep,1654.9
ORD_043583,Customer Return,Late Delivery,3881.6
ORD_043584,RTO (Undelivered),Customer Refused at Doorstep,1505.7
ORD_043588,Customer Return,Late Delivery,2582.2
ORD_043589,RTO (Undelivered),Customer Refused at Doorstep,1909.6
ORD_043593,Customer Return,Defective / Damaged Item,1089.9
ORD_043598,RTO (Undelivered),Customer Refused at Doorstep,1064.7
ORD_043602,RTO (Undelivered),Customer Refused at Doorstep,1138.6
ORD_043603,Customer Return,Size / Fit Issue,2778.0
ORD_043604,Customer Return,Quality Not as Expected,2128.5
ORD_043607,Customer Return,Size / Fit Issue,1734.8
ORD_043608,Customer Return,Size / Fit Issue,1907.2
ORD_043615,Customer Return,Defective / Damaged Item,6254.3
ORD_043618,Customer Return,Quality Not as Expected,2032.0
ORD_043620,Customer Return,Defective / Damaged Item,1827.0
ORD_043631,Customer Return,Size / Fit Issue,1514.7
ORD_043646,RTO (Undelivered),Customer Refused at Doorstep,811.3
ORD_043648,RTO (Undelivered),Customer Refused at Doorstep,5621.6
ORD_043649,Customer Return,Defective / Damaged Item,3936.2
ORD_043650,Customer Return,Size / Fit Issue,1060.8
ORD_043665,Customer Return,Quality Not as Expected,502.2
ORD_043666,Customer Return,Size / Fit Issue,2503.2
ORD_043671,RTO (Undelivered),Customer Refused at Doorstep,1414.4
ORD_043674,RTO (Undelivered),Customer Refused at Doorstep,6003.4
ORD_043683,Customer Return,Defective / Damaged Item,2688.0
ORD_043685,Customer Return,Size / Fit Issue,3996.2
ORD_043687,RTO (Undelivered),Customer Refused at Doorstep,1116.5
ORD_043690,RTO (Undelivered),Customer Refused at Doorstep,6437.4
ORD_043691,Customer Return,Size / Fit Issue,475.2
ORD_043702,RTO (Undelivered),Customer Refused at Doorstep,3569.0
ORD_043710,Customer Return,Defective / Damaged Item,1147.0
ORD_043712,RTO (Undelivered),Customer Refused at Doorstep,5782.5
ORD_043718,Customer Return,Size / Fit Issue,3534.2
ORD_043723,RTO (Undelivered),Customer Refused at Doorstep,718.2
ORD_043726,Customer Return,Defective / Damaged Item,1423.8
ORD_043734,Customer Return,Size / Fit Issue,4390.2
ORD_043736,RTO (Undelivered),Customer Refused at Doorstep,816.2
ORD_043739,RTO (Undelivered),Customer Refused at Doorstep,1255.8
ORD_043742,RTO (Undelivered),Customer Refused at Doorstep,1182.6
ORD_043744,Customer Return,Quality Not as Expected,4232.5
ORD_043746,Customer Return,Late Delivery,2552.0
ORD_043750,RTO (Undelivered),Customer Refused at Doorstep,3447.6
ORD_043752,RTO (Undelivered),Customer Refused at Doorstep,1468.8
ORD_043763,Customer Return,Quality Not as Expected,1912.2
ORD_043764,RTO (Undelivered),Customer Refused at Doorstep,497.7
ORD_043767,Customer Return,Defective / Damaged Item,6446.5
ORD_043770,RTO (Undelivered),Customer Refused at Doorstep,1163.4
ORD_043774,RTO (Undelivered),Customer Refused at Doorstep,1218.0
ORD_043776,RTO (Undelivered),Customer Refused at Doorstep,1548.0
ORD_043778,RTO (Undelivered),Customer Refused at Doorstep,2610.3
ORD_043783,Customer Return,Size / Fit Issue,2656.0
ORD_043790,Customer Return,Quality Not as Expected,3852.4
ORD_043793,Customer Return,Quality Not as Expected,3242.5
ORD_043794,RTO (Undelivered),Customer Refused at Doorstep,752.4
ORD_043796,Customer Return,Quality Not as Expected,1048.1
ORD_043798,Customer Return,Quality Not as Expected,4119.2
ORD_043812,RTO (Undelivered),Customer Refused at Doorstep,1771.2
ORD_043813,Customer Return,Defective / Damaged Item,3028.6
ORD_043815,RTO (Undelivered),Customer Refused at Doorstep,1705.0
ORD_043821,Customer Return,Quality Not as Expected,2347.6
ORD_043826,Customer Return,Size / Fit Issue,719.4
ORD_043828,Customer Return,Size / Fit Issue,722.4
ORD_043838,RTO (Undelivered),Customer Refused at Doorstep,444.0
ORD_043841,RTO (Undelivered),Customer Refused at Doorstep,1091.2
ORD_043842,Customer Return,Size / Fit Issue,1248.9
ORD_043845,RTO (Undelivered),Customer Refused at Doorstep,1213.7
ORD_043847,Customer Return,Found Better Price Elsewhere,864.0
ORD_043854,RTO (Undelivered),Customer Refused at Doorstep,1393.6
ORD_043859,RTO (Undelivered),Customer Refused at Doorstep,1913.1
ORD_043861,Customer Return,Size / Fit Issue,638.4
ORD_043864,RTO (Undelivered),Customer Refused at Doorstep,1538.7
ORD_043867,Customer Return,Found Better Price Elsewhere,518.0
ORD_043869,Customer Return,Quality Not as Expected,4056.7
ORD_043872,Customer Return,Size / Fit Issue,7294.9
ORD_043879,RTO (Undelivered),Customer Refused at Doorstep,627.2
ORD_043883,RTO (Undelivered),Customer Refused at Doorstep,7061.3
ORD_043889,Customer Return,Size / Fit Issue,2060.4
ORD_043892,RTO (Undelivered),Customer Refused at Doorstep,1901.3
ORD_043901,Customer Return,Found Better Price Elsewhere,3641.3
ORD_043911,Customer Return,Quality Not as Expected,4357.9
ORD_043912,Customer Return,Size / Fit Issue,3594.9
ORD_043913,Customer Return,Size / Fit Issue,1570.8
ORD_043914,RTO (Undelivered),Customer Refused at Doorstep,382.8
ORD_043916,RTO (Undelivered),Customer Refused at Doorstep,1258.8
ORD_043926,Customer Return,Defective / Damaged Item,4882.6
ORD_043929,RTO (Undelivered),Customer Refused at Doorstep,4767.5
ORD_043946,Customer Return,Found Better Price Elsewhere,2406.9
ORD_043952,Customer Return,Size / Fit Issue,3717.0
ORD_043953,Customer Return,Size / Fit Issue,4855.8
ORD_043954,Customer Return,Defective / Damaged Item,1179.8
ORD_043958,Customer Return,Size / Fit Issue,1571.8
ORD_043962,RTO (Undelivered),Customer Refused at Doorstep,1171.8
ORD_043966,Customer Return,Quality Not as Expected,3195.3
ORD_043967,Customer Return,Size / Fit Issue,4400.2
ORD_043968,RTO (Undelivered),Customer Refused at Doorstep,1588.0
ORD_043982,Customer Return,Quality Not as Expected,1831.6
ORD_043988,Customer Return,Size / Fit Issue,576.0
ORD_044000,RTO (Undelivered),Customer Refused at Doorstep,5425.0
ORD_044005,Customer Return,Late Delivery,855.6
ORD_044006,RTO (Undelivered),Customer Refused at Doorstep,2290.6
ORD_044008,Customer Return,Found Better Price Elsewhere,2515.5
ORD_044010,Customer Return,Quality Not as Expected,1279.2
ORD_044011,RTO (Undelivered),Customer Refused at Doorstep,655.7
ORD_044016,Customer Return,Size / Fit Issue,3801.0
ORD_044019,Customer Return,Size / Fit Issue,1625.2
ORD_044024,Customer Return,Size / Fit Issue,1272.0
ORD_044042,RTO (Undelivered),Customer Refused at Doorstep,2000.8
ORD_044047,Customer Return,Size / Fit Issue,1678.4
ORD_044049,RTO (Undelivered),Customer Refused at Doorstep,5649.7
ORD_044052,Customer Return,Quality Not as Expected,3953.4
ORD_044053,Customer Return,Defective / Damaged Item,1953.0
ORD_044057,RTO (Undelivered),Customer Refused at Doorstep,2078.2
ORD_044066,RTO (Undelivered),Customer Refused at Doorstep,1433.7
ORD_044067,Customer Return,Size / Fit Issue,2656.8
ORD_044081,Customer Return,Quality Not as Expected,4227.6
ORD_044086,Customer Return,Size / Fit Issue,743.4
ORD_044087,Customer Return,Defective / Damaged Item,3489.0
ORD_044089,Customer Return,Defective / Damaged Item,2528.8
ORD_044093,RTO (Undelivered),Customer Refused at Doorstep,1533.4
ORD_044097,Customer Return,Quality Not as Expected,1221.0
ORD_044098,Customer Return,Size / Fit Issue,1895.2
ORD_044105,RTO (Undelivered),Customer Refused at Doorstep,777.0
ORD_044107,Customer Return,Size / Fit Issue,2747.7
ORD_044115,Customer Return,Size / Fit Issue,3580.2
ORD_044118,Customer Return,Late Delivery,1725.5
ORD_044119,Customer Return,Size / Fit Issue,479.4
ORD_044125,Customer Return,Quality Not as Expected,3817.1
ORD_044132,Customer Return,Defective / Damaged Item,2981.0
ORD_044139,Customer Return,Quality Not as Expected,492.0
ORD_044141,RTO (Undelivered),Customer Refused at Doorstep,1662.0
ORD_044142,Customer Return,Quality Not as Expected,1102.4
ORD_044144,Customer Return,Size / Fit Issue,2602.3
ORD_044145,Customer Return,Quality Not as Expected,3433.5
ORD_044160,Customer Return,Size / Fit Issue,2395.2
ORD_044161,RTO (Undelivered),Customer Refused at Doorstep,1747.5
ORD_044162,Customer Return,Quality Not as Expected,2873.4
ORD_044169,Customer Return,Size / Fit Issue,2154.6
ORD_044173,RTO (Undelivered),Customer Refused at Doorstep,600.3
ORD_044176,Customer Return,Found Better Price Elsewhere,3193.3
ORD_044178,Customer Return,Found Better Price Elsewhere,1343.0
ORD_044179,Customer Return,Size / Fit Issue,729.6
ORD_044180,Customer Return,Size / Fit Issue,2696.7
ORD_044181,Customer Return,Found Better Price Elsewhere,2399.4
ORD_044182,Customer Return,Defective / Damaged Item,2473.4
ORD_044187,Customer Return,Quality Not as Expected,884.8
ORD_044198,Customer Return,Defective / Damaged Item,2649.2
ORD_044199,Customer Return,Size / Fit Issue,2696.4
ORD_044203,Customer Return,Size / Fit Issue,1353.1
ORD_044204,Customer Return,Size / Fit Issue,6073.4
ORD_044208,Customer Return,Late Delivery,2523.0
ORD_044211,Customer Return,Quality Not as Expected,6906.4
ORD_044212,RTO (Undelivered),Customer Refused at Doorstep,836.5
ORD_044218,Customer Return,Size / Fit Issue,3542.8
ORD_044222,Customer Return,Quality Not as Expected,769.5
ORD_044231,RTO (Undelivered),Customer Refused at Doorstep,4570.2
ORD_044235,Customer Return,Size / Fit Issue,5335.4
ORD_044248,Customer Return,Size / Fit Issue,1615.4
ORD_044250,Customer Return,Size / Fit Issue,3667.0
ORD_044252,Customer Return,Quality Not as Expected,3189.4
ORD_044255,Customer Return,Size / Fit Issue,4943.6
ORD_044260,Customer Return,Quality Not as Expected,2679.6
ORD_044271,Customer Return,Quality Not as Expected,3345.1
ORD_044275,Customer Return,Found Better Price Elsewhere,3397.5
ORD_044279,Customer Return,Size / Fit Issue,3656.8
ORD_044280,Customer Return,Late Delivery,2964.8
ORD_044295,RTO (Undelivered),Customer Refused at Doorstep,2203.5
ORD_044300,Customer Return,Quality Not as Expected,2315.0
ORD_044301,RTO (Undelivered),Customer Refused at Doorstep,3875.0
ORD_044302,RTO (Undelivered),Customer Refused at Doorstep,1677.6
ORD_044304,Customer Return,Size / Fit Issue,1108.4
ORD_044315,Customer Return,Size / Fit Issue,550.4
ORD_044317,Customer Return,Quality Not as Expected,3834.0
ORD_044322,RTO (Undelivered),Customer Refused at Doorstep,1682.7
ORD_044324,Customer Return,Quality Not as Expected,733.2
ORD_044329,RTO (Undelivered),Customer Refused at Doorstep,1238.2
ORD_044333,Customer Return,Late Delivery,1216.0
ORD_044334,Customer Return,Late Delivery,885.8
ORD_044342,RTO (Undelivered),Customer Refused at Doorstep,7064.7
ORD_044345,Customer Return,Late Delivery,1654.3
ORD_044348,RTO (Undelivered),Customer Refused at Doorstep,296.1
ORD_044350,Customer Return,Size / Fit Issue,784.0
ORD_044351,Customer Return,Defective / Damaged Item,1357.2
ORD_044358,RTO (Undelivered),Customer Refused at Doorstep,542.7
ORD_044360,Customer Return,Size / Fit Issue,1240.0
ORD_044361,RTO (Undelivered),Customer Refused at Doorstep,469.8
ORD_044364,Customer Return,Size / Fit Issue,238.5
ORD_044365,RTO (Undelivered),Customer Refused at Doorstep,1704.7
ORD_044366,Customer Return,Defective / Damaged Item,652.5
ORD_044370,Customer Return,Found Better Price Elsewhere,2560.2
ORD_044371,Customer Return,Quality Not as Expected,1276.8
ORD_044388,Customer Return,Size / Fit Issue,741.6
ORD_044394,Customer Return,Quality Not as Expected,1062.2
ORD_044396,Customer Return,Defective / Damaged Item,2886.6
ORD_044402,Customer Return,Late Delivery,1166.1
ORD_044404,Customer Return,Size / Fit Issue,713.4
ORD_044412,RTO (Undelivered),Customer Refused at Doorstep,4991.2
ORD_044416,RTO (Undelivered),Customer Refused at Doorstep,989.8
ORD_044420,Customer Return,Size / Fit Issue,867.0
ORD_044423,RTO (Undelivered),Customer Refused at Doorstep,1036.6
ORD_044429,Customer Return,Size / Fit Issue,4882.5
ORD_044432,RTO (Undelivered),Customer Refused at Doorstep,841.8
ORD_044437,Customer Return,Size / Fit Issue,4539.7
ORD_044449,Customer Return,Found Better Price Elsewhere,1849.6
ORD_044457,Customer Return,Quality Not as Expected,1463.0
ORD_044458,RTO (Undelivered),Customer Refused at Doorstep,912.6
ORD_044461,RTO (Undelivered),Customer Refused at Doorstep,446.4
ORD_044463,RTO (Undelivered),Customer Refused at Doorstep,2242.0
ORD_044466,RTO (Undelivered),Customer Refused at Doorstep,659.2
ORD_044468,Customer Return,Size / Fit Issue,3099.8
ORD_044471,RTO (Undelivered),Customer Refused at Doorstep,1534.3
ORD_044475,RTO (Undelivered),Customer Refused at Doorstep,472.0
ORD_044481,Customer Return,Size / Fit Issue,1088.0
ORD_044484,Customer Return,Late Delivery,3337.1
ORD_044488,Customer Return,Size / Fit Issue,2005.7
ORD_044492,RTO (Undelivered),Customer Refused at Doorstep,3156.0
ORD_044494,RTO (Undelivered),Customer Refused at Doorstep,3876.4
ORD_044498,Customer Return,Size / Fit Issue,2917.2
ORD_044509,Customer Return,Size / Fit Issue,1957.8
ORD_044510,Customer Return,Size / Fit Issue,5648.8
ORD_044519,RTO (Undelivered),Customer Refused at Doorstep,924.6
ORD_044528,RTO (Undelivered),Customer Refused at Doorstep,3182.4
ORD_044531,Customer Return,Found Better Price Elsewhere,3731.6
ORD_044536,RTO (Undelivered),Customer Refused at Doorstep,2458.5
ORD_044544,Customer Return,Size / Fit Issue,885.0
ORD_044546,Customer Return,Quality Not as Expected,3112.0
ORD_044547,Customer Return,Quality Not as Expected,2613.0
ORD_044551,Customer Return,Size / Fit Issue,1602.8
ORD_044554,RTO (Undelivered),Customer Refused at Doorstep,1879.8
ORD_044559,Customer Return,Quality Not as Expected,2279.2
ORD_044560,Customer Return,Size / Fit Issue,4007.4
ORD_044564,RTO (Undelivered),Customer Refused at Doorstep,3441.9
ORD_044566,RTO (Undelivered),Customer Refused at Doorstep,4865.6
ORD_044570,Customer Return,Size / Fit Issue,3444.5
ORD_044572,Customer Return,Size / Fit Issue,2057.1
ORD_044577,RTO (Undelivered),Customer Refused at Doorstep,1739.7
ORD_044581,RTO (Undelivered),Customer Refused at Doorstep,2453.8
ORD_044584,Customer Return,Size / Fit Issue,1737.2
ORD_044589,RTO (Undelivered),Customer Refused at Doorstep,2146.0
ORD_044591,Customer Return,Quality Not as Expected,388.6
ORD_044593,RTO (Undelivered),Customer Refused at Doorstep,2840.0
ORD_044594,Customer Return,Size / Fit Issue,1860.0
ORD_044599,Customer Return,Size / Fit Issue,6401.0
ORD_044600,Customer Return,Size / Fit Issue,2172.9
ORD_044601,RTO (Undelivered),Customer Refused at Doorstep,3769.6
ORD_044602,RTO (Undelivered),Customer Refused at Doorstep,1664.0
ORD_044605,Customer Return,Quality Not as Expected,5692.2
ORD_044610,RTO (Undelivered),Customer Refused at Doorstep,1513.6
ORD_044615,Customer Return,Size / Fit Issue,4350.4
ORD_044617,Customer Return,Quality Not as Expected,3404.0
ORD_044622,Customer Return,Size / Fit Issue,784.8
ORD_044625,Customer Return,Size / Fit Issue,2987.6
ORD_044630,Customer Return,Defective / Damaged Item,3164.2
ORD_044640,Customer Return,Quality Not as Expected,1448.0
ORD_044643,RTO (Undelivered),Customer Refused at Doorstep,695.8
ORD_044644,RTO (Undelivered),Customer Refused at Doorstep,1004.7
ORD_044647,RTO (Undelivered),Customer Refused at Doorstep,1469.1
ORD_044654,RTO (Undelivered),Customer Refused at Doorstep,266.6
ORD_044655,Customer Return,Size / Fit Issue,1569.4
ORD_044660,Customer Return,Quality Not as Expected,1599.0
ORD_044668,RTO (Undelivered),Customer Refused at Doorstep,481.6
ORD_044677,RTO (Undelivered),Customer Refused at Doorstep,5281.9
ORD_044679,Customer Return,Defective / Damaged Item,1312.0
ORD_044683,RTO (Undelivered),Customer Refused at Doorstep,4246.8
ORD_044684,RTO (Undelivered),Customer Refused at Doorstep,2679.0
ORD_044686,RTO (Undelivered),Customer Refused at Doorstep,2514.6
ORD_044687,Customer Return,Found Better Price Elsewhere,2733.1
ORD_044691,RTO (Undelivered),Customer Refused at Doorstep,566.5
ORD_044702,Customer Return,Defective / Damaged Item,1049.8
ORD_044705,RTO (Undelivered),Customer Refused at Doorstep,1467.6
ORD_044712,Customer Return,Defective / Damaged Item,1284.4
ORD_044715,RTO (Undelivered),Customer Refused at Doorstep,952.5
ORD_044716,RTO (Undelivered),Customer Refused at Doorstep,1647.0
ORD_044717,Customer Return,Size / Fit Issue,2307.0
ORD_044719,Customer Return,Size / Fit Issue,1940.1
ORD_044720,Customer Return,Quality Not as Expected,1778.0
ORD_044729,Customer Return,Defective / Damaged Item,883.5
ORD_044730,RTO (Undelivered),Customer Refused at Doorstep,3706.0
ORD_044735,RTO (Undelivered),Customer Refused at Doorstep,528.9
ORD_044746,RTO (Undelivered),Customer Refused at Doorstep,3509.2
ORD_044750,Customer Return,Quality Not as Expected,4428.5
ORD_044755,Customer Return,Size / Fit Issue,1517.0
ORD_044756,RTO (Undelivered),Customer Refused at Doorstep,1206.4
ORD_044757,RTO (Undelivered),Customer Refused at Doorstep,2083.5
ORD_044758,Customer Return,Quality Not as Expected,3517.8
ORD_044759,RTO (Undelivered),Customer Refused at Doorstep,655.2
ORD_044763,RTO (Undelivered),Customer Refused at Doorstep,453.6
ORD_044767,RTO (Undelivered),Customer Refused at Doorstep,464.0
ORD_044783,RTO (Undelivered),Customer Refused at Doorstep,2225.3
ORD_044787,Customer Return,Quality Not as Expected,1728.7
ORD_044788,RTO (Undelivered),Customer Refused at Doorstep,671.5
ORD_044790,RTO (Undelivered),Customer Refused at Doorstep,4966.8
ORD_044793,Customer Return,Quality Not as Expected,1462.5
ORD_044796,Customer Return,Size / Fit Issue,1398.7
ORD_044797,RTO (Undelivered),Customer Refused at Doorstep,4521.2
ORD_044798,RTO (Undelivered),Customer Refused at Doorstep,2347.7
ORD_044799,Customer Return,Size / Fit Issue,1071.0
ORD_044801,RTO (Undelivered),Customer Refused at Doorstep,1507.5
ORD_044804,RTO (Undelivered),Customer Refused at Doorstep,5354.4
ORD_044809,RTO (Undelivered),Customer Refused at Doorstep,574.0
ORD_044813,Customer Return,Quality Not as Expected,2105.5
ORD_044816,Customer Return,Size / Fit Issue,1784.0
ORD_044819,Customer Return,Size / Fit Issue,1943.4
ORD_044822,Customer Return,Size / Fit Issue,3148.8
ORD_044825,Customer Return,Late Delivery,601.6
ORD_044826,Customer Return,Quality Not as Expected,1877.8
ORD_044830,Customer Return,Size / Fit Issue,285.2
ORD_044831,Customer Return,Quality Not as Expected,4904.4
ORD_044833,Customer Return,Size / Fit Issue,4393.1
ORD_044840,Customer Return,Defective / Damaged Item,3532.4
ORD_044846,Customer Return,Size / Fit Issue,1985.4
ORD_044849,Customer Return,Quality Not as Expected,2984.2
ORD_044851,Customer Return,Size / Fit Issue,1143.0
ORD_044855,RTO (Undelivered),Customer Refused at Doorstep,5124.0
ORD_044859,Customer Return,Found Better Price Elsewhere,2203.5
ORD_044863,Customer Return,Size / Fit Issue,3486.0
ORD_044869,RTO (Undelivered),Customer Refused at Doorstep,3539.8
ORD_044870,RTO (Undelivered),Customer Refused at Doorstep,637.0
ORD_044873,RTO (Undelivered),Customer Refused at Doorstep,957.6
ORD_044875,Customer Return,Quality Not as Expected,1124.8
ORD_044878,RTO (Undelivered),Customer Refused at Doorstep,2948.5
ORD_044879,RTO (Undelivered),Customer Refused at Doorstep,5538.1
ORD_044884,Customer Return,Size / Fit Issue,1254.6
ORD_044891,RTO (Undelivered),Customer Refused at Doorstep,709.8
ORD_044898,RTO (Undelivered),Customer Refused at Doorstep,1794.1
ORD_044899,RTO (Undelivered),Customer Refused at Doorstep,3183.6
ORD_044910,Customer Return,Quality Not as Expected,2652.4
ORD_044914,Customer Return,Quality Not as Expected,1905.9
ORD_044915,RTO (Undelivered),Customer Refused at Doorstep,2941.2
ORD_044922,Customer Return,Size / Fit Issue,3338.2
ORD_044928,RTO (Undelivered),Customer Refused at Doorstep,2910.0
ORD_044939,Customer Return,Defective / Damaged Item,4721.2
ORD_044940,RTO (Undelivered),Customer Refused at Doorstep,373.1
ORD_044944,Customer Return,Size / Fit Issue,4659.9
ORD_044946,RTO (Undelivered),Customer Refused at Doorstep,1782.1
ORD_044952,Customer Return,Late Delivery,988.0
ORD_044954,Customer Return,Size / Fit Issue,694.4
ORD_044955,Customer Return,Defective / Damaged Item,410.8
ORD_044960,Customer Return,Size / Fit Issue,309.6
ORD_044964,RTO (Undelivered),Customer Refused at Doorstep,376.0
ORD_044966,Customer Return,Size / Fit Issue,3979.4
ORD_044969,Customer Return,Size / Fit Issue,798.0
ORD_044973,Customer Return,Quality Not as Expected,1754.0
ORD_044990,RTO (Undelivered),Customer Refused at Doorstep,439.9
ORD_045000,Customer Return,Size / Fit Issue,901.0
ORD_045009,RTO (Undelivered),Customer Refused at Doorstep,2461.4
ORD_045010,Customer Return,Size / Fit Issue,1991.8
ORD_045014,RTO (Undelivered),Customer Refused at Doorstep,2492.0
ORD_045019,RTO (Undelivered),Customer Refused at Doorstep,1352.0
ORD_045021,Customer Return,Defective / Damaged Item,1144.8
ORD_045023,RTO (Undelivered),Customer Refused at Doorstep,540.0
ORD_045027,Customer Return,Quality Not as Expected,2269.2
ORD_045029,RTO (Undelivered),Customer Refused at Doorstep,655.7
ORD_045030,Customer Return,Size / Fit Issue,421.8
ORD_045032,Customer Return,Size / Fit Issue,2916.9
ORD_045033,Customer Return,Quality Not as Expected,4859.4
ORD_045037,Customer Return,Late Delivery,2026.4
ORD_045048,RTO (Undelivered),Customer Refused at Doorstep,684.6
ORD_045049,Customer Return,Size / Fit Issue,1897.5
ORD_045056,Customer Return,Size / Fit Issue,897.6
ORD_045059,Customer Return,Size / Fit Issue,7043.6
ORD_045062,RTO (Undelivered),Customer Refused at Doorstep,1894.2
ORD_045065,RTO (Undelivered),Customer Refused at Doorstep,1549.8
ORD_045088,RTO (Undelivered),Customer Refused at Doorstep,2652.2
ORD_045091,Customer Return,Quality Not as Expected,2916.1
ORD_045100,RTO (Undelivered),Customer Refused at Doorstep,3597.4
ORD_045103,RTO (Undelivered),Customer Refused at Doorstep,1901.7
ORD_045105,Customer Return,Size / Fit Issue,676.2
ORD_045106,RTO (Undelivered),Customer Refused at Doorstep,937.4
ORD_045108,RTO (Undelivered),Customer Refused at Doorstep,1026.9
ORD_045112,Customer Return,Size / Fit Issue,377.4
ORD_045116,RTO (Undelivered),Customer Refused at Doorstep,1821.6
ORD_045121,RTO (Undelivered),Customer Refused at Doorstep,888.0
ORD_045126,RTO (Undelivered),Customer Refused at Doorstep,1885.0
ORD_045130,Customer Return,Size / Fit Issue,1747.2
ORD_045133,Customer Return,Size / Fit Issue,4608.2
ORD_045134,Customer Return,Size / Fit Issue,2012.6
ORD_045140,Customer Return,Late Delivery,1289.6
ORD_045142,RTO (Undelivered),Customer Refused at Doorstep,1646.4
ORD_045145,Customer Return,Found Better Price Elsewhere,1386.0
ORD_045147,RTO (Undelivered),Customer Refused at Doorstep,881.6
ORD_045149,Customer Return,Late Delivery,4831.1
ORD_045152,Customer Return,Quality Not as Expected,4014.5
ORD_045158,Customer Return,Size / Fit Issue,3025.3
ORD_045163,Customer Return,Size / Fit Issue,1045.0
ORD_045167,RTO (Undelivered),Customer Refused at Doorstep,688.8
ORD_045168,Customer Return,Size / Fit Issue,1540.7
ORD_045172,Customer Return,Size / Fit Issue,3189.7
ORD_045177,Customer Return,Quality Not as Expected,2777.9
ORD_045182,Customer Return,Late Delivery,2813.4
ORD_045186,Customer Return,Late Delivery,2779.8
ORD_045193,RTO (Undelivered),Customer Refused at Doorstep,3723.6
ORD_045194,RTO (Undelivered),Customer Refused at Doorstep,1509.6
ORD_045196,Customer Return,Quality Not as Expected,1558.0
ORD_045203,Customer Return,Size / Fit Issue,3045.9
ORD_045206,Customer Return,Quality Not as Expected,1953.0
ORD_045215,Customer Return,Defective / Damaged Item,2074.6
ORD_045220,Customer Return,Size / Fit Issue,3111.0
ORD_045227,RTO (Undelivered),Customer Refused at Doorstep,1556.6
ORD_045229,RTO (Undelivered),Customer Refused at Doorstep,678.6
ORD_045232,RTO (Undelivered),Customer Refused at Doorstep,381.3
ORD_045239,RTO (Undelivered),Customer Refused at Doorstep,592.5
ORD_045241,Customer Return,Size / Fit Issue,2528.0
ORD_045246,RTO (Undelivered),Customer Refused at Doorstep,7801.4
ORD_045262,RTO (Undelivered),Customer Refused at Doorstep,4745.9
ORD_045266,Customer Return,Found Better Price Elsewhere,2580.0
ORD_045272,Customer Return,Size / Fit Issue,1943.4
ORD_045274,Customer Return,Defective / Damaged Item,1784.0
ORD_045275,RTO (Undelivered),Customer Refused at Doorstep,900.0
ORD_045279,Customer Return,Defective / Damaged Item,2632.3
ORD_045281,Customer Return,Quality Not as Expected,2393.6
ORD_045289,Customer Return,Late Delivery,1467.9
ORD_045291,RTO (Undelivered),Customer Refused at Doorstep,1828.6
ORD_045300,Customer Return,Quality Not as Expected,4252.5
ORD_045302,Customer Return,Quality Not as Expected,5202.6
ORD_045306,RTO (Undelivered),Customer Refused at Doorstep,1528.1
ORD_045312,Customer Return,Size / Fit Issue,1738.4
ORD_045315,RTO (Undelivered),Customer Refused at Doorstep,969.0
ORD_045318,Customer Return,Defective / Damaged Item,5247.2
ORD_045319,RTO (Undelivered),Customer Refused at Doorstep,1764.0
ORD_045321,Customer Return,Late Delivery,4193.6
ORD_045324,RTO (Undelivered),Customer Refused at Doorstep,513.5
ORD_045326,RTO (Undelivered),Customer Refused at Doorstep,4054.2
ORD_045330,RTO (Undelivered),Customer Refused at Doorstep,1609.1
ORD_045331,RTO (Undelivered),Customer Refused at Doorstep,2384.9
ORD_045333,Customer Return,Quality Not as Expected,1122.0
ORD_045341,RTO (Undelivered),Customer Refused at Doorstep,1263.6
ORD_045343,Customer Return,Size / Fit Issue,2274.0
ORD_045345,Customer Return,Quality Not as Expected,4239.9
ORD_045348,Customer Return,Defective / Damaged Item,1666.0
ORD_045351,Customer Return,Size / Fit Issue,687.3
ORD_045353,RTO (Undelivered),Customer Refused at Doorstep,782.0
ORD_045354,Customer Return,Late Delivery,1599.0
ORD_045357,Customer Return,Size / Fit Issue,4720.4
ORD_045358,RTO (Undelivered),Customer Refused at Doorstep,1431.3
ORD_045360,Customer Return,Found Better Price Elsewhere,2166.1
ORD_045362,RTO (Undelivered),Customer Refused at Doorstep,5320.3
ORD_045370,Customer Return,Quality Not as Expected,1209.6
ORD_045371,RTO (Undelivered),Customer Refused at Doorstep,1184.0
ORD_045372,RTO (Undelivered),Customer Refused at Doorstep,1664.0
ORD_045378,Customer Return,Size / Fit Issue,3889.2
ORD_045379,Customer Return,Quality Not as Expected,3902.1
ORD_045383,Customer Return,Size / Fit Issue,985.6
ORD_045386,RTO (Undelivered),Customer Refused at Doorstep,700.9
ORD_045387,Customer Return,Quality Not as Expected,2781.3
ORD_045396,RTO (Undelivered),Customer Refused at Doorstep,336.2
ORD_045399,RTO (Undelivered),Customer Refused at Doorstep,227.9
ORD_045405,Customer Return,Size / Fit Issue,576.0
ORD_045414,RTO (Undelivered),Customer Refused at Doorstep,1083.5
ORD_045442,Customer Return,Quality Not as Expected,2959.7
ORD_045443,RTO (Undelivered),Customer Refused at Doorstep,1739.4
ORD_045445,Customer Return,Size / Fit Issue,577.7
ORD_045450,RTO (Undelivered),Customer Refused at Doorstep,5264.4
ORD_045458,Customer Return,Size / Fit Issue,1509.6
ORD_045465,Customer Return,Found Better Price Elsewhere,3534.2
ORD_045471,Customer Return,Size / Fit Issue,4139.1
ORD_045476,Customer Return,Size / Fit Issue,5557.6
ORD_045479,RTO (Undelivered),Customer Refused at Doorstep,1375.6
ORD_045480,RTO (Undelivered),Customer Refused at Doorstep,1654.8
ORD_045481,RTO (Undelivered),Customer Refused at Doorstep,2384.0
ORD_045494,Customer Return,Late Delivery,589.0
ORD_045495,Customer Return,Size / Fit Issue,2903.2
ORD_045496,RTO (Undelivered),Customer Refused at Doorstep,1460.2
ORD_045498,RTO (Undelivered),Customer Refused at Doorstep,513.3
ORD_045501,Customer Return,Size / Fit Issue,2947.8
ORD_045503,Customer Return,Found Better Price Elsewhere,1760.0
ORD_045507,Customer Return,Size / Fit Issue,1502.2
ORD_045509,Customer Return,Size / Fit Issue,4613.7
ORD_045512,Customer Return,Size / Fit Issue,396.9
ORD_045514,RTO (Undelivered),Customer Refused at Doorstep,5370.3
ORD_045518,RTO (Undelivered),Customer Refused at Doorstep,1854.2
ORD_045521,Customer Return,Size / Fit Issue,6227.6
ORD_045522,Customer Return,Defective / Damaged Item,5145.8
ORD_045524,Customer Return,Size / Fit Issue,2232.6
ORD_045526,RTO (Undelivered),Customer Refused at Doorstep,1901.9
ORD_045536,Customer Return,Quality Not as Expected,4038.8
ORD_045539,Customer Return,Size / Fit Issue,1399.1
ORD_045543,RTO (Undelivered),Customer Refused at Doorstep,2427.2
ORD_045544,Customer Return,Size / Fit Issue,988.0
ORD_045546,Customer Return,Size / Fit Issue,4867.7
ORD_045550,RTO (Undelivered),Customer Refused at Doorstep,1494.0
ORD_045556,RTO (Undelivered),Customer Refused at Doorstep,3889.2
ORD_045557,Customer Return,Size / Fit Issue,1681.7
ORD_045566,RTO (Undelivered),Customer Refused at Doorstep,3671.8
ORD_045568,Customer Return,Size / Fit Issue,1491.2
ORD_045570,Customer Return,Defective / Damaged Item,1975.8
ORD_045573,Customer Return,Size / Fit Issue,978.6
ORD_045583,Customer Return,Quality Not as Expected,1352.9
ORD_045593,RTO (Undelivered),Customer Refused at Doorstep,2927.4
ORD_045599,RTO (Undelivered),Customer Refused at Doorstep,2362.8
ORD_045600,Customer Return,Defective / Damaged Item,1489.3
ORD_045606,Customer Return,Quality Not as Expected,1380.0
ORD_045609,RTO (Undelivered),Customer Refused at Doorstep,734.5
ORD_045612,RTO (Undelivered),Customer Refused at Doorstep,625.4
ORD_045614,RTO (Undelivered),Customer Refused at Doorstep,2964.8
ORD_045616,Customer Return,Defective / Damaged Item,3544.0
ORD_045623,RTO (Undelivered),Customer Refused at Doorstep,442.4
ORD_045626,RTO (Undelivered),Customer Refused at Doorstep,3259.2
ORD_045628,RTO (Undelivered),Customer Refused at Doorstep,1721.4
ORD_045629,Customer Return,Size / Fit Issue,2494.0
ORD_045631,RTO (Undelivered),Customer Refused at Doorstep,2327.4
ORD_045637,RTO (Undelivered),Customer Refused at Doorstep,1208.3
ORD_045639,RTO (Undelivered),Customer Refused at Doorstep,855.5
ORD_045642,Customer Return,Defective / Damaged Item,2546.5
ORD_045649,RTO (Undelivered),Customer Refused at Doorstep,2456.5
ORD_045652,Customer Return,Found Better Price Elsewhere,1919.0
ORD_045657,Customer Return,Quality Not as Expected,1493.1
ORD_045663,Customer Return,Size / Fit Issue,5227.0
ORD_045664,Customer Return,Quality Not as Expected,2400.3
ORD_045671,RTO (Undelivered),Customer Refused at Doorstep,1449.5
ORD_045677,Customer Return,Quality Not as Expected,5303.6
ORD_045686,RTO (Undelivered),Customer Refused at Doorstep,260.7
ORD_045691,Customer Return,Late Delivery,1525.2
ORD_045692,RTO (Undelivered),Customer Refused at Doorstep,980.0
ORD_045693,RTO (Undelivered),Customer Refused at Doorstep,7098.2
ORD_045694,Customer Return,Size / Fit Issue,1601.6
ORD_045697,Customer Return,Quality Not as Expected,2593.6
ORD_045703,Customer Return,Size / Fit Issue,2722.4
ORD_045704,Customer Return,Size / Fit Issue,1690.6
ORD_045705,Customer Return,Size / Fit Issue,5917.2
ORD_045713,Customer Return,Size / Fit Issue,3245.1
ORD_045719,RTO (Undelivered),Customer Refused at Doorstep,3045.8
ORD_045720,RTO (Undelivered),Customer Refused at Doorstep,3288.8
ORD_045729,RTO (Undelivered),Customer Refused at Doorstep,1054.0
ORD_045732,Customer Return,Size / Fit Issue,3018.6
ORD_045734,Customer Return,Size / Fit Issue,2291.0
ORD_045740,Customer Return,Quality Not as Expected,655.2
ORD_045746,Customer Return,Quality Not as Expected,503.5
ORD_045750,Customer Return,Size / Fit Issue,1708.0
ORD_045761,RTO (Undelivered),Customer Refused at Doorstep,823.6
ORD_045762,Customer Return,Late Delivery,1491.6
ORD_045763,Customer Return,Size / Fit Issue,2604.3
ORD_045768,Customer Return,Size / Fit Issue,3513.8
ORD_045775,RTO (Undelivered),Customer Refused at Doorstep,1231.2
ORD_045778,Customer Return,Late Delivery,3441.4
ORD_045781,RTO (Undelivered),Customer Refused at Doorstep,1023.0
ORD_045783,Customer Return,Size / Fit Issue,1025.2
ORD_045789,RTO (Undelivered),Customer Refused at Doorstep,475.6
ORD_045795,Customer Return,Size / Fit Issue,453.6
ORD_045796,Customer Return,Size / Fit Issue,4535.8
ORD_045797,RTO (Undelivered),Customer Refused at Doorstep,842.8
ORD_045799,Customer Return,Size / Fit Issue,2963.2
ORD_045801,RTO (Undelivered),Customer Refused at Doorstep,2995.1
ORD_045806,RTO (Undelivered),Customer Refused at Doorstep,3182.4
ORD_045810,Customer Return,Quality Not as Expected,989.1
ORD_045815,RTO (Undelivered),Customer Refused at Doorstep,1033.6
ORD_045816,Customer Return,Size / Fit Issue,1500.0
ORD_045817,Customer Return,Late Delivery,1064.7
ORD_045818,Customer Return,Quality Not as Expected,899.0
ORD_045821,Customer Return,Size / Fit Issue,680.4
ORD_045825,RTO (Undelivered),Customer Refused at Doorstep,2618.0
ORD_045826,RTO (Undelivered),Customer Refused at Doorstep,1469.4
ORD_045827,RTO (Undelivered),Customer Refused at Doorstep,1716.0
ORD_045829,Customer Return,Defective / Damaged Item,2950.8
ORD_045831,RTO (Undelivered),Customer Refused at Doorstep,1430.4
ORD_045837,RTO (Undelivered),Customer Refused at Doorstep,1581.0
ORD_045845,Customer Return,Size / Fit Issue,1058.4
ORD_045848,RTO (Undelivered),Customer Refused at Doorstep,647.8
ORD_045849,Customer Return,Quality Not as Expected,3846.2
ORD_045852,RTO (Undelivered),Customer Refused at Doorstep,1597.5
ORD_045856,RTO (Undelivered),Customer Refused at Doorstep,1285.2
ORD_045857,RTO (Undelivered),Customer Refused at Doorstep,2808.4
ORD_045860,RTO (Undelivered),Customer Refused at Doorstep,756.0
ORD_045862,Customer Return,Found Better Price Elsewhere,3487.4
ORD_045864,Customer Return,Quality Not as Expected,1816.4
ORD_045869,RTO (Undelivered),Customer Refused at Doorstep,2706.6
ORD_045870,RTO (Undelivered),Customer Refused at Doorstep,1227.6
ORD_045874,Customer Return,Defective / Damaged Item,1980.0
ORD_045875,Customer Return,Defective / Damaged Item,2818.4
ORD_045878,Customer Return,Size / Fit Issue,3360.0
ORD_045882,RTO (Undelivered),Customer Refused at Doorstep,1635.1
ORD_045898,Customer Return,Size / Fit Issue,4880.0
ORD_045901,RTO (Undelivered),Customer Refused at Doorstep,3728.2
ORD_045906,Customer Return,Size / Fit Issue,2740.4
ORD_045909,Customer Return,Size / Fit Issue,1029.0
ORD_045910,Customer Return,Size / Fit Issue,1935.5
ORD_045914,RTO (Undelivered),Customer Refused at Doorstep,1113.7
ORD_045928,Customer Return,Size / Fit Issue,1374.0
ORD_045929,RTO (Undelivered),Customer Refused at Doorstep,2275.2
ORD_045934,RTO (Undelivered),Customer Refused at Doorstep,609.0
ORD_045942,RTO (Undelivered),Customer Refused at Doorstep,2983.0
ORD_045947,Customer Return,Found Better Price Elsewhere,5971.2
ORD_045951,RTO (Undelivered),Customer Refused at Doorstep,742.6
ORD_045962,Customer Return,Size / Fit Issue,2352.4
ORD_045964,RTO (Undelivered),Customer Refused at Doorstep,171.6
ORD_045971,RTO (Undelivered),Customer Refused at Doorstep,3309.7
ORD_045978,RTO (Undelivered),Customer Refused at Doorstep,2624.0
ORD_045985,Customer Return,Late Delivery,1325.2
ORD_045986,Customer Return,Defective / Damaged Item,5552.7
ORD_045992,RTO (Undelivered),Customer Refused at Doorstep,1512.0
ORD_046002,Customer Return,Quality Not as Expected,3182.0
ORD_046003,Customer Return,Late Delivery,2445.3
ORD_046010,Customer Return,Size / Fit Issue,1524.6
ORD_046015,RTO (Undelivered),Customer Refused at Doorstep,1135.2
ORD_046017,RTO (Undelivered),Customer Refused at Doorstep,3212.0
ORD_046020,Customer Return,Size / Fit Issue,5454.1
ORD_046022,RTO (Undelivered),Customer Refused at Doorstep,432.6
ORD_046025,RTO (Undelivered),Customer Refused at Doorstep,1649.1
ORD_046028,RTO (Undelivered),Customer Refused at Doorstep,5609.4
ORD_046044,Customer Return,Found Better Price Elsewhere,4385.2
ORD_046059,RTO (Undelivered),Customer Refused at Doorstep,2841.1
ORD_046062,RTO (Undelivered),Customer Refused at Doorstep,2033.1
ORD_046074,Customer Return,Size / Fit Issue,2368.0
ORD_046084,Customer Return,Found Better Price Elsewhere,1060.8
ORD_046086,RTO (Undelivered),Customer Refused at Doorstep,5286.6
ORD_046088,Customer Return,Found Better Price Elsewhere,6609.6
ORD_046091,Customer Return,Quality Not as Expected,1271.4
ORD_046094,Customer Return,Size / Fit Issue,1849.6
ORD_046095,RTO (Undelivered),Customer Refused at Doorstep,503.5
ORD_046097,Customer Return,Quality Not as Expected,2080.2
ORD_046103,Customer Return,Late Delivery,1679.6
ORD_046106,RTO (Undelivered),Customer Refused at Doorstep,4026.0
ORD_046109,Customer Return,Quality Not as Expected,943.5
ORD_046113,Customer Return,Late Delivery,1525.2
ORD_046114,RTO (Undelivered),Customer Refused at Doorstep,489.8
ORD_046115,Customer Return,Size / Fit Issue,1100.5
ORD_046117,RTO (Undelivered),Customer Refused at Doorstep,1809.1
ORD_046119,RTO (Undelivered),Customer Refused at Doorstep,1872.4
ORD_046121,Customer Return,Late Delivery,870.0
ORD_046122,RTO (Undelivered),Customer Refused at Doorstep,1440.0
ORD_046124,Customer Return,Size / Fit Issue,1124.2
ORD_046129,RTO (Undelivered),Customer Refused at Doorstep,1171.1
ORD_046130,RTO (Undelivered),Customer Refused at Doorstep,4042.5
ORD_046132,RTO (Undelivered),Customer Refused at Doorstep,1798.0
ORD_046135,Customer Return,Quality Not as Expected,1404.9
ORD_046138,Customer Return,Size / Fit Issue,1293.6
ORD_046139,Customer Return,Size / Fit Issue,2211.6
ORD_046140,Customer Return,Quality Not as Expected,3735.6
ORD_046146,RTO (Undelivered),Customer Refused at Doorstep,4226.4
ORD_046150,RTO (Undelivered),Customer Refused at Doorstep,842.8
ORD_046151,RTO (Undelivered),Customer Refused at Doorstep,1497.6
ORD_046152,RTO (Undelivered),Customer Refused at Doorstep,1165.6
ORD_046155,RTO (Undelivered),Customer Refused at Doorstep,1450.0
ORD_046157,Customer Return,Late Delivery,1481.8
ORD_046160,Customer Return,Late Delivery,2100.0
ORD_046166,Customer Return,Size / Fit Issue,4518.6
ORD_046170,RTO (Undelivered),Customer Refused at Doorstep,1271.6
ORD_046182,Customer Return,Quality Not as Expected,3575.2
ORD_046189,Customer Return,Defective / Damaged Item,663.6
ORD_046194,Customer Return,Size / Fit Issue,1181.4
ORD_046199,RTO (Undelivered),Customer Refused at Doorstep,1919.7
ORD_046221,Customer Return,Quality Not as Expected,1395.0
ORD_046229,Customer Return,Size / Fit Issue,1596.0
ORD_046233,RTO (Undelivered),Customer Refused at Doorstep,3375.3
ORD_046239,Customer Return,Size / Fit Issue,2972.2
ORD_046242,Customer Return,Quality Not as Expected,1188.0
ORD_046244,Customer Return,Quality Not as Expected,4495.6
ORD_046245,Customer Return,Quality Not as Expected,480.0
ORD_046249,RTO (Undelivered),Customer Refused at Doorstep,2366.4
ORD_046250,Customer Return,Size / Fit Issue,3126.0
ORD_046253,Customer Return,Found Better Price Elsewhere,964.0
ORD_046254,RTO (Undelivered),Customer Refused at Doorstep,2324.4
ORD_046258,Customer Return,Found Better Price Elsewhere,2222.4
ORD_046260,Customer Return,Found Better Price Elsewhere,6887.5
ORD_046265,Customer Return,Defective / Damaged Item,2817.1
ORD_046269,RTO (Undelivered),Customer Refused at Doorstep,793.8
ORD_046270,RTO (Undelivered),Customer Refused at Doorstep,1555.4
ORD_046273,RTO (Undelivered),Customer Refused at Doorstep,4650.8
ORD_046279,Customer Return,Size / Fit Issue,4105.7
ORD_046283,RTO (Undelivered),Customer Refused at Doorstep,886.5
ORD_046287,Customer Return,Quality Not as Expected,1057.8
ORD_046291,Customer Return,Defective / Damaged Item,1100.0
ORD_046292,RTO (Undelivered),Customer Refused at Doorstep,1443.2
ORD_046294,Customer Return,Size / Fit Issue,5423.3
ORD_046295,RTO (Undelivered),Customer Refused at Doorstep,3212.0
ORD_046298,Customer Return,Size / Fit Issue,709.3
ORD_046300,RTO (Undelivered),Customer Refused at Doorstep,1004.5
ORD_046309,RTO (Undelivered),Customer Refused at Doorstep,435.0
ORD_046310,RTO (Undelivered),Customer Refused at Doorstep,1190.7
ORD_046312,Customer Return,Size / Fit Issue,1360.8
ORD_046315,Customer Return,Quality Not as Expected,1729.7
ORD_046318,RTO (Undelivered),Customer Refused at Doorstep,2327.4
ORD_046321,RTO (Undelivered),Customer Refused at Doorstep,1607.7
ORD_046342,Customer Return,Defective / Damaged Item,866.4
ORD_046343,Customer Return,Quality Not as Expected,1817.8
ORD_046346,Customer Return,Quality Not as Expected,1289.6
ORD_046347,Customer Return,Late Delivery,2071.2
ORD_046365,RTO (Undelivered),Customer Refused at Doorstep,352.8
ORD_046369,RTO (Undelivered),Customer Refused at Doorstep,639.9
ORD_046372,Customer Return,Defective / Damaged Item,3764.4
ORD_046376,Customer Return,Quality Not as Expected,2042.7
ORD_046377,Customer Return,Late Delivery,2860.8
ORD_046383,Customer Return,Late Delivery,820.9
ORD_046388,RTO (Undelivered),Customer Refused at Doorstep,1600.6
ORD_046399,Customer Return,Size / Fit Issue,2752.5
ORD_046400,Customer Return,Defective / Damaged Item,1217.2
ORD_046401,RTO (Undelivered),Customer Refused at Doorstep,537.6
ORD_046403,RTO (Undelivered),Customer Refused at Doorstep,1654.3
ORD_046418,Customer Return,Size / Fit Issue,3633.4
ORD_046426,Customer Return,Defective / Damaged Item,1653.6
ORD_046429,Customer Return,Quality Not as Expected,1992.1
ORD_046437,Customer Return,Quality Not as Expected,4331.6
ORD_046438,RTO (Undelivered),Customer Refused at Doorstep,2545.2
ORD_046440,Customer Return,Size / Fit Issue,945.6
ORD_046445,Customer Return,Size / Fit Issue,552.0
ORD_046450,RTO (Undelivered),Customer Refused at Doorstep,705.0
ORD_046452,Customer Return,Size / Fit Issue,3414.6
ORD_046453,Customer Return,Size / Fit Issue,2235.0
ORD_046454,Customer Return,Defective / Damaged Item,2281.0
ORD_046456,Customer Return,Size / Fit Issue,3241.0
ORD_046457,Customer Return,Quality Not as Expected,5694.8
ORD_046467,RTO (Undelivered),Customer Refused at Doorstep,3582.4
ORD_046472,RTO (Undelivered),Customer Refused at Doorstep,1254.4
ORD_046473,Customer Return,Size / Fit Issue,2921.5
ORD_046476,Customer Return,Size / Fit Issue,1232.0
ORD_046477,Customer Return,Size / Fit Issue,371.0
ORD_046480,Customer Return,Quality Not as Expected,1385.6
ORD_046481,Customer Return,Size / Fit Issue,1836.8
ORD_046486,Customer Return,Quality Not as Expected,1577.6
ORD_046503,RTO (Undelivered),Customer Refused at Doorstep,2541.6
ORD_046507,RTO (Undelivered),Customer Refused at Doorstep,1123.2
ORD_046511,RTO (Undelivered),Customer Refused at Doorstep,4075.3
ORD_046521,Customer Return,Size / Fit Issue,1922.4
ORD_046522,RTO (Undelivered),Customer Refused at Doorstep,1501.0
ORD_046525,Customer Return,Size / Fit Issue,2456.2
ORD_046531,Customer Return,Size / Fit Issue,503.2
ORD_046532,RTO (Undelivered),Customer Refused at Doorstep,2340.8
ORD_046542,RTO (Undelivered),Customer Refused at Doorstep,4538.0
ORD_046548,Customer Return,Size / Fit Issue,1572.5
ORD_046555,RTO (Undelivered),Customer Refused at Doorstep,4770.6
ORD_046557,RTO (Undelivered),Customer Refused at Doorstep,5395.2
ORD_046565,Customer Return,Size / Fit Issue,4113.5
ORD_046566,Customer Return,Late Delivery,4374.0
ORD_046569,Customer Return,Defective / Damaged Item,2073.1
ORD_046576,Customer Return,Late Delivery,3242.7
ORD_046577,RTO (Undelivered),Customer Refused at Doorstep,1430.4
ORD_046583,Customer Return,Size / Fit Issue,2476.5
ORD_046591,RTO (Undelivered),Customer Refused at Doorstep,5864.2
ORD_046596,Customer Return,Size / Fit Issue,2346.3
ORD_046602,Customer Return,Size / Fit Issue,4454.8
ORD_046606,RTO (Undelivered),Customer Refused at Doorstep,1460.2
ORD_046607,Customer Return,Late Delivery,4540.8
ORD_046621,Customer Return,Defective / Damaged Item,1207.5
ORD_046628,RTO (Undelivered),Customer Refused at Doorstep,2432.0
ORD_046635,Customer Return,Size / Fit Issue,3135.6
ORD_046636,RTO (Undelivered),Customer Refused at Doorstep,4037.0
ORD_046639,RTO (Undelivered),Customer Refused at Doorstep,2921.3
ORD_046643,Customer Return,Late Delivery,1479.9
ORD_046652,Customer Return,Size / Fit Issue,2634.0
ORD_046661,Customer Return,Size / Fit Issue,2235.2
ORD_046663,Customer Return,Size / Fit Issue,3778.2
ORD_046672,RTO (Undelivered),Customer Refused at Doorstep,481.0
ORD_046683,Customer Return,Found Better Price Elsewhere,378.0
ORD_046691,Customer Return,Size / Fit Issue,5028.6
ORD_046692,Customer Return,Size / Fit Issue,2914.8
ORD_046694,RTO (Undelivered),Customer Refused at Doorstep,2854.2
ORD_046695,Customer Return,Quality Not as Expected,2859.4
ORD_046700,RTO (Undelivered),Customer Refused at Doorstep,258.3
ORD_046705,Customer Return,Size / Fit Issue,5922.3
ORD_046707,Customer Return,Late Delivery,6806.7
ORD_046713,Customer Return,Size / Fit Issue,832.2
ORD_046718,Customer Return,Size / Fit Issue,1841.9
ORD_046719,Customer Return,Quality Not as Expected,2310.8
ORD_046722,RTO (Undelivered),Customer Refused at Doorstep,2983.2
ORD_046724,Customer Return,Size / Fit Issue,2112.0
ORD_046730,Customer Return,Size / Fit Issue,4189.6
ORD_046733,Customer Return,Size / Fit Issue,915.3
ORD_046737,Customer Return,Quality Not as Expected,3643.5
ORD_046738,Customer Return,Quality Not as Expected,1393.6
ORD_046741,RTO (Undelivered),Customer Refused at Doorstep,1803.4
ORD_046745,Customer Return,Defective / Damaged Item,918.4
ORD_046747,RTO (Undelivered),Customer Refused at Doorstep,1661.1
ORD_046771,Customer Return,Size / Fit Issue,1243.2
ORD_046773,Customer Return,Size / Fit Issue,1587.6
ORD_046775,Customer Return,Late Delivery,3481.8
ORD_046781,Customer Return,Quality Not as Expected,3098.4
ORD_046785,Customer Return,Quality Not as Expected,4180.0
ORD_046792,Customer Return,Quality Not as Expected,1370.8
ORD_046797,Customer Return,Size / Fit Issue,4644.8
ORD_046813,Customer Return,Late Delivery,2644.2
ORD_046818,Customer Return,Late Delivery,3490.7
ORD_046824,Customer Return,Size / Fit Issue,2065.5
ORD_046826,RTO (Undelivered),Customer Refused at Doorstep,680.0
ORD_046831,Customer Return,Size / Fit Issue,2525.6
ORD_046832,RTO (Undelivered),Customer Refused at Doorstep,869.4
ORD_046834,Customer Return,Defective / Damaged Item,1898.3
ORD_046837,Customer Return,Size / Fit Issue,1852.2
ORD_046838,Customer Return,Size / Fit Issue,824.1
ORD_046843,Customer Return,Size / Fit Issue,1418.6
ORD_046846,RTO (Undelivered),Customer Refused at Doorstep,2359.6
ORD_046860,Customer Return,Size / Fit Issue,1170.4
ORD_046861,RTO (Undelivered),Customer Refused at Doorstep,3849.3
ORD_046866,RTO (Undelivered),Customer Refused at Doorstep,4300.1
ORD_046870,RTO (Undelivered),Customer Refused at Doorstep,1062.0
ORD_046873,Customer Return,Defective / Damaged Item,3486.0
ORD_046874,Customer Return,Size / Fit Issue,2746.4
ORD_046875,RTO (Undelivered),Customer Refused at Doorstep,1401.4
ORD_046878,Customer Return,Quality Not as Expected,2314.7
ORD_046879,Customer Return,Quality Not as Expected,2016.0
ORD_046882,RTO (Undelivered),Customer Refused at Doorstep,1376.0
ORD_046895,Customer Return,Size / Fit Issue,2946.5
ORD_046904,Customer Return,Found Better Price Elsewhere,2080.0
ORD_046910,Customer Return,Late Delivery,3364.9
ORD_046915,Customer Return,Size / Fit Issue,1476.6
ORD_046919,Customer Return,Found Better Price Elsewhere,532.0
ORD_046921,Customer Return,Size / Fit Issue,1096.2
ORD_046925,RTO (Undelivered),Customer Refused at Doorstep,576.7
ORD_046927,RTO (Undelivered),Customer Refused at Doorstep,3337.0
ORD_046928,RTO (Undelivered),Customer Refused at Doorstep,2829.2
ORD_046931,Customer Return,Size / Fit Issue,6255.3
ORD_046933,RTO (Undelivered),Customer Refused at Doorstep,2940.0
ORD_046935,RTO (Undelivered),Customer Refused at Doorstep,842.8
ORD_046939,Customer Return,Quality Not as Expected,7342.3
ORD_046947,RTO (Undelivered),Customer Refused at Doorstep,1804.3
ORD_046950,RTO (Undelivered),Customer Refused at Doorstep,4552.8
ORD_046951,RTO (Undelivered),Customer Refused at Doorstep,697.0
ORD_046957,Customer Return,Size / Fit Issue,1075.8
ORD_046977,Customer Return,Late Delivery,2917.7
ORD_046983,Customer Return,Quality Not as Expected,1653.0
ORD_046989,Customer Return,Size / Fit Issue,3313.9
ORD_046990,Customer Return,Quality Not as Expected,2145.6
ORD_046992,Customer Return,Size / Fit Issue,3514.8
ORD_046996,Customer Return,Size / Fit Issue,1738.8
ORD_046997,Customer Return,Quality Not as Expected,1381.5
ORD_046998,Customer Return,Size / Fit Issue,1159.2
ORD_047002,Customer Return,Quality Not as Expected,1562.4
ORD_047007,RTO (Undelivered),Customer Refused at Doorstep,1015.0
ORD_047012,Customer Return,Found Better Price Elsewhere,5579.6
ORD_047015,Customer Return,Size / Fit Issue,3771.7
ORD_047018,RTO (Undelivered),Customer Refused at Doorstep,4552.8
ORD_047022,Customer Return,Quality Not as Expected,2927.9
ORD_047029,RTO (Undelivered),Customer Refused at Doorstep,222.6
ORD_047033,Customer Return,Defective / Damaged Item,3055.8
ORD_047035,Customer Return,Defective / Damaged Item,768.0
ORD_047037,RTO (Undelivered),Customer Refused at Doorstep,980.2
ORD_047042,Customer Return,Defective / Damaged Item,2859.6
ORD_047051,Customer Return,Size / Fit Issue,3403.0
ORD_047052,RTO (Undelivered),Customer Refused at Doorstep,2240.3
ORD_047056,RTO (Undelivered),Customer Refused at Doorstep,369.0
ORD_047058,Customer Return,Quality Not as Expected,787.2
ORD_047059,Customer Return,Found Better Price Elsewhere,611.0
ORD_047072,Customer Return,Quality Not as Expected,2351.4
ORD_047074,RTO (Undelivered),Customer Refused at Doorstep,3442.3
ORD_047079,Customer Return,Size / Fit Issue,1489.5
ORD_047080,Customer Return,Quality Not as Expected,3595.2
ORD_047081,RTO (Undelivered),Customer Refused at Doorstep,2723.4
ORD_047086,Customer Return,Size / Fit Issue,1351.5
ORD_047088,RTO (Undelivered),Customer Refused at Doorstep,4593.2
ORD_047091,Customer Return,Found Better Price Elsewhere,726.7
ORD_047092,Customer Return,Size / Fit Issue,1865.0
ORD_047093,RTO (Undelivered),Customer Refused at Doorstep,3800.6
ORD_047096,RTO (Undelivered),Customer Refused at Doorstep,1739.5
ORD_047099,Customer Return,Size / Fit Issue,3594.9
ORD_047112,Customer Return,Late Delivery,2574.6
ORD_047121,RTO (Undelivered),Customer Refused at Doorstep,3399.9
ORD_047123,RTO (Undelivered),Customer Refused at Doorstep,2768.9
ORD_047128,Customer Return,Quality Not as Expected,2782.0
ORD_047133,RTO (Undelivered),Customer Refused at Doorstep,757.1
ORD_047136,RTO (Undelivered),Customer Refused at Doorstep,4423.4
ORD_047138,Customer Return,Quality Not as Expected,1615.6
ORD_047140,RTO (Undelivered),Customer Refused at Doorstep,2053.8
ORD_047148,RTO (Undelivered),Customer Refused at Doorstep,410.4
ORD_047151,Customer Return,Quality Not as Expected,4529.4
ORD_047153,RTO (Undelivered),Customer Refused at Doorstep,3174.6
ORD_047154,Customer Return,Defective / Damaged Item,2913.9
ORD_047157,RTO (Undelivered),Customer Refused at Doorstep,789.6
ORD_047158,Customer Return,Size / Fit Issue,3988.6
ORD_047169,Customer Return,Defective / Damaged Item,3734.8
ORD_047179,Customer Return,Size / Fit Issue,1421.9
ORD_047181,RTO (Undelivered),Customer Refused at Doorstep,1918.0
ORD_047185,RTO (Undelivered),Customer Refused at Doorstep,2062.4
ORD_047186,Customer Return,Quality Not as Expected,1554.0
ORD_047190,Customer Return,Size / Fit Issue,4330.6
ORD_047191,RTO (Undelivered),Customer Refused at Doorstep,2978.4
ORD_047194,Customer Return,Size / Fit Issue,3191.6
ORD_047199,Customer Return,Defective / Damaged Item,624.0
ORD_047203,Customer Return,Quality Not as Expected,3490.7
ORD_047204,Customer Return,Quality Not as Expected,322.5
ORD_047205,RTO (Undelivered),Customer Refused at Doorstep,1545.6
ORD_047207,Customer Return,Size / Fit Issue,792.0
ORD_047210,Customer Return,Found Better Price Elsewhere,5430.5
ORD_047212,Customer Return,Quality Not as Expected,1912.0
ORD_047216,Customer Return,Size / Fit Issue,4220.1
ORD_047221,RTO (Undelivered),Customer Refused at Doorstep,436.8
ORD_047224,Customer Return,Defective / Damaged Item,7920.8
ORD_047226,Customer Return,Size / Fit Issue,6458.6
ORD_047228,RTO (Undelivered),Customer Refused at Doorstep,1362.3
ORD_047230,Customer Return,Defective / Damaged Item,1959.2
ORD_047235,RTO (Undelivered),Customer Refused at Doorstep,825.6
ORD_047249,Customer Return,Defective / Damaged Item,2624.9
ORD_047251,RTO (Undelivered),Customer Refused at Doorstep,830.7
ORD_047253,RTO (Undelivered),Customer Refused at Doorstep,1091.2
ORD_047255,RTO (Undelivered),Customer Refused at Doorstep,1267.2
ORD_047258,Customer Return,Found Better Price Elsewhere,3895.7
ORD_047259,Customer Return,Size / Fit Issue,2597.3
ORD_047269,RTO (Undelivered),Customer Refused at Doorstep,400.2
ORD_047273,Customer Return,Size / Fit Issue,2999.3
ORD_047278,RTO (Undelivered),Customer Refused at Doorstep,1139.6
ORD_047279,RTO (Undelivered),Customer Refused at Doorstep,3105.4
ORD_047280,Customer Return,Size / Fit Issue,3907.2
ORD_047285,Customer Return,Size / Fit Issue,2287.2
ORD_047296,RTO (Undelivered),Customer Refused at Doorstep,2503.1
ORD_047304,RTO (Undelivered),Customer Refused at Doorstep,1296.0
ORD_047305,RTO (Undelivered),Customer Refused at Doorstep,4104.7
ORD_047309,RTO (Undelivered),Customer Refused at Doorstep,638.4
ORD_047312,Customer Return,Quality Not as Expected,960.2
ORD_047313,Customer Return,Found Better Price Elsewhere,1147.5
ORD_047314,Customer Return,Late Delivery,1628.7
ORD_047320,Customer Return,Size / Fit Issue,1548.6
ORD_047321,Customer Return,Size / Fit Issue,1644.5
ORD_047325,RTO (Undelivered),Customer Refused at Doorstep,4709.4
ORD_047331,Customer Return,Late Delivery,1115.1
ORD_047337,RTO (Undelivered),Customer Refused at Doorstep,800.8
ORD_047348,Customer Return,Size / Fit Issue,4043.2
ORD_047357,Customer Return,Quality Not as Expected,4678.4
ORD_047358,Customer Return,Size / Fit Issue,2167.2
ORD_047359,Customer Return,Defective / Damaged Item,725.4
ORD_047360,Customer Return,Defective / Damaged Item,1058.5
ORD_047376,RTO (Undelivered),Customer Refused at Doorstep,883.2
ORD_047379,Customer Return,Quality Not as Expected,4863.3
ORD_047382,RTO (Undelivered),Customer Refused at Doorstep,4393.9
ORD_047383,Customer Return,Defective / Damaged Item,2503.2
ORD_047385,Customer Return,Defective / Damaged Item,2542.0
ORD_047387,Customer Return,Found Better Price Elsewhere,739.6
ORD_047396,Customer Return,Defective / Damaged Item,1217.3
ORD_047398,Customer Return,Size / Fit Issue,1383.8
ORD_047399,Customer Return,Quality Not as Expected,4300.4
ORD_047411,RTO (Undelivered),Customer Refused at Doorstep,2514.0
ORD_047423,Customer Return,Size / Fit Issue,1760.0
ORD_047426,RTO (Undelivered),Customer Refused at Doorstep,5926.3
ORD_047433,Customer Return,Size / Fit Issue,7378.4
ORD_047438,Customer Return,Found Better Price Elsewhere,644.8
ORD_047460,Customer Return,Defective / Damaged Item,4291.4
ORD_047463,RTO (Undelivered),Customer Refused at Doorstep,3150.6
ORD_047475,Customer Return,Quality Not as Expected,1366.8
ORD_047478,RTO (Undelivered),Customer Refused at Doorstep,2899.8
ORD_047479,Customer Return,Late Delivery,2113.0
ORD_047484,Customer Return,Defective / Damaged Item,730.3
ORD_047485,RTO (Undelivered),Customer Refused at Doorstep,2031.2
ORD_047488,Customer Return,Size / Fit Issue,2167.4
ORD_047494,Customer Return,Found Better Price Elsewhere,3200.0
ORD_047496,Customer Return,Late Delivery,3927.6
ORD_047506,Customer Return,Size / Fit Issue,3103.0
ORD_047509,Customer Return,Size / Fit Issue,5136.7
ORD_047510,Customer Return,Quality Not as Expected,598.0
ORD_047511,Customer Return,Quality Not as Expected,1302.0
ORD_047512,Customer Return,Quality Not as Expected,1782.1
ORD_047518,RTO (Undelivered),Customer Refused at Doorstep,1864.0
ORD_047525,RTO (Undelivered),Customer Refused at Doorstep,1238.4
ORD_047526,Customer Return,Size / Fit Issue,1685.8
ORD_047527,Customer Return,Size / Fit Issue,4317.9
ORD_047535,RTO (Undelivered),Customer Refused at Doorstep,914.4
ORD_047536,RTO (Undelivered),Customer Refused at Doorstep,1859.5
ORD_047542,RTO (Undelivered),Customer Refused at Doorstep,2523.0
ORD_047553,Customer Return,Size / Fit Issue,1554.8
ORD_047566,Customer Return,Quality Not as Expected,4140.8
ORD_047586,Customer Return,Size / Fit Issue,2613.4
ORD_047589,Customer Return,Quality Not as Expected,3139.6
ORD_047595,Customer Return,Found Better Price Elsewhere,654.9
ORD_047608,Customer Return,Defective / Damaged Item,2230.4
ORD_047617,RTO (Undelivered),Customer Refused at Doorstep,762.6
ORD_047620,Customer Return,Quality Not as Expected,1736.0
ORD_047630,Customer Return,Size / Fit Issue,931.0
ORD_047634,RTO (Undelivered),Customer Refused at Doorstep,1615.0
ORD_047639,RTO (Undelivered),Customer Refused at Doorstep,5419.1
ORD_047648,Customer Return,Size / Fit Issue,516.8
ORD_047650,Customer Return,Quality Not as Expected,3936.4
ORD_047652,RTO (Undelivered),Customer Refused at Doorstep,3434.1
ORD_047659,Customer Return,Quality Not as Expected,2774.8
ORD_047661,Customer Return,Size / Fit Issue,3972.6
ORD_047683,Customer Return,Size / Fit Issue,6248.0
ORD_047686,Customer Return,Found Better Price Elsewhere,1687.5
ORD_047689,RTO (Undelivered),Customer Refused at Doorstep,3217.5
ORD_047692,RTO (Undelivered),Customer Refused at Doorstep,973.5
ORD_047693,Customer Return,Size / Fit Issue,1629.7
ORD_047696,RTO (Undelivered),Customer Refused at Doorstep,880.2
ORD_047699,RTO (Undelivered),Customer Refused at Doorstep,677.1
ORD_047703,Customer Return,Size / Fit Issue,3520.0
ORD_047705,RTO (Undelivered),Customer Refused at Doorstep,6030.4
ORD_047707,RTO (Undelivered),Customer Refused at Doorstep,6469.5
ORD_047714,RTO (Undelivered),Customer Refused at Doorstep,423.4
ORD_047715,Customer Return,Size / Fit Issue,1470.0
ORD_047717,Customer Return,Size / Fit Issue,537.6
ORD_047718,RTO (Undelivered),Customer Refused at Doorstep,1385.1
ORD_047719,RTO (Undelivered),Customer Refused at Doorstep,1190.0
ORD_047726,Customer Return,Size / Fit Issue,910.2
ORD_047729,RTO (Undelivered),Customer Refused at Doorstep,1001.0
ORD_047730,Customer Return,Size / Fit Issue,1116.0
ORD_047735,Customer Return,Size / Fit Issue,5432.8
ORD_047742,RTO (Undelivered),Customer Refused at Doorstep,3407.8
ORD_047744,RTO (Undelivered),Customer Refused at Doorstep,1531.2
ORD_047745,RTO (Undelivered),Customer Refused at Doorstep,3243.3
ORD_047748,RTO (Undelivered),Customer Refused at Doorstep,1835.4
ORD_047754,RTO (Undelivered),Customer Refused at Doorstep,1015.0
ORD_047760,Customer Return,Late Delivery,529.3
ORD_047767,Customer Return,Size / Fit Issue,774.9
ORD_047773,Customer Return,Defective / Damaged Item,1798.4
ORD_047786,Customer Return,Size / Fit Issue,5306.1
ORD_047787,Customer Return,Size / Fit Issue,4921.1
ORD_047792,RTO (Undelivered),Customer Refused at Doorstep,1649.2
ORD_047793,Customer Return,Found Better Price Elsewhere,1768.6
ORD_047794,Customer Return,Quality Not as Expected,1522.3
ORD_047795,Customer Return,Size / Fit Issue,3315.2
ORD_047799,Customer Return,Found Better Price Elsewhere,2868.2
ORD_047803,Customer Return,Size / Fit Issue,1600.2
ORD_047806,Customer Return,Late Delivery,2037.2
ORD_047813,Customer Return,Quality Not as Expected,3740.0
ORD_047818,Customer Return,Size / Fit Issue,5414.1
ORD_047825,RTO (Undelivered),Customer Refused at Doorstep,279.0
ORD_047828,RTO (Undelivered),Customer Refused at Doorstep,1987.2
ORD_047831,Customer Return,Size / Fit Issue,1694.8
ORD_047851,RTO (Undelivered),Customer Refused at Doorstep,1141.7
ORD_047853,Customer Return,Size / Fit Issue,3869.2
ORD_047857,RTO (Undelivered),Customer Refused at Doorstep,1318.8
ORD_047860,RTO (Undelivered),Customer Refused at Doorstep,3902.4
ORD_047862,Customer Return,Size / Fit Issue,3446.8
ORD_047868,Customer Return,Late Delivery,3534.2
ORD_047869,Customer Return,Size / Fit Issue,4223.0
ORD_047876,RTO (Undelivered),Customer Refused at Doorstep,395.0
ORD_047878,RTO (Undelivered),Customer Refused at Doorstep,778.8
ORD_047886,RTO (Undelivered),Customer Refused at Doorstep,764.4
ORD_047893,Customer Return,Size / Fit Issue,2033.1
ORD_047894,Customer Return,Quality Not as Expected,746.2
ORD_047896,RTO (Undelivered),Customer Refused at Doorstep,2198.7
ORD_047898,Customer Return,Defective / Damaged Item,1394.4
ORD_047900,RTO (Undelivered),Customer Refused at Doorstep,2595.3
ORD_047902,Customer Return,Size / Fit Issue,2034.2
ORD_047903,RTO (Undelivered),Customer Refused at Doorstep,2336.0
ORD_047905,RTO (Undelivered),Customer Refused at Doorstep,2910.8
ORD_047906,Customer Return,Size / Fit Issue,1310.5
ORD_047914,RTO (Undelivered),Customer Refused at Doorstep,921.3
ORD_047916,Customer Return,Quality Not as Expected,846.8
ORD_047918,RTO (Undelivered),Customer Refused at Doorstep,743.4
ORD_047920,RTO (Undelivered),Customer Refused at Doorstep,323.9
ORD_047921,Customer Return,Late Delivery,1778.4
ORD_047924,Customer Return,Size / Fit Issue,1630.2
ORD_047925,RTO (Undelivered),Customer Refused at Doorstep,935.0
ORD_047936,RTO (Undelivered),Customer Refused at Doorstep,971.1
ORD_047937,Customer Return,Size / Fit Issue,1192.8
ORD_047939,RTO (Undelivered),Customer Refused at Doorstep,1206.4
ORD_047942,Customer Return,Quality Not as Expected,873.6
ORD_047943,Customer Return,Size / Fit Issue,4632.2
ORD_047946,RTO (Undelivered),Customer Refused at Doorstep,1116.5
ORD_047950,RTO (Undelivered),Customer Refused at Doorstep,274.7
ORD_047951,Customer Return,Found Better Price Elsewhere,1419.5
ORD_047955,Customer Return,Defective / Damaged Item,604.5
ORD_047966,Customer Return,Size / Fit Issue,866.4
ORD_047975,Customer Return,Defective / Damaged Item,3626.0
ORD_047981,RTO (Undelivered),Customer Refused at Doorstep,609.0
ORD_047982,Customer Return,Size / Fit Issue,598.5
ORD_047988,Customer Return,Defective / Damaged Item,2446.3
ORD_047990,Customer Return,Quality Not as Expected,5571.1
ORD_047992,Customer Return,Defective / Damaged Item,1206.4
ORD_048001,Customer Return,Size / Fit Issue,1276.5
ORD_048011,RTO (Undelivered),Customer Refused at Doorstep,4346.4
ORD_048012,RTO (Undelivered),Customer Refused at Doorstep,3093.2
ORD_048020,Customer Return,Quality Not as Expected,4502.0
ORD_048033,Customer Return,Quality Not as Expected,3871.6
ORD_048043,RTO (Undelivered),Customer Refused at Doorstep,2371.4
ORD_048047,Customer Return,Size / Fit Issue,1078.8
ORD_048048,RTO (Undelivered),Customer Refused at Doorstep,5976.5
ORD_048050,RTO (Undelivered),Customer Refused at Doorstep,2864.2
ORD_048054,RTO (Undelivered),Customer Refused at Doorstep,1060.8
ORD_048057,Customer Return,Size / Fit Issue,1609.0
ORD_048058,Customer Return,Size / Fit Issue,5313.6
ORD_048059,RTO (Undelivered),Customer Refused at Doorstep,2499.0
ORD_048066,RTO (Undelivered),Customer Refused at Doorstep,2393.3
ORD_048067,Customer Return,Size / Fit Issue,788.1
ORD_048070,RTO (Undelivered),Customer Refused at Doorstep,6426.0
ORD_048081,Customer Return,Size / Fit Issue,5813.3
ORD_048083,Customer Return,Defective / Damaged Item,2180.0
ORD_048087,RTO (Undelivered),Customer Refused at Doorstep,3847.8
ORD_048089,Customer Return,Quality Not as Expected,1637.0
ORD_048099,RTO (Undelivered),Customer Refused at Doorstep,1124.5
ORD_048102,RTO (Undelivered),Customer Refused at Doorstep,3263.1
ORD_048106,Customer Return,Quality Not as Expected,2305.2
ORD_048110,Customer Return,Quality Not as Expected,2771.0
ORD_048132,RTO (Undelivered),Customer Refused at Doorstep,790.5
ORD_048133,RTO (Undelivered),Customer Refused at Doorstep,3189.4
ORD_048134,Customer Return,Quality Not as Expected,1599.6
ORD_048135,RTO (Undelivered),Customer Refused at Doorstep,1247.4
ORD_048142,Customer Return,Found Better Price Elsewhere,552.0
ORD_048147,Customer Return,Size / Fit Issue,1003.0
ORD_048148,Customer Return,Size / Fit Issue,1224.0
ORD_048158,Customer Return,Size / Fit Issue,3496.0
ORD_048160,RTO (Undelivered),Customer Refused at Doorstep,2402.4
ORD_048161,Customer Return,Quality Not as Expected,1816.4
ORD_048164,RTO (Undelivered),Customer Refused at Doorstep,2800.5
ORD_048167,RTO (Undelivered),Customer Refused at Doorstep,2647.9
ORD_048172,Customer Return,Size / Fit Issue,963.3
ORD_048173,Customer Return,Size / Fit Issue,3491.1
ORD_048178,Customer Return,Quality Not as Expected,1922.0
ORD_048185,Customer Return,Size / Fit Issue,2313.6
ORD_048186,RTO (Undelivered),Customer Refused at Doorstep,1117.2
ORD_048187,RTO (Undelivered),Customer Refused at Doorstep,1585.2
ORD_048189,RTO (Undelivered),Customer Refused at Doorstep,688.5
ORD_048202,Customer Return,Size / Fit Issue,795.6
ORD_048208,RTO (Undelivered),Customer Refused at Doorstep,1809.6
ORD_048209,RTO (Undelivered),Customer Refused at Doorstep,762.0
ORD_048213,RTO (Undelivered),Customer Refused at Doorstep,2885.4
ORD_048217,Customer Return,Size / Fit Issue,3044.2
ORD_048218,Customer Return,Late Delivery,3424.0
ORD_048223,Customer Return,Quality Not as Expected,1155.2
ORD_048226,RTO (Undelivered),Customer Refused at Doorstep,1064.7
ORD_048229,RTO (Undelivered),Customer Refused at Doorstep,2407.0
ORD_048239,Customer Return,Found Better Price Elsewhere,606.8
ORD_048241,RTO (Undelivered),Customer Refused at Doorstep,313.2
ORD_048253,Customer Return,Late Delivery,1610.2
ORD_048254,Customer Return,Size / Fit Issue,992.0
ORD_048258,Customer Return,Found Better Price Elsewhere,3796.4
ORD_048259,Customer Return,Late Delivery,4575.7
ORD_048260,Customer Return,Size / Fit Issue,2181.9
ORD_048265,RTO (Undelivered),Customer Refused at Doorstep,831.9
ORD_048266,RTO (Undelivered),Customer Refused at Doorstep,2255.4
ORD_048270,RTO (Undelivered),Customer Refused at Doorstep,2976.8
ORD_048276,RTO (Undelivered),Customer Refused at Doorstep,1024.8
ORD_048279,RTO (Undelivered),Customer Refused at Doorstep,829.4
ORD_048281,RTO (Undelivered),Customer Refused at Doorstep,1418.6
ORD_048282,RTO (Undelivered),Customer Refused at Doorstep,1555.2
ORD_048284,Customer Return,Size / Fit Issue,2646.0
ORD_048287,RTO (Undelivered),Customer Refused at Doorstep,1140.0
ORD_048289,Customer Return,Quality Not as Expected,3662.4
ORD_048297,Customer Return,Size / Fit Issue,1347.5
ORD_048300,Customer Return,Quality Not as Expected,4421.6
ORD_048304,RTO (Undelivered),Customer Refused at Doorstep,2115.5
ORD_048306,RTO (Undelivered),Customer Refused at Doorstep,1066.8
ORD_048311,Customer Return,Size / Fit Issue,926.6
ORD_048320,Customer Return,Size / Fit Issue,2559.7
ORD_048329,Customer Return,Quality Not as Expected,1030.9
ORD_048343,Customer Return,Size / Fit Issue,1821.6
ORD_048349,Customer Return,Found Better Price Elsewhere,2175.6
ORD_048352,RTO (Undelivered),Customer Refused at Doorstep,2201.1
ORD_048353,Customer Return,Defective / Damaged Item,4544.9
ORD_048356,Customer Return,Defective / Damaged Item,1253.0
ORD_048359,RTO (Undelivered),Customer Refused at Doorstep,1902.6
ORD_048360,RTO (Undelivered),Customer Refused at Doorstep,1743.0
ORD_048366,Customer Return,Size / Fit Issue,3677.8
ORD_048370,Customer Return,Quality Not as Expected,2291.6
ORD_048371,Customer Return,Defective / Damaged Item,896.0
ORD_048383,Customer Return,Size / Fit Issue,1654.9
ORD_048384,Customer Return,Defective / Damaged Item,1080.0
ORD_048385,RTO (Undelivered),Customer Refused at Doorstep,3066.8
ORD_048388,Customer Return,Quality Not as Expected,1607.7
ORD_048396,Customer Return,Size / Fit Issue,929.5
ORD_048402,Customer Return,Quality Not as Expected,4333.5
ORD_048405,Customer Return,Late Delivery,1769.0
ORD_048417,Customer Return,Size / Fit Issue,4574.1
ORD_048421,RTO (Undelivered),Customer Refused at Doorstep,382.5
ORD_048426,RTO (Undelivered),Customer Refused at Doorstep,1033.6
ORD_048428,Customer Return,Late Delivery,2992.5
ORD_048432,RTO (Undelivered),Customer Refused at Doorstep,7276.2
ORD_048439,RTO (Undelivered),Customer Refused at Doorstep,2306.9
ORD_048444,Customer Return,Defective / Damaged Item,1953.6
ORD_048448,RTO (Undelivered),Customer Refused at Doorstep,755.3
ORD_048456,Customer Return,Quality Not as Expected,2835.9
ORD_048457,Customer Return,Quality Not as Expected,782.8
ORD_048459,RTO (Undelivered),Customer Refused at Doorstep,621.6
ORD_048460,Customer Return,Size / Fit Issue,7982.0
ORD_048461,Customer Return,Defective / Damaged Item,3154.5
ORD_048462,RTO (Undelivered),Customer Refused at Doorstep,3103.2
ORD_048465,RTO (Undelivered),Customer Refused at Doorstep,1596.0
ORD_048467,Customer Return,Quality Not as Expected,1611.5
ORD_048469,Customer Return,Found Better Price Elsewhere,4171.1
ORD_048472,Customer Return,Defective / Damaged Item,733.5
ORD_048476,RTO (Undelivered),Customer Refused at Doorstep,2666.4
ORD_048481,RTO (Undelivered),Customer Refused at Doorstep,1790.1
ORD_048482,Customer Return,Size / Fit Issue,6080.2
ORD_048485,RTO (Undelivered),Customer Refused at Doorstep,951.2
ORD_048487,Customer Return,Defective / Damaged Item,4136.0
ORD_048491,RTO (Undelivered),Customer Refused at Doorstep,2165.8
ORD_048495,Customer Return,Quality Not as Expected,4028.9
ORD_048498,Customer Return,Found Better Price Elsewhere,1649.2
ORD_048499,Customer Return,Quality Not as Expected,1704.3
ORD_048503,RTO (Undelivered),Customer Refused at Doorstep,3167.2
ORD_048505,RTO (Undelivered),Customer Refused at Doorstep,2049.6
ORD_048512,RTO (Undelivered),Customer Refused at Doorstep,2849.5
ORD_048515,Customer Return,Late Delivery,655.2
ORD_048517,RTO (Undelivered),Customer Refused at Doorstep,634.4
ORD_048519,RTO (Undelivered),Customer Refused at Doorstep,1984.0
ORD_048520,RTO (Undelivered),Customer Refused at Doorstep,6810.9
ORD_048521,Customer Return,Defective / Damaged Item,3265.5
ORD_048523,RTO (Undelivered),Customer Refused at Doorstep,3848.2
ORD_048529,RTO (Undelivered),Customer Refused at Doorstep,5642.8
ORD_048538,Customer Return,Late Delivery,1853.3
ORD_048539,RTO (Undelivered),Customer Refused at Doorstep,2164.0
ORD_048541,RTO (Undelivered),Customer Refused at Doorstep,1606.5
ORD_048542,RTO (Undelivered),Customer Refused at Doorstep,3689.4
ORD_048548,RTO (Undelivered),Customer Refused at Doorstep,2118.3
ORD_048557,Customer Return,Size / Fit Issue,2380.6
ORD_048562,Customer Return,Size / Fit Issue,5849.3
ORD_048565,Customer Return,Size / Fit Issue,6499.2
ORD_048575,Customer Return,Quality Not as Expected,3758.2
ORD_048579,Customer Return,Defective / Damaged Item,4465.2
ORD_048581,Customer Return,Size / Fit Issue,1701.8
ORD_048587,Customer Return,Size / Fit Issue,1929.0
ORD_048589,Customer Return,Defective / Damaged Item,1562.4
ORD_048596,Customer Return,Defective / Damaged Item,934.8
ORD_048604,Customer Return,Size / Fit Issue,1601.6
ORD_048609,Customer Return,Defective / Damaged Item,1418.1
ORD_048614,Customer Return,Quality Not as Expected,3046.3
ORD_048615,Customer Return,Size / Fit Issue,307.5
ORD_048617,RTO (Undelivered),Customer Refused at Doorstep,607.5
ORD_048619,Customer Return,Defective / Damaged Item,1165.5
ORD_048626,RTO (Undelivered),Customer Refused at Doorstep,1189.0
ORD_048627,Customer Return,Quality Not as Expected,936.6
ORD_048628,Customer Return,Quality Not as Expected,2816.0
ORD_048634,Customer Return,Size / Fit Issue,5947.4
ORD_048636,RTO (Undelivered),Customer Refused at Doorstep,3414.6
ORD_048640,Customer Return,Size / Fit Issue,3008.4
ORD_048641,Customer Return,Quality Not as Expected,1244.4
ORD_048642,RTO (Undelivered),Customer Refused at Doorstep,1696.9
ORD_048647,RTO (Undelivered),Customer Refused at Doorstep,3182.4
ORD_048649,Customer Return,Size / Fit Issue,501.6
ORD_048650,RTO (Undelivered),Customer Refused at Doorstep,4637.5
ORD_048654,Customer Return,Late Delivery,4249.3
ORD_048665,Customer Return,Size / Fit Issue,3181.6
ORD_048666,Customer Return,Late Delivery,3685.6
ORD_048681,Customer Return,Quality Not as Expected,2380.6
ORD_048682,Customer Return,Size / Fit Issue,1651.4
ORD_048689,Customer Return,Defective / Damaged Item,2688.0
ORD_048698,RTO (Undelivered),Customer Refused at Doorstep,2051.9
ORD_048699,RTO (Undelivered),Customer Refused at Doorstep,968.8
ORD_048703,Customer Return,Defective / Damaged Item,1864.2
ORD_048705,RTO (Undelivered),Customer Refused at Doorstep,3890.6
ORD_048707,RTO (Undelivered),Customer Refused at Doorstep,2710.0
ORD_048710,Customer Return,Size / Fit Issue,2184.4
ORD_048712,RTO (Undelivered),Customer Refused at Doorstep,1285.2
ORD_048714,Customer Return,Quality Not as Expected,2417.4
ORD_048717,Customer Return,Found Better Price Elsewhere,1726.0
ORD_048719,Customer Return,Size / Fit Issue,3473.0
ORD_048723,Customer Return,Quality Not as Expected,6053.9
ORD_048724,Customer Return,Quality Not as Expected,832.5
ORD_048727,Customer Return,Defective / Damaged Item,3645.8
ORD_048731,Customer Return,Defective / Damaged Item,1898.3
ORD_048733,Customer Return,Size / Fit Issue,3218.0
ORD_048741,Customer Return,Size / Fit Issue,6408.4
ORD_048742,RTO (Undelivered),Customer Refused at Doorstep,1175.0
ORD_048747,Customer Return,Late Delivery,1467.4
ORD_048752,RTO (Undelivered),Customer Refused at Doorstep,3540.9
ORD_048753,RTO (Undelivered),Customer Refused at Doorstep,1460.8
ORD_048760,RTO (Undelivered),Customer Refused at Doorstep,1788.8
ORD_048762,Customer Return,Quality Not as Expected,2760.2
ORD_048765,Customer Return,Quality Not as Expected,1576.0
ORD_048768,Customer Return,Quality Not as Expected,1411.8
ORD_048776,Customer Return,Late Delivery,861.4
ORD_048777,RTO (Undelivered),Customer Refused at Doorstep,2291.2
ORD_048780,RTO (Undelivered),Customer Refused at Doorstep,1351.4
ORD_048782,Customer Return,Quality Not as Expected,957.6
ORD_048787,RTO (Undelivered),Customer Refused at Doorstep,2192.4
ORD_048790,Customer Return,Defective / Damaged Item,3624.4
ORD_048794,RTO (Undelivered),Customer Refused at Doorstep,1450.8
ORD_048804,RTO (Undelivered),Customer Refused at Doorstep,645.0
ORD_048807,RTO (Undelivered),Customer Refused at Doorstep,2501.4
ORD_048817,RTO (Undelivered),Customer Refused at Doorstep,2203.5
ORD_048824,RTO (Undelivered),Customer Refused at Doorstep,1445.7
ORD_048831,Customer Return,Quality Not as Expected,1310.4
ORD_048833,RTO (Undelivered),Customer Refused at Doorstep,1792.0
ORD_048835,RTO (Undelivered),Customer Refused at Doorstep,1857.1
ORD_048838,Customer Return,Quality Not as Expected,1029.0
ORD_048841,RTO (Undelivered),Customer Refused at Doorstep,1882.7
ORD_048854,Customer Return,Defective / Damaged Item,3271.2
ORD_048858,Customer Return,Size / Fit Issue,2055.3
ORD_048864,Customer Return,Size / Fit Issue,6145.6
ORD_048868,Customer Return,Late Delivery,2375.1
ORD_048874,RTO (Undelivered),Customer Refused at Doorstep,2499.8
ORD_048883,Customer Return,Found Better Price Elsewhere,1108.8
ORD_048884,Customer Return,Quality Not as Expected,1332.8
ORD_048889,Customer Return,Defective / Damaged Item,3384.0
ORD_048892,Customer Return,Size / Fit Issue,799.2
ORD_048894,Customer Return,Quality Not as Expected,441.8
ORD_048895,RTO (Undelivered),Customer Refused at Doorstep,525.6
ORD_048896,Customer Return,Late Delivery,877.2
ORD_048908,Customer Return,Defective / Damaged Item,4585.0
ORD_048915,Customer Return,Size / Fit Issue,2036.9
ORD_048917,RTO (Undelivered),Customer Refused at Doorstep,1552.0
ORD_048919,RTO (Undelivered),Customer Refused at Doorstep,2779.3
ORD_048921,Customer Return,Size / Fit Issue,576.7
ORD_048922,RTO (Undelivered),Customer Refused at Doorstep,1401.4
ORD_048925,RTO (Undelivered),Customer Refused at Doorstep,912.0
ORD_048936,Customer Return,Found Better Price Elsewhere,3828.0
ORD_048948,Customer Return,Late Delivery,1638.0
ORD_048950,Customer Return,Quality Not as Expected,770.1
ORD_048951,RTO (Undelivered),Customer Refused at Doorstep,3536.0
ORD_048958,RTO (Undelivered),Customer Refused at Doorstep,387.1
ORD_048959,Customer Return,Defective / Damaged Item,2637.0
ORD_048960,RTO (Undelivered),Customer Refused at Doorstep,2198.2
ORD_048962,Customer Return,Defective / Damaged Item,882.9
ORD_048967,Customer Return,Size / Fit Issue,1159.6
ORD_048971,Customer Return,Found Better Price Elsewhere,2549.1
ORD_048973,Customer Return,Size / Fit Issue,1819.2
ORD_048974,Customer Return,Found Better Price Elsewhere,1965.6
ORD_048978,Customer Return,Size / Fit Issue,1628.4
ORD_048980,RTO (Undelivered),Customer Refused at Doorstep,5093.1
ORD_048981,Customer Return,Quality Not as Expected,928.8
ORD_048985,RTO (Undelivered),Customer Refused at Doorstep,1001.9
ORD_048986,Customer Return,Found Better Price Elsewhere,4376.4
ORD_048989,RTO (Undelivered),Customer Refused at Doorstep,1664.0
ORD_048991,RTO (Undelivered),Customer Refused at Doorstep,1217.3
ORD_048993,Customer Return,Late Delivery,2235.0
ORD_049000,RTO (Undelivered),Customer Refused at Doorstep,1293.4
ORD_049002,Customer Return,Quality Not as Expected,647.8
ORD_049003,RTO (Undelivered),Customer Refused at Doorstep,1848.0
ORD_049009,RTO (Undelivered),Customer Refused at Doorstep,1003.5
ORD_049019,Customer Return,Size / Fit Issue,2741.9
ORD_049037,RTO (Undelivered),Customer Refused at Doorstep,1232.0
ORD_049043,Customer Return,Size / Fit Issue,4074.1
ORD_049046,Customer Return,Size / Fit Issue,3333.6
ORD_049050,RTO (Undelivered),Customer Refused at Doorstep,1586.7
ORD_049052,Customer Return,Defective / Damaged Item,915.2
ORD_049055,Customer Return,Quality Not as Expected,4769.6
ORD_049059,RTO (Undelivered),Customer Refused at Doorstep,536.9
ORD_049060,RTO (Undelivered),Customer Refused at Doorstep,3329.0
ORD_049071,Customer Return,Quality Not as Expected,1103.9
ORD_049074,RTO (Undelivered),Customer Refused at Doorstep,1102.3
ORD_049093,Customer Return,Defective / Damaged Item,3884.3
ORD_049104,Customer Return,Quality Not as Expected,3426.2
ORD_049108,Customer Return,Size / Fit Issue,3926.0
ORD_049113,Customer Return,Size / Fit Issue,1583.8
ORD_049114,RTO (Undelivered),Customer Refused at Doorstep,1339.8
ORD_049119,Customer Return,Size / Fit Issue,2596.0
ORD_049121,Customer Return,Size / Fit Issue,4173.5
ORD_049124,RTO (Undelivered),Customer Refused at Doorstep,6105.9
ORD_049126,RTO (Undelivered),Customer Refused at Doorstep,1580.8
ORD_049128,Customer Return,Found Better Price Elsewhere,984.5
ORD_049132,RTO (Undelivered),Customer Refused at Doorstep,2678.4
ORD_049133,Customer Return,Size / Fit Issue,1960.0
ORD_049139,Customer Return,Size / Fit Issue,3327.5
ORD_049140,RTO (Undelivered),Customer Refused at Doorstep,1864.2
ORD_049142,RTO (Undelivered),Customer Refused at Doorstep,2041.2
ORD_049144,RTO (Undelivered),Customer Refused at Doorstep,6202.1
ORD_049145,Customer Return,Size / Fit Issue,5869.7
ORD_049158,Customer Return,Size / Fit Issue,3414.6
ORD_049159,Customer Return,Size / Fit Issue,3670.7
ORD_049164,RTO (Undelivered),Customer Refused at Doorstep,666.0
ORD_049166,Customer Return,Size / Fit Issue,3555.2
ORD_049168,Customer Return,Defective / Damaged Item,1820.0
ORD_049169,Customer Return,Quality Not as Expected,2872.6
ORD_049178,RTO (Undelivered),Customer Refused at Doorstep,4355.9
ORD_049186,RTO (Undelivered),Customer Refused at Doorstep,1626.7
ORD_049201,Customer Return,Size / Fit Issue,1019.1
ORD_049209,RTO (Undelivered),Customer Refused at Doorstep,3644.4
ORD_049211,RTO (Undelivered),Customer Refused at Doorstep,688.0
ORD_049212,Customer Return,Size / Fit Issue,4637.0
ORD_049214,Customer Return,Size / Fit Issue,7813.9
ORD_049215,Customer Return,Late Delivery,1241.1
ORD_049217,Customer Return,Size / Fit Issue,4145.5
ORD_049222,Customer Return,Defective / Damaged Item,2922.6
ORD_049227,Customer Return,Defective / Damaged Item,778.3
ORD_049230,Customer Return,Defective / Damaged Item,1624.0
ORD_049231,Customer Return,Size / Fit Issue,2279.6
ORD_049235,Customer Return,Found Better Price Elsewhere,6657.3
ORD_049238,RTO (Undelivered),Customer Refused at Doorstep,1107.0
ORD_049241,Customer Return,Quality Not as Expected,297.0
ORD_049242,Customer Return,Late Delivery,1333.2
ORD_049252,RTO (Undelivered),Customer Refused at Doorstep,2543.2
ORD_049253,Customer Return,Size / Fit Issue,932.2
ORD_049255,Customer Return,Size / Fit Issue,5054.4
ORD_049256,Customer Return,Quality Not as Expected,1467.9
ORD_049258,RTO (Undelivered),Customer Refused at Doorstep,638.4
ORD_049263,Customer Return,Size / Fit Issue,888.8
ORD_049264,Customer Return,Quality Not as Expected,3297.8
ORD_049266,Customer Return,Found Better Price Elsewhere,3297.3
ORD_049267,Customer Return,Size / Fit Issue,1209.2
ORD_049274,Customer Return,Quality Not as Expected,1803.1
ORD_049275,Customer Return,Late Delivery,432.4
ORD_049277,RTO (Undelivered),Customer Refused at Doorstep,915.2
ORD_049278,RTO (Undelivered),Customer Refused at Doorstep,2645.8
ORD_049282,RTO (Undelivered),Customer Refused at Doorstep,784.0
ORD_049283,RTO (Undelivered),Customer Refused at Doorstep,1796.7
ORD_049287,Customer Return,Late Delivery,1809.1
ORD_049299,RTO (Undelivered),Customer Refused at Doorstep,1041.4
ORD_049301,Customer Return,Size / Fit Issue,3706.0
ORD_049305,RTO (Undelivered),Customer Refused at Doorstep,1402.7
ORD_049312,RTO (Undelivered),Customer Refused at Doorstep,1908.8
ORD_049314,Customer Return,Size / Fit Issue,954.0
ORD_049316,Customer Return,Size / Fit Issue,2900.6
ORD_049317,Customer Return,Size / Fit Issue,3018.9
ORD_049326,Customer Return,Quality Not as Expected,555.0
ORD_049330,RTO (Undelivered),Customer Refused at Doorstep,2637.2
ORD_049333,RTO (Undelivered),Customer Refused at Doorstep,3282.6
ORD_049340,Customer Return,Quality Not as Expected,4805.2
ORD_049341,Customer Return,Size / Fit Issue,3869.8
ORD_049342,RTO (Undelivered),Customer Refused at Doorstep,3854.0
ORD_049344,RTO (Undelivered),Customer Refused at Doorstep,4288.6
ORD_049348,Customer Return,Size / Fit Issue,2756.6
ORD_049349,RTO (Undelivered),Customer Refused at Doorstep,1819.0
ORD_049360,RTO (Undelivered),Customer Refused at Doorstep,1717.5
ORD_049361,Customer Return,Size / Fit Issue,3055.9
ORD_049363,Customer Return,Quality Not as Expected,3366.9
ORD_049368,Customer Return,Size / Fit Issue,1733.6
ORD_049372,Customer Return,Quality Not as Expected,3361.3
ORD_049373,Customer Return,Late Delivery,519.2
ORD_049391,Customer Return,Defective / Damaged Item,1566.0
ORD_049398,Customer Return,Quality Not as Expected,1391.0
ORD_049399,Customer Return,Quality Not as Expected,1450.4
ORD_049400,Customer Return,Defective / Damaged Item,2107.4
ORD_049406,Customer Return,Quality Not as Expected,2050.1
ORD_049407,Customer Return,Quality Not as Expected,752.4
ORD_049408,Customer Return,Size / Fit Issue,1941.8
ORD_049414,RTO (Undelivered),Customer Refused at Doorstep,561.6
ORD_049415,RTO (Undelivered),Customer Refused at Doorstep,2413.8
ORD_049418,Customer Return,Found Better Price Elsewhere,3612.2
ORD_049419,RTO (Undelivered),Customer Refused at Doorstep,1326.0
ORD_049420,RTO (Undelivered),Customer Refused at Doorstep,5815.8
ORD_049425,RTO (Undelivered),Customer Refused at Doorstep,1398.3
ORD_049430,Customer Return,Size / Fit Issue,2017.6
ORD_049443,RTO (Undelivered),Customer Refused at Doorstep,4305.0
ORD_049446,Customer Return,Size / Fit Issue,1929.0
ORD_049448,Customer Return,Quality Not as Expected,3056.2
ORD_049450,RTO (Undelivered),Customer Refused at Doorstep,3836.8
ORD_049460,Customer Return,Late Delivery,1960.0
ORD_049462,Customer Return,Defective / Damaged Item,5507.7
ORD_049468,Customer Return,Size / Fit Issue,5128.5
ORD_049479,RTO (Undelivered),Customer Refused at Doorstep,739.2
ORD_049487,RTO (Undelivered),Customer Refused at Doorstep,3047.2
ORD_049497,Customer Return,Size / Fit Issue,2828.2
ORD_049501,Customer Return,Late Delivery,1267.0
ORD_049502,Customer Return,Late Delivery,769.3
ORD_049503,Customer Return,Size / Fit Issue,2046.1
ORD_049506,Customer Return,Size / Fit Issue,3212.0
ORD_049509,Customer Return,Quality Not as Expected,596.4
ORD_049510,Customer Return,Size / Fit Issue,3935.3
ORD_049512,RTO (Undelivered),Customer Refused at Doorstep,2346.9
ORD_049523,RTO (Undelivered),Customer Refused at Doorstep,617.5
ORD_049525,RTO (Undelivered),Customer Refused at Doorstep,6063.5
ORD_049537,Customer Return,Size / Fit Issue,3393.6
ORD_049542,RTO (Undelivered),Customer Refused at Doorstep,1569.8
ORD_049546,Customer Return,Size / Fit Issue,4281.8
ORD_049548,Customer Return,Defective / Damaged Item,1957.5
ORD_049549,RTO (Undelivered),Customer Refused at Doorstep,3452.3
ORD_049551,RTO (Undelivered),Customer Refused at Doorstep,2537.4
ORD_049553,RTO (Undelivered),Customer Refused at Doorstep,673.2
ORD_049559,Customer Return,Quality Not as Expected,1742.2
ORD_049563,RTO (Undelivered),Customer Refused at Doorstep,324.0
ORD_049564,RTO (Undelivered),Customer Refused at Doorstep,991.8
ORD_049568,RTO (Undelivered),Customer Refused at Doorstep,475.2
ORD_049571,Customer Return,Size / Fit Issue,1216.0
ORD_049577,RTO (Undelivered),Customer Refused at Doorstep,2033.5
ORD_049583,Customer Return,Size / Fit Issue,1810.4
ORD_049586,Customer Return,Quality Not as Expected,1847.0
ORD_049589,Customer Return,Size / Fit Issue,2101.6
ORD_049593,Customer Return,Size / Fit Issue,1325.6
ORD_049597,RTO (Undelivered),Customer Refused at Doorstep,588.0
ORD_049598,RTO (Undelivered),Customer Refused at Doorstep,2362.8
ORD_049599,RTO (Undelivered),Customer Refused at Doorstep,2446.2
ORD_049608,RTO (Undelivered),Customer Refused at Doorstep,2324.4
ORD_049620,RTO (Undelivered),Customer Refused at Doorstep,2607.0
ORD_049629,Customer Return,Size / Fit Issue,1242.8
ORD_049630,Customer Return,Late Delivery,840.0
ORD_049635,RTO (Undelivered),Customer Refused at Doorstep,620.4
ORD_049642,RTO (Undelivered),Customer Refused at Doorstep,2240.0
ORD_049643,Customer Return,Quality Not as Expected,5516.3
ORD_049656,Customer Return,Size / Fit Issue,1107.2
ORD_049659,RTO (Undelivered),Customer Refused at Doorstep,5611.4
ORD_049664,Customer Return,Late Delivery,5999.2
ORD_049669,Customer Return,Defective / Damaged Item,1236.4
ORD_049675,RTO (Undelivered),Customer Refused at Doorstep,686.4
ORD_049676,RTO (Undelivered),Customer Refused at Doorstep,761.4
ORD_049680,Customer Return,Found Better Price Elsewhere,3966.1
ORD_049690,Customer Return,Size / Fit Issue,3195.7
ORD_049697,RTO (Undelivered),Customer Refused at Doorstep,6583.3
ORD_049700,RTO (Undelivered),Customer Refused at Doorstep,854.7
ORD_049703,Customer Return,Size / Fit Issue,1428.0
ORD_049705,Customer Return,Defective / Damaged Item,2444.4
ORD_049707,Customer Return,Defective / Damaged Item,2168.2
ORD_049708,Customer Return,Size / Fit Issue,1462.0
ORD_049716,Customer Return,Size / Fit Issue,4389.1
ORD_049718,RTO (Undelivered),Customer Refused at Doorstep,1341.6
ORD_049727,Customer Return,Found Better Price Elsewhere,1048.5
ORD_049729,Customer Return,Quality Not as Expected,1659.0
ORD_049731,RTO (Undelivered),Customer Refused at Doorstep,3775.3
ORD_049740,RTO (Undelivered),Customer Refused at Doorstep,665.0
ORD_049744,Customer Return,Size / Fit Issue,1252.1
ORD_049749,Customer Return,Defective / Damaged Item,2533.0
ORD_049753,Customer Return,Size / Fit Issue,2645.5
ORD_049754,Customer Return,Defective / Damaged Item,1393.6
ORD_049755,Customer Return,Size / Fit Issue,3741.6
ORD_049766,Customer Return,Size / Fit Issue,2650.9
ORD_049776,RTO (Undelivered),Customer Refused at Doorstep,3158.5
ORD_049777,RTO (Undelivered),Customer Refused at Doorstep,3389.1
ORD_049784,Customer Return,Defective / Damaged Item,3386.6
ORD_049785,RTO (Undelivered),Customer Refused at Doorstep,2427.2
ORD_049787,RTO (Undelivered),Customer Refused at Doorstep,6545.4
ORD_049789,Customer Return,Size / Fit Issue,807.5
ORD_049794,RTO (Undelivered),Customer Refused at Doorstep,394.8
ORD_049795,RTO (Undelivered),Customer Refused at Doorstep,4095.6
ORD_049802,Customer Return,Defective / Damaged Item,2127.8
ORD_049809,Customer Return,Quality Not as Expected,4170.1
ORD_049810,Customer Return,Size / Fit Issue,2109.9
ORD_049813,RTO (Undelivered),Customer Refused at Doorstep,5158.4
ORD_049814,Customer Return,Size / Fit Issue,1105.0
ORD_049819,RTO (Undelivered),Customer Refused at Doorstep,453.6
ORD_049822,RTO (Undelivered),Customer Refused at Doorstep,1673.0
ORD_049823,RTO (Undelivered),Customer Refused at Doorstep,1864.8
ORD_049825,Customer Return,Found Better Price Elsewhere,1003.0
ORD_049828,Customer Return,Quality Not as Expected,3313.6
ORD_049829,Customer Return,Quality Not as Expected,2117.7
ORD_049832,RTO (Undelivered),Customer Refused at Doorstep,5546.2
ORD_049836,Customer Return,Late Delivery,614.2
ORD_049837,RTO (Undelivered),Customer Refused at Doorstep,260.7
ORD_049840,Customer Return,Defective / Damaged Item,793.8
ORD_049842,RTO (Undelivered),Customer Refused at Doorstep,2638.4
ORD_049843,RTO (Undelivered),Customer Refused at Doorstep,648.6
ORD_049846,Customer Return,Size / Fit Issue,3252.6
ORD_049855,Customer Return,Defective / Damaged Item,1456.0
ORD_049857,Customer Return,Size / Fit Issue,2488.8
ORD_049860,Customer Return,Defective / Damaged Item,1872.6
ORD_049868,RTO (Undelivered),Customer Refused at Doorstep,744.8
ORD_049873,Customer Return,Defective / Damaged Item,1760.8
ORD_049883,RTO (Undelivered),Customer Refused at Doorstep,3089.8
ORD_049886,RTO (Undelivered),Customer Refused at Doorstep,522.9
ORD_049896,Customer Return,Quality Not as Expected,3088.8
ORD_049899,RTO (Undelivered),Customer Refused at Doorstep,3168.0
ORD_049900,RTO (Undelivered),Customer Refused at Doorstep,1140.0
ORD_049903,RTO (Undelivered),Customer Refused at Doorstep,2809.4
ORD_049904,RTO (Undelivered),Customer Refused at Doorstep,4460.4
ORD_049906,Customer Return,Size / Fit Issue,3024.0
ORD_049908,Customer Return,Size / Fit Issue,4706.6
ORD_049910,Customer Return,Size / Fit Issue,2690.9
ORD_049912,Customer Return,Size / Fit Issue,5684.6
ORD_049915,Customer Return,Defective / Damaged Item,2664.6
ORD_049916,Customer Return,Size / Fit Issue,1543.5
ORD_049917,Customer Return,Size / Fit Issue,2576.4
ORD_049918,Customer Return,Quality Not as Expected,3029.7
ORD_049919,RTO (Undelivered),Customer Refused at Doorstep,672.0
ORD_049928,Customer Return,Late Delivery,1916.6
ORD_049934,Customer Return,Defective / Damaged Item,2228.8
ORD_049935,Customer Return,Defective / Damaged Item,2836.8
ORD_049936,Customer Return,Quality Not as Expected,3180.9
ORD_049938,Customer Return,Size / Fit Issue,1001.9
ORD_049939,RTO (Undelivered),Customer Refused at Doorstep,2345.7
ORD_049951,RTO (Undelivered),Customer Refused at Doorstep,313.2
ORD_049952,Customer Return,Size / Fit Issue,2078.8
ORD_049953,RTO (Undelivered),Customer Refused at Doorstep,1115.2
ORD_049954,RTO (Undelivered),Customer Refused at Doorstep,3998.5
ORD_049955,RTO (Undelivered),Customer Refused at Doorstep,1361.7
ORD_049963,Customer Return,Defective / Damaged Item,2199.5
ORD_049966,RTO (Undelivered),Customer Refused at Doorstep,1355.2
ORD_049969,RTO (Undelivered),Customer Refused at Doorstep,2211.6
ORD_049972,RTO (Undelivered),Customer Refused at Doorstep,4941.2
ORD_049975,RTO (Undelivered),Customer Refused at Doorstep,1900.6
ORD_049977,RTO (Undelivered),Customer Refused at Doorstep,1255.8
ORD_049978,Customer Return,Quality Not as Expected,2667.0
ORD_049982,RTO (Undelivered),Customer Refused at Doorstep,1939.7
ORD_049986,Customer Return,Defective / Damaged Item,5540.8
ORD_049988,Customer Return,Size / Fit Issue,3276.6
ORD_049999,RTO (Undelivered),Customer Refused at Doorstep,1260.0
ORD_050010,RTO (Undelivered),Customer Refused at Doorstep,725.4
ORD_050014,RTO (Undelivered),Customer Refused at Doorstep,356.4
ORD_050016,Customer Return,Defective / Damaged Item,924.0
ORD_050021,RTO (Undelivered),Customer Refused at Doorstep,1629.6
ORD_050022,RTO (Undelivered),Customer Refused at Doorstep,1462.8
ORD_050032,Customer Return,Size / Fit Issue,710.0
ORD_050037,Customer Return,Quality Not as Expected,2533.1
ORD_050040,Customer Return,Size / Fit Issue,907.2
ORD_050043,Customer Return,Quality Not as Expected,1651.0
ORD_050045,RTO (Undelivered),Customer Refused at Doorstep,4285.4
ORD_050046,RTO (Undelivered),Customer Refused at Doorstep,3048.5
ORD_050047,Customer Return,Size / Fit Issue,862.4
ORD_050051,Customer Return,Size / Fit Issue,1774.8
ORD_050061,Customer Return,Defective / Damaged Item,1717.2
ORD_050062,Customer Return,Size / Fit Issue,929.6
ORD_050065,RTO (Undelivered),Customer Refused at Doorstep,1314.0
ORD_050069,Customer Return,Size / Fit Issue,2149.7
ORD_050074,Customer Return,Size / Fit Issue,1650.2
ORD_050085,Customer Return,Size / Fit Issue,1370.6
ORD_050086,Customer Return,Size / Fit Issue,1357.8
ORD_050089,Customer Return,Found Better Price Elsewhere,5684.4
ORD_050097,Customer Return,Found Better Price Elsewhere,990.0
ORD_050105,Customer Return,Size / Fit Issue,3338.4
ORD_050106,Customer Return,Quality Not as Expected,646.8
ORD_050110,Customer Return,Quality Not as Expected,1900.6
ORD_050111,RTO (Undelivered),Customer Refused at Doorstep,644.0
ORD_050112,RTO (Undelivered),Customer Refused at Doorstep,4502.0
ORD_050117,Customer Return,Size / Fit Issue,4462.0
ORD_050119,RTO (Undelivered),Customer Refused at Doorstep,4871.8
ORD_050120,RTO (Undelivered),Customer Refused at Doorstep,3529.5
ORD_050128,RTO (Undelivered),Customer Refused at Doorstep,1960.2
ORD_050133,RTO (Undelivered),Customer Refused at Doorstep,1281.4
ORD_050136,Customer Return,Defective / Damaged Item,3619.3
ORD_050140,Customer Return,Size / Fit Issue,288.0
ORD_050146,RTO (Undelivered),Customer Refused at Doorstep,4646.9
ORD_050151,Customer Return,Size / Fit Issue,4875.4
ORD_050154,Customer Return,Size / Fit Issue,3621.8
ORD_050169,Customer Return,Size / Fit Issue,4558.4
ORD_050179,RTO (Undelivered),Customer Refused at Doorstep,5673.0
ORD_050183,RTO (Undelivered),Customer Refused at Doorstep,525.6
ORD_050184,RTO (Undelivered),Customer Refused at Doorstep,1497.6
ORD_050185,Customer Return,Quality Not as Expected,1752.6
ORD_050188,RTO (Undelivered),Customer Refused at Doorstep,2745.0
ORD_050191,RTO (Undelivered),Customer Refused at Doorstep,6284.9
ORD_050208,RTO (Undelivered),Customer Refused at Doorstep,1223.6
ORD_050210,Customer Return,Late Delivery,7372.6
ORD_050215,Customer Return,Quality Not as Expected,3980.7
ORD_050221,RTO (Undelivered),Customer Refused at Doorstep,628.0
ORD_050230,RTO (Undelivered),Customer Refused at Doorstep,1058.5
ORD_050232,Customer Return,Size / Fit Issue,2946.1
ORD_050234,Customer Return,Size / Fit Issue,2897.2
ORD_050238,Customer Return,Size / Fit Issue,2182.5
ORD_050247,Customer Return,Quality Not as Expected,2560.8
ORD_050261,RTO (Undelivered),Customer Refused at Doorstep,1892.9
ORD_050268,Customer Return,Quality Not as Expected,1041.9
ORD_050284,RTO (Undelivered),Customer Refused at Doorstep,2292.0
ORD_050289,Customer Return,Defective / Damaged Item,1592.5
ORD_050290,RTO (Undelivered),Customer Refused at Doorstep,2585.6
ORD_050299,RTO (Undelivered),Customer Refused at Doorstep,2465.3
ORD_050301,Customer Return,Size / Fit Issue,1301.3
ORD_050302,Customer Return,Late Delivery,5384.8
ORD_050307,RTO (Undelivered),Customer Refused at Doorstep,1055.3
ORD_050313,RTO (Undelivered),Customer Refused at Doorstep,799.2
ORD_050315,Customer Return,Size / Fit Issue,965.6
ORD_050318,RTO (Undelivered),Customer Refused at Doorstep,3089.6
ORD_050322,Customer Return,Size / Fit Issue,5720.4
ORD_050325,Customer Return,Quality Not as Expected,2832.4
ORD_050330,RTO (Undelivered),Customer Refused at Doorstep,3468.8
ORD_050331,Customer Return,Quality Not as Expected,3506.2
ORD_050333,RTO (Undelivered),Customer Refused at Doorstep,3139.2
ORD_050335,RTO (Undelivered),Customer Refused at Doorstep,3137.4
ORD_050336,Customer Return,Quality Not as Expected,1522.2
ORD_050339,Customer Return,Quality Not as Expected,1629.6
ORD_050342,Customer Return,Quality Not as Expected,1138.8
ORD_050344,RTO (Undelivered),Customer Refused at Doorstep,1932.3
ORD_050346,RTO (Undelivered),Customer Refused at Doorstep,3072.0
ORD_050353,RTO (Undelivered),Customer Refused at Doorstep,5002.0
ORD_050354,Customer Return,Size / Fit Issue,1430.1
ORD_050356,RTO (Undelivered),Customer Refused at Doorstep,1327.2
ORD_050357,Customer Return,Size / Fit Issue,1761.2
ORD_050370,Customer Return,Found Better Price Elsewhere,2364.6
ORD_050374,Customer Return,Quality Not as Expected,1605.5
ORD_050376,Customer Return,Quality Not as Expected,6717.0
ORD_050377,RTO (Undelivered),Customer Refused at Doorstep,1304.0
ORD_050387,RTO (Undelivered),Customer Refused at Doorstep,1187.2
ORD_050400,RTO (Undelivered),Customer Refused at Doorstep,1159.1
ORD_050402,Customer Return,Size / Fit Issue,2605.0
ORD_050418,RTO (Undelivered),Customer Refused at Doorstep,3964.8
ORD_050421,Customer Return,Size / Fit Issue,450.3
ORD_050429,Customer Return,Size / Fit Issue,2394.0
ORD_050430,RTO (Undelivered),Customer Refused at Doorstep,1232.5
ORD_050443,Customer Return,Size / Fit Issue,1544.4
ORD_050448,Customer Return,Defective / Damaged Item,4329.6
ORD_050449,Customer Return,Size / Fit Issue,1707.2
ORD_050450,RTO (Undelivered),Customer Refused at Doorstep,1451.6
ORD_050455,Customer Return,Quality Not as Expected,4586.2
ORD_050457,Customer Return,Size / Fit Issue,4148.0
ORD_050458,Customer Return,Size / Fit Issue,4702.0
ORD_050462,Customer Return,Size / Fit Issue,4475.4
ORD_050473,RTO (Undelivered),Customer Refused at Doorstep,931.8
ORD_050476,RTO (Undelivered),Customer Refused at Doorstep,464.4
ORD_050484,Customer Return,Size / Fit Issue,592.2
ORD_050485,RTO (Undelivered),Customer Refused at Doorstep,1700.9
ORD_050486,RTO (Undelivered),Customer Refused at Doorstep,2599.1
ORD_050493,RTO (Undelivered),Customer Refused at Doorstep,1809.1
ORD_050494,Customer Return,Late Delivery,2137.9
ORD_050507,Customer Return,Late Delivery,507.6
ORD_050521,Customer Return,Size / Fit Issue,2764.2
ORD_050523,Customer Return,Defective / Damaged Item,954.8
ORD_050525,Customer Return,Size / Fit Issue,2486.4
ORD_050528,Customer Return,Size / Fit Issue,1832.0
ORD_050529,Customer Return,Quality Not as Expected,1141.8
ORD_050530,RTO (Undelivered),Customer Refused at Doorstep,1848.0
ORD_050535,Customer Return,Found Better Price Elsewhere,2092.8
ORD_050539,RTO (Undelivered),Customer Refused at Doorstep,2012.1
ORD_050542,RTO (Undelivered),Customer Refused at Doorstep,3756.7
ORD_050545,RTO (Undelivered),Customer Refused at Doorstep,3431.0
ORD_050547,Customer Return,Late Delivery,4344.7
ORD_050550,Customer Return,Quality Not as Expected,896.0
ORD_050551,RTO (Undelivered),Customer Refused at Doorstep,1601.3
ORD_050558,Customer Return,Size / Fit Issue,3353.2
ORD_050566,RTO (Undelivered),Customer Refused at Doorstep,1628.4
ORD_050567,RTO (Undelivered),Customer Refused at Doorstep,1463.0
ORD_050569,RTO (Undelivered),Customer Refused at Doorstep,1095.6
ORD_050570,Customer Return,Quality Not as Expected,2211.6
ORD_050571,Customer Return,Size / Fit Issue,4057.1
ORD_050576,Customer Return,Quality Not as Expected,3054.0
ORD_050579,Customer Return,Quality Not as Expected,1975.4
ORD_050581,RTO (Undelivered),Customer Refused at Doorstep,808.4
ORD_050582,Customer Return,Size / Fit Issue,2119.6
ORD_050586,Customer Return,Size / Fit Issue,2454.9
ORD_050589,Customer Return,Quality Not as Expected,2287.6
ORD_050594,RTO (Undelivered),Customer Refused at Doorstep,1190.0
ORD_050597,RTO (Undelivered),Customer Refused at Doorstep,3188.6
ORD_050600,RTO (Undelivered),Customer Refused at Doorstep,5289.5
ORD_050608,RTO (Undelivered),Customer Refused at Doorstep,1449.0
ORD_050609,RTO (Undelivered),Customer Refused at Doorstep,595.2
ORD_050616,RTO (Undelivered),Customer Refused at Doorstep,3994.0
ORD_050619,Customer Return,Defective / Damaged Item,2332.6
ORD_050620,RTO (Undelivered),Customer Refused at Doorstep,2718.6
ORD_050622,Customer Return,Size / Fit Issue,3523.0
ORD_050625,Customer Return,Size / Fit Issue,2762.2
ORD_050626,Customer Return,Defective / Damaged Item,4643.2
ORD_050627,Customer Return,Quality Not as Expected,3805.3
ORD_050632,Customer Return,Defective / Damaged Item,4734.3
ORD_050636,Customer Return,Quality Not as Expected,3087.9
ORD_050637,RTO (Undelivered),Customer Refused at Doorstep,295.2
ORD_050639,Customer Return,Defective / Damaged Item,652.5
ORD_050640,Customer Return,Size / Fit Issue,1724.2
ORD_050642,Customer Return,Quality Not as Expected,979.4
ORD_050643,RTO (Undelivered),Customer Refused at Doorstep,5156.1
ORD_050653,RTO (Undelivered),Customer Refused at Doorstep,1969.2
ORD_050659,Customer Return,Quality Not as Expected,6039.2
ORD_050661,RTO (Undelivered),Customer Refused at Doorstep,4940.3
ORD_050667,Customer Return,Size / Fit Issue,2080.0
ORD_050672,Customer Return,Size / Fit Issue,1984.0
ORD_050676,Customer Return,Size / Fit Issue,1670.1
ORD_050678,Customer Return,Size / Fit Issue,1401.7
ORD_050685,Customer Return,Found Better Price Elsewhere,1797.7
ORD_050690,Customer Return,Size / Fit Issue,1580.8
ORD_050699,RTO (Undelivered),Customer Refused at Doorstep,2168.2
ORD_050705,Customer Return,Quality Not as Expected,1631.8
ORD_050710,Customer Return,Size / Fit Issue,1450.8
ORD_050715,Customer Return,Quality Not as Expected,1907.9
ORD_050717,Customer Return,Size / Fit Issue,808.4
ORD_050718,RTO (Undelivered),Customer Refused at Doorstep,5021.4
ORD_050723,Customer Return,Quality Not as Expected,3143.6
ORD_050728,RTO (Undelivered),Customer Refused at Doorstep,3419.2
ORD_050730,Customer Return,Size / Fit Issue,802.3
ORD_050736,Customer Return,Late Delivery,2996.1
ORD_050740,Customer Return,Size / Fit Issue,1130.8
ORD_050744,Customer Return,Size / Fit Issue,237.6
ORD_050746,Customer Return,Size / Fit Issue,745.8
ORD_050748,Customer Return,Late Delivery,7148.6
ORD_050750,RTO (Undelivered),Customer Refused at Doorstep,2496.0
ORD_050761,Customer Return,Size / Fit Issue,2421.3
ORD_050764,Customer Return,Quality Not as Expected,4548.4
ORD_050769,Customer Return,Defective / Damaged Item,201.3
ORD_050772,RTO (Undelivered),Customer Refused at Doorstep,270.6
ORD_050784,Customer Return,Size / Fit Issue,3102.1
ORD_050785,Customer Return,Defective / Damaged Item,1164.8
ORD_050793,Customer Return,Late Delivery,1512.0
ORD_050796,RTO (Undelivered),Customer Refused at Doorstep,959.3
ORD_050798,Customer Return,Size / Fit Issue,1768.6
ORD_050800,Customer Return,Size / Fit Issue,3200.4
ORD_050803,RTO (Undelivered),Customer Refused at Doorstep,942.5
ORD_050804,Customer Return,Defective / Damaged Item,972.8
ORD_050805,Customer Return,Size / Fit Issue,4393.3
ORD_050807,Customer Return,Late Delivery,4050.7
ORD_050819,Customer Return,Size / Fit Issue,1236.6
ORD_050821,RTO (Undelivered),Customer Refused at Doorstep,2930.6
ORD_050822,RTO (Undelivered),Customer Refused at Doorstep,957.6
ORD_050827,Customer Return,Defective / Damaged Item,612.0
ORD_050828,Customer Return,Size / Fit Issue,1992.6
ORD_050829,RTO (Undelivered),Customer Refused at Doorstep,1234.9
ORD_050835,Customer Return,Quality Not as Expected,889.2
ORD_050841,RTO (Undelivered),Customer Refused at Doorstep,2742.8
ORD_050852,RTO (Undelivered),Customer Refused at Doorstep,3699.6
ORD_050856,RTO (Undelivered),Customer Refused at Doorstep,2614.5
ORD_050857,Customer Return,Quality Not as Expected,2017.4
ORD_050870,Customer Return,Size / Fit Issue,1943.4
ORD_050871,RTO (Undelivered),Customer Refused at Doorstep,934.2
ORD_050876,Customer Return,Quality Not as Expected,3950.8
ORD_050877,Customer Return,Size / Fit Issue,1636.8
ORD_050881,Customer Return,Size / Fit Issue,6604.3
ORD_050887,Customer Return,Quality Not as Expected,741.0
ORD_050896,RTO (Undelivered),Customer Refused at Doorstep,1366.7
ORD_050898,Customer Return,Quality Not as Expected,2471.0
ORD_050900,RTO (Undelivered),Customer Refused at Doorstep,2349.8
ORD_050902,RTO (Undelivered),Customer Refused at Doorstep,709.3
ORD_050915,Customer Return,Late Delivery,769.5
ORD_050918,Customer Return,Late Delivery,1557.2
ORD_050923,RTO (Undelivered),Customer Refused at Doorstep,614.2
ORD_050931,Customer Return,Size / Fit Issue,1548.8
ORD_050938,RTO (Undelivered),Customer Refused at Doorstep,3653.8
ORD_050939,RTO (Undelivered),Customer Refused at Doorstep,524.8
ORD_050944,RTO (Undelivered),Customer Refused at Doorstep,2874.1
ORD_050953,RTO (Undelivered),Customer Refused at Doorstep,1470.0
ORD_050957,Customer Return,Size / Fit Issue,4237.9
ORD_050966,RTO (Undelivered),Customer Refused at Doorstep,3071.0
ORD_050969,RTO (Undelivered),Customer Refused at Doorstep,2506.3
ORD_050970,RTO (Undelivered),Customer Refused at Doorstep,1583.3
ORD_050971,Customer Return,Quality Not as Expected,3705.6
ORD_050977,Customer Return,Size / Fit Issue,1652.6
ORD_050980,Customer Return,Size / Fit Issue,3405.6
ORD_050986,Customer Return,Size / Fit Issue,4011.7
ORD_050990,Customer Return,Quality Not as Expected,2382.6
ORD_050995,Customer Return,Size / Fit Issue,2203.5
ORD_051000,RTO (Undelivered),Customer Refused at Doorstep,4179.5
ORD_051003,Customer Return,Size / Fit Issue,1468.5
ORD_051008,RTO (Undelivered),Customer Refused at Doorstep,2345.0
ORD_051012,Customer Return,Defective / Damaged Item,2804.7
ORD_051019,Customer Return,Size / Fit Issue,2904.0
ORD_051024,Customer Return,Size / Fit Issue,632.0
ORD_051030,RTO (Undelivered),Customer Refused at Doorstep,1910.0
ORD_051034,RTO (Undelivered),Customer Refused at Doorstep,4444.4
ORD_051038,Customer Return,Quality Not as Expected,3212.0
ORD_051043,Customer Return,Size / Fit Issue,3484.2
ORD_051045,RTO (Undelivered),Customer Refused at Doorstep,1368.6
ORD_051048,RTO (Undelivered),Customer Refused at Doorstep,4098.0
ORD_051051,Customer Return,Size / Fit Issue,3788.6
ORD_051053,Customer Return,Size / Fit Issue,2256.8
ORD_051062,Customer Return,Size / Fit Issue,369.6
ORD_051065,Customer Return,Size / Fit Issue,3170.2
ORD_051068,RTO (Undelivered),Customer Refused at Doorstep,2485.4
ORD_051069,RTO (Undelivered),Customer Refused at Doorstep,1117.2
ORD_051076,Customer Return,Size / Fit Issue,721.5
ORD_051090,Customer Return,Size / Fit Issue,291.4
ORD_051093,Customer Return,Defective / Damaged Item,7156.6
ORD_051099,Customer Return,Quality Not as Expected,3685.6
ORD_051106,RTO (Undelivered),Customer Refused at Doorstep,684.0
ORD_051115,RTO (Undelivered),Customer Refused at Doorstep,2031.6
ORD_051122,RTO (Undelivered),Customer Refused at Doorstep,2530.0
ORD_051142,Customer Return,Size / Fit Issue,2090.6
ORD_051146,RTO (Undelivered),Customer Refused at Doorstep,3267.0
ORD_051160,Customer Return,Size / Fit Issue,2562.8
ORD_051167,RTO (Undelivered),Customer Refused at Doorstep,2819.7
ORD_051168,Customer Return,Late Delivery,2321.0
ORD_051170,Customer Return,Late Delivery,680.4
ORD_051171,Customer Return,Size / Fit Issue,1138.5
ORD_051173,Customer Return,Size / Fit Issue,3962.2
ORD_051178,Customer Return,Size / Fit Issue,2185.0
ORD_051182,Customer Return,Quality Not as Expected,1990.9
ORD_051188,RTO (Undelivered),Customer Refused at Doorstep,1404.5
ORD_051203,RTO (Undelivered),Customer Refused at Doorstep,3662.4
ORD_051212,RTO (Undelivered),Customer Refused at Doorstep,1362.3
ORD_051213,RTO (Undelivered),Customer Refused at Doorstep,2452.4
ORD_051216,RTO (Undelivered),Customer Refused at Doorstep,464.0
ORD_051217,Customer Return,Quality Not as Expected,1386.0
ORD_051223,RTO (Undelivered),Customer Refused at Doorstep,894.4
ORD_051224,RTO (Undelivered),Customer Refused at Doorstep,3041.5
ORD_051228,RTO (Undelivered),Customer Refused at Doorstep,660.3
ORD_051230,RTO (Undelivered),Customer Refused at Doorstep,450.0
ORD_051231,Customer Return,Defective / Damaged Item,2162.7
ORD_051237,Customer Return,Size / Fit Issue,4499.6
ORD_051238,Customer Return,Size / Fit Issue,2138.6
ORD_051243,RTO (Undelivered),Customer Refused at Doorstep,4193.1
ORD_051244,RTO (Undelivered),Customer Refused at Doorstep,1568.8
ORD_051255,Customer Return,Quality Not as Expected,1243.2
ORD_051256,Customer Return,Size / Fit Issue,816.0
ORD_051259,Customer Return,Size / Fit Issue,2989.0
ORD_051265,Customer Return,Size / Fit Issue,1702.8
ORD_051271,Customer Return,Defective / Damaged Item,3370.2
ORD_051274,RTO (Undelivered),Customer Refused at Doorstep,5411.5
ORD_051282,Customer Return,Late Delivery,2545.1
ORD_051293,Customer Return,Found Better Price Elsewhere,1360.8
ORD_051297,Customer Return,Defective / Damaged Item,1583.3
ORD_051302,Customer Return,Quality Not as Expected,911.6
ORD_051303,Customer Return,Quality Not as Expected,4313.8
ORD_051304,RTO (Undelivered),Customer Refused at Doorstep,2291.2
ORD_051309,Customer Return,Size / Fit Issue,1227.6
ORD_051313,RTO (Undelivered),Customer Refused at Doorstep,984.4
ORD_051316,RTO (Undelivered),Customer Refused at Doorstep,3353.7
ORD_051318,Customer Return,Size / Fit Issue,1416.8
ORD_051320,Customer Return,Late Delivery,2880.4
ORD_051321,RTO (Undelivered),Customer Refused at Doorstep,3697.2
ORD_051334,Customer Return,Late Delivery,3372.0
ORD_051337,Customer Return,Size / Fit Issue,1247.0
ORD_051341,Customer Return,Size / Fit Issue,748.0
ORD_051342,Customer Return,Quality Not as Expected,3035.8
ORD_051347,Customer Return,Size / Fit Issue,2575.2
ORD_051368,RTO (Undelivered),Customer Refused at Doorstep,1064.0
ORD_051376,RTO (Undelivered),Customer Refused at Doorstep,2950.2
ORD_051388,Customer Return,Size / Fit Issue,1397.2
ORD_051401,Customer Return,Size / Fit Issue,1320.6
ORD_051415,RTO (Undelivered),Customer Refused at Doorstep,2176.0
ORD_051421,RTO (Undelivered),Customer Refused at Doorstep,2284.8
ORD_051428,Customer Return,Defective / Damaged Item,522.0
ORD_051430,RTO (Undelivered),Customer Refused at Doorstep,3935.5
ORD_051442,Customer Return,Size / Fit Issue,820.8
ORD_051445,Customer Return,Size / Fit Issue,1115.0
ORD_051448,RTO (Undelivered),Customer Refused at Doorstep,2635.2
ORD_051461,Customer Return,Late Delivery,3829.8
ORD_051469,RTO (Undelivered),Customer Refused at Doorstep,4009.8
ORD_051474,Customer Return,Quality Not as Expected,452.4
ORD_051477,Customer Return,Late Delivery,2744.5
ORD_051478,Customer Return,Quality Not as Expected,1323.0
ORD_051479,Customer Return,Quality Not as Expected,2051.9
ORD_051481,Customer Return,Size / Fit Issue,1476.6
ORD_051482,RTO (Undelivered),Customer Refused at Doorstep,2575.6
ORD_051483,RTO (Undelivered),Customer Refused at Doorstep,6409.1
ORD_051495,RTO (Undelivered),Customer Refused at Doorstep,1484.2
ORD_051496,Customer Return,Defective / Damaged Item,2840.4
ORD_051500,RTO (Undelivered),Customer Refused at Doorstep,2750.0
ORD_051505,Customer Return,Defective / Damaged Item,3670.8
ORD_051510,Customer Return,Size / Fit Issue,2116.8
ORD_051512,Customer Return,Size / Fit Issue,2255.0
ORD_051530,RTO (Undelivered),Customer Refused at Doorstep,992.0
ORD_051533,Customer Return,Quality Not as Expected,4368.0
ORD_051539,RTO (Undelivered),Customer Refused at Doorstep,3907.5
ORD_051540,RTO (Undelivered),Customer Refused at Doorstep,1145.6
ORD_051541,RTO (Undelivered),Customer Refused at Doorstep,3652.0
ORD_051546,RTO (Undelivered),Customer Refused at Doorstep,543.9
ORD_051552,RTO (Undelivered),Customer Refused at Doorstep,445.2
ORD_051554,Customer Return,Size / Fit Issue,621.6
ORD_051561,Customer Return,Size / Fit Issue,2753.1
ORD_051565,RTO (Undelivered),Customer Refused at Doorstep,2513.7
ORD_051566,Customer Return,Size / Fit Issue,1768.0
ORD_051571,Customer Return,Defective / Damaged Item,1428.0
ORD_051585,Customer Return,Size / Fit Issue,3959.6
ORD_051587,Customer Return,Quality Not as Expected,2898.0
ORD_051589,RTO (Undelivered),Customer Refused at Doorstep,546.0
ORD_051593,Customer Return,Size / Fit Issue,1589.5
ORD_051597,Customer Return,Quality Not as Expected,4906.6
ORD_051598,Customer Return,Late Delivery,1408.7
ORD_051601,RTO (Undelivered),Customer Refused at Doorstep,1636.8
ORD_051607,Customer Return,Size / Fit Issue,862.4
ORD_051608,Customer Return,Quality Not as Expected,2475.2
ORD_051609,RTO (Undelivered),Customer Refused at Doorstep,3844.2
ORD_051611,Customer Return,Defective / Damaged Item,1260.0
ORD_051614,RTO (Undelivered),Customer Refused at Doorstep,5301.5
ORD_051615,RTO (Undelivered),Customer Refused at Doorstep,1476.3
ORD_051616,Customer Return,Size / Fit Issue,1489.2
ORD_051620,Customer Return,Size / Fit Issue,4339.1
ORD_051622,RTO (Undelivered),Customer Refused at Doorstep,6181.1
ORD_051623,Customer Return,Quality Not as Expected,1915.2
ORD_051624,Customer Return,Size / Fit Issue,518.4
ORD_051626,RTO (Undelivered),Customer Refused at Doorstep,1339.2
ORD_051634,RTO (Undelivered),Customer Refused at Doorstep,1453.4
ORD_051635,Customer Return,Quality Not as Expected,1021.8
ORD_051642,RTO (Undelivered),Customer Refused at Doorstep,2248.0
ORD_051644,RTO (Undelivered),Customer Refused at Doorstep,3855.7
ORD_051645,Customer Return,Late Delivery,3025.0
ORD_051654,RTO (Undelivered),Customer Refused at Doorstep,345.0
ORD_051656,Customer Return,Late Delivery,842.4
ORD_051658,RTO (Undelivered),Customer Refused at Doorstep,5601.1
ORD_051661,RTO (Undelivered),Customer Refused at Doorstep,2322.9
ORD_051668,RTO (Undelivered),Customer Refused at Doorstep,4065.0
ORD_051678,Customer Return,Quality Not as Expected,2525.8
ORD_051679,RTO (Undelivered),Customer Refused at Doorstep,1922.4
ORD_051688,Customer Return,Late Delivery,744.6
ORD_051689,Customer Return,Late Delivery,1751.8
ORD_051690,Customer Return,Late Delivery,4173.4
ORD_051696,Customer Return,Defective / Damaged Item,3241.8
ORD_051697,Customer Return,Quality Not as Expected,1982.3
ORD_051698,Customer Return,Size / Fit Issue,2128.9
ORD_051707,Customer Return,Late Delivery,6231.5
ORD_051712,Customer Return,Late Delivery,1287.6
ORD_051713,RTO (Undelivered),Customer Refused at Doorstep,3754.5
ORD_051714,RTO (Undelivered),Customer Refused at Doorstep,7163.6
ORD_051720,Customer Return,Size / Fit Issue,2910.7
ORD_051728,Customer Return,Size / Fit Issue,532.8
ORD_051740,RTO (Undelivered),Customer Refused at Doorstep,1017.6
ORD_051742,Customer Return,Size / Fit Issue,537.6
ORD_051749,Customer Return,Late Delivery,1435.2
ORD_051755,RTO (Undelivered),Customer Refused at Doorstep,994.5
ORD_051762,Customer Return,Late Delivery,2738.4
ORD_051764,Customer Return,Quality Not as Expected,2448.5
ORD_051765,Customer Return,Quality Not as Expected,2696.2
ORD_051767,RTO (Undelivered),Customer Refused at Doorstep,4863.7
ORD_051773,Customer Return,Size / Fit Issue,6171.0
ORD_051784,Customer Return,Defective / Damaged Item,914.3
ORD_051790,RTO (Undelivered),Customer Refused at Doorstep,2392.1
ORD_051792,Customer Return,Quality Not as Expected,2746.8
ORD_051793,Customer Return,Found Better Price Elsewhere,4873.9
ORD_051794,Customer Return,Size / Fit Issue,1451.4
ORD_051803,Customer Return,Size / Fit Issue,2692.0
ORD_051804,Customer Return,Size / Fit Issue,3176.0
ORD_051813,Customer Return,Size / Fit Issue,2182.3
ORD_051828,Customer Return,Size / Fit Issue,1542.4
ORD_051841,RTO (Undelivered),Customer Refused at Doorstep,3228.1
ORD_051844,Customer Return,Defective / Damaged Item,843.6
ORD_051845,Customer Return,Size / Fit Issue,2121.6
ORD_051846,Customer Return,Found Better Price Elsewhere,3531.2
ORD_051848,RTO (Undelivered),Customer Refused at Doorstep,2223.6
ORD_051853,Customer Return,Defective / Damaged Item,1173.6
ORD_051856,Customer Return,Size / Fit Issue,521.4
ORD_051860,RTO (Undelivered),Customer Refused at Doorstep,688.2
ORD_051863,RTO (Undelivered),Customer Refused at Doorstep,2007.3
ORD_051867,RTO (Undelivered),Customer Refused at Doorstep,1605.0
ORD_051872,RTO (Undelivered),Customer Refused at Doorstep,2880.0
ORD_051873,RTO (Undelivered),Customer Refused at Doorstep,2908.8
ORD_051874,Customer Return,Size / Fit Issue,3149.4
ORD_051875,RTO (Undelivered),Customer Refused at Doorstep,1668.8
ORD_051877,Customer Return,Late Delivery,2690.2
ORD_051880,RTO (Undelivered),Customer Refused at Doorstep,2446.4
ORD_051885,Customer Return,Size / Fit Issue,4628.4
ORD_051888,Customer Return,Size / Fit Issue,754.0
ORD_051897,RTO (Undelivered),Customer Refused at Doorstep,2197.7
ORD_051898,Customer Return,Size / Fit Issue,1797.6
ORD_051903,Customer Return,Found Better Price Elsewhere,2338.4
ORD_051905,RTO (Undelivered),Customer Refused at Doorstep,5792.8
ORD_051906,Customer Return,Late Delivery,2075.0
ORD_051908,RTO (Undelivered),Customer Refused at Doorstep,2226.8
ORD_051909,RTO (Undelivered),Customer Refused at Doorstep,7258.2
ORD_051925,RTO (Undelivered),Customer Refused at Doorstep,489.8
ORD_051926,Customer Return,Late Delivery,4730.1
ORD_051932,Customer Return,Size / Fit Issue,2248.0
ORD_051933,RTO (Undelivered),Customer Refused at Doorstep,1828.8
ORD_051934,RTO (Undelivered),Customer Refused at Doorstep,3432.3
ORD_051941,RTO (Undelivered),Customer Refused at Doorstep,942.4
ORD_051944,Customer Return,Defective / Damaged Item,5773.2
ORD_051945,Customer Return,Defective / Damaged Item,3038.0
ORD_051948,Customer Return,Quality Not as Expected,2544.0
ORD_051959,Customer Return,Defective / Damaged Item,748.2
ORD_051964,Customer Return,Size / Fit Issue,896.0
ORD_051968,RTO (Undelivered),Customer Refused at Doorstep,5987.7
ORD_051969,RTO (Undelivered),Customer Refused at Doorstep,1256.1
ORD_051977,Customer Return,Quality Not as Expected,774.0
ORD_051988,Customer Return,Found Better Price Elsewhere,3142.4
ORD_051999,Customer Return,Size / Fit Issue,3414.2
ORD_052000,RTO (Undelivered),Customer Refused at Doorstep,1408.0
